year,ratio_code,ratio_label_nl,sector_code,sector_label_nl,sector_short_label,value
2009,R001,1. Brutoverkoopmarge (%),DE4521,DE4521 : Burgerlijke en utiliteitsbouw; constructie van bruggen en tunnels; civieltechnische werken ten behoeve van nutsbedirjven,Burgerlijke en utiliteitsbouw,6.14
2010,R001,1. Brutoverkoopmarge (%),DE4521,DE4521 : Burgerlijke en utiliteitsbouw; constructie van bruggen en tunnels; civieltechnische werken ten behoeve van nutsbedirjven,Burgerlijke en utiliteitsbouw,6.77
2011,R001,1. Brutoverkoopmarge (%),DE4521,DE4521 : Burgerlijke en utiliteitsbouw; constructie van bruggen en tunnels; civieltechnische werken ten behoeve van nutsbedirjven,Burgerlijke en utiliteitsbouw,5.16
2012,R001,1. Brutoverkoopmarge (%),DE4521,DE4521 : Burgerlijke en utiliteitsbouw; constructie van bruggen en tunnels; civieltechnische werken ten behoeve van nutsbedirjven,Burgerlijke en utiliteitsbouw,5.08
2013,R001,1. Brutoverkoopmarge (%),DE4521,DE4521 : Burgerlijke en utiliteitsbouw; constructie van bruggen en tunnels; civieltechnische werken ten behoeve van nutsbedirjven,Burgerlijke en utiliteitsbouw,5.09
2014,R001,1. Brutoverkoopmarge (%),DE4521,DE4521 : Burgerlijke en utiliteitsbouw; constructie van bruggen en tunnels; civieltechnische werken ten behoeve van nutsbedirjven,Burgerlijke en utiliteitsbouw,5.69
2015,R001,1. Brutoverkoopmarge (%),DE4521,DE4521 : Burgerlijke en utiliteitsbouw; constructie van bruggen en tunnels; civieltechnische werken ten behoeve van nutsbedirjven,Burgerlijke en utiliteitsbouw,5.63
2016,R001,1. Brutoverkoopmarge (%),DE4521,DE4521 : Burgerlijke en utiliteitsbouw; constructie van bruggen en tunnels; civieltechnische werken ten behoeve van nutsbedirjven,Burgerlijke en utiliteitsbouw,5.06
2017,R001,1. Brutoverkoopmarge (%),DE4521,DE4521 : Burgerlijke en utiliteitsbouw; constructie van bruggen en tunnels; civieltechnische werken ten behoeve van nutsbedirjven,Burgerlijke en utiliteitsbouw,4.71
2018,R001,1. Brutoverkoopmarge (%),DE4521,DE4521 : Burgerlijke en utiliteitsbouw; constructie van bruggen en tunnels; civieltechnische werken ten behoeve van nutsbedirjven,Burgerlijke en utiliteitsbouw,4.66
2019,R001,1. Brutoverkoopmarge (%),DE4521,DE4521 : Burgerlijke en utiliteitsbouw; constructie van bruggen en tunnels; civieltechnische werken ten behoeve van nutsbedirjven,Burgerlijke en utiliteitsbouw,4.41
2020,R001,1. Brutoverkoopmarge (%),DE4521,DE4521 : Burgerlijke en utiliteitsbouw; constructie van bruggen en tunnels; civieltechnische werken ten behoeve van nutsbedirjven,Burgerlijke en utiliteitsbouw,4.35
2021,R001,1. Brutoverkoopmarge (%),DE4521,DE4521 : Burgerlijke en utiliteitsbouw; constructie van bruggen en tunnels; civieltechnische werken ten behoeve van nutsbedirjven,Burgerlijke en utiliteitsbouw,5.23
2022,R001,1. Brutoverkoopmarge (%),DE4521,DE4521 : Burgerlijke en utiliteitsbouw; constructie van bruggen en tunnels; civieltechnische werken ten behoeve van nutsbedirjven,Burgerlijke en utiliteitsbouw,5.54
2009,R001,1. Brutoverkoopmarge (%),DE4522,DE4522 : Dakbedekking en bouw van dakconstructies,Dakbedekking,7.87
2010,R001,1. Brutoverkoopmarge (%),DE4522,DE4522 : Dakbedekking en bouw van dakconstructies,Dakbedekking,7.46
2011,R001,1. Brutoverkoopmarge (%),DE4522,DE4522 : Dakbedekking en bouw van dakconstructies,Dakbedekking,7.94
2012,R001,1. Brutoverkoopmarge (%),DE4522,DE4522 : Dakbedekking en bouw van dakconstructies,Dakbedekking,6.85
2013,R001,1. Brutoverkoopmarge (%),DE4522,DE4522 : Dakbedekking en bouw van dakconstructies,Dakbedekking,6.12
2014,R001,1. Brutoverkoopmarge (%),DE4522,DE4522 : Dakbedekking en bouw van dakconstructies,Dakbedekking,6.16
2015,R001,1. Brutoverkoopmarge (%),DE4522,DE4522 : Dakbedekking en bouw van dakconstructies,Dakbedekking,5.61
2016,R001,1. Brutoverkoopmarge (%),DE4522,DE4522 : Dakbedekking en bouw van dakconstructies,Dakbedekking,6.32
2017,R001,1. Brutoverkoopmarge (%),DE4522,DE4522 : Dakbedekking en bouw van dakconstructies,Dakbedekking,4.63
2018,R001,1. Brutoverkoopmarge (%),DE4522,DE4522 : Dakbedekking en bouw van dakconstructies,Dakbedekking,5.95
2019,R001,1. Brutoverkoopmarge (%),DE4522,DE4522 : Dakbedekking en bouw van dakconstructies,Dakbedekking,5.99
2020,R001,1. Brutoverkoopmarge (%),DE4522,DE4522 : Dakbedekking en bouw van dakconstructies,Dakbedekking,5.77
2021,R001,1. Brutoverkoopmarge (%),DE4522,DE4522 : Dakbedekking en bouw van dakconstructies,Dakbedekking,4.77
2022,R001,1. Brutoverkoopmarge (%),DE4522,DE4522 : Dakbedekking en bouw van dakconstructies,Dakbedekking,5.57
2009,R001,1. Brutoverkoopmarge (%),DE4531,DE4531 : Elektrische installatie,Elektrische installatie,7.51
2010,R001,1. Brutoverkoopmarge (%),DE4531,DE4531 : Elektrische installatie,Elektrische installatie,6.59
2011,R001,1. Brutoverkoopmarge (%),DE4531,DE4531 : Elektrische installatie,Elektrische installatie,7.62
2012,R001,1. Brutoverkoopmarge (%),DE4531,DE4531 : Elektrische installatie,Elektrische installatie,6.47
2013,R001,1. Brutoverkoopmarge (%),DE4531,DE4531 : Elektrische installatie,Elektrische installatie,6.96
2014,R001,1. Brutoverkoopmarge (%),DE4531,DE4531 : Elektrische installatie,Elektrische installatie,7.37
2015,R001,1. Brutoverkoopmarge (%),DE4531,DE4531 : Elektrische installatie,Elektrische installatie,7.58
2016,R001,1. Brutoverkoopmarge (%),DE4531,DE4531 : Elektrische installatie,Elektrische installatie,6.71
2017,R001,1. Brutoverkoopmarge (%),DE4531,DE4531 : Elektrische installatie,Elektrische installatie,6.3
2018,R001,1. Brutoverkoopmarge (%),DE4531,DE4531 : Elektrische installatie,Elektrische installatie,6.05
2019,R001,1. Brutoverkoopmarge (%),DE4531,DE4531 : Elektrische installatie,Elektrische installatie,6.97
2020,R001,1. Brutoverkoopmarge (%),DE4531,DE4531 : Elektrische installatie,Elektrische installatie,6.83
2021,R001,1. Brutoverkoopmarge (%),DE4531,DE4531 : Elektrische installatie,Elektrische installatie,6.63
2022,R001,1. Brutoverkoopmarge (%),DE4531,DE4531 : Elektrische installatie,Elektrische installatie,6.74
2009,R001,1. Brutoverkoopmarge (%),DE4533,DE4533 : Loodgieterswerk,Loodgieterswerk,4.56
2010,R001,1. Brutoverkoopmarge (%),DE4533,DE4533 : Loodgieterswerk,Loodgieterswerk,5.42
2011,R001,1. Brutoverkoopmarge (%),DE4533,DE4533 : Loodgieterswerk,Loodgieterswerk,5.73
2012,R001,1. Brutoverkoopmarge (%),DE4533,DE4533 : Loodgieterswerk,Loodgieterswerk,5.26
2013,R001,1. Brutoverkoopmarge (%),DE4533,DE4533 : Loodgieterswerk,Loodgieterswerk,5.99
2014,R001,1. Brutoverkoopmarge (%),DE4533,DE4533 : Loodgieterswerk,Loodgieterswerk,5.8
2015,R001,1. Brutoverkoopmarge (%),DE4533,DE4533 : Loodgieterswerk,Loodgieterswerk,4.27
2016,R001,1. Brutoverkoopmarge (%),DE4533,DE4533 : Loodgieterswerk,Loodgieterswerk,5.03
2017,R001,1. Brutoverkoopmarge (%),DE4533,DE4533 : Loodgieterswerk,Loodgieterswerk,4.93
2018,R001,1. Brutoverkoopmarge (%),DE4533,DE4533 : Loodgieterswerk,Loodgieterswerk,4.83
2019,R001,1. Brutoverkoopmarge (%),DE4533,DE4533 : Loodgieterswerk,Loodgieterswerk,4.15
2020,R001,1. Brutoverkoopmarge (%),DE4533,DE4533 : Loodgieterswerk,Loodgieterswerk,4.01
2021,R001,1. Brutoverkoopmarge (%),DE4533,DE4533 : Loodgieterswerk,Loodgieterswerk,4.53
2022,R001,1. Brutoverkoopmarge (%),DE4533,DE4533 : Loodgieterswerk,Loodgieterswerk,4.09
2009,R001,1. Brutoverkoopmarge (%),DE4542,DE4542 : Schrijnwerk,Schrijnwerk,7.81
2010,R001,1. Brutoverkoopmarge (%),DE4542,DE4542 : Schrijnwerk,Schrijnwerk,7.5
2011,R001,1. Brutoverkoopmarge (%),DE4542,DE4542 : Schrijnwerk,Schrijnwerk,7.15
2012,R001,1. Brutoverkoopmarge (%),DE4542,DE4542 : Schrijnwerk,Schrijnwerk,6.54
2013,R001,1. Brutoverkoopmarge (%),DE4542,DE4542 : Schrijnwerk,Schrijnwerk,6.16
2014,R001,1. Brutoverkoopmarge (%),DE4542,DE4542 : Schrijnwerk,Schrijnwerk,5.46
2015,R001,1. Brutoverkoopmarge (%),DE4542,DE4542 : Schrijnwerk,Schrijnwerk,5.49
2016,R001,1. Brutoverkoopmarge (%),DE4542,DE4542 : Schrijnwerk,Schrijnwerk,6.28
2017,R001,1. Brutoverkoopmarge (%),DE4542,DE4542 : Schrijnwerk,Schrijnwerk,6.33
2018,R001,1. Brutoverkoopmarge (%),DE4542,DE4542 : Schrijnwerk,Schrijnwerk,5.69
2019,R001,1. Brutoverkoopmarge (%),DE4542,DE4542 : Schrijnwerk,Schrijnwerk,5.89
2020,R001,1. Brutoverkoopmarge (%),DE4542,DE4542 : Schrijnwerk,Schrijnwerk,6.46
2021,R001,1. Brutoverkoopmarge (%),DE4542,DE4542 : Schrijnwerk,Schrijnwerk,6.97
2022,R001,1. Brutoverkoopmarge (%),DE4542,DE4542 : Schrijnwerk,Schrijnwerk,6.9
2011,R001,1. Brutoverkoopmarge (%),DE4543,DE4543 : Vloerafwerking en wandbekleding,Vloer- en wandafwerking,6.48
2012,R001,1. Brutoverkoopmarge (%),DE4543,DE4543 : Vloerafwerking en wandbekleding,Vloer- en wandafwerking,6.62
2013,R001,1. Brutoverkoopmarge (%),DE4543,DE4543 : Vloerafwerking en wandbekleding,Vloer- en wandafwerking,7.11
2014,R001,1. Brutoverkoopmarge (%),DE4543,DE4543 : Vloerafwerking en wandbekleding,Vloer- en wandafwerking,6.97
2015,R001,1. Brutoverkoopmarge (%),DE4543,DE4543 : Vloerafwerking en wandbekleding,Vloer- en wandafwerking,7.27
2016,R001,1. Brutoverkoopmarge (%),DE4543,DE4543 : Vloerafwerking en wandbekleding,Vloer- en wandafwerking,8.02
2017,R001,1. Brutoverkoopmarge (%),DE4543,DE4543 : Vloerafwerking en wandbekleding,Vloer- en wandafwerking,6.96
2018,R001,1. Brutoverkoopmarge (%),DE4543,DE4543 : Vloerafwerking en wandbekleding,Vloer- en wandafwerking,7.01
2019,R001,1. Brutoverkoopmarge (%),DE4543,DE4543 : Vloerafwerking en wandbekleding,Vloer- en wandafwerking,7.09
2020,R001,1. Brutoverkoopmarge (%),DE4543,DE4543 : Vloerafwerking en wandbekleding,Vloer- en wandafwerking,10.44
2021,R001,1. Brutoverkoopmarge (%),DE4543,DE4543 : Vloerafwerking en wandbekleding,Vloer- en wandafwerking,9.27
2022,R001,1. Brutoverkoopmarge (%),DE4543,DE4543 : Vloerafwerking en wandbekleding,Vloer- en wandafwerking,0.0
2009,R001,1. Brutoverkoopmarge (%),DE4544,DE4544 : Schilderen en glaszetten,Schilderen en glaszetten,10.48
2010,R001,1. Brutoverkoopmarge (%),DE4544,DE4544 : Schilderen en glaszetten,Schilderen en glaszetten,9.15
2011,R001,1. Brutoverkoopmarge (%),DE4544,DE4544 : Schilderen en glaszetten,Schilderen en glaszetten,8.78
2012,R001,1. Brutoverkoopmarge (%),DE4544,DE4544 : Schilderen en glaszetten,Schilderen en glaszetten,7.56
2013,R001,1. Brutoverkoopmarge (%),DE4544,DE4544 : Schilderen en glaszetten,Schilderen en glaszetten,7.78
2014,R001,1. Brutoverkoopmarge (%),DE4544,DE4544 : Schilderen en glaszetten,Schilderen en glaszetten,6.86
2015,R001,1. Brutoverkoopmarge (%),DE4544,DE4544 : Schilderen en glaszetten,Schilderen en glaszetten,7.18
2016,R001,1. Brutoverkoopmarge (%),DE4544,DE4544 : Schilderen en glaszetten,Schilderen en glaszetten,7.56
2017,R001,1. Brutoverkoopmarge (%),DE4544,DE4544 : Schilderen en glaszetten,Schilderen en glaszetten,5.73
2018,R001,1. Brutoverkoopmarge (%),DE4544,DE4544 : Schilderen en glaszetten,Schilderen en glaszetten,6.5
2019,R001,1. Brutoverkoopmarge (%),DE4544,DE4544 : Schilderen en glaszetten,Schilderen en glaszetten,6.03
2020,R001,1. Brutoverkoopmarge (%),DE4544,DE4544 : Schilderen en glaszetten,Schilderen en glaszetten,7.98
2021,R001,1. Brutoverkoopmarge (%),DE4544,DE4544 : Schilderen en glaszetten,Schilderen en glaszetten,7.79
2022,R001,1. Brutoverkoopmarge (%),DE4544,DE4544 : Schilderen en glaszetten,Schilderen en glaszetten,8.11
2009,R002,2. Nettoverkoopmarge (%),DE4521,DE4521 : Burgerlijke en utiliteitsbouw; constructie van bruggen en tunnels; civieltechnische werken ten behoeve van nutsbedirjven,Burgerlijke en utiliteitsbouw,3.7
2010,R002,2. Nettoverkoopmarge (%),DE4521,DE4521 : Burgerlijke en utiliteitsbouw; constructie van bruggen en tunnels; civieltechnische werken ten behoeve van nutsbedirjven,Burgerlijke en utiliteitsbouw,4.13
2011,R002,2. Nettoverkoopmarge (%),DE4521,DE4521 : Burgerlijke en utiliteitsbouw; constructie van bruggen en tunnels; civieltechnische werken ten behoeve van nutsbedirjven,Burgerlijke en utiliteitsbouw,3.14
2012,R002,2. Nettoverkoopmarge (%),DE4521,DE4521 : Burgerlijke en utiliteitsbouw; constructie van bruggen en tunnels; civieltechnische werken ten behoeve van nutsbedirjven,Burgerlijke en utiliteitsbouw,3.18
2013,R002,2. Nettoverkoopmarge (%),DE4521,DE4521 : Burgerlijke en utiliteitsbouw; constructie van bruggen en tunnels; civieltechnische werken ten behoeve van nutsbedirjven,Burgerlijke en utiliteitsbouw,3.44
2014,R002,2. Nettoverkoopmarge (%),DE4521,DE4521 : Burgerlijke en utiliteitsbouw; constructie van bruggen en tunnels; civieltechnische werken ten behoeve van nutsbedirjven,Burgerlijke en utiliteitsbouw,3.9
2015,R002,2. Nettoverkoopmarge (%),DE4521,DE4521 : Burgerlijke en utiliteitsbouw; constructie van bruggen en tunnels; civieltechnische werken ten behoeve van nutsbedirjven,Burgerlijke en utiliteitsbouw,4.18
2016,R002,2. Nettoverkoopmarge (%),DE4521,DE4521 : Burgerlijke en utiliteitsbouw; constructie van bruggen en tunnels; civieltechnische werken ten behoeve van nutsbedirjven,Burgerlijke en utiliteitsbouw,3.66
2017,R002,2. Nettoverkoopmarge (%),DE4521,DE4521 : Burgerlijke en utiliteitsbouw; constructie van bruggen en tunnels; civieltechnische werken ten behoeve van nutsbedirjven,Burgerlijke en utiliteitsbouw,3.06
2018,R002,2. Nettoverkoopmarge (%),DE4521,DE4521 : Burgerlijke en utiliteitsbouw; constructie van bruggen en tunnels; civieltechnische werken ten behoeve van nutsbedirjven,Burgerlijke en utiliteitsbouw,2.78
2019,R002,2. Nettoverkoopmarge (%),DE4521,DE4521 : Burgerlijke en utiliteitsbouw; constructie van bruggen en tunnels; civieltechnische werken ten behoeve van nutsbedirjven,Burgerlijke en utiliteitsbouw,3.67
2020,R002,2. Nettoverkoopmarge (%),DE4521,DE4521 : Burgerlijke en utiliteitsbouw; constructie van bruggen en tunnels; civieltechnische werken ten behoeve van nutsbedirjven,Burgerlijke en utiliteitsbouw,2.64
2021,R002,2. Nettoverkoopmarge (%),DE4521,DE4521 : Burgerlijke en utiliteitsbouw; constructie van bruggen en tunnels; civieltechnische werken ten behoeve van nutsbedirjven,Burgerlijke en utiliteitsbouw,3.82
2022,R002,2. Nettoverkoopmarge (%),DE4521,DE4521 : Burgerlijke en utiliteitsbouw; constructie van bruggen en tunnels; civieltechnische werken ten behoeve van nutsbedirjven,Burgerlijke en utiliteitsbouw,3.83
2009,R002,2. Nettoverkoopmarge (%),DE4522,DE4522 : Dakbedekking en bouw van dakconstructies,Dakbedekking,4.38
2010,R002,2. Nettoverkoopmarge (%),DE4522,DE4522 : Dakbedekking en bouw van dakconstructies,Dakbedekking,3.81
2011,R002,2. Nettoverkoopmarge (%),DE4522,DE4522 : Dakbedekking en bouw van dakconstructies,Dakbedekking,4.49
2012,R002,2. Nettoverkoopmarge (%),DE4522,DE4522 : Dakbedekking en bouw van dakconstructies,Dakbedekking,3.09
2013,R002,2. Nettoverkoopmarge (%),DE4522,DE4522 : Dakbedekking en bouw van dakconstructies,Dakbedekking,3.49
2014,R002,2. Nettoverkoopmarge (%),DE4522,DE4522 : Dakbedekking en bouw van dakconstructies,Dakbedekking,3.79
2015,R002,2. Nettoverkoopmarge (%),DE4522,DE4522 : Dakbedekking en bouw van dakconstructies,Dakbedekking,3.08
2016,R002,2. Nettoverkoopmarge (%),DE4522,DE4522 : Dakbedekking en bouw van dakconstructies,Dakbedekking,4.04
2017,R002,2. Nettoverkoopmarge (%),DE4522,DE4522 : Dakbedekking en bouw van dakconstructies,Dakbedekking,2.69
2018,R002,2. Nettoverkoopmarge (%),DE4522,DE4522 : Dakbedekking en bouw van dakconstructies,Dakbedekking,4.26
2019,R002,2. Nettoverkoopmarge (%),DE4522,DE4522 : Dakbedekking en bouw van dakconstructies,Dakbedekking,4.41
2020,R002,2. Nettoverkoopmarge (%),DE4522,DE4522 : Dakbedekking en bouw van dakconstructies,Dakbedekking,4.07
2021,R002,2. Nettoverkoopmarge (%),DE4522,DE4522 : Dakbedekking en bouw van dakconstructies,Dakbedekking,3.54
2022,R002,2. Nettoverkoopmarge (%),DE4522,DE4522 : Dakbedekking en bouw van dakconstructies,Dakbedekking,4.46
2009,R002,2. Nettoverkoopmarge (%),DE4531,DE4531 : Elektrische installatie,Elektrische installatie,3.85
2010,R002,2. Nettoverkoopmarge (%),DE4531,DE4531 : Elektrische installatie,Elektrische installatie,3.36
2011,R002,2. Nettoverkoopmarge (%),DE4531,DE4531 : Elektrische installatie,Elektrische installatie,4.58
2012,R002,2. Nettoverkoopmarge (%),DE4531,DE4531 : Elektrische installatie,Elektrische installatie,3.26
2013,R002,2. Nettoverkoopmarge (%),DE4531,DE4531 : Elektrische installatie,Elektrische installatie,3.8
2014,R002,2. Nettoverkoopmarge (%),DE4531,DE4531 : Elektrische installatie,Elektrische installatie,5.28
2015,R002,2. Nettoverkoopmarge (%),DE4531,DE4531 : Elektrische installatie,Elektrische installatie,5.22
2016,R002,2. Nettoverkoopmarge (%),DE4531,DE4531 : Elektrische installatie,Elektrische installatie,4.54
2017,R002,2. Nettoverkoopmarge (%),DE4531,DE4531 : Elektrische installatie,Elektrische installatie,4.42
2018,R002,2. Nettoverkoopmarge (%),DE4531,DE4531 : Elektrische installatie,Elektrische installatie,3.72
2019,R002,2. Nettoverkoopmarge (%),DE4531,DE4531 : Elektrische installatie,Elektrische installatie,4.65
2020,R002,2. Nettoverkoopmarge (%),DE4531,DE4531 : Elektrische installatie,Elektrische installatie,4.62
2021,R002,2. Nettoverkoopmarge (%),DE4531,DE4531 : Elektrische installatie,Elektrische installatie,4.94
2022,R002,2. Nettoverkoopmarge (%),DE4531,DE4531 : Elektrische installatie,Elektrische installatie,4.8
2009,R002,2. Nettoverkoopmarge (%),DE4533,DE4533 : Loodgieterswerk,Loodgieterswerk,2.81
2010,R002,2. Nettoverkoopmarge (%),DE4533,DE4533 : Loodgieterswerk,Loodgieterswerk,3.54
2011,R002,2. Nettoverkoopmarge (%),DE4533,DE4533 : Loodgieterswerk,Loodgieterswerk,3.48
2012,R002,2. Nettoverkoopmarge (%),DE4533,DE4533 : Loodgieterswerk,Loodgieterswerk,3.17
2013,R002,2. Nettoverkoopmarge (%),DE4533,DE4533 : Loodgieterswerk,Loodgieterswerk,3.57
2014,R002,2. Nettoverkoopmarge (%),DE4533,DE4533 : Loodgieterswerk,Loodgieterswerk,3.93
2015,R002,2. Nettoverkoopmarge (%),DE4533,DE4533 : Loodgieterswerk,Loodgieterswerk,2.73
2016,R002,2. Nettoverkoopmarge (%),DE4533,DE4533 : Loodgieterswerk,Loodgieterswerk,3.56
2017,R002,2. Nettoverkoopmarge (%),DE4533,DE4533 : Loodgieterswerk,Loodgieterswerk,3.5
2018,R002,2. Nettoverkoopmarge (%),DE4533,DE4533 : Loodgieterswerk,Loodgieterswerk,3.42
2019,R002,2. Nettoverkoopmarge (%),DE4533,DE4533 : Loodgieterswerk,Loodgieterswerk,2.77
2020,R002,2. Nettoverkoopmarge (%),DE4533,DE4533 : Loodgieterswerk,Loodgieterswerk,2.5
2021,R002,2. Nettoverkoopmarge (%),DE4533,DE4533 : Loodgieterswerk,Loodgieterswerk,3.54
2022,R002,2. Nettoverkoopmarge (%),DE4533,DE4533 : Loodgieterswerk,Loodgieterswerk,2.99
2009,R002,2. Nettoverkoopmarge (%),DE4542,DE4542 : Schrijnwerk,Schrijnwerk,4.51
2010,R002,2. Nettoverkoopmarge (%),DE4542,DE4542 : Schrijnwerk,Schrijnwerk,4.24
2011,R002,2. Nettoverkoopmarge (%),DE4542,DE4542 : Schrijnwerk,Schrijnwerk,4.08
2012,R002,2. Nettoverkoopmarge (%),DE4542,DE4542 : Schrijnwerk,Schrijnwerk,3.11
2013,R002,2. Nettoverkoopmarge (%),DE4542,DE4542 : Schrijnwerk,Schrijnwerk,3.24
2014,R002,2. Nettoverkoopmarge (%),DE4542,DE4542 : Schrijnwerk,Schrijnwerk,2.83
2015,R002,2. Nettoverkoopmarge (%),DE4542,DE4542 : Schrijnwerk,Schrijnwerk,2.89
2016,R002,2. Nettoverkoopmarge (%),DE4542,DE4542 : Schrijnwerk,Schrijnwerk,3.69
2017,R002,2. Nettoverkoopmarge (%),DE4542,DE4542 : Schrijnwerk,Schrijnwerk,3.75
2018,R002,2. Nettoverkoopmarge (%),DE4542,DE4542 : Schrijnwerk,Schrijnwerk,3.01
2019,R002,2. Nettoverkoopmarge (%),DE4542,DE4542 : Schrijnwerk,Schrijnwerk,3.88
2020,R002,2. Nettoverkoopmarge (%),DE4542,DE4542 : Schrijnwerk,Schrijnwerk,4.3
2021,R002,2. Nettoverkoopmarge (%),DE4542,DE4542 : Schrijnwerk,Schrijnwerk,4.81
2022,R002,2. Nettoverkoopmarge (%),DE4542,DE4542 : Schrijnwerk,Schrijnwerk,4.94
2011,R002,2. Nettoverkoopmarge (%),DE4543,DE4543 : Vloerafwerking en wandbekleding,Vloer- en wandafwerking,2.82
2012,R002,2. Nettoverkoopmarge (%),DE4543,DE4543 : Vloerafwerking en wandbekleding,Vloer- en wandafwerking,2.93
2013,R002,2. Nettoverkoopmarge (%),DE4543,DE4543 : Vloerafwerking en wandbekleding,Vloer- en wandafwerking,3.9
2014,R002,2. Nettoverkoopmarge (%),DE4543,DE4543 : Vloerafwerking en wandbekleding,Vloer- en wandafwerking,4.07
2015,R002,2. Nettoverkoopmarge (%),DE4543,DE4543 : Vloerafwerking en wandbekleding,Vloer- en wandafwerking,4.09
2016,R002,2. Nettoverkoopmarge (%),DE4543,DE4543 : Vloerafwerking en wandbekleding,Vloer- en wandafwerking,4.6
2017,R002,2. Nettoverkoopmarge (%),DE4543,DE4543 : Vloerafwerking en wandbekleding,Vloer- en wandafwerking,2.94
2018,R002,2. Nettoverkoopmarge (%),DE4543,DE4543 : Vloerafwerking en wandbekleding,Vloer- en wandafwerking,2.2
2019,R002,2. Nettoverkoopmarge (%),DE4543,DE4543 : Vloerafwerking en wandbekleding,Vloer- en wandafwerking,2.19
2020,R002,2. Nettoverkoopmarge (%),DE4543,DE4543 : Vloerafwerking en wandbekleding,Vloer- en wandafwerking,4.64
2021,R002,2. Nettoverkoopmarge (%),DE4543,DE4543 : Vloerafwerking en wandbekleding,Vloer- en wandafwerking,5.48
2022,R002,2. Nettoverkoopmarge (%),DE4543,DE4543 : Vloerafwerking en wandbekleding,Vloer- en wandafwerking,0.0
2009,R002,2. Nettoverkoopmarge (%),DE4544,DE4544 : Schilderen en glaszetten,Schilderen en glaszetten,7.01
2010,R002,2. Nettoverkoopmarge (%),DE4544,DE4544 : Schilderen en glaszetten,Schilderen en glaszetten,5.79
2011,R002,2. Nettoverkoopmarge (%),DE4544,DE4544 : Schilderen en glaszetten,Schilderen en glaszetten,5.52
2012,R002,2. Nettoverkoopmarge (%),DE4544,DE4544 : Schilderen en glaszetten,Schilderen en glaszetten,4.0
2013,R002,2. Nettoverkoopmarge (%),DE4544,DE4544 : Schilderen en glaszetten,Schilderen en glaszetten,4.64
2014,R002,2. Nettoverkoopmarge (%),DE4544,DE4544 : Schilderen en glaszetten,Schilderen en glaszetten,4.35
2015,R002,2. Nettoverkoopmarge (%),DE4544,DE4544 : Schilderen en glaszetten,Schilderen en glaszetten,4.7
2016,R002,2. Nettoverkoopmarge (%),DE4544,DE4544 : Schilderen en glaszetten,Schilderen en glaszetten,5.13
2017,R002,2. Nettoverkoopmarge (%),DE4544,DE4544 : Schilderen en glaszetten,Schilderen en glaszetten,3.88
2018,R002,2. Nettoverkoopmarge (%),DE4544,DE4544 : Schilderen en glaszetten,Schilderen en glaszetten,4.58
2019,R002,2. Nettoverkoopmarge (%),DE4544,DE4544 : Schilderen en glaszetten,Schilderen en glaszetten,3.87
2020,R002,2. Nettoverkoopmarge (%),DE4544,DE4544 : Schilderen en glaszetten,Schilderen en glaszetten,5.33
2021,R002,2. Nettoverkoopmarge (%),DE4544,DE4544 : Schilderen en glaszetten,Schilderen en glaszetten,5.82
2022,R002,2. Nettoverkoopmarge (%),DE4544,DE4544 : Schilderen en glaszetten,Schilderen en glaszetten,6.05
2009,R004,4.Toegevoegde waarde per personeelslid (in EUR),DE4521,DE4521 : Burgerlijke en utiliteitsbouw; constructie van bruggen en tunnels; civieltechnische werken ten behoeve van nutsbedirjven,Burgerlijke en utiliteitsbouw,57512.73
2010,R004,4.Toegevoegde waarde per personeelslid (in EUR),DE4521,DE4521 : Burgerlijke en utiliteitsbouw; constructie van bruggen en tunnels; civieltechnische werken ten behoeve van nutsbedirjven,Burgerlijke en utiliteitsbouw,58020.21
2011,R004,4.Toegevoegde waarde per personeelslid (in EUR),DE4521,DE4521 : Burgerlijke en utiliteitsbouw; constructie van bruggen en tunnels; civieltechnische werken ten behoeve van nutsbedirjven,Burgerlijke en utiliteitsbouw,59522.1
2012,R004,4.Toegevoegde waarde per personeelslid (in EUR),DE4521,DE4521 : Burgerlijke en utiliteitsbouw; constructie van bruggen en tunnels; civieltechnische werken ten behoeve van nutsbedirjven,Burgerlijke en utiliteitsbouw,61393.79
2013,R004,4.Toegevoegde waarde per personeelslid (in EUR),DE4521,DE4521 : Burgerlijke en utiliteitsbouw; constructie van bruggen en tunnels; civieltechnische werken ten behoeve van nutsbedirjven,Burgerlijke en utiliteitsbouw,59835.73
2014,R004,4.Toegevoegde waarde per personeelslid (in EUR),DE4521,DE4521 : Burgerlijke en utiliteitsbouw; constructie van bruggen en tunnels; civieltechnische werken ten behoeve van nutsbedirjven,Burgerlijke en utiliteitsbouw,63629.73
2015,R004,4.Toegevoegde waarde per personeelslid (in EUR),DE4521,DE4521 : Burgerlijke en utiliteitsbouw; constructie van bruggen en tunnels; civieltechnische werken ten behoeve van nutsbedirjven,Burgerlijke en utiliteitsbouw,64998.4
2016,R004,4.Toegevoegde waarde per personeelslid (in EUR),DE4521,DE4521 : Burgerlijke en utiliteitsbouw; constructie van bruggen en tunnels; civieltechnische werken ten behoeve van nutsbedirjven,Burgerlijke en utiliteitsbouw,68244.65
2017,R004,4.Toegevoegde waarde per personeelslid (in EUR),DE4521,DE4521 : Burgerlijke en utiliteitsbouw; constructie van bruggen en tunnels; civieltechnische werken ten behoeve van nutsbedirjven,Burgerlijke en utiliteitsbouw,68227.26
2018,R004,4.Toegevoegde waarde per personeelslid (in EUR),DE4521,DE4521 : Burgerlijke en utiliteitsbouw; constructie van bruggen en tunnels; civieltechnische werken ten behoeve van nutsbedirjven,Burgerlijke en utiliteitsbouw,70296.91
2019,R004,4.Toegevoegde waarde per personeelslid (in EUR),DE4521,DE4521 : Burgerlijke en utiliteitsbouw; constructie van bruggen en tunnels; civieltechnische werken ten behoeve van nutsbedirjven,Burgerlijke en utiliteitsbouw,73633.81
2020,R004,4.Toegevoegde waarde per personeelslid (in EUR),DE4521,DE4521 : Burgerlijke en utiliteitsbouw; constructie van bruggen en tunnels; civieltechnische werken ten behoeve van nutsbedirjven,Burgerlijke en utiliteitsbouw,74341.84
2021,R004,4.Toegevoegde waarde per personeelslid (in EUR),DE4521,DE4521 : Burgerlijke en utiliteitsbouw; constructie van bruggen en tunnels; civieltechnische werken ten behoeve van nutsbedirjven,Burgerlijke en utiliteitsbouw,80517.89
2022,R004,4.Toegevoegde waarde per personeelslid (in EUR),DE4521,DE4521 : Burgerlijke en utiliteitsbouw; constructie van bruggen en tunnels; civieltechnische werken ten behoeve van nutsbedirjven,Burgerlijke en utiliteitsbouw,86318.94
2009,R004,4.Toegevoegde waarde per personeelslid (in EUR),DE4522,DE4522 : Dakbedekking en bouw van dakconstructies,Dakbedekking,52773.8
2010,R004,4.Toegevoegde waarde per personeelslid (in EUR),DE4522,DE4522 : Dakbedekking en bouw van dakconstructies,Dakbedekking,51133.87
2011,R004,4.Toegevoegde waarde per personeelslid (in EUR),DE4522,DE4522 : Dakbedekking en bouw van dakconstructies,Dakbedekking,56841.74
2012,R004,4.Toegevoegde waarde per personeelslid (in EUR),DE4522,DE4522 : Dakbedekking en bouw van dakconstructies,Dakbedekking,56482.65
2013,R004,4.Toegevoegde waarde per personeelslid (in EUR),DE4522,DE4522 : Dakbedekking en bouw van dakconstructies,Dakbedekking,54636.69
2014,R004,4.Toegevoegde waarde per personeelslid (in EUR),DE4522,DE4522 : Dakbedekking en bouw van dakconstructies,Dakbedekking,57577.62
2015,R004,4.Toegevoegde waarde per personeelslid (in EUR),DE4522,DE4522 : Dakbedekking en bouw van dakconstructies,Dakbedekking,57396.13
2016,R004,4.Toegevoegde waarde per personeelslid (in EUR),DE4522,DE4522 : Dakbedekking en bouw van dakconstructies,Dakbedekking,59324.66
2017,R004,4.Toegevoegde waarde per personeelslid (in EUR),DE4522,DE4522 : Dakbedekking en bouw van dakconstructies,Dakbedekking,58851.85
2018,R004,4.Toegevoegde waarde per personeelslid (in EUR),DE4522,DE4522 : Dakbedekking en bouw van dakconstructies,Dakbedekking,64804.97
2019,R004,4.Toegevoegde waarde per personeelslid (in EUR),DE4522,DE4522 : Dakbedekking en bouw van dakconstructies,Dakbedekking,67710.37
2020,R004,4.Toegevoegde waarde per personeelslid (in EUR),DE4522,DE4522 : Dakbedekking en bouw van dakconstructies,Dakbedekking,70518.07
2021,R004,4.Toegevoegde waarde per personeelslid (in EUR),DE4522,DE4522 : Dakbedekking en bouw van dakconstructies,Dakbedekking,69038.72
2022,R004,4.Toegevoegde waarde per personeelslid (in EUR),DE4522,DE4522 : Dakbedekking en bouw van dakconstructies,Dakbedekking,77282.48
2009,R004,4.Toegevoegde waarde per personeelslid (in EUR),DE4531,DE4531 : Elektrische installatie,Elektrische installatie,59516.6
2010,R004,4.Toegevoegde waarde per personeelslid (in EUR),DE4531,DE4531 : Elektrische installatie,Elektrische installatie,59147.71
2011,R004,4.Toegevoegde waarde per personeelslid (in EUR),DE4531,DE4531 : Elektrische installatie,Elektrische installatie,64188.62
2012,R004,4.Toegevoegde waarde per personeelslid (in EUR),DE4531,DE4531 : Elektrische installatie,Elektrische installatie,64922.65
2013,R004,4.Toegevoegde waarde per personeelslid (in EUR),DE4531,DE4531 : Elektrische installatie,Elektrische installatie,63583.54
2014,R004,4.Toegevoegde waarde per personeelslid (in EUR),DE4531,DE4531 : Elektrische installatie,Elektrische installatie,64513.13
2015,R004,4.Toegevoegde waarde per personeelslid (in EUR),DE4531,DE4531 : Elektrische installatie,Elektrische installatie,65578.07
2016,R004,4.Toegevoegde waarde per personeelslid (in EUR),DE4531,DE4531 : Elektrische installatie,Elektrische installatie,65664.92
2017,R004,4.Toegevoegde waarde per personeelslid (in EUR),DE4531,DE4531 : Elektrische installatie,Elektrische installatie,65627.5
2018,R004,4.Toegevoegde waarde per personeelslid (in EUR),DE4531,DE4531 : Elektrische installatie,Elektrische installatie,68357.05
2019,R004,4.Toegevoegde waarde per personeelslid (in EUR),DE4531,DE4531 : Elektrische installatie,Elektrische installatie,71494.68
2020,R004,4.Toegevoegde waarde per personeelslid (in EUR),DE4531,DE4531 : Elektrische installatie,Elektrische installatie,71252.01
2021,R004,4.Toegevoegde waarde per personeelslid (in EUR),DE4531,DE4531 : Elektrische installatie,Elektrische installatie,75646.8
2022,R004,4.Toegevoegde waarde per personeelslid (in EUR),DE4531,DE4531 : Elektrische installatie,Elektrische installatie,81297.43
2009,R004,4.Toegevoegde waarde per personeelslid (in EUR),DE4533,DE4533 : Loodgieterswerk,Loodgieterswerk,58770.07
2010,R004,4.Toegevoegde waarde per personeelslid (in EUR),DE4533,DE4533 : Loodgieterswerk,Loodgieterswerk,60492.38
2011,R004,4.Toegevoegde waarde per personeelslid (in EUR),DE4533,DE4533 : Loodgieterswerk,Loodgieterswerk,61842.38
2012,R004,4.Toegevoegde waarde per personeelslid (in EUR),DE4533,DE4533 : Loodgieterswerk,Loodgieterswerk,62930.8
2013,R004,4.Toegevoegde waarde per personeelslid (in EUR),DE4533,DE4533 : Loodgieterswerk,Loodgieterswerk,64076.77
2014,R004,4.Toegevoegde waarde per personeelslid (in EUR),DE4533,DE4533 : Loodgieterswerk,Loodgieterswerk,64815.31
2015,R004,4.Toegevoegde waarde per personeelslid (in EUR),DE4533,DE4533 : Loodgieterswerk,Loodgieterswerk,64774.9
2016,R004,4.Toegevoegde waarde per personeelslid (in EUR),DE4533,DE4533 : Loodgieterswerk,Loodgieterswerk,65938.39
2017,R004,4.Toegevoegde waarde per personeelslid (in EUR),DE4533,DE4533 : Loodgieterswerk,Loodgieterswerk,66483.08
2018,R004,4.Toegevoegde waarde per personeelslid (in EUR),DE4533,DE4533 : Loodgieterswerk,Loodgieterswerk,68404.64
2019,R004,4.Toegevoegde waarde per personeelslid (in EUR),DE4533,DE4533 : Loodgieterswerk,Loodgieterswerk,71017.2
2020,R004,4.Toegevoegde waarde per personeelslid (in EUR),DE4533,DE4533 : Loodgieterswerk,Loodgieterswerk,68564.1
2021,R004,4.Toegevoegde waarde per personeelslid (in EUR),DE4533,DE4533 : Loodgieterswerk,Loodgieterswerk,74536.08
2022,R004,4.Toegevoegde waarde per personeelslid (in EUR),DE4533,DE4533 : Loodgieterswerk,Loodgieterswerk,77694.41
2009,R004,4.Toegevoegde waarde per personeelslid (in EUR),DE4542,DE4542 : Schrijnwerk,Schrijnwerk,59806.55
2010,R004,4.Toegevoegde waarde per personeelslid (in EUR),DE4542,DE4542 : Schrijnwerk,Schrijnwerk,60741.28
2011,R004,4.Toegevoegde waarde per personeelslid (in EUR),DE4542,DE4542 : Schrijnwerk,Schrijnwerk,61765.47
2012,R004,4.Toegevoegde waarde per personeelslid (in EUR),DE4542,DE4542 : Schrijnwerk,Schrijnwerk,61842.03
2013,R004,4.Toegevoegde waarde per personeelslid (in EUR),DE4542,DE4542 : Schrijnwerk,Schrijnwerk,62330.82
2014,R004,4.Toegevoegde waarde per personeelslid (in EUR),DE4542,DE4542 : Schrijnwerk,Schrijnwerk,63233.56
2015,R004,4.Toegevoegde waarde per personeelslid (in EUR),DE4542,DE4542 : Schrijnwerk,Schrijnwerk,64018.69
2016,R004,4.Toegevoegde waarde per personeelslid (in EUR),DE4542,DE4542 : Schrijnwerk,Schrijnwerk,64998.51
2017,R004,4.Toegevoegde waarde per personeelslid (in EUR),DE4542,DE4542 : Schrijnwerk,Schrijnwerk,66190.67
2018,R004,4.Toegevoegde waarde per personeelslid (in EUR),DE4542,DE4542 : Schrijnwerk,Schrijnwerk,68269.9
2019,R004,4.Toegevoegde waarde per personeelslid (in EUR),DE4542,DE4542 : Schrijnwerk,Schrijnwerk,72447.59
2020,R004,4.Toegevoegde waarde per personeelslid (in EUR),DE4542,DE4542 : Schrijnwerk,Schrijnwerk,71338.53
2021,R004,4.Toegevoegde waarde per personeelslid (in EUR),DE4542,DE4542 : Schrijnwerk,Schrijnwerk,75717.03
2022,R004,4.Toegevoegde waarde per personeelslid (in EUR),DE4542,DE4542 : Schrijnwerk,Schrijnwerk,80954.41
2011,R004,4.Toegevoegde waarde per personeelslid (in EUR),DE4543,DE4543 : Vloerafwerking en wandbekleding,Vloer- en wandafwerking,54856.86
2012,R004,4.Toegevoegde waarde per personeelslid (in EUR),DE4543,DE4543 : Vloerafwerking en wandbekleding,Vloer- en wandafwerking,56064.99
2013,R004,4.Toegevoegde waarde per personeelslid (in EUR),DE4543,DE4543 : Vloerafwerking en wandbekleding,Vloer- en wandafwerking,56925.14
2014,R004,4.Toegevoegde waarde per personeelslid (in EUR),DE4543,DE4543 : Vloerafwerking en wandbekleding,Vloer- en wandafwerking,58270.32
2015,R004,4.Toegevoegde waarde per personeelslid (in EUR),DE4543,DE4543 : Vloerafwerking en wandbekleding,Vloer- en wandafwerking,61228.68
2016,R004,4.Toegevoegde waarde per personeelslid (in EUR),DE4543,DE4543 : Vloerafwerking en wandbekleding,Vloer- en wandafwerking,63499.19
2017,R004,4.Toegevoegde waarde per personeelslid (in EUR),DE4543,DE4543 : Vloerafwerking en wandbekleding,Vloer- en wandafwerking,65364.29
2018,R004,4.Toegevoegde waarde per personeelslid (in EUR),DE4543,DE4543 : Vloerafwerking en wandbekleding,Vloer- en wandafwerking,66080.57
2019,R004,4.Toegevoegde waarde per personeelslid (in EUR),DE4543,DE4543 : Vloerafwerking en wandbekleding,Vloer- en wandafwerking,68935.57
2020,R004,4.Toegevoegde waarde per personeelslid (in EUR),DE4543,DE4543 : Vloerafwerking en wandbekleding,Vloer- en wandafwerking,0.0
2021,R004,4.Toegevoegde waarde per personeelslid (in EUR),DE4543,DE4543 : Vloerafwerking en wandbekleding,Vloer- en wandafwerking,0.0
2022,R004,4.Toegevoegde waarde per personeelslid (in EUR),DE4543,DE4543 : Vloerafwerking en wandbekleding,Vloer- en wandafwerking,0.0
2009,R004,4.Toegevoegde waarde per personeelslid (in EUR),DE4544,DE4544 : Schilderen en glaszetten,Schilderen en glaszetten,50788.25
2010,R004,4.Toegevoegde waarde per personeelslid (in EUR),DE4544,DE4544 : Schilderen en glaszetten,Schilderen en glaszetten,49921.41
2011,R004,4.Toegevoegde waarde per personeelslid (in EUR),DE4544,DE4544 : Schilderen en glaszetten,Schilderen en glaszetten,51367.55
2012,R004,4.Toegevoegde waarde per personeelslid (in EUR),DE4544,DE4544 : Schilderen en glaszetten,Schilderen en glaszetten,50654.76
2013,R004,4.Toegevoegde waarde per personeelslid (in EUR),DE4544,DE4544 : Schilderen en glaszetten,Schilderen en glaszetten,51088.84
2014,R004,4.Toegevoegde waarde per personeelslid (in EUR),DE4544,DE4544 : Schilderen en glaszetten,Schilderen en glaszetten,54389.65
2015,R004,4.Toegevoegde waarde per personeelslid (in EUR),DE4544,DE4544 : Schilderen en glaszetten,Schilderen en glaszetten,53222.27
2016,R004,4.Toegevoegde waarde per personeelslid (in EUR),DE4544,DE4544 : Schilderen en glaszetten,Schilderen en glaszetten,54806.29
2017,R004,4.Toegevoegde waarde per personeelslid (in EUR),DE4544,DE4544 : Schilderen en glaszetten,Schilderen en glaszetten,56205.28
2018,R004,4.Toegevoegde waarde per personeelslid (in EUR),DE4544,DE4544 : Schilderen en glaszetten,Schilderen en glaszetten,59376.49
2019,R004,4.Toegevoegde waarde per personeelslid (in EUR),DE4544,DE4544 : Schilderen en glaszetten,Schilderen en glaszetten,61900.32
2020,R004,4.Toegevoegde waarde per personeelslid (in EUR),DE4544,DE4544 : Schilderen en glaszetten,Schilderen en glaszetten,59722.88
2021,R004,4.Toegevoegde waarde per personeelslid (in EUR),DE4544,DE4544 : Schilderen en glaszetten,Schilderen en glaszetten,64360.59
2022,R004,4.Toegevoegde waarde per personeelslid (in EUR),DE4544,DE4544 : Schilderen en glaszetten,Schilderen en glaszetten,68983.9
2009,R006,6. Personeelskosten / Toegevoegde waarde (%),DE4521,DE4521 : Burgerlijke en utiliteitsbouw; constructie van bruggen en tunnels; civieltechnische werken ten behoeve van nutsbedirjven,Burgerlijke en utiliteitsbouw,73.24
2010,R006,6. Personeelskosten / Toegevoegde waarde (%),DE4521,DE4521 : Burgerlijke en utiliteitsbouw; constructie van bruggen en tunnels; civieltechnische werken ten behoeve van nutsbedirjven,Burgerlijke en utiliteitsbouw,71.41
2011,R006,6. Personeelskosten / Toegevoegde waarde (%),DE4521,DE4521 : Burgerlijke en utiliteitsbouw; constructie van bruggen en tunnels; civieltechnische werken ten behoeve van nutsbedirjven,Burgerlijke en utiliteitsbouw,75.24
2012,R006,6. Personeelskosten / Toegevoegde waarde (%),DE4521,DE4521 : Burgerlijke en utiliteitsbouw; constructie van bruggen en tunnels; civieltechnische werken ten behoeve van nutsbedirjven,Burgerlijke en utiliteitsbouw,75.6
2013,R006,6. Personeelskosten / Toegevoegde waarde (%),DE4521,DE4521 : Burgerlijke en utiliteitsbouw; constructie van bruggen en tunnels; civieltechnische werken ten behoeve van nutsbedirjven,Burgerlijke en utiliteitsbouw,76.34
2014,R006,6. Personeelskosten / Toegevoegde waarde (%),DE4521,DE4521 : Burgerlijke en utiliteitsbouw; constructie van bruggen en tunnels; civieltechnische werken ten behoeve van nutsbedirjven,Burgerlijke en utiliteitsbouw,75.71
2015,R006,6. Personeelskosten / Toegevoegde waarde (%),DE4521,DE4521 : Burgerlijke en utiliteitsbouw; constructie van bruggen en tunnels; civieltechnische werken ten behoeve van nutsbedirjven,Burgerlijke en utiliteitsbouw,75.3
2016,R006,6. Personeelskosten / Toegevoegde waarde (%),DE4521,DE4521 : Burgerlijke en utiliteitsbouw; constructie van bruggen en tunnels; civieltechnische werken ten behoeve van nutsbedirjven,Burgerlijke en utiliteitsbouw,72.74
2017,R006,6. Personeelskosten / Toegevoegde waarde (%),DE4521,DE4521 : Burgerlijke en utiliteitsbouw; constructie van bruggen en tunnels; civieltechnische werken ten behoeve van nutsbedirjven,Burgerlijke en utiliteitsbouw,73.01
2018,R006,6. Personeelskosten / Toegevoegde waarde (%),DE4521,DE4521 : Burgerlijke en utiliteitsbouw; constructie van bruggen en tunnels; civieltechnische werken ten behoeve van nutsbedirjven,Burgerlijke en utiliteitsbouw,73.67
2019,R006,6. Personeelskosten / Toegevoegde waarde (%),DE4521,DE4521 : Burgerlijke en utiliteitsbouw; constructie van bruggen en tunnels; civieltechnische werken ten behoeve van nutsbedirjven,Burgerlijke en utiliteitsbouw,72.66
2020,R006,6. Personeelskosten / Toegevoegde waarde (%),DE4521,DE4521 : Burgerlijke en utiliteitsbouw; constructie van bruggen en tunnels; civieltechnische werken ten behoeve van nutsbedirjven,Burgerlijke en utiliteitsbouw,71.69
2021,R006,6. Personeelskosten / Toegevoegde waarde (%),DE4521,DE4521 : Burgerlijke en utiliteitsbouw; constructie van bruggen en tunnels; civieltechnische werken ten behoeve van nutsbedirjven,Burgerlijke en utiliteitsbouw,68.87
2022,R006,6. Personeelskosten / Toegevoegde waarde (%),DE4521,DE4521 : Burgerlijke en utiliteitsbouw; constructie van bruggen en tunnels; civieltechnische werken ten behoeve van nutsbedirjven,Burgerlijke en utiliteitsbouw,68.27
2009,R006,6. Personeelskosten / Toegevoegde waarde (%),DE4522,DE4522 : Dakbedekking en bouw van dakconstructies,Dakbedekking,68.92
2010,R006,6. Personeelskosten / Toegevoegde waarde (%),DE4522,DE4522 : Dakbedekking en bouw van dakconstructies,Dakbedekking,70.17
2011,R006,6. Personeelskosten / Toegevoegde waarde (%),DE4522,DE4522 : Dakbedekking en bouw van dakconstructies,Dakbedekking,68.37
2012,R006,6. Personeelskosten / Toegevoegde waarde (%),DE4522,DE4522 : Dakbedekking en bouw van dakconstructies,Dakbedekking,70.23
2013,R006,6. Personeelskosten / Toegevoegde waarde (%),DE4522,DE4522 : Dakbedekking en bouw van dakconstructies,Dakbedekking,71.31
2014,R006,6. Personeelskosten / Toegevoegde waarde (%),DE4522,DE4522 : Dakbedekking en bouw van dakconstructies,Dakbedekking,71.56
2015,R006,6. Personeelskosten / Toegevoegde waarde (%),DE4522,DE4522 : Dakbedekking en bouw van dakconstructies,Dakbedekking,71.45
2016,R006,6. Personeelskosten / Toegevoegde waarde (%),DE4522,DE4522 : Dakbedekking en bouw van dakconstructies,Dakbedekking,69.49
2017,R006,6. Personeelskosten / Toegevoegde waarde (%),DE4522,DE4522 : Dakbedekking en bouw van dakconstructies,Dakbedekking,72.04
2018,R006,6. Personeelskosten / Toegevoegde waarde (%),DE4522,DE4522 : Dakbedekking en bouw van dakconstructies,Dakbedekking,69.69
2019,R006,6. Personeelskosten / Toegevoegde waarde (%),DE4522,DE4522 : Dakbedekking en bouw van dakconstructies,Dakbedekking,67.89
2020,R006,6. Personeelskosten / Toegevoegde waarde (%),DE4522,DE4522 : Dakbedekking en bouw van dakconstructies,Dakbedekking,65.99
2021,R006,6. Personeelskosten / Toegevoegde waarde (%),DE4522,DE4522 : Dakbedekking en bouw van dakconstructies,Dakbedekking,67.1
2022,R006,6. Personeelskosten / Toegevoegde waarde (%),DE4522,DE4522 : Dakbedekking en bouw van dakconstructies,Dakbedekking,64.37
2009,R006,6. Personeelskosten / Toegevoegde waarde (%),DE4531,DE4531 : Elektrische installatie,Elektrische installatie,72.59
2010,R006,6. Personeelskosten / Toegevoegde waarde (%),DE4531,DE4531 : Elektrische installatie,Elektrische installatie,74.24
2011,R006,6. Personeelskosten / Toegevoegde waarde (%),DE4531,DE4531 : Elektrische installatie,Elektrische installatie,69.99
2012,R006,6. Personeelskosten / Toegevoegde waarde (%),DE4531,DE4531 : Elektrische installatie,Elektrische installatie,73.34
2013,R006,6. Personeelskosten / Toegevoegde waarde (%),DE4531,DE4531 : Elektrische installatie,Elektrische installatie,75.76
2014,R006,6. Personeelskosten / Toegevoegde waarde (%),DE4531,DE4531 : Elektrische installatie,Elektrische installatie,75.5
2015,R006,6. Personeelskosten / Toegevoegde waarde (%),DE4531,DE4531 : Elektrische installatie,Elektrische installatie,74.29
2016,R006,6. Personeelskosten / Toegevoegde waarde (%),DE4531,DE4531 : Elektrische installatie,Elektrische installatie,74.72
2017,R006,6. Personeelskosten / Toegevoegde waarde (%),DE4531,DE4531 : Elektrische installatie,Elektrische installatie,74.89
2018,R006,6. Personeelskosten / Toegevoegde waarde (%),DE4531,DE4531 : Elektrische installatie,Elektrische installatie,74.31
2019,R006,6. Personeelskosten / Toegevoegde waarde (%),DE4531,DE4531 : Elektrische installatie,Elektrische installatie,72.41
2020,R006,6. Personeelskosten / Toegevoegde waarde (%),DE4531,DE4531 : Elektrische installatie,Elektrische installatie,71.62
2021,R006,6. Personeelskosten / Toegevoegde waarde (%),DE4531,DE4531 : Elektrische installatie,Elektrische installatie,72.15
2022,R006,6. Personeelskosten / Toegevoegde waarde (%),DE4531,DE4531 : Elektrische installatie,Elektrische installatie,70.25
2009,R006,6. Personeelskosten / Toegevoegde waarde (%),DE4533,DE4533 : Loodgieterswerk,Loodgieterswerk,76.16
2010,R006,6. Personeelskosten / Toegevoegde waarde (%),DE4533,DE4533 : Loodgieterswerk,Loodgieterswerk,75.23
2011,R006,6. Personeelskosten / Toegevoegde waarde (%),DE4533,DE4533 : Loodgieterswerk,Loodgieterswerk,74.8
2012,R006,6. Personeelskosten / Toegevoegde waarde (%),DE4533,DE4533 : Loodgieterswerk,Loodgieterswerk,75.7
2013,R006,6. Personeelskosten / Toegevoegde waarde (%),DE4533,DE4533 : Loodgieterswerk,Loodgieterswerk,75.57
2014,R006,6. Personeelskosten / Toegevoegde waarde (%),DE4533,DE4533 : Loodgieterswerk,Loodgieterswerk,76.13
2015,R006,6. Personeelskosten / Toegevoegde waarde (%),DE4533,DE4533 : Loodgieterswerk,Loodgieterswerk,76.92
2016,R006,6. Personeelskosten / Toegevoegde waarde (%),DE4533,DE4533 : Loodgieterswerk,Loodgieterswerk,76.09
2017,R006,6. Personeelskosten / Toegevoegde waarde (%),DE4533,DE4533 : Loodgieterswerk,Loodgieterswerk,76.93
2018,R006,6. Personeelskosten / Toegevoegde waarde (%),DE4533,DE4533 : Loodgieterswerk,Loodgieterswerk,76.48
2019,R006,6. Personeelskosten / Toegevoegde waarde (%),DE4533,DE4533 : Loodgieterswerk,Loodgieterswerk,76.42
2020,R006,6. Personeelskosten / Toegevoegde waarde (%),DE4533,DE4533 : Loodgieterswerk,Loodgieterswerk,75.25
2021,R006,6. Personeelskosten / Toegevoegde waarde (%),DE4533,DE4533 : Loodgieterswerk,Loodgieterswerk,74.35
2022,R006,6. Personeelskosten / Toegevoegde waarde (%),DE4533,DE4533 : Loodgieterswerk,Loodgieterswerk,75.14
2009,R006,6. Personeelskosten / Toegevoegde waarde (%),DE4542,DE4542 : Schrijnwerk,Schrijnwerk,68.49
2010,R006,6. Personeelskosten / Toegevoegde waarde (%),DE4542,DE4542 : Schrijnwerk,Schrijnwerk,68.62
2011,R006,6. Personeelskosten / Toegevoegde waarde (%),DE4542,DE4542 : Schrijnwerk,Schrijnwerk,69.6
2012,R006,6. Personeelskosten / Toegevoegde waarde (%),DE4542,DE4542 : Schrijnwerk,Schrijnwerk,71.72
2013,R006,6. Personeelskosten / Toegevoegde waarde (%),DE4542,DE4542 : Schrijnwerk,Schrijnwerk,72.36
2014,R006,6. Personeelskosten / Toegevoegde waarde (%),DE4542,DE4542 : Schrijnwerk,Schrijnwerk,71.9
2015,R006,6. Personeelskosten / Toegevoegde waarde (%),DE4542,DE4542 : Schrijnwerk,Schrijnwerk,71.88
2016,R006,6. Personeelskosten / Toegevoegde waarde (%),DE4542,DE4542 : Schrijnwerk,Schrijnwerk,71.61
2017,R006,6. Personeelskosten / Toegevoegde waarde (%),DE4542,DE4542 : Schrijnwerk,Schrijnwerk,72.1
2018,R006,6. Personeelskosten / Toegevoegde waarde (%),DE4542,DE4542 : Schrijnwerk,Schrijnwerk,71.89
2019,R006,6. Personeelskosten / Toegevoegde waarde (%),DE4542,DE4542 : Schrijnwerk,Schrijnwerk,69.44
2020,R006,6. Personeelskosten / Toegevoegde waarde (%),DE4542,DE4542 : Schrijnwerk,Schrijnwerk,67.86
2021,R006,6. Personeelskosten / Toegevoegde waarde (%),DE4542,DE4542 : Schrijnwerk,Schrijnwerk,67.36
2022,R006,6. Personeelskosten / Toegevoegde waarde (%),DE4542,DE4542 : Schrijnwerk,Schrijnwerk,67.22
2011,R006,6. Personeelskosten / Toegevoegde waarde (%),DE4543,DE4543 : Vloerafwerking en wandbekleding,Vloer- en wandafwerking,71.11
2012,R006,6. Personeelskosten / Toegevoegde waarde (%),DE4543,DE4543 : Vloerafwerking en wandbekleding,Vloer- en wandafwerking,71.23
2013,R006,6. Personeelskosten / Toegevoegde waarde (%),DE4543,DE4543 : Vloerafwerking en wandbekleding,Vloer- en wandafwerking,71.93
2014,R006,6. Personeelskosten / Toegevoegde waarde (%),DE4543,DE4543 : Vloerafwerking en wandbekleding,Vloer- en wandafwerking,71.09
2015,R006,6. Personeelskosten / Toegevoegde waarde (%),DE4543,DE4543 : Vloerafwerking en wandbekleding,Vloer- en wandafwerking,69.47
2016,R006,6. Personeelskosten / Toegevoegde waarde (%),DE4543,DE4543 : Vloerafwerking en wandbekleding,Vloer- en wandafwerking,67.06
2017,R006,6. Personeelskosten / Toegevoegde waarde (%),DE4543,DE4543 : Vloerafwerking en wandbekleding,Vloer- en wandafwerking,66.35
2018,R006,6. Personeelskosten / Toegevoegde waarde (%),DE4543,DE4543 : Vloerafwerking en wandbekleding,Vloer- en wandafwerking,67.31
2019,R006,6. Personeelskosten / Toegevoegde waarde (%),DE4543,DE4543 : Vloerafwerking en wandbekleding,Vloer- en wandafwerking,66.96
2020,R006,6. Personeelskosten / Toegevoegde waarde (%),DE4543,DE4543 : Vloerafwerking en wandbekleding,Vloer- en wandafwerking,0.0
2021,R006,6. Personeelskosten / Toegevoegde waarde (%),DE4543,DE4543 : Vloerafwerking en wandbekleding,Vloer- en wandafwerking,0.0
2022,R006,6. Personeelskosten / Toegevoegde waarde (%),DE4543,DE4543 : Vloerafwerking en wandbekleding,Vloer- en wandafwerking,0.0
2009,R006,6. Personeelskosten / Toegevoegde waarde (%),DE4544,DE4544 : Schilderen en glaszetten,Schilderen en glaszetten,74.08
2010,R006,6. Personeelskosten / Toegevoegde waarde (%),DE4544,DE4544 : Schilderen en glaszetten,Schilderen en glaszetten,75.71
2011,R006,6. Personeelskosten / Toegevoegde waarde (%),DE4544,DE4544 : Schilderen en glaszetten,Schilderen en glaszetten,75.56
2012,R006,6. Personeelskosten / Toegevoegde waarde (%),DE4544,DE4544 : Schilderen en glaszetten,Schilderen en glaszetten,77.03
2013,R006,6. Personeelskosten / Toegevoegde waarde (%),DE4544,DE4544 : Schilderen en glaszetten,Schilderen en glaszetten,77.08
2014,R006,6. Personeelskosten / Toegevoegde waarde (%),DE4544,DE4544 : Schilderen en glaszetten,Schilderen en glaszetten,78.05
2015,R006,6. Personeelskosten / Toegevoegde waarde (%),DE4544,DE4544 : Schilderen en glaszetten,Schilderen en glaszetten,76.85
2016,R006,6. Personeelskosten / Toegevoegde waarde (%),DE4544,DE4544 : Schilderen en glaszetten,Schilderen en glaszetten,75.77
2017,R006,6. Personeelskosten / Toegevoegde waarde (%),DE4544,DE4544 : Schilderen en glaszetten,Schilderen en glaszetten,75.2
2018,R006,6. Personeelskosten / Toegevoegde waarde (%),DE4544,DE4544 : Schilderen en glaszetten,Schilderen en glaszetten,75.54
2019,R006,6. Personeelskosten / Toegevoegde waarde (%),DE4544,DE4544 : Schilderen en glaszetten,Schilderen en glaszetten,74.12
2020,R006,6. Personeelskosten / Toegevoegde waarde (%),DE4544,DE4544 : Schilderen en glaszetten,Schilderen en glaszetten,73.56
2021,R006,6. Personeelskosten / Toegevoegde waarde (%),DE4544,DE4544 : Schilderen en glaszetten,Schilderen en glaszetten,70.07
2022,R006,6. Personeelskosten / Toegevoegde waarde (%),DE4544,DE4544 : Schilderen en glaszetten,Schilderen en glaszetten,70.67
2009,R010,10. Cashflow / Eigen vermogen (%),DE4521,DE4521 : Burgerlijke en utiliteitsbouw; constructie van bruggen en tunnels; civieltechnische werken ten behoeve van nutsbedirjven,Burgerlijke en utiliteitsbouw,22.96
2010,R010,10. Cashflow / Eigen vermogen (%),DE4521,DE4521 : Burgerlijke en utiliteitsbouw; constructie van bruggen en tunnels; civieltechnische werken ten behoeve van nutsbedirjven,Burgerlijke en utiliteitsbouw,21.46
2011,R010,10. Cashflow / Eigen vermogen (%),DE4521,DE4521 : Burgerlijke en utiliteitsbouw; constructie van bruggen en tunnels; civieltechnische werken ten behoeve van nutsbedirjven,Burgerlijke en utiliteitsbouw,20.52
2012,R010,10. Cashflow / Eigen vermogen (%),DE4521,DE4521 : Burgerlijke en utiliteitsbouw; constructie van bruggen en tunnels; civieltechnische werken ten behoeve van nutsbedirjven,Burgerlijke en utiliteitsbouw,16.83
2013,R010,10. Cashflow / Eigen vermogen (%),DE4521,DE4521 : Burgerlijke en utiliteitsbouw; constructie van bruggen en tunnels; civieltechnische werken ten behoeve van nutsbedirjven,Burgerlijke en utiliteitsbouw,14.67
2014,R010,10. Cashflow / Eigen vermogen (%),DE4521,DE4521 : Burgerlijke en utiliteitsbouw; constructie van bruggen en tunnels; civieltechnische werken ten behoeve van nutsbedirjven,Burgerlijke en utiliteitsbouw,16.51
2015,R010,10. Cashflow / Eigen vermogen (%),DE4521,DE4521 : Burgerlijke en utiliteitsbouw; constructie van bruggen en tunnels; civieltechnische werken ten behoeve van nutsbedirjven,Burgerlijke en utiliteitsbouw,15.11
2016,R010,10. Cashflow / Eigen vermogen (%),DE4521,DE4521 : Burgerlijke en utiliteitsbouw; constructie van bruggen en tunnels; civieltechnische werken ten behoeve van nutsbedirjven,Burgerlijke en utiliteitsbouw,15.08
2017,R010,10. Cashflow / Eigen vermogen (%),DE4521,DE4521 : Burgerlijke en utiliteitsbouw; constructie van bruggen en tunnels; civieltechnische werken ten behoeve van nutsbedirjven,Burgerlijke en utiliteitsbouw,13.49
2018,R010,10. Cashflow / Eigen vermogen (%),DE4521,DE4521 : Burgerlijke en utiliteitsbouw; constructie van bruggen en tunnels; civieltechnische werken ten behoeve van nutsbedirjven,Burgerlijke en utiliteitsbouw,18.31
2019,R010,10. Cashflow / Eigen vermogen (%),DE4521,DE4521 : Burgerlijke en utiliteitsbouw; constructie van bruggen en tunnels; civieltechnische werken ten behoeve van nutsbedirjven,Burgerlijke en utiliteitsbouw,15.14
2020,R010,10. Cashflow / Eigen vermogen (%),DE4521,DE4521 : Burgerlijke en utiliteitsbouw; constructie van bruggen en tunnels; civieltechnische werken ten behoeve van nutsbedirjven,Burgerlijke en utiliteitsbouw,14.24
2021,R010,10. Cashflow / Eigen vermogen (%),DE4521,DE4521 : Burgerlijke en utiliteitsbouw; constructie van bruggen en tunnels; civieltechnische werken ten behoeve van nutsbedirjven,Burgerlijke en utiliteitsbouw,18.1
2022,R010,10. Cashflow / Eigen vermogen (%),DE4521,DE4521 : Burgerlijke en utiliteitsbouw; constructie van bruggen en tunnels; civieltechnische werken ten behoeve van nutsbedirjven,Burgerlijke en utiliteitsbouw,19.84
2009,R010,10. Cashflow / Eigen vermogen (%),DE4522,DE4522 : Dakbedekking en bouw van dakconstructies,Dakbedekking,34.95
2010,R010,10. Cashflow / Eigen vermogen (%),DE4522,DE4522 : Dakbedekking en bouw van dakconstructies,Dakbedekking,31.81
2011,R010,10. Cashflow / Eigen vermogen (%),DE4522,DE4522 : Dakbedekking en bouw van dakconstructies,Dakbedekking,37.03
2012,R010,10. Cashflow / Eigen vermogen (%),DE4522,DE4522 : Dakbedekking en bouw van dakconstructies,Dakbedekking,32.7
2013,R010,10. Cashflow / Eigen vermogen (%),DE4522,DE4522 : Dakbedekking en bouw van dakconstructies,Dakbedekking,30.43
2014,R010,10. Cashflow / Eigen vermogen (%),DE4522,DE4522 : Dakbedekking en bouw van dakconstructies,Dakbedekking,30.79
2015,R010,10. Cashflow / Eigen vermogen (%),DE4522,DE4522 : Dakbedekking en bouw van dakconstructies,Dakbedekking,28.56
2016,R010,10. Cashflow / Eigen vermogen (%),DE4522,DE4522 : Dakbedekking en bouw van dakconstructies,Dakbedekking,28.77
2017,R010,10. Cashflow / Eigen vermogen (%),DE4522,DE4522 : Dakbedekking en bouw van dakconstructies,Dakbedekking,25.26
2018,R010,10. Cashflow / Eigen vermogen (%),DE4522,DE4522 : Dakbedekking en bouw van dakconstructies,Dakbedekking,29.43
2019,R010,10. Cashflow / Eigen vermogen (%),DE4522,DE4522 : Dakbedekking en bouw van dakconstructies,Dakbedekking,29.7
2020,R010,10. Cashflow / Eigen vermogen (%),DE4522,DE4522 : Dakbedekking en bouw van dakconstructies,Dakbedekking,30.43
2021,R010,10. Cashflow / Eigen vermogen (%),DE4522,DE4522 : Dakbedekking en bouw van dakconstructies,Dakbedekking,28.06
2022,R010,10. Cashflow / Eigen vermogen (%),DE4522,DE4522 : Dakbedekking en bouw van dakconstructies,Dakbedekking,29.31
2009,R010,10. Cashflow / Eigen vermogen (%),DE4531,DE4531 : Elektrische installatie,Elektrische installatie,28.47
2010,R010,10. Cashflow / Eigen vermogen (%),DE4531,DE4531 : Elektrische installatie,Elektrische installatie,26.57
2011,R010,10. Cashflow / Eigen vermogen (%),DE4531,DE4531 : Elektrische installatie,Elektrische installatie,31.12
2012,R010,10. Cashflow / Eigen vermogen (%),DE4531,DE4531 : Elektrische installatie,Elektrische installatie,15.36
2013,R010,10. Cashflow / Eigen vermogen (%),DE4531,DE4531 : Elektrische installatie,Elektrische installatie,13.77
2014,R010,10. Cashflow / Eigen vermogen (%),DE4531,DE4531 : Elektrische installatie,Elektrische installatie,14.28
2015,R010,10. Cashflow / Eigen vermogen (%),DE4531,DE4531 : Elektrische installatie,Elektrische installatie,24.5
2016,R010,10. Cashflow / Eigen vermogen (%),DE4531,DE4531 : Elektrische installatie,Elektrische installatie,23.18
2017,R010,10. Cashflow / Eigen vermogen (%),DE4531,DE4531 : Elektrische installatie,Elektrische installatie,14.5
2018,R010,10. Cashflow / Eigen vermogen (%),DE4531,DE4531 : Elektrische installatie,Elektrische installatie,13.82
2019,R010,10. Cashflow / Eigen vermogen (%),DE4531,DE4531 : Elektrische installatie,Elektrische installatie,22.85
2020,R010,10. Cashflow / Eigen vermogen (%),DE4531,DE4531 : Elektrische installatie,Elektrische installatie,18.85
2021,R010,10. Cashflow / Eigen vermogen (%),DE4531,DE4531 : Elektrische installatie,Elektrische installatie,26.53
2022,R010,10. Cashflow / Eigen vermogen (%),DE4531,DE4531 : Elektrische installatie,Elektrische installatie,27.45
2009,R010,10. Cashflow / Eigen vermogen (%),DE4533,DE4533 : Loodgieterswerk,Loodgieterswerk,25.52
2010,R010,10. Cashflow / Eigen vermogen (%),DE4533,DE4533 : Loodgieterswerk,Loodgieterswerk,24.62
2011,R010,10. Cashflow / Eigen vermogen (%),DE4533,DE4533 : Loodgieterswerk,Loodgieterswerk,25.94
2012,R010,10. Cashflow / Eigen vermogen (%),DE4533,DE4533 : Loodgieterswerk,Loodgieterswerk,24.59
2013,R010,10. Cashflow / Eigen vermogen (%),DE4533,DE4533 : Loodgieterswerk,Loodgieterswerk,22.54
2014,R010,10. Cashflow / Eigen vermogen (%),DE4533,DE4533 : Loodgieterswerk,Loodgieterswerk,22.56
2015,R010,10. Cashflow / Eigen vermogen (%),DE4533,DE4533 : Loodgieterswerk,Loodgieterswerk,21.43
2016,R010,10. Cashflow / Eigen vermogen (%),DE4533,DE4533 : Loodgieterswerk,Loodgieterswerk,20.32
2017,R010,10. Cashflow / Eigen vermogen (%),DE4533,DE4533 : Loodgieterswerk,Loodgieterswerk,18.96
2018,R010,10. Cashflow / Eigen vermogen (%),DE4533,DE4533 : Loodgieterswerk,Loodgieterswerk,21.35
2019,R010,10. Cashflow / Eigen vermogen (%),DE4533,DE4533 : Loodgieterswerk,Loodgieterswerk,20.8
2020,R010,10. Cashflow / Eigen vermogen (%),DE4533,DE4533 : Loodgieterswerk,Loodgieterswerk,19.92
2021,R010,10. Cashflow / Eigen vermogen (%),DE4533,DE4533 : Loodgieterswerk,Loodgieterswerk,23.07
2022,R010,10. Cashflow / Eigen vermogen (%),DE4533,DE4533 : Loodgieterswerk,Loodgieterswerk,20.25
2009,R010,10. Cashflow / Eigen vermogen (%),DE4542,DE4542 : Schrijnwerk,Schrijnwerk,31.25
2010,R010,10. Cashflow / Eigen vermogen (%),DE4542,DE4542 : Schrijnwerk,Schrijnwerk,29.39
2011,R010,10. Cashflow / Eigen vermogen (%),DE4542,DE4542 : Schrijnwerk,Schrijnwerk,28.16
2012,R010,10. Cashflow / Eigen vermogen (%),DE4542,DE4542 : Schrijnwerk,Schrijnwerk,25.85
2013,R010,10. Cashflow / Eigen vermogen (%),DE4542,DE4542 : Schrijnwerk,Schrijnwerk,25.54
2014,R010,10. Cashflow / Eigen vermogen (%),DE4542,DE4542 : Schrijnwerk,Schrijnwerk,25.63
2015,R010,10. Cashflow / Eigen vermogen (%),DE4542,DE4542 : Schrijnwerk,Schrijnwerk,27.13
2016,R010,10. Cashflow / Eigen vermogen (%),DE4542,DE4542 : Schrijnwerk,Schrijnwerk,23.4
2017,R010,10. Cashflow / Eigen vermogen (%),DE4542,DE4542 : Schrijnwerk,Schrijnwerk,22.78
2018,R010,10. Cashflow / Eigen vermogen (%),DE4542,DE4542 : Schrijnwerk,Schrijnwerk,24.56
2019,R010,10. Cashflow / Eigen vermogen (%),DE4542,DE4542 : Schrijnwerk,Schrijnwerk,27.1
2020,R010,10. Cashflow / Eigen vermogen (%),DE4542,DE4542 : Schrijnwerk,Schrijnwerk,26.9
2021,R010,10. Cashflow / Eigen vermogen (%),DE4542,DE4542 : Schrijnwerk,Schrijnwerk,27.44
2022,R010,10. Cashflow / Eigen vermogen (%),DE4542,DE4542 : Schrijnwerk,Schrijnwerk,27.35
2011,R010,10. Cashflow / Eigen vermogen (%),DE4543,DE4543 : Vloerafwerking en wandbekleding,Vloer- en wandafwerking,29.1
2012,R010,10. Cashflow / Eigen vermogen (%),DE4543,DE4543 : Vloerafwerking en wandbekleding,Vloer- en wandafwerking,27.96
2013,R010,10. Cashflow / Eigen vermogen (%),DE4543,DE4543 : Vloerafwerking en wandbekleding,Vloer- en wandafwerking,24.93
2014,R010,10. Cashflow / Eigen vermogen (%),DE4543,DE4543 : Vloerafwerking en wandbekleding,Vloer- en wandafwerking,26.56
2015,R010,10. Cashflow / Eigen vermogen (%),DE4543,DE4543 : Vloerafwerking en wandbekleding,Vloer- en wandafwerking,25.26
2016,R010,10. Cashflow / Eigen vermogen (%),DE4543,DE4543 : Vloerafwerking en wandbekleding,Vloer- en wandafwerking,26.32
2017,R010,10. Cashflow / Eigen vermogen (%),DE4543,DE4543 : Vloerafwerking en wandbekleding,Vloer- en wandafwerking,24.66
2018,R010,10. Cashflow / Eigen vermogen (%),DE4543,DE4543 : Vloerafwerking en wandbekleding,Vloer- en wandafwerking,24.76
2019,R010,10. Cashflow / Eigen vermogen (%),DE4543,DE4543 : Vloerafwerking en wandbekleding,Vloer- en wandafwerking,24.86
2020,R010,10. Cashflow / Eigen vermogen (%),DE4543,DE4543 : Vloerafwerking en wandbekleding,Vloer- en wandafwerking,26.24
2021,R010,10. Cashflow / Eigen vermogen (%),DE4543,DE4543 : Vloerafwerking en wandbekleding,Vloer- en wandafwerking,30.37
2022,R010,10. Cashflow / Eigen vermogen (%),DE4543,DE4543 : Vloerafwerking en wandbekleding,Vloer- en wandafwerking,0.0
2009,R010,10. Cashflow / Eigen vermogen (%),DE4544,DE4544 : Schilderen en glaszetten,Schilderen en glaszetten,29.46
2010,R010,10. Cashflow / Eigen vermogen (%),DE4544,DE4544 : Schilderen en glaszetten,Schilderen en glaszetten,25.77
2011,R010,10. Cashflow / Eigen vermogen (%),DE4544,DE4544 : Schilderen en glaszetten,Schilderen en glaszetten,18.55
2012,R010,10. Cashflow / Eigen vermogen (%),DE4544,DE4544 : Schilderen en glaszetten,Schilderen en glaszetten,24.24
2013,R010,10. Cashflow / Eigen vermogen (%),DE4544,DE4544 : Schilderen en glaszetten,Schilderen en glaszetten,27.49
2014,R010,10. Cashflow / Eigen vermogen (%),DE4544,DE4544 : Schilderen en glaszetten,Schilderen en glaszetten,23.65
2015,R010,10. Cashflow / Eigen vermogen (%),DE4544,DE4544 : Schilderen en glaszetten,Schilderen en glaszetten,22.38
2016,R010,10. Cashflow / Eigen vermogen (%),DE4544,DE4544 : Schilderen en glaszetten,Schilderen en glaszetten,22.06
2017,R010,10. Cashflow / Eigen vermogen (%),DE4544,DE4544 : Schilderen en glaszetten,Schilderen en glaszetten,21.12
2018,R010,10. Cashflow / Eigen vermogen (%),DE4544,DE4544 : Schilderen en glaszetten,Schilderen en glaszetten,21.83
2019,R010,10. Cashflow / Eigen vermogen (%),DE4544,DE4544 : Schilderen en glaszetten,Schilderen en glaszetten,23.08
2020,R010,10. Cashflow / Eigen vermogen (%),DE4544,DE4544 : Schilderen en glaszetten,Schilderen en glaszetten,24.77
2021,R010,10. Cashflow / Eigen vermogen (%),DE4544,DE4544 : Schilderen en glaszetten,Schilderen en glaszetten,26.73
2022,R010,10. Cashflow / Eigen vermogen (%),DE4544,DE4544 : Schilderen en glaszetten,Schilderen en glaszetten,26.6
2009,R013,13. Liquiditeit in ruime zin,DE4521,DE4521 : Burgerlijke en utiliteitsbouw; constructie van bruggen en tunnels; civieltechnische werken ten behoeve van nutsbedirjven,Burgerlijke en utiliteitsbouw,1.28
2010,R013,13. Liquiditeit in ruime zin,DE4521,DE4521 : Burgerlijke en utiliteitsbouw; constructie van bruggen en tunnels; civieltechnische werken ten behoeve van nutsbedirjven,Burgerlijke en utiliteitsbouw,1.29
2011,R013,13. Liquiditeit in ruime zin,DE4521,DE4521 : Burgerlijke en utiliteitsbouw; constructie van bruggen en tunnels; civieltechnische werken ten behoeve van nutsbedirjven,Burgerlijke en utiliteitsbouw,1.26
2012,R013,13. Liquiditeit in ruime zin,DE4521,DE4521 : Burgerlijke en utiliteitsbouw; constructie van bruggen en tunnels; civieltechnische werken ten behoeve van nutsbedirjven,Burgerlijke en utiliteitsbouw,1.3
2013,R013,13. Liquiditeit in ruime zin,DE4521,DE4521 : Burgerlijke en utiliteitsbouw; constructie van bruggen en tunnels; civieltechnische werken ten behoeve van nutsbedirjven,Burgerlijke en utiliteitsbouw,1.26
2014,R013,13. Liquiditeit in ruime zin,DE4521,DE4521 : Burgerlijke en utiliteitsbouw; constructie van bruggen en tunnels; civieltechnische werken ten behoeve van nutsbedirjven,Burgerlijke en utiliteitsbouw,1.25
2015,R013,13. Liquiditeit in ruime zin,DE4521,DE4521 : Burgerlijke en utiliteitsbouw; constructie van bruggen en tunnels; civieltechnische werken ten behoeve van nutsbedirjven,Burgerlijke en utiliteitsbouw,1.28
2016,R013,13. Liquiditeit in ruime zin,DE4521,DE4521 : Burgerlijke en utiliteitsbouw; constructie van bruggen en tunnels; civieltechnische werken ten behoeve van nutsbedirjven,Burgerlijke en utiliteitsbouw,1.32
2017,R013,13. Liquiditeit in ruime zin,DE4521,DE4521 : Burgerlijke en utiliteitsbouw; constructie van bruggen en tunnels; civieltechnische werken ten behoeve van nutsbedirjven,Burgerlijke en utiliteitsbouw,1.32
2018,R013,13. Liquiditeit in ruime zin,DE4521,DE4521 : Burgerlijke en utiliteitsbouw; constructie van bruggen en tunnels; civieltechnische werken ten behoeve van nutsbedirjven,Burgerlijke en utiliteitsbouw,1.32
2019,R013,13. Liquiditeit in ruime zin,DE4521,DE4521 : Burgerlijke en utiliteitsbouw; constructie van bruggen en tunnels; civieltechnische werken ten behoeve van nutsbedirjven,Burgerlijke en utiliteitsbouw,1.41
2020,R013,13. Liquiditeit in ruime zin,DE4521,DE4521 : Burgerlijke en utiliteitsbouw; constructie van bruggen en tunnels; civieltechnische werken ten behoeve van nutsbedirjven,Burgerlijke en utiliteitsbouw,1.4
2021,R013,13. Liquiditeit in ruime zin,DE4521,DE4521 : Burgerlijke en utiliteitsbouw; constructie van bruggen en tunnels; civieltechnische werken ten behoeve van nutsbedirjven,Burgerlijke en utiliteitsbouw,1.36
2022,R013,13. Liquiditeit in ruime zin,DE4521,DE4521 : Burgerlijke en utiliteitsbouw; constructie van bruggen en tunnels; civieltechnische werken ten behoeve van nutsbedirjven,Burgerlijke en utiliteitsbouw,1.35
2009,R013,13. Liquiditeit in ruime zin,DE4522,DE4522 : Dakbedekking en bouw van dakconstructies,Dakbedekking,1.46
2010,R013,13. Liquiditeit in ruime zin,DE4522,DE4522 : Dakbedekking en bouw van dakconstructies,Dakbedekking,1.47
2011,R013,13. Liquiditeit in ruime zin,DE4522,DE4522 : Dakbedekking en bouw van dakconstructies,Dakbedekking,1.4
2012,R013,13. Liquiditeit in ruime zin,DE4522,DE4522 : Dakbedekking en bouw van dakconstructies,Dakbedekking,1.47
2013,R013,13. Liquiditeit in ruime zin,DE4522,DE4522 : Dakbedekking en bouw van dakconstructies,Dakbedekking,1.47
2014,R013,13. Liquiditeit in ruime zin,DE4522,DE4522 : Dakbedekking en bouw van dakconstructies,Dakbedekking,1.5
2015,R013,13. Liquiditeit in ruime zin,DE4522,DE4522 : Dakbedekking en bouw van dakconstructies,Dakbedekking,1.56
2016,R013,13. Liquiditeit in ruime zin,DE4522,DE4522 : Dakbedekking en bouw van dakconstructies,Dakbedekking,1.52
2017,R013,13. Liquiditeit in ruime zin,DE4522,DE4522 : Dakbedekking en bouw van dakconstructies,Dakbedekking,1.54
2018,R013,13. Liquiditeit in ruime zin,DE4522,DE4522 : Dakbedekking en bouw van dakconstructies,Dakbedekking,1.53
2019,R013,13. Liquiditeit in ruime zin,DE4522,DE4522 : Dakbedekking en bouw van dakconstructies,Dakbedekking,1.58
2020,R013,13. Liquiditeit in ruime zin,DE4522,DE4522 : Dakbedekking en bouw van dakconstructies,Dakbedekking,1.62
2021,R013,13. Liquiditeit in ruime zin,DE4522,DE4522 : Dakbedekking en bouw van dakconstructies,Dakbedekking,1.62
2022,R013,13. Liquiditeit in ruime zin,DE4522,DE4522 : Dakbedekking en bouw van dakconstructies,Dakbedekking,1.61
2009,R013,13. Liquiditeit in ruime zin,DE4531,DE4531 : Elektrische installatie,Elektrische installatie,1.41
2010,R013,13. Liquiditeit in ruime zin,DE4531,DE4531 : Elektrische installatie,Elektrische installatie,1.42
2011,R013,13. Liquiditeit in ruime zin,DE4531,DE4531 : Elektrische installatie,Elektrische installatie,1.37
2012,R013,13. Liquiditeit in ruime zin,DE4531,DE4531 : Elektrische installatie,Elektrische installatie,1.42
2013,R013,13. Liquiditeit in ruime zin,DE4531,DE4531 : Elektrische installatie,Elektrische installatie,1.43
2014,R013,13. Liquiditeit in ruime zin,DE4531,DE4531 : Elektrische installatie,Elektrische installatie,1.4
2015,R013,13. Liquiditeit in ruime zin,DE4531,DE4531 : Elektrische installatie,Elektrische installatie,1.48
2016,R013,13. Liquiditeit in ruime zin,DE4531,DE4531 : Elektrische installatie,Elektrische installatie,1.52
2017,R013,13. Liquiditeit in ruime zin,DE4531,DE4531 : Elektrische installatie,Elektrische installatie,1.48
2018,R013,13. Liquiditeit in ruime zin,DE4531,DE4531 : Elektrische installatie,Elektrische installatie,1.41
2019,R013,13. Liquiditeit in ruime zin,DE4531,DE4531 : Elektrische installatie,Elektrische installatie,1.47
2020,R013,13. Liquiditeit in ruime zin,DE4531,DE4531 : Elektrische installatie,Elektrische installatie,1.49
2021,R013,13. Liquiditeit in ruime zin,DE4531,DE4531 : Elektrische installatie,Elektrische installatie,1.47
2022,R013,13. Liquiditeit in ruime zin,DE4531,DE4531 : Elektrische installatie,Elektrische installatie,1.41
2009,R013,13. Liquiditeit in ruime zin,DE4533,DE4533 : Loodgieterswerk,Loodgieterswerk,1.38
2010,R013,13. Liquiditeit in ruime zin,DE4533,DE4533 : Loodgieterswerk,Loodgieterswerk,1.38
2011,R013,13. Liquiditeit in ruime zin,DE4533,DE4533 : Loodgieterswerk,Loodgieterswerk,1.37
2012,R013,13. Liquiditeit in ruime zin,DE4533,DE4533 : Loodgieterswerk,Loodgieterswerk,1.41
2013,R013,13. Liquiditeit in ruime zin,DE4533,DE4533 : Loodgieterswerk,Loodgieterswerk,1.46
2014,R013,13. Liquiditeit in ruime zin,DE4533,DE4533 : Loodgieterswerk,Loodgieterswerk,1.49
2015,R013,13. Liquiditeit in ruime zin,DE4533,DE4533 : Loodgieterswerk,Loodgieterswerk,1.53
2016,R013,13. Liquiditeit in ruime zin,DE4533,DE4533 : Loodgieterswerk,Loodgieterswerk,1.59
2017,R013,13. Liquiditeit in ruime zin,DE4533,DE4533 : Loodgieterswerk,Loodgieterswerk,1.56
2018,R013,13. Liquiditeit in ruime zin,DE4533,DE4533 : Loodgieterswerk,Loodgieterswerk,1.55
2019,R013,13. Liquiditeit in ruime zin,DE4533,DE4533 : Loodgieterswerk,Loodgieterswerk,1.59
2020,R013,13. Liquiditeit in ruime zin,DE4533,DE4533 : Loodgieterswerk,Loodgieterswerk,1.57
2021,R013,13. Liquiditeit in ruime zin,DE4533,DE4533 : Loodgieterswerk,Loodgieterswerk,1.69
2022,R013,13. Liquiditeit in ruime zin,DE4533,DE4533 : Loodgieterswerk,Loodgieterswerk,1.68
2009,R013,13. Liquiditeit in ruime zin,DE4542,DE4542 : Schrijnwerk,Schrijnwerk,1.51
2010,R013,13. Liquiditeit in ruime zin,DE4542,DE4542 : Schrijnwerk,Schrijnwerk,1.52
2011,R013,13. Liquiditeit in ruime zin,DE4542,DE4542 : Schrijnwerk,Schrijnwerk,1.44
2012,R013,13. Liquiditeit in ruime zin,DE4542,DE4542 : Schrijnwerk,Schrijnwerk,1.42
2013,R013,13. Liquiditeit in ruime zin,DE4542,DE4542 : Schrijnwerk,Schrijnwerk,1.37
2014,R013,13. Liquiditeit in ruime zin,DE4542,DE4542 : Schrijnwerk,Schrijnwerk,1.47
2015,R013,13. Liquiditeit in ruime zin,DE4542,DE4542 : Schrijnwerk,Schrijnwerk,1.48
2016,R013,13. Liquiditeit in ruime zin,DE4542,DE4542 : Schrijnwerk,Schrijnwerk,1.49
2017,R013,13. Liquiditeit in ruime zin,DE4542,DE4542 : Schrijnwerk,Schrijnwerk,1.49
2018,R013,13. Liquiditeit in ruime zin,DE4542,DE4542 : Schrijnwerk,Schrijnwerk,1.44
2019,R013,13. Liquiditeit in ruime zin,DE4542,DE4542 : Schrijnwerk,Schrijnwerk,1.48
2020,R013,13. Liquiditeit in ruime zin,DE4542,DE4542 : Schrijnwerk,Schrijnwerk,1.52
2021,R013,13. Liquiditeit in ruime zin,DE4542,DE4542 : Schrijnwerk,Schrijnwerk,1.5
2022,R013,13. Liquiditeit in ruime zin,DE4542,DE4542 : Schrijnwerk,Schrijnwerk,1.48
2011,R013,13. Liquiditeit in ruime zin,DE4543,DE4543 : Vloerafwerking en wandbekleding,Vloer- en wandafwerking,1.46
2012,R013,13. Liquiditeit in ruime zin,DE4543,DE4543 : Vloerafwerking en wandbekleding,Vloer- en wandafwerking,1.48
2013,R013,13. Liquiditeit in ruime zin,DE4543,DE4543 : Vloerafwerking en wandbekleding,Vloer- en wandafwerking,1.45
2014,R013,13. Liquiditeit in ruime zin,DE4543,DE4543 : Vloerafwerking en wandbekleding,Vloer- en wandafwerking,1.49
2015,R013,13. Liquiditeit in ruime zin,DE4543,DE4543 : Vloerafwerking en wandbekleding,Vloer- en wandafwerking,1.47
2016,R013,13. Liquiditeit in ruime zin,DE4543,DE4543 : Vloerafwerking en wandbekleding,Vloer- en wandafwerking,1.52
2017,R013,13. Liquiditeit in ruime zin,DE4543,DE4543 : Vloerafwerking en wandbekleding,Vloer- en wandafwerking,1.56
2018,R013,13. Liquiditeit in ruime zin,DE4543,DE4543 : Vloerafwerking en wandbekleding,Vloer- en wandafwerking,1.56
2019,R013,13. Liquiditeit in ruime zin,DE4543,DE4543 : Vloerafwerking en wandbekleding,Vloer- en wandafwerking,1.56
2020,R013,13. Liquiditeit in ruime zin,DE4543,DE4543 : Vloerafwerking en wandbekleding,Vloer- en wandafwerking,1.59
2021,R013,13. Liquiditeit in ruime zin,DE4543,DE4543 : Vloerafwerking en wandbekleding,Vloer- en wandafwerking,1.6
2022,R013,13. Liquiditeit in ruime zin,DE4543,DE4543 : Vloerafwerking en wandbekleding,Vloer- en wandafwerking,0.0
2009,R013,13. Liquiditeit in ruime zin,DE4544,DE4544 : Schilderen en glaszetten,Schilderen en glaszetten,1.64
2010,R013,13. Liquiditeit in ruime zin,DE4544,DE4544 : Schilderen en glaszetten,Schilderen en glaszetten,1.59
2011,R013,13. Liquiditeit in ruime zin,DE4544,DE4544 : Schilderen en glaszetten,Schilderen en glaszetten,1.54
2012,R013,13. Liquiditeit in ruime zin,DE4544,DE4544 : Schilderen en glaszetten,Schilderen en glaszetten,1.49
2013,R013,13. Liquiditeit in ruime zin,DE4544,DE4544 : Schilderen en glaszetten,Schilderen en glaszetten,1.42
2014,R013,13. Liquiditeit in ruime zin,DE4544,DE4544 : Schilderen en glaszetten,Schilderen en glaszetten,1.54
2015,R013,13. Liquiditeit in ruime zin,DE4544,DE4544 : Schilderen en glaszetten,Schilderen en glaszetten,1.57
2016,R013,13. Liquiditeit in ruime zin,DE4544,DE4544 : Schilderen en glaszetten,Schilderen en glaszetten,1.55
2017,R013,13. Liquiditeit in ruime zin,DE4544,DE4544 : Schilderen en glaszetten,Schilderen en glaszetten,1.53
2018,R013,13. Liquiditeit in ruime zin,DE4544,DE4544 : Schilderen en glaszetten,Schilderen en glaszetten,1.55
2019,R013,13. Liquiditeit in ruime zin,DE4544,DE4544 : Schilderen en glaszetten,Schilderen en glaszetten,1.49
2020,R013,13. Liquiditeit in ruime zin,DE4544,DE4544 : Schilderen en glaszetten,Schilderen en glaszetten,1.56
2021,R013,13. Liquiditeit in ruime zin,DE4544,DE4544 : Schilderen en glaszetten,Schilderen en glaszetten,1.63
2022,R013,13. Liquiditeit in ruime zin,DE4544,DE4544 : Schilderen en glaszetten,Schilderen en glaszetten,1.58
2009,R014,14. Liquiditeit in enge zin,DE4521,DE4521 : Burgerlijke en utiliteitsbouw; constructie van bruggen en tunnels; civieltechnische werken ten behoeve van nutsbedirjven,Burgerlijke en utiliteitsbouw,0.89
2010,R014,14. Liquiditeit in enge zin,DE4521,DE4521 : Burgerlijke en utiliteitsbouw; constructie van bruggen en tunnels; civieltechnische werken ten behoeve van nutsbedirjven,Burgerlijke en utiliteitsbouw,0.94
2011,R014,14. Liquiditeit in enge zin,DE4521,DE4521 : Burgerlijke en utiliteitsbouw; constructie van bruggen en tunnels; civieltechnische werken ten behoeve van nutsbedirjven,Burgerlijke en utiliteitsbouw,0.88
2012,R014,14. Liquiditeit in enge zin,DE4521,DE4521 : Burgerlijke en utiliteitsbouw; constructie van bruggen en tunnels; civieltechnische werken ten behoeve van nutsbedirjven,Burgerlijke en utiliteitsbouw,0.9
2013,R014,14. Liquiditeit in enge zin,DE4521,DE4521 : Burgerlijke en utiliteitsbouw; constructie van bruggen en tunnels; civieltechnische werken ten behoeve van nutsbedirjven,Burgerlijke en utiliteitsbouw,0.88
2014,R014,14. Liquiditeit in enge zin,DE4521,DE4521 : Burgerlijke en utiliteitsbouw; constructie van bruggen en tunnels; civieltechnische werken ten behoeve van nutsbedirjven,Burgerlijke en utiliteitsbouw,0.89
2015,R014,14. Liquiditeit in enge zin,DE4521,DE4521 : Burgerlijke en utiliteitsbouw; constructie van bruggen en tunnels; civieltechnische werken ten behoeve van nutsbedirjven,Burgerlijke en utiliteitsbouw,0.96
2016,R014,14. Liquiditeit in enge zin,DE4521,DE4521 : Burgerlijke en utiliteitsbouw; constructie van bruggen en tunnels; civieltechnische werken ten behoeve van nutsbedirjven,Burgerlijke en utiliteitsbouw,0.97
2017,R014,14. Liquiditeit in enge zin,DE4521,DE4521 : Burgerlijke en utiliteitsbouw; constructie van bruggen en tunnels; civieltechnische werken ten behoeve van nutsbedirjven,Burgerlijke en utiliteitsbouw,0.97
2018,R014,14. Liquiditeit in enge zin,DE4521,DE4521 : Burgerlijke en utiliteitsbouw; constructie van bruggen en tunnels; civieltechnische werken ten behoeve van nutsbedirjven,Burgerlijke en utiliteitsbouw,0.96
2019,R014,14. Liquiditeit in enge zin,DE4521,DE4521 : Burgerlijke en utiliteitsbouw; constructie van bruggen en tunnels; civieltechnische werken ten behoeve van nutsbedirjven,Burgerlijke en utiliteitsbouw,1.14
2020,R014,14. Liquiditeit in enge zin,DE4521,DE4521 : Burgerlijke en utiliteitsbouw; constructie van bruggen en tunnels; civieltechnische werken ten behoeve van nutsbedirjven,Burgerlijke en utiliteitsbouw,0.99
2021,R014,14. Liquiditeit in enge zin,DE4521,DE4521 : Burgerlijke en utiliteitsbouw; constructie van bruggen en tunnels; civieltechnische werken ten behoeve van nutsbedirjven,Burgerlijke en utiliteitsbouw,0.95
2022,R014,14. Liquiditeit in enge zin,DE4521,DE4521 : Burgerlijke en utiliteitsbouw; constructie van bruggen en tunnels; civieltechnische werken ten behoeve van nutsbedirjven,Burgerlijke en utiliteitsbouw,0.99
2009,R014,14. Liquiditeit in enge zin,DE4522,DE4522 : Dakbedekking en bouw van dakconstructies,Dakbedekking,1.2
2010,R014,14. Liquiditeit in enge zin,DE4522,DE4522 : Dakbedekking en bouw van dakconstructies,Dakbedekking,1.22
2011,R014,14. Liquiditeit in enge zin,DE4522,DE4522 : Dakbedekking en bouw van dakconstructies,Dakbedekking,1.19
2012,R014,14. Liquiditeit in enge zin,DE4522,DE4522 : Dakbedekking en bouw van dakconstructies,Dakbedekking,1.23
2013,R014,14. Liquiditeit in enge zin,DE4522,DE4522 : Dakbedekking en bouw van dakconstructies,Dakbedekking,1.22
2014,R014,14. Liquiditeit in enge zin,DE4522,DE4522 : Dakbedekking en bouw van dakconstructies,Dakbedekking,1.25
2015,R014,14. Liquiditeit in enge zin,DE4522,DE4522 : Dakbedekking en bouw van dakconstructies,Dakbedekking,1.3
2016,R014,14. Liquiditeit in enge zin,DE4522,DE4522 : Dakbedekking en bouw van dakconstructies,Dakbedekking,1.27
2017,R014,14. Liquiditeit in enge zin,DE4522,DE4522 : Dakbedekking en bouw van dakconstructies,Dakbedekking,1.26
2018,R014,14. Liquiditeit in enge zin,DE4522,DE4522 : Dakbedekking en bouw van dakconstructies,Dakbedekking,1.27
2019,R014,14. Liquiditeit in enge zin,DE4522,DE4522 : Dakbedekking en bouw van dakconstructies,Dakbedekking,1.3
2020,R014,14. Liquiditeit in enge zin,DE4522,DE4522 : Dakbedekking en bouw van dakconstructies,Dakbedekking,1.34
2021,R014,14. Liquiditeit in enge zin,DE4522,DE4522 : Dakbedekking en bouw van dakconstructies,Dakbedekking,1.28
2022,R014,14. Liquiditeit in enge zin,DE4522,DE4522 : Dakbedekking en bouw van dakconstructies,Dakbedekking,1.25
2009,R014,14. Liquiditeit in enge zin,DE4531,DE4531 : Elektrische installatie,Elektrische installatie,1.16
2010,R014,14. Liquiditeit in enge zin,DE4531,DE4531 : Elektrische installatie,Elektrische installatie,1.13
2011,R014,14. Liquiditeit in enge zin,DE4531,DE4531 : Elektrische installatie,Elektrische installatie,1.17
2012,R014,14. Liquiditeit in enge zin,DE4531,DE4531 : Elektrische installatie,Elektrische installatie,1.17
2013,R014,14. Liquiditeit in enge zin,DE4531,DE4531 : Elektrische installatie,Elektrische installatie,1.17
2014,R014,14. Liquiditeit in enge zin,DE4531,DE4531 : Elektrische installatie,Elektrische installatie,1.14
2015,R014,14. Liquiditeit in enge zin,DE4531,DE4531 : Elektrische installatie,Elektrische installatie,1.18
2016,R014,14. Liquiditeit in enge zin,DE4531,DE4531 : Elektrische installatie,Elektrische installatie,1.28
2017,R014,14. Liquiditeit in enge zin,DE4531,DE4531 : Elektrische installatie,Elektrische installatie,1.25
2018,R014,14. Liquiditeit in enge zin,DE4531,DE4531 : Elektrische installatie,Elektrische installatie,1.18
2019,R014,14. Liquiditeit in enge zin,DE4531,DE4531 : Elektrische installatie,Elektrische installatie,1.24
2020,R014,14. Liquiditeit in enge zin,DE4531,DE4531 : Elektrische installatie,Elektrische installatie,1.28
2021,R014,14. Liquiditeit in enge zin,DE4531,DE4531 : Elektrische installatie,Elektrische installatie,1.22
2022,R014,14. Liquiditeit in enge zin,DE4531,DE4531 : Elektrische installatie,Elektrische installatie,1.18
2009,R014,14. Liquiditeit in enge zin,DE4533,DE4533 : Loodgieterswerk,Loodgieterswerk,1.05
2010,R014,14. Liquiditeit in enge zin,DE4533,DE4533 : Loodgieterswerk,Loodgieterswerk,1.06
2011,R014,14. Liquiditeit in enge zin,DE4533,DE4533 : Loodgieterswerk,Loodgieterswerk,1.08
2012,R014,14. Liquiditeit in enge zin,DE4533,DE4533 : Loodgieterswerk,Loodgieterswerk,1.08
2013,R014,14. Liquiditeit in enge zin,DE4533,DE4533 : Loodgieterswerk,Loodgieterswerk,1.22
2014,R014,14. Liquiditeit in enge zin,DE4533,DE4533 : Loodgieterswerk,Loodgieterswerk,1.25
2015,R014,14. Liquiditeit in enge zin,DE4533,DE4533 : Loodgieterswerk,Loodgieterswerk,1.3
2016,R014,14. Liquiditeit in enge zin,DE4533,DE4533 : Loodgieterswerk,Loodgieterswerk,1.36
2017,R014,14. Liquiditeit in enge zin,DE4533,DE4533 : Loodgieterswerk,Loodgieterswerk,1.33
2018,R014,14. Liquiditeit in enge zin,DE4533,DE4533 : Loodgieterswerk,Loodgieterswerk,1.31
2019,R014,14. Liquiditeit in enge zin,DE4533,DE4533 : Loodgieterswerk,Loodgieterswerk,1.35
2020,R014,14. Liquiditeit in enge zin,DE4533,DE4533 : Loodgieterswerk,Loodgieterswerk,1.34
2021,R014,14. Liquiditeit in enge zin,DE4533,DE4533 : Loodgieterswerk,Loodgieterswerk,1.44
2022,R014,14. Liquiditeit in enge zin,DE4533,DE4533 : Loodgieterswerk,Loodgieterswerk,1.39
2009,R014,14. Liquiditeit in enge zin,DE4542,DE4542 : Schrijnwerk,Schrijnwerk,1.2
2010,R014,14. Liquiditeit in enge zin,DE4542,DE4542 : Schrijnwerk,Schrijnwerk,1.23
2011,R014,14. Liquiditeit in enge zin,DE4542,DE4542 : Schrijnwerk,Schrijnwerk,1.18
2012,R014,14. Liquiditeit in enge zin,DE4542,DE4542 : Schrijnwerk,Schrijnwerk,1.14
2013,R014,14. Liquiditeit in enge zin,DE4542,DE4542 : Schrijnwerk,Schrijnwerk,1.1
2014,R014,14. Liquiditeit in enge zin,DE4542,DE4542 : Schrijnwerk,Schrijnwerk,1.17
2015,R014,14. Liquiditeit in enge zin,DE4542,DE4542 : Schrijnwerk,Schrijnwerk,1.17
2016,R014,14. Liquiditeit in enge zin,DE4542,DE4542 : Schrijnwerk,Schrijnwerk,1.18
2017,R014,14. Liquiditeit in enge zin,DE4542,DE4542 : Schrijnwerk,Schrijnwerk,1.18
2018,R014,14. Liquiditeit in enge zin,DE4542,DE4542 : Schrijnwerk,Schrijnwerk,1.14
2019,R014,14. Liquiditeit in enge zin,DE4542,DE4542 : Schrijnwerk,Schrijnwerk,1.18
2020,R014,14. Liquiditeit in enge zin,DE4542,DE4542 : Schrijnwerk,Schrijnwerk,1.23
2021,R014,14. Liquiditeit in enge zin,DE4542,DE4542 : Schrijnwerk,Schrijnwerk,1.17
2022,R014,14. Liquiditeit in enge zin,DE4542,DE4542 : Schrijnwerk,Schrijnwerk,1.15
2011,R014,14. Liquiditeit in enge zin,DE4543,DE4543 : Vloerafwerking en wandbekleding,Vloer- en wandafwerking,1.2
2012,R014,14. Liquiditeit in enge zin,DE4543,DE4543 : Vloerafwerking en wandbekleding,Vloer- en wandafwerking,1.23
2013,R014,14. Liquiditeit in enge zin,DE4543,DE4543 : Vloerafwerking en wandbekleding,Vloer- en wandafwerking,1.19
2014,R014,14. Liquiditeit in enge zin,DE4543,DE4543 : Vloerafwerking en wandbekleding,Vloer- en wandafwerking,1.22
2015,R014,14. Liquiditeit in enge zin,DE4543,DE4543 : Vloerafwerking en wandbekleding,Vloer- en wandafwerking,1.2
2016,R014,14. Liquiditeit in enge zin,DE4543,DE4543 : Vloerafwerking en wandbekleding,Vloer- en wandafwerking,1.27
2017,R014,14. Liquiditeit in enge zin,DE4543,DE4543 : Vloerafwerking en wandbekleding,Vloer- en wandafwerking,1.29
2018,R014,14. Liquiditeit in enge zin,DE4543,DE4543 : Vloerafwerking en wandbekleding,Vloer- en wandafwerking,1.29
2019,R014,14. Liquiditeit in enge zin,DE4543,DE4543 : Vloerafwerking en wandbekleding,Vloer- en wandafwerking,1.31
2020,R014,14. Liquiditeit in enge zin,DE4543,DE4543 : Vloerafwerking en wandbekleding,Vloer- en wandafwerking,1.34
2021,R014,14. Liquiditeit in enge zin,DE4543,DE4543 : Vloerafwerking en wandbekleding,Vloer- en wandafwerking,1.34
2022,R014,14. Liquiditeit in enge zin,DE4543,DE4543 : Vloerafwerking en wandbekleding,Vloer- en wandafwerking,0.0
2009,R014,14. Liquiditeit in enge zin,DE4544,DE4544 : Schilderen en glaszetten,Schilderen en glaszetten,1.42
2010,R014,14. Liquiditeit in enge zin,DE4544,DE4544 : Schilderen en glaszetten,Schilderen en glaszetten,1.37
2011,R014,14. Liquiditeit in enge zin,DE4544,DE4544 : Schilderen en glaszetten,Schilderen en glaszetten,1.33
2012,R014,14. Liquiditeit in enge zin,DE4544,DE4544 : Schilderen en glaszetten,Schilderen en glaszetten,1.28
2013,R014,14. Liquiditeit in enge zin,DE4544,DE4544 : Schilderen en glaszetten,Schilderen en glaszetten,1.22
2014,R014,14. Liquiditeit in enge zin,DE4544,DE4544 : Schilderen en glaszetten,Schilderen en glaszetten,1.33
2015,R014,14. Liquiditeit in enge zin,DE4544,DE4544 : Schilderen en glaszetten,Schilderen en glaszetten,1.35
2016,R014,14. Liquiditeit in enge zin,DE4544,DE4544 : Schilderen en glaszetten,Schilderen en glaszetten,1.33
2017,R014,14. Liquiditeit in enge zin,DE4544,DE4544 : Schilderen en glaszetten,Schilderen en glaszetten,1.31
2018,R014,14. Liquiditeit in enge zin,DE4544,DE4544 : Schilderen en glaszetten,Schilderen en glaszetten,1.29
2019,R014,14. Liquiditeit in enge zin,DE4544,DE4544 : Schilderen en glaszetten,Schilderen en glaszetten,1.27
2020,R014,14. Liquiditeit in enge zin,DE4544,DE4544 : Schilderen en glaszetten,Schilderen en glaszetten,1.34
2021,R014,14. Liquiditeit in enge zin,DE4544,DE4544 : Schilderen en glaszetten,Schilderen en glaszetten,1.4
2022,R014,14. Liquiditeit in enge zin,DE4544,DE4544 : Schilderen en glaszetten,Schilderen en glaszetten,1.33
2009,R019,17. Aantal dagen klantenkrediet,DE4521,DE4521 : Burgerlijke en utiliteitsbouw; constructie van bruggen en tunnels; civieltechnische werken ten behoeve van nutsbedirjven,Burgerlijke en utiliteitsbouw,79.21
2010,R019,17. Aantal dagen klantenkrediet,DE4521,DE4521 : Burgerlijke en utiliteitsbouw; constructie van bruggen en tunnels; civieltechnische werken ten behoeve van nutsbedirjven,Burgerlijke en utiliteitsbouw,84.1
2011,R019,17. Aantal dagen klantenkrediet,DE4521,DE4521 : Burgerlijke en utiliteitsbouw; constructie van bruggen en tunnels; civieltechnische werken ten behoeve van nutsbedirjven,Burgerlijke en utiliteitsbouw,95.16
2012,R019,17. Aantal dagen klantenkrediet,DE4521,DE4521 : Burgerlijke en utiliteitsbouw; constructie van bruggen en tunnels; civieltechnische werken ten behoeve van nutsbedirjven,Burgerlijke en utiliteitsbouw,83.84
2013,R019,17. Aantal dagen klantenkrediet,DE4521,DE4521 : Burgerlijke en utiliteitsbouw; constructie van bruggen en tunnels; civieltechnische werken ten behoeve van nutsbedirjven,Burgerlijke en utiliteitsbouw,91.36
2014,R019,17. Aantal dagen klantenkrediet,DE4521,DE4521 : Burgerlijke en utiliteitsbouw; constructie van bruggen en tunnels; civieltechnische werken ten behoeve van nutsbedirjven,Burgerlijke en utiliteitsbouw,88.95
2015,R019,17. Aantal dagen klantenkrediet,DE4521,DE4521 : Burgerlijke en utiliteitsbouw; constructie van bruggen en tunnels; civieltechnische werken ten behoeve van nutsbedirjven,Burgerlijke en utiliteitsbouw,83.84
2016,R019,17. Aantal dagen klantenkrediet,DE4521,DE4521 : Burgerlijke en utiliteitsbouw; constructie van bruggen en tunnels; civieltechnische werken ten behoeve van nutsbedirjven,Burgerlijke en utiliteitsbouw,89.02
2017,R019,17. Aantal dagen klantenkrediet,DE4521,DE4521 : Burgerlijke en utiliteitsbouw; constructie van bruggen en tunnels; civieltechnische werken ten behoeve van nutsbedirjven,Burgerlijke en utiliteitsbouw,87.93
2018,R019,17. Aantal dagen klantenkrediet,DE4521,DE4521 : Burgerlijke en utiliteitsbouw; constructie van bruggen en tunnels; civieltechnische werken ten behoeve van nutsbedirjven,Burgerlijke en utiliteitsbouw,93.04
2019,R019,17. Aantal dagen klantenkrediet,DE4521,DE4521 : Burgerlijke en utiliteitsbouw; constructie van bruggen en tunnels; civieltechnische werken ten behoeve van nutsbedirjven,Burgerlijke en utiliteitsbouw,86.47
2020,R019,17. Aantal dagen klantenkrediet,DE4521,DE4521 : Burgerlijke en utiliteitsbouw; constructie van bruggen en tunnels; civieltechnische werken ten behoeve van nutsbedirjven,Burgerlijke en utiliteitsbouw,84.63
2021,R019,17. Aantal dagen klantenkrediet,DE4521,DE4521 : Burgerlijke en utiliteitsbouw; constructie van bruggen en tunnels; civieltechnische werken ten behoeve van nutsbedirjven,Burgerlijke en utiliteitsbouw,77.15
2022,R019,17. Aantal dagen klantenkrediet,DE4521,DE4521 : Burgerlijke en utiliteitsbouw; constructie van bruggen en tunnels; civieltechnische werken ten behoeve van nutsbedirjven,Burgerlijke en utiliteitsbouw,75.98
2009,R019,17. Aantal dagen klantenkrediet,DE4522,DE4522 : Dakbedekking en bouw van dakconstructies,Dakbedekking,65.99
2010,R019,17. Aantal dagen klantenkrediet,DE4522,DE4522 : Dakbedekking en bouw van dakconstructies,Dakbedekking,65.85
2011,R019,17. Aantal dagen klantenkrediet,DE4522,DE4522 : Dakbedekking en bouw van dakconstructies,Dakbedekking,63.4
2012,R019,17. Aantal dagen klantenkrediet,DE4522,DE4522 : Dakbedekking en bouw van dakconstructies,Dakbedekking,65.34
2013,R019,17. Aantal dagen klantenkrediet,DE4522,DE4522 : Dakbedekking en bouw van dakconstructies,Dakbedekking,71.58
2014,R019,17. Aantal dagen klantenkrediet,DE4522,DE4522 : Dakbedekking en bouw van dakconstructies,Dakbedekking,65.88
2015,R019,17. Aantal dagen klantenkrediet,DE4522,DE4522 : Dakbedekking en bouw van dakconstructies,Dakbedekking,70.66
2016,R019,17. Aantal dagen klantenkrediet,DE4522,DE4522 : Dakbedekking en bouw van dakconstructies,Dakbedekking,68.11
2017,R019,17. Aantal dagen klantenkrediet,DE4522,DE4522 : Dakbedekking en bouw van dakconstructies,Dakbedekking,64.9
2018,R019,17. Aantal dagen klantenkrediet,DE4522,DE4522 : Dakbedekking en bouw van dakconstructies,Dakbedekking,66.25
2019,R019,17. Aantal dagen klantenkrediet,DE4522,DE4522 : Dakbedekking en bouw van dakconstructies,Dakbedekking,67.13
2020,R019,17. Aantal dagen klantenkrediet,DE4522,DE4522 : Dakbedekking en bouw van dakconstructies,Dakbedekking,65.05
2021,R019,17. Aantal dagen klantenkrediet,DE4522,DE4522 : Dakbedekking en bouw van dakconstructies,Dakbedekking,62.19
2022,R019,17. Aantal dagen klantenkrediet,DE4522,DE4522 : Dakbedekking en bouw van dakconstructies,Dakbedekking,60.1
2009,R019,17. Aantal dagen klantenkrediet,DE4531,DE4531 : Elektrische installatie,Elektrische installatie,95.45
2010,R019,17. Aantal dagen klantenkrediet,DE4531,DE4531 : Elektrische installatie,Elektrische installatie,92.2
2011,R019,17. Aantal dagen klantenkrediet,DE4531,DE4531 : Elektrische installatie,Elektrische installatie,90.56
2012,R019,17. Aantal dagen klantenkrediet,DE4531,DE4531 : Elektrische installatie,Elektrische installatie,87.97
2013,R019,17. Aantal dagen klantenkrediet,DE4531,DE4531 : Elektrische installatie,Elektrische installatie,90.74
2014,R019,17. Aantal dagen klantenkrediet,DE4531,DE4531 : Elektrische installatie,Elektrische installatie,94.86
2015,R019,17. Aantal dagen klantenkrediet,DE4531,DE4531 : Elektrische installatie,Elektrische installatie,82.42
2016,R019,17. Aantal dagen klantenkrediet,DE4531,DE4531 : Elektrische installatie,Elektrische installatie,89.57
2017,R019,17. Aantal dagen klantenkrediet,DE4531,DE4531 : Elektrische installatie,Elektrische installatie,97.35
2018,R019,17. Aantal dagen klantenkrediet,DE4531,DE4531 : Elektrische installatie,Elektrische installatie,97.42
2019,R019,17. Aantal dagen klantenkrediet,DE4531,DE4531 : Elektrische installatie,Elektrische installatie,101.3
2020,R019,17. Aantal dagen klantenkrediet,DE4531,DE4531 : Elektrische installatie,Elektrische installatie,99.69
2021,R019,17. Aantal dagen klantenkrediet,DE4531,DE4531 : Elektrische installatie,Elektrische installatie,91.09
2022,R019,17. Aantal dagen klantenkrediet,DE4531,DE4531 : Elektrische installatie,Elektrische installatie,97.19
2009,R019,17. Aantal dagen klantenkrediet,DE4533,DE4533 : Loodgieterswerk,Loodgieterswerk,84.32
2010,R019,17. Aantal dagen klantenkrediet,DE4533,DE4533 : Loodgieterswerk,Loodgieterswerk,91.72
2011,R019,17. Aantal dagen klantenkrediet,DE4533,DE4533 : Loodgieterswerk,Loodgieterswerk,92.24
2012,R019,17. Aantal dagen klantenkrediet,DE4533,DE4533 : Loodgieterswerk,Loodgieterswerk,87.78
2013,R019,17. Aantal dagen klantenkrediet,DE4533,DE4533 : Loodgieterswerk,Loodgieterswerk,89.75
2014,R019,17. Aantal dagen klantenkrediet,DE4533,DE4533 : Loodgieterswerk,Loodgieterswerk,88.62
2015,R019,17. Aantal dagen klantenkrediet,DE4533,DE4533 : Loodgieterswerk,Loodgieterswerk,88.77
2016,R019,17. Aantal dagen klantenkrediet,DE4533,DE4533 : Loodgieterswerk,Loodgieterswerk,88.66
2017,R019,17. Aantal dagen klantenkrediet,DE4533,DE4533 : Loodgieterswerk,Loodgieterswerk,93.37
2018,R019,17. Aantal dagen klantenkrediet,DE4533,DE4533 : Loodgieterswerk,Loodgieterswerk,95.89
2019,R019,17. Aantal dagen klantenkrediet,DE4533,DE4533 : Loodgieterswerk,Loodgieterswerk,94.3
2020,R019,17. Aantal dagen klantenkrediet,DE4533,DE4533 : Loodgieterswerk,Loodgieterswerk,95.28
2021,R019,17. Aantal dagen klantenkrediet,DE4533,DE4533 : Loodgieterswerk,Loodgieterswerk,84.8
2022,R019,17. Aantal dagen klantenkrediet,DE4533,DE4533 : Loodgieterswerk,Loodgieterswerk,93.66
2009,R019,17. Aantal dagen klantenkrediet,DE4542,DE4542 : Schrijnwerk,Schrijnwerk,58.55
2010,R019,17. Aantal dagen klantenkrediet,DE4542,DE4542 : Schrijnwerk,Schrijnwerk,67.63
2011,R019,17. Aantal dagen klantenkrediet,DE4542,DE4542 : Schrijnwerk,Schrijnwerk,65.92
2012,R019,17. Aantal dagen klantenkrediet,DE4542,DE4542 : Schrijnwerk,Schrijnwerk,66.76
2013,R019,17. Aantal dagen klantenkrediet,DE4542,DE4542 : Schrijnwerk,Schrijnwerk,70.34
2014,R019,17. Aantal dagen klantenkrediet,DE4542,DE4542 : Schrijnwerk,Schrijnwerk,70.45
2015,R019,17. Aantal dagen klantenkrediet,DE4542,DE4542 : Schrijnwerk,Schrijnwerk,69.24
2016,R019,17. Aantal dagen klantenkrediet,DE4542,DE4542 : Schrijnwerk,Schrijnwerk,65.3
2017,R019,17. Aantal dagen klantenkrediet,DE4542,DE4542 : Schrijnwerk,Schrijnwerk,69.09
2018,R019,17. Aantal dagen klantenkrediet,DE4542,DE4542 : Schrijnwerk,Schrijnwerk,71.18
2019,R019,17. Aantal dagen klantenkrediet,DE4542,DE4542 : Schrijnwerk,Schrijnwerk,69.21
2020,R019,17. Aantal dagen klantenkrediet,DE4542,DE4542 : Schrijnwerk,Schrijnwerk,67.45
2021,R019,17. Aantal dagen klantenkrediet,DE4542,DE4542 : Schrijnwerk,Schrijnwerk,68.98
2022,R019,17. Aantal dagen klantenkrediet,DE4542,DE4542 : Schrijnwerk,Schrijnwerk,66.19
2011,R019,17. Aantal dagen klantenkrediet,DE4543,DE4543 : Vloerafwerking en wandbekleding,Vloer- en wandafwerking,69.13
2012,R019,17. Aantal dagen klantenkrediet,DE4543,DE4543 : Vloerafwerking en wandbekleding,Vloer- en wandafwerking,75.81
2013,R019,17. Aantal dagen klantenkrediet,DE4543,DE4543 : Vloerafwerking en wandbekleding,Vloer- en wandafwerking,70.15
2014,R019,17. Aantal dagen klantenkrediet,DE4543,DE4543 : Vloerafwerking en wandbekleding,Vloer- en wandafwerking,73.11
2015,R019,17. Aantal dagen klantenkrediet,DE4543,DE4543 : Vloerafwerking en wandbekleding,Vloer- en wandafwerking,82.02
2016,R019,17. Aantal dagen klantenkrediet,DE4543,DE4543 : Vloerafwerking en wandbekleding,Vloer- en wandafwerking,77.23
2017,R019,17. Aantal dagen klantenkrediet,DE4543,DE4543 : Vloerafwerking en wandbekleding,Vloer- en wandafwerking,76.5
2018,R019,17. Aantal dagen klantenkrediet,DE4543,DE4543 : Vloerafwerking en wandbekleding,Vloer- en wandafwerking,88.29
2019,R019,17. Aantal dagen klantenkrediet,DE4543,DE4543 : Vloerafwerking en wandbekleding,Vloer- en wandafwerking,85.39
2020,R019,17. Aantal dagen klantenkrediet,DE4543,DE4543 : Vloerafwerking en wandbekleding,Vloer- en wandafwerking,69.68
2021,R019,17. Aantal dagen klantenkrediet,DE4543,DE4543 : Vloerafwerking en wandbekleding,Vloer- en wandafwerking,58.82
2022,R019,17. Aantal dagen klantenkrediet,DE4543,DE4543 : Vloerafwerking en wandbekleding,Vloer- en wandafwerking,0.0
2009,R019,17. Aantal dagen klantenkrediet,DE4544,DE4544 : Schilderen en glaszetten,Schilderen en glaszetten,66.94
2010,R019,17. Aantal dagen klantenkrediet,DE4544,DE4544 : Schilderen en glaszetten,Schilderen en glaszetten,70.26
2011,R019,17. Aantal dagen klantenkrediet,DE4544,DE4544 : Schilderen en glaszetten,Schilderen en glaszetten,77.85
2012,R019,17. Aantal dagen klantenkrediet,DE4544,DE4544 : Schilderen en glaszetten,Schilderen en glaszetten,79.79
2013,R019,17. Aantal dagen klantenkrediet,DE4544,DE4544 : Schilderen en glaszetten,Schilderen en glaszetten,82.09
2014,R019,17. Aantal dagen klantenkrediet,DE4544,DE4544 : Schilderen en glaszetten,Schilderen en glaszetten,95.56
2015,R019,17. Aantal dagen klantenkrediet,DE4544,DE4544 : Schilderen en glaszetten,Schilderen en glaszetten,91.47
2016,R019,17. Aantal dagen klantenkrediet,DE4544,DE4544 : Schilderen en glaszetten,Schilderen en glaszetten,90.56
2017,R019,17. Aantal dagen klantenkrediet,DE4544,DE4544 : Schilderen en glaszetten,Schilderen en glaszetten,91.76
2018,R019,17. Aantal dagen klantenkrediet,DE4544,DE4544 : Schilderen en glaszetten,Schilderen en glaszetten,91.47
2019,R019,17. Aantal dagen klantenkrediet,DE4544,DE4544 : Schilderen en glaszetten,Schilderen en glaszetten,80.27
2020,R019,17. Aantal dagen klantenkrediet,DE4544,DE4544 : Schilderen en glaszetten,Schilderen en glaszetten,71.27
2021,R019,17. Aantal dagen klantenkrediet,DE4544,DE4544 : Schilderen en glaszetten,Schilderen en glaszetten,74.41
2022,R019,17. Aantal dagen klantenkrediet,DE4544,DE4544 : Schilderen en glaszetten,Schilderen en glaszetten,68.75
2009,R020,18. Aantal dagen leverancierskrediet,DE4521,DE4521 : Burgerlijke en utiliteitsbouw; constructie van bruggen en tunnels; civieltechnische werken ten behoeve van nutsbedirjven,Burgerlijke en utiliteitsbouw,91.14
2010,R020,18. Aantal dagen leverancierskrediet,DE4521,DE4521 : Burgerlijke en utiliteitsbouw; constructie van bruggen en tunnels; civieltechnische werken ten behoeve van nutsbedirjven,Burgerlijke en utiliteitsbouw,92.6
2011,R020,18. Aantal dagen leverancierskrediet,DE4521,DE4521 : Burgerlijke en utiliteitsbouw; constructie van bruggen en tunnels; civieltechnische werken ten behoeve van nutsbedirjven,Burgerlijke en utiliteitsbouw,109.39
2012,R020,18. Aantal dagen leverancierskrediet,DE4521,DE4521 : Burgerlijke en utiliteitsbouw; constructie van bruggen en tunnels; civieltechnische werken ten behoeve van nutsbedirjven,Burgerlijke en utiliteitsbouw,95.92
2013,R020,18. Aantal dagen leverancierskrediet,DE4521,DE4521 : Burgerlijke en utiliteitsbouw; constructie van bruggen en tunnels; civieltechnische werken ten behoeve van nutsbedirjven,Burgerlijke en utiliteitsbouw,95.3
2014,R020,18. Aantal dagen leverancierskrediet,DE4521,DE4521 : Burgerlijke en utiliteitsbouw; constructie van bruggen en tunnels; civieltechnische werken ten behoeve van nutsbedirjven,Burgerlijke en utiliteitsbouw,100.52
2015,R020,18. Aantal dagen leverancierskrediet,DE4521,DE4521 : Burgerlijke en utiliteitsbouw; constructie van bruggen en tunnels; civieltechnische werken ten behoeve van nutsbedirjven,Burgerlijke en utiliteitsbouw,99.72
2016,R020,18. Aantal dagen leverancierskrediet,DE4521,DE4521 : Burgerlijke en utiliteitsbouw; constructie van bruggen en tunnels; civieltechnische werken ten behoeve van nutsbedirjven,Burgerlijke en utiliteitsbouw,106.65
2017,R020,18. Aantal dagen leverancierskrediet,DE4521,DE4521 : Burgerlijke en utiliteitsbouw; constructie van bruggen en tunnels; civieltechnische werken ten behoeve van nutsbedirjven,Burgerlijke en utiliteitsbouw,102.38
2018,R020,18. Aantal dagen leverancierskrediet,DE4521,DE4521 : Burgerlijke en utiliteitsbouw; constructie van bruggen en tunnels; civieltechnische werken ten behoeve van nutsbedirjven,Burgerlijke en utiliteitsbouw,104.86
2019,R020,18. Aantal dagen leverancierskrediet,DE4521,DE4521 : Burgerlijke en utiliteitsbouw; constructie van bruggen en tunnels; civieltechnische werken ten behoeve van nutsbedirjven,Burgerlijke en utiliteitsbouw,97.75
2020,R020,18. Aantal dagen leverancierskrediet,DE4521,DE4521 : Burgerlijke en utiliteitsbouw; constructie van bruggen en tunnels; civieltechnische werken ten behoeve van nutsbedirjven,Burgerlijke en utiliteitsbouw,101.44
2021,R020,18. Aantal dagen leverancierskrediet,DE4521,DE4521 : Burgerlijke en utiliteitsbouw; constructie van bruggen en tunnels; civieltechnische werken ten behoeve van nutsbedirjven,Burgerlijke en utiliteitsbouw,92.8
2022,R020,18. Aantal dagen leverancierskrediet,DE4521,DE4521 : Burgerlijke en utiliteitsbouw; constructie van bruggen en tunnels; civieltechnische werken ten behoeve van nutsbedirjven,Burgerlijke en utiliteitsbouw,91.44
2009,R020,18. Aantal dagen leverancierskrediet,DE4522,DE4522 : Dakbedekking en bouw van dakconstructies,Dakbedekking,63.58
2010,R020,18. Aantal dagen leverancierskrediet,DE4522,DE4522 : Dakbedekking en bouw van dakconstructies,Dakbedekking,64.64
2011,R020,18. Aantal dagen leverancierskrediet,DE4522,DE4522 : Dakbedekking en bouw van dakconstructies,Dakbedekking,71.83
2012,R020,18. Aantal dagen leverancierskrediet,DE4522,DE4522 : Dakbedekking en bouw van dakconstructies,Dakbedekking,64.17
2013,R020,18. Aantal dagen leverancierskrediet,DE4522,DE4522 : Dakbedekking en bouw van dakconstructies,Dakbedekking,64.61
2014,R020,18. Aantal dagen leverancierskrediet,DE4522,DE4522 : Dakbedekking en bouw van dakconstructies,Dakbedekking,61.47
2015,R020,18. Aantal dagen leverancierskrediet,DE4522,DE4522 : Dakbedekking en bouw van dakconstructies,Dakbedekking,62.71
2016,R020,18. Aantal dagen leverancierskrediet,DE4522,DE4522 : Dakbedekking en bouw van dakconstructies,Dakbedekking,61.79
2017,R020,18. Aantal dagen leverancierskrediet,DE4522,DE4522 : Dakbedekking en bouw van dakconstructies,Dakbedekking,59.86
2018,R020,18. Aantal dagen leverancierskrediet,DE4522,DE4522 : Dakbedekking en bouw van dakconstructies,Dakbedekking,56.76
2019,R020,18. Aantal dagen leverancierskrediet,DE4522,DE4522 : Dakbedekking en bouw van dakconstructies,Dakbedekking,54.21
2020,R020,18. Aantal dagen leverancierskrediet,DE4522,DE4522 : Dakbedekking en bouw van dakconstructies,Dakbedekking,54.01
2021,R020,18. Aantal dagen leverancierskrediet,DE4522,DE4522 : Dakbedekking en bouw van dakconstructies,Dakbedekking,52.85
2022,R020,18. Aantal dagen leverancierskrediet,DE4522,DE4522 : Dakbedekking en bouw van dakconstructies,Dakbedekking,56.81
2009,R020,18. Aantal dagen leverancierskrediet,DE4531,DE4531 : Elektrische installatie,Elektrische installatie,86.65
2010,R020,18. Aantal dagen leverancierskrediet,DE4531,DE4531 : Elektrische installatie,Elektrische installatie,88.55
2011,R020,18. Aantal dagen leverancierskrediet,DE4531,DE4531 : Elektrische installatie,Elektrische installatie,81.58
2012,R020,18. Aantal dagen leverancierskrediet,DE4531,DE4531 : Elektrische installatie,Elektrische installatie,77.2
2013,R020,18. Aantal dagen leverancierskrediet,DE4531,DE4531 : Elektrische installatie,Elektrische installatie,84.61
2014,R020,18. Aantal dagen leverancierskrediet,DE4531,DE4531 : Elektrische installatie,Elektrische installatie,93.7
2015,R020,18. Aantal dagen leverancierskrediet,DE4531,DE4531 : Elektrische installatie,Elektrische installatie,83.62
2016,R020,18. Aantal dagen leverancierskrediet,DE4531,DE4531 : Elektrische installatie,Elektrische installatie,85.92
2017,R020,18. Aantal dagen leverancierskrediet,DE4531,DE4531 : Elektrische installatie,Elektrische installatie,82.38
2018,R020,18. Aantal dagen leverancierskrediet,DE4531,DE4531 : Elektrische installatie,Elektrische installatie,86.72
2019,R020,18. Aantal dagen leverancierskrediet,DE4531,DE4531 : Elektrische installatie,Elektrische installatie,89.59
2020,R020,18. Aantal dagen leverancierskrediet,DE4531,DE4531 : Elektrische installatie,Elektrische installatie,95.55
2021,R020,18. Aantal dagen leverancierskrediet,DE4531,DE4531 : Elektrische installatie,Elektrische installatie,95.3
2022,R020,18. Aantal dagen leverancierskrediet,DE4531,DE4531 : Elektrische installatie,Elektrische installatie,87.06
2009,R020,18. Aantal dagen leverancierskrediet,DE4533,DE4533 : Loodgieterswerk,Loodgieterswerk,79.64
2010,R020,18. Aantal dagen leverancierskrediet,DE4533,DE4533 : Loodgieterswerk,Loodgieterswerk,82.53
2011,R020,18. Aantal dagen leverancierskrediet,DE4533,DE4533 : Loodgieterswerk,Loodgieterswerk,85.63
2012,R020,18. Aantal dagen leverancierskrediet,DE4533,DE4533 : Loodgieterswerk,Loodgieterswerk,81.65
2013,R020,18. Aantal dagen leverancierskrediet,DE4533,DE4533 : Loodgieterswerk,Loodgieterswerk,87.67
2014,R020,18. Aantal dagen leverancierskrediet,DE4533,DE4533 : Loodgieterswerk,Loodgieterswerk,83.26
2015,R020,18. Aantal dagen leverancierskrediet,DE4533,DE4533 : Loodgieterswerk,Loodgieterswerk,82.71
2016,R020,18. Aantal dagen leverancierskrediet,DE4533,DE4533 : Loodgieterswerk,Loodgieterswerk,82.23
2017,R020,18. Aantal dagen leverancierskrediet,DE4533,DE4533 : Loodgieterswerk,Loodgieterswerk,86.4
2018,R020,18. Aantal dagen leverancierskrediet,DE4533,DE4533 : Loodgieterswerk,Loodgieterswerk,86.32
2019,R020,18. Aantal dagen leverancierskrediet,DE4533,DE4533 : Loodgieterswerk,Loodgieterswerk,80.79
2020,R020,18. Aantal dagen leverancierskrediet,DE4533,DE4533 : Loodgieterswerk,Loodgieterswerk,84.59
2021,R020,18. Aantal dagen leverancierskrediet,DE4533,DE4533 : Loodgieterswerk,Loodgieterswerk,77.36
2022,R020,18. Aantal dagen leverancierskrediet,DE4533,DE4533 : Loodgieterswerk,Loodgieterswerk,83.09
2009,R020,18. Aantal dagen leverancierskrediet,DE4542,DE4542 : Schrijnwerk,Schrijnwerk,61.58
2010,R020,18. Aantal dagen leverancierskrediet,DE4542,DE4542 : Schrijnwerk,Schrijnwerk,66.65
2011,R020,18. Aantal dagen leverancierskrediet,DE4542,DE4542 : Schrijnwerk,Schrijnwerk,64.68
2012,R020,18. Aantal dagen leverancierskrediet,DE4542,DE4542 : Schrijnwerk,Schrijnwerk,64.5
2013,R020,18. Aantal dagen leverancierskrediet,DE4542,DE4542 : Schrijnwerk,Schrijnwerk,66.54
2014,R020,18. Aantal dagen leverancierskrediet,DE4542,DE4542 : Schrijnwerk,Schrijnwerk,69.39
2015,R020,18. Aantal dagen leverancierskrediet,DE4542,DE4542 : Schrijnwerk,Schrijnwerk,72.31
2016,R020,18. Aantal dagen leverancierskrediet,DE4542,DE4542 : Schrijnwerk,Schrijnwerk,65.74
2017,R020,18. Aantal dagen leverancierskrediet,DE4542,DE4542 : Schrijnwerk,Schrijnwerk,66.69
2018,R020,18. Aantal dagen leverancierskrediet,DE4542,DE4542 : Schrijnwerk,Schrijnwerk,69.06
2019,R020,18. Aantal dagen leverancierskrediet,DE4542,DE4542 : Schrijnwerk,Schrijnwerk,65.22
2020,R020,18. Aantal dagen leverancierskrediet,DE4542,DE4542 : Schrijnwerk,Schrijnwerk,63.2
2021,R020,18. Aantal dagen leverancierskrediet,DE4542,DE4542 : Schrijnwerk,Schrijnwerk,62.5
2022,R020,18. Aantal dagen leverancierskrediet,DE4542,DE4542 : Schrijnwerk,Schrijnwerk,58.66
2011,R020,18. Aantal dagen leverancierskrediet,DE4543,DE4543 : Vloerafwerking en wandbekleding,Vloer- en wandafwerking,65.59
2012,R020,18. Aantal dagen leverancierskrediet,DE4543,DE4543 : Vloerafwerking en wandbekleding,Vloer- en wandafwerking,71.5
2013,R020,18. Aantal dagen leverancierskrediet,DE4543,DE4543 : Vloerafwerking en wandbekleding,Vloer- en wandafwerking,63.55
2014,R020,18. Aantal dagen leverancierskrediet,DE4543,DE4543 : Vloerafwerking en wandbekleding,Vloer- en wandafwerking,59.79
2015,R020,18. Aantal dagen leverancierskrediet,DE4543,DE4543 : Vloerafwerking en wandbekleding,Vloer- en wandafwerking,71.25
2016,R020,18. Aantal dagen leverancierskrediet,DE4543,DE4543 : Vloerafwerking en wandbekleding,Vloer- en wandafwerking,62.27
2017,R020,18. Aantal dagen leverancierskrediet,DE4543,DE4543 : Vloerafwerking en wandbekleding,Vloer- en wandafwerking,65.63
2018,R020,18. Aantal dagen leverancierskrediet,DE4543,DE4543 : Vloerafwerking en wandbekleding,Vloer- en wandafwerking,65.23
2019,R020,18. Aantal dagen leverancierskrediet,DE4543,DE4543 : Vloerafwerking en wandbekleding,Vloer- en wandafwerking,69.08
2020,R020,18. Aantal dagen leverancierskrediet,DE4543,DE4543 : Vloerafwerking en wandbekleding,Vloer- en wandafwerking,59.46
2021,R020,18. Aantal dagen leverancierskrediet,DE4543,DE4543 : Vloerafwerking en wandbekleding,Vloer- en wandafwerking,65.42
2022,R020,18. Aantal dagen leverancierskrediet,DE4543,DE4543 : Vloerafwerking en wandbekleding,Vloer- en wandafwerking,0.0
2009,R020,18. Aantal dagen leverancierskrediet,DE4544,DE4544 : Schilderen en glaszetten,Schilderen en glaszetten,70.66
2010,R020,18. Aantal dagen leverancierskrediet,DE4544,DE4544 : Schilderen en glaszetten,Schilderen en glaszetten,71.14
2011,R020,18. Aantal dagen leverancierskrediet,DE4544,DE4544 : Schilderen en glaszetten,Schilderen en glaszetten,74.1
2012,R020,18. Aantal dagen leverancierskrediet,DE4544,DE4544 : Schilderen en glaszetten,Schilderen en glaszetten,69.09
2013,R020,18. Aantal dagen leverancierskrediet,DE4544,DE4544 : Schilderen en glaszetten,Schilderen en glaszetten,70.99
2014,R020,18. Aantal dagen leverancierskrediet,DE4544,DE4544 : Schilderen en glaszetten,Schilderen en glaszetten,75.04
2015,R020,18. Aantal dagen leverancierskrediet,DE4544,DE4544 : Schilderen en glaszetten,Schilderen en glaszetten,76.76
2016,R020,18. Aantal dagen leverancierskrediet,DE4544,DE4544 : Schilderen en glaszetten,Schilderen en glaszetten,73.26
2017,R020,18. Aantal dagen leverancierskrediet,DE4544,DE4544 : Schilderen en glaszetten,Schilderen en glaszetten,72.85
2018,R020,18. Aantal dagen leverancierskrediet,DE4544,DE4544 : Schilderen en glaszetten,Schilderen en glaszetten,79.72
2019,R020,18. Aantal dagen leverancierskrediet,DE4544,DE4544 : Schilderen en glaszetten,Schilderen en glaszetten,60.02
2020,R020,18. Aantal dagen leverancierskrediet,DE4544,DE4544 : Schilderen en glaszetten,Schilderen en glaszetten,57.04
2021,R020,18. Aantal dagen leverancierskrediet,DE4544,DE4544 : Schilderen en glaszetten,Schilderen en glaszetten,55.79
2022,R020,18. Aantal dagen leverancierskrediet,DE4544,DE4544 : Schilderen en glaszetten,Schilderen en glaszetten,55.01
2009,R021,19. Financiële onafhankelijkheidsgraad (%),DE4521,DE4521 : Burgerlijke en utiliteitsbouw; constructie van bruggen en tunnels; civieltechnische werken ten behoeve van nutsbedirjven,Burgerlijke en utiliteitsbouw,33.55
2010,R021,19. Financiële onafhankelijkheidsgraad (%),DE4521,DE4521 : Burgerlijke en utiliteitsbouw; constructie van bruggen en tunnels; civieltechnische werken ten behoeve van nutsbedirjven,Burgerlijke en utiliteitsbouw,34.39
2011,R021,19. Financiële onafhankelijkheidsgraad (%),DE4521,DE4521 : Burgerlijke en utiliteitsbouw; constructie van bruggen en tunnels; civieltechnische werken ten behoeve van nutsbedirjven,Burgerlijke en utiliteitsbouw,32.91
2012,R021,19. Financiële onafhankelijkheidsgraad (%),DE4521,DE4521 : Burgerlijke en utiliteitsbouw; constructie van bruggen en tunnels; civieltechnische werken ten behoeve van nutsbedirjven,Burgerlijke en utiliteitsbouw,33.86
2013,R021,19. Financiële onafhankelijkheidsgraad (%),DE4521,DE4521 : Burgerlijke en utiliteitsbouw; constructie van bruggen en tunnels; civieltechnische werken ten behoeve van nutsbedirjven,Burgerlijke en utiliteitsbouw,37.47
2014,R021,19. Financiële onafhankelijkheidsgraad (%),DE4521,DE4521 : Burgerlijke en utiliteitsbouw; constructie van bruggen en tunnels; civieltechnische werken ten behoeve van nutsbedirjven,Burgerlijke en utiliteitsbouw,37.31
2015,R021,19. Financiële onafhankelijkheidsgraad (%),DE4521,DE4521 : Burgerlijke en utiliteitsbouw; constructie van bruggen en tunnels; civieltechnische werken ten behoeve van nutsbedirjven,Burgerlijke en utiliteitsbouw,35.29
2016,R021,19. Financiële onafhankelijkheidsgraad (%),DE4521,DE4521 : Burgerlijke en utiliteitsbouw; constructie van bruggen en tunnels; civieltechnische werken ten behoeve van nutsbedirjven,Burgerlijke en utiliteitsbouw,38.27
2017,R021,19. Financiële onafhankelijkheidsgraad (%),DE4521,DE4521 : Burgerlijke en utiliteitsbouw; constructie van bruggen en tunnels; civieltechnische werken ten behoeve van nutsbedirjven,Burgerlijke en utiliteitsbouw,38.31
2018,R021,19. Financiële onafhankelijkheidsgraad (%),DE4521,DE4521 : Burgerlijke en utiliteitsbouw; constructie van bruggen en tunnels; civieltechnische werken ten behoeve van nutsbedirjven,Burgerlijke en utiliteitsbouw,37.17
2019,R021,19. Financiële onafhankelijkheidsgraad (%),DE4521,DE4521 : Burgerlijke en utiliteitsbouw; constructie van bruggen en tunnels; civieltechnische werken ten behoeve van nutsbedirjven,Burgerlijke en utiliteitsbouw,36.79
2020,R021,19. Financiële onafhankelijkheidsgraad (%),DE4521,DE4521 : Burgerlijke en utiliteitsbouw; constructie van bruggen en tunnels; civieltechnische werken ten behoeve van nutsbedirjven,Burgerlijke en utiliteitsbouw,38.0
2021,R021,19. Financiële onafhankelijkheidsgraad (%),DE4521,DE4521 : Burgerlijke en utiliteitsbouw; constructie van bruggen en tunnels; civieltechnische werken ten behoeve van nutsbedirjven,Burgerlijke en utiliteitsbouw,37.82
2022,R021,19. Financiële onafhankelijkheidsgraad (%),DE4521,DE4521 : Burgerlijke en utiliteitsbouw; constructie van bruggen en tunnels; civieltechnische werken ten behoeve van nutsbedirjven,Burgerlijke en utiliteitsbouw,34.61
2009,R021,19. Financiële onafhankelijkheidsgraad (%),DE4522,DE4522 : Dakbedekking en bouw van dakconstructies,Dakbedekking,35.97
2010,R021,19. Financiële onafhankelijkheidsgraad (%),DE4522,DE4522 : Dakbedekking en bouw van dakconstructies,Dakbedekking,36.29
2011,R021,19. Financiële onafhankelijkheidsgraad (%),DE4522,DE4522 : Dakbedekking en bouw van dakconstructies,Dakbedekking,33.74
2012,R021,19. Financiële onafhankelijkheidsgraad (%),DE4522,DE4522 : Dakbedekking en bouw van dakconstructies,Dakbedekking,35.93
2013,R021,19. Financiële onafhankelijkheidsgraad (%),DE4522,DE4522 : Dakbedekking en bouw van dakconstructies,Dakbedekking,36.12
2014,R021,19. Financiële onafhankelijkheidsgraad (%),DE4522,DE4522 : Dakbedekking en bouw van dakconstructies,Dakbedekking,37.75
2015,R021,19. Financiële onafhankelijkheidsgraad (%),DE4522,DE4522 : Dakbedekking en bouw van dakconstructies,Dakbedekking,39.21
2016,R021,19. Financiële onafhankelijkheidsgraad (%),DE4522,DE4522 : Dakbedekking en bouw van dakconstructies,Dakbedekking,38.98
2017,R021,19. Financiële onafhankelijkheidsgraad (%),DE4522,DE4522 : Dakbedekking en bouw van dakconstructies,Dakbedekking,39.21
2018,R021,19. Financiële onafhankelijkheidsgraad (%),DE4522,DE4522 : Dakbedekking en bouw van dakconstructies,Dakbedekking,38.94
2019,R021,19. Financiële onafhankelijkheidsgraad (%),DE4522,DE4522 : Dakbedekking en bouw van dakconstructies,Dakbedekking,40.16
2020,R021,19. Financiële onafhankelijkheidsgraad (%),DE4522,DE4522 : Dakbedekking en bouw van dakconstructies,Dakbedekking,42.14
2021,R021,19. Financiële onafhankelijkheidsgraad (%),DE4522,DE4522 : Dakbedekking en bouw van dakconstructies,Dakbedekking,42.25
2022,R021,19. Financiële onafhankelijkheidsgraad (%),DE4522,DE4522 : Dakbedekking en bouw van dakconstructies,Dakbedekking,42.58
2009,R021,19. Financiële onafhankelijkheidsgraad (%),DE4531,DE4531 : Elektrische installatie,Elektrische installatie,34.82
2010,R021,19. Financiële onafhankelijkheidsgraad (%),DE4531,DE4531 : Elektrische installatie,Elektrische installatie,34.67
2011,R021,19. Financiële onafhankelijkheidsgraad (%),DE4531,DE4531 : Elektrische installatie,Elektrische installatie,32.52
2012,R021,19. Financiële onafhankelijkheidsgraad (%),DE4531,DE4531 : Elektrische installatie,Elektrische installatie,48.67
2013,R021,19. Financiële onafhankelijkheidsgraad (%),DE4531,DE4531 : Elektrische installatie,Elektrische installatie,48.94
2014,R021,19. Financiële onafhankelijkheidsgraad (%),DE4531,DE4531 : Elektrische installatie,Elektrische installatie,48.04
2015,R021,19. Financiële onafhankelijkheidsgraad (%),DE4531,DE4531 : Elektrische installatie,Elektrische installatie,37.21
2016,R021,19. Financiële onafhankelijkheidsgraad (%),DE4531,DE4531 : Elektrische installatie,Elektrische installatie,39.67
2017,R021,19. Financiële onafhankelijkheidsgraad (%),DE4531,DE4531 : Elektrische installatie,Elektrische installatie,49.79
2018,R021,19. Financiële onafhankelijkheidsgraad (%),DE4531,DE4531 : Elektrische installatie,Elektrische installatie,48.05
2019,R021,19. Financiële onafhankelijkheidsgraad (%),DE4531,DE4531 : Elektrische installatie,Elektrische installatie,47.4
2020,R021,19. Financiële onafhankelijkheidsgraad (%),DE4531,DE4531 : Elektrische installatie,Elektrische installatie,47.65
2021,R021,19. Financiële onafhankelijkheidsgraad (%),DE4531,DE4531 : Elektrische installatie,Elektrische installatie,38.54
2022,R021,19. Financiële onafhankelijkheidsgraad (%),DE4531,DE4531 : Elektrische installatie,Elektrische installatie,36.79
2009,R021,19. Financiële onafhankelijkheidsgraad (%),DE4533,DE4533 : Loodgieterswerk,Loodgieterswerk,31.3
2010,R021,19. Financiële onafhankelijkheidsgraad (%),DE4533,DE4533 : Loodgieterswerk,Loodgieterswerk,31.72
2011,R021,19. Financiële onafhankelijkheidsgraad (%),DE4533,DE4533 : Loodgieterswerk,Loodgieterswerk,31.45
2012,R021,19. Financiële onafhankelijkheidsgraad (%),DE4533,DE4533 : Loodgieterswerk,Loodgieterswerk,33.72
2013,R021,19. Financiële onafhankelijkheidsgraad (%),DE4533,DE4533 : Loodgieterswerk,Loodgieterswerk,35.58
2014,R021,19. Financiële onafhankelijkheidsgraad (%),DE4533,DE4533 : Loodgieterswerk,Loodgieterswerk,36.26
2015,R021,19. Financiële onafhankelijkheidsgraad (%),DE4533,DE4533 : Loodgieterswerk,Loodgieterswerk,37.8
2016,R021,19. Financiële onafhankelijkheidsgraad (%),DE4533,DE4533 : Loodgieterswerk,Loodgieterswerk,38.55
2017,R021,19. Financiële onafhankelijkheidsgraad (%),DE4533,DE4533 : Loodgieterswerk,Loodgieterswerk,38.37
2018,R021,19. Financiële onafhankelijkheidsgraad (%),DE4533,DE4533 : Loodgieterswerk,Loodgieterswerk,38.86
2019,R021,19. Financiële onafhankelijkheidsgraad (%),DE4533,DE4533 : Loodgieterswerk,Loodgieterswerk,39.9
2020,R021,19. Financiële onafhankelijkheidsgraad (%),DE4533,DE4533 : Loodgieterswerk,Loodgieterswerk,39.35
2021,R021,19. Financiële onafhankelijkheidsgraad (%),DE4533,DE4533 : Loodgieterswerk,Loodgieterswerk,42.99
2022,R021,19. Financiële onafhankelijkheidsgraad (%),DE4533,DE4533 : Loodgieterswerk,Loodgieterswerk,42.86
2009,R021,19. Financiële onafhankelijkheidsgraad (%),DE4542,DE4542 : Schrijnwerk,Schrijnwerk,37.08
2010,R021,19. Financiële onafhankelijkheidsgraad (%),DE4542,DE4542 : Schrijnwerk,Schrijnwerk,37.73
2011,R021,19. Financiële onafhankelijkheidsgraad (%),DE4542,DE4542 : Schrijnwerk,Schrijnwerk,35.31
2012,R021,19. Financiële onafhankelijkheidsgraad (%),DE4542,DE4542 : Schrijnwerk,Schrijnwerk,36.27
2013,R021,19. Financiële onafhankelijkheidsgraad (%),DE4542,DE4542 : Schrijnwerk,Schrijnwerk,34.59
2014,R021,19. Financiële onafhankelijkheidsgraad (%),DE4542,DE4542 : Schrijnwerk,Schrijnwerk,35.78
2015,R021,19. Financiële onafhankelijkheidsgraad (%),DE4542,DE4542 : Schrijnwerk,Schrijnwerk,37.13
2016,R021,19. Financiële onafhankelijkheidsgraad (%),DE4542,DE4542 : Schrijnwerk,Schrijnwerk,37.03
2017,R021,19. Financiële onafhankelijkheidsgraad (%),DE4542,DE4542 : Schrijnwerk,Schrijnwerk,36.83
2018,R021,19. Financiële onafhankelijkheidsgraad (%),DE4542,DE4542 : Schrijnwerk,Schrijnwerk,35.59
2019,R021,19. Financiële onafhankelijkheidsgraad (%),DE4542,DE4542 : Schrijnwerk,Schrijnwerk,36.97
2020,R021,19. Financiële onafhankelijkheidsgraad (%),DE4542,DE4542 : Schrijnwerk,Schrijnwerk,37.92
2021,R021,19. Financiële onafhankelijkheidsgraad (%),DE4542,DE4542 : Schrijnwerk,Schrijnwerk,38.66
2022,R021,19. Financiële onafhankelijkheidsgraad (%),DE4542,DE4542 : Schrijnwerk,Schrijnwerk,39.48
2011,R021,19. Financiële onafhankelijkheidsgraad (%),DE4543,DE4543 : Vloerafwerking en wandbekleding,Vloer- en wandafwerking,34.19
2012,R021,19. Financiële onafhankelijkheidsgraad (%),DE4543,DE4543 : Vloerafwerking en wandbekleding,Vloer- en wandafwerking,35.21
2013,R021,19. Financiële onafhankelijkheidsgraad (%),DE4543,DE4543 : Vloerafwerking en wandbekleding,Vloer- en wandafwerking,35.18
2014,R021,19. Financiële onafhankelijkheidsgraad (%),DE4543,DE4543 : Vloerafwerking en wandbekleding,Vloer- en wandafwerking,36.51
2015,R021,19. Financiële onafhankelijkheidsgraad (%),DE4543,DE4543 : Vloerafwerking en wandbekleding,Vloer- en wandafwerking,37.11
2016,R021,19. Financiële onafhankelijkheidsgraad (%),DE4543,DE4543 : Vloerafwerking en wandbekleding,Vloer- en wandafwerking,37.13
2017,R021,19. Financiële onafhankelijkheidsgraad (%),DE4543,DE4543 : Vloerafwerking en wandbekleding,Vloer- en wandafwerking,38.97
2018,R021,19. Financiële onafhankelijkheidsgraad (%),DE4543,DE4543 : Vloerafwerking en wandbekleding,Vloer- en wandafwerking,38.99
2019,R021,19. Financiële onafhankelijkheidsgraad (%),DE4543,DE4543 : Vloerafwerking en wandbekleding,Vloer- en wandafwerking,39.16
2020,R021,19. Financiële onafhankelijkheidsgraad (%),DE4543,DE4543 : Vloerafwerking en wandbekleding,Vloer- en wandafwerking,40.33
2021,R021,19. Financiële onafhankelijkheidsgraad (%),DE4543,DE4543 : Vloerafwerking en wandbekleding,Vloer- en wandafwerking,41.34
2022,R021,19. Financiële onafhankelijkheidsgraad (%),DE4543,DE4543 : Vloerafwerking en wandbekleding,Vloer- en wandafwerking,0.0
2009,R021,19. Financiële onafhankelijkheidsgraad (%),DE4544,DE4544 : Schilderen en glaszetten,Schilderen en glaszetten,40.94
2010,R021,19. Financiële onafhankelijkheidsgraad (%),DE4544,DE4544 : Schilderen en glaszetten,Schilderen en glaszetten,40.06
2011,R021,19. Financiële onafhankelijkheidsgraad (%),DE4544,DE4544 : Schilderen en glaszetten,Schilderen en glaszetten,35.62
2012,R021,19. Financiële onafhankelijkheidsgraad (%),DE4544,DE4544 : Schilderen en glaszetten,Schilderen en glaszetten,38.11
2013,R021,19. Financiële onafhankelijkheidsgraad (%),DE4544,DE4544 : Schilderen en glaszetten,Schilderen en glaszetten,37.62
2014,R021,19. Financiële onafhankelijkheidsgraad (%),DE4544,DE4544 : Schilderen en glaszetten,Schilderen en glaszetten,39.49
2015,R021,19. Financiële onafhankelijkheidsgraad (%),DE4544,DE4544 : Schilderen en glaszetten,Schilderen en glaszetten,40.55
2016,R021,19. Financiële onafhankelijkheidsgraad (%),DE4544,DE4544 : Schilderen en glaszetten,Schilderen en glaszetten,40.74
2017,R021,19. Financiële onafhankelijkheidsgraad (%),DE4544,DE4544 : Schilderen en glaszetten,Schilderen en glaszetten,40.27
2018,R021,19. Financiële onafhankelijkheidsgraad (%),DE4544,DE4544 : Schilderen en glaszetten,Schilderen en glaszetten,40.14
2019,R021,19. Financiële onafhankelijkheidsgraad (%),DE4544,DE4544 : Schilderen en glaszetten,Schilderen en glaszetten,39.13
2020,R021,19. Financiële onafhankelijkheidsgraad (%),DE4544,DE4544 : Schilderen en glaszetten,Schilderen en glaszetten,41.43
2021,R021,19. Financiële onafhankelijkheidsgraad (%),DE4544,DE4544 : Schilderen en glaszetten,Schilderen en glaszetten,42.54
2022,R021,19. Financiële onafhankelijkheidsgraad (%),DE4544,DE4544 : Schilderen en glaszetten,Schilderen en glaszetten,42.46
2009,R022,20. Aanschaffingen van materiële vaste activa / Toegevoegde waarde (%),DE4521,DE4521 : Burgerlijke en utiliteitsbouw; constructie van bruggen en tunnels; civieltechnische werken ten behoeve van nutsbedirjven,Burgerlijke en utiliteitsbouw,18.48
2010,R022,20. Aanschaffingen van materiële vaste activa / Toegevoegde waarde (%),DE4521,DE4521 : Burgerlijke en utiliteitsbouw; constructie van bruggen en tunnels; civieltechnische werken ten behoeve van nutsbedirjven,Burgerlijke en utiliteitsbouw,15.87
2011,R022,20. Aanschaffingen van materiële vaste activa / Toegevoegde waarde (%),DE4521,DE4521 : Burgerlijke en utiliteitsbouw; constructie van bruggen en tunnels; civieltechnische werken ten behoeve van nutsbedirjven,Burgerlijke en utiliteitsbouw,19.1
2012,R022,20. Aanschaffingen van materiële vaste activa / Toegevoegde waarde (%),DE4521,DE4521 : Burgerlijke en utiliteitsbouw; constructie van bruggen en tunnels; civieltechnische werken ten behoeve van nutsbedirjven,Burgerlijke en utiliteitsbouw,16.53
2013,R022,20. Aanschaffingen van materiële vaste activa / Toegevoegde waarde (%),DE4521,DE4521 : Burgerlijke en utiliteitsbouw; constructie van bruggen en tunnels; civieltechnische werken ten behoeve van nutsbedirjven,Burgerlijke en utiliteitsbouw,16.58
2014,R022,20. Aanschaffingen van materiële vaste activa / Toegevoegde waarde (%),DE4521,DE4521 : Burgerlijke en utiliteitsbouw; constructie van bruggen en tunnels; civieltechnische werken ten behoeve van nutsbedirjven,Burgerlijke en utiliteitsbouw,17.32
2015,R022,20. Aanschaffingen van materiële vaste activa / Toegevoegde waarde (%),DE4521,DE4521 : Burgerlijke en utiliteitsbouw; constructie van bruggen en tunnels; civieltechnische werken ten behoeve van nutsbedirjven,Burgerlijke en utiliteitsbouw,14.84
2016,R022,20. Aanschaffingen van materiële vaste activa / Toegevoegde waarde (%),DE4521,DE4521 : Burgerlijke en utiliteitsbouw; constructie van bruggen en tunnels; civieltechnische werken ten behoeve van nutsbedirjven,Burgerlijke en utiliteitsbouw,18.07
2017,R022,20. Aanschaffingen van materiële vaste activa / Toegevoegde waarde (%),DE4521,DE4521 : Burgerlijke en utiliteitsbouw; constructie van bruggen en tunnels; civieltechnische werken ten behoeve van nutsbedirjven,Burgerlijke en utiliteitsbouw,17.54
2018,R022,20. Aanschaffingen van materiële vaste activa / Toegevoegde waarde (%),DE4521,DE4521 : Burgerlijke en utiliteitsbouw; constructie van bruggen en tunnels; civieltechnische werken ten behoeve van nutsbedirjven,Burgerlijke en utiliteitsbouw,18.06
2019,R022,20. Aanschaffingen van materiële vaste activa / Toegevoegde waarde (%),DE4521,DE4521 : Burgerlijke en utiliteitsbouw; constructie van bruggen en tunnels; civieltechnische werken ten behoeve van nutsbedirjven,Burgerlijke en utiliteitsbouw,17.94
2020,R022,20. Aanschaffingen van materiële vaste activa / Toegevoegde waarde (%),DE4521,DE4521 : Burgerlijke en utiliteitsbouw; constructie van bruggen en tunnels; civieltechnische werken ten behoeve van nutsbedirjven,Burgerlijke en utiliteitsbouw,18.56
2021,R022,20. Aanschaffingen van materiële vaste activa / Toegevoegde waarde (%),DE4521,DE4521 : Burgerlijke en utiliteitsbouw; constructie van bruggen en tunnels; civieltechnische werken ten behoeve van nutsbedirjven,Burgerlijke en utiliteitsbouw,17.75
2022,R022,20. Aanschaffingen van materiële vaste activa / Toegevoegde waarde (%),DE4521,DE4521 : Burgerlijke en utiliteitsbouw; constructie van bruggen en tunnels; civieltechnische werken ten behoeve van nutsbedirjven,Burgerlijke en utiliteitsbouw,19.5
2009,R022,20. Aanschaffingen van materiële vaste activa / Toegevoegde waarde (%),DE4522,DE4522 : Dakbedekking en bouw van dakconstructies,Dakbedekking,22.51
2010,R022,20. Aanschaffingen van materiële vaste activa / Toegevoegde waarde (%),DE4522,DE4522 : Dakbedekking en bouw van dakconstructies,Dakbedekking,23.43
2011,R022,20. Aanschaffingen van materiële vaste activa / Toegevoegde waarde (%),DE4522,DE4522 : Dakbedekking en bouw van dakconstructies,Dakbedekking,21.44
2012,R022,20. Aanschaffingen van materiële vaste activa / Toegevoegde waarde (%),DE4522,DE4522 : Dakbedekking en bouw van dakconstructies,Dakbedekking,19.97
2013,R022,20. Aanschaffingen van materiële vaste activa / Toegevoegde waarde (%),DE4522,DE4522 : Dakbedekking en bouw van dakconstructies,Dakbedekking,18.05
2014,R022,20. Aanschaffingen van materiële vaste activa / Toegevoegde waarde (%),DE4522,DE4522 : Dakbedekking en bouw van dakconstructies,Dakbedekking,17.43
2015,R022,20. Aanschaffingen van materiële vaste activa / Toegevoegde waarde (%),DE4522,DE4522 : Dakbedekking en bouw van dakconstructies,Dakbedekking,18.17
2016,R022,20. Aanschaffingen van materiële vaste activa / Toegevoegde waarde (%),DE4522,DE4522 : Dakbedekking en bouw van dakconstructies,Dakbedekking,19.17
2017,R022,20. Aanschaffingen van materiële vaste activa / Toegevoegde waarde (%),DE4522,DE4522 : Dakbedekking en bouw van dakconstructies,Dakbedekking,18.68
2018,R022,20. Aanschaffingen van materiële vaste activa / Toegevoegde waarde (%),DE4522,DE4522 : Dakbedekking en bouw van dakconstructies,Dakbedekking,18.07
2019,R022,20. Aanschaffingen van materiële vaste activa / Toegevoegde waarde (%),DE4522,DE4522 : Dakbedekking en bouw van dakconstructies,Dakbedekking,19.15
2020,R022,20. Aanschaffingen van materiële vaste activa / Toegevoegde waarde (%),DE4522,DE4522 : Dakbedekking en bouw van dakconstructies,Dakbedekking,19.65
2021,R022,20. Aanschaffingen van materiële vaste activa / Toegevoegde waarde (%),DE4522,DE4522 : Dakbedekking en bouw van dakconstructies,Dakbedekking,21.48
2022,R022,20. Aanschaffingen van materiële vaste activa / Toegevoegde waarde (%),DE4522,DE4522 : Dakbedekking en bouw van dakconstructies,Dakbedekking,20.65
2009,R022,20. Aanschaffingen van materiële vaste activa / Toegevoegde waarde (%),DE4531,DE4531 : Elektrische installatie,Elektrische installatie,15.76
2010,R022,20. Aanschaffingen van materiële vaste activa / Toegevoegde waarde (%),DE4531,DE4531 : Elektrische installatie,Elektrische installatie,15.82
2011,R022,20. Aanschaffingen van materiële vaste activa / Toegevoegde waarde (%),DE4531,DE4531 : Elektrische installatie,Elektrische installatie,18.64
2012,R022,20. Aanschaffingen van materiële vaste activa / Toegevoegde waarde (%),DE4531,DE4531 : Elektrische installatie,Elektrische installatie,15.24
2013,R022,20. Aanschaffingen van materiële vaste activa / Toegevoegde waarde (%),DE4531,DE4531 : Elektrische installatie,Elektrische installatie,13.98
2014,R022,20. Aanschaffingen van materiële vaste activa / Toegevoegde waarde (%),DE4531,DE4531 : Elektrische installatie,Elektrische installatie,12.25
2015,R022,20. Aanschaffingen van materiële vaste activa / Toegevoegde waarde (%),DE4531,DE4531 : Elektrische installatie,Elektrische installatie,13.02
2016,R022,20. Aanschaffingen van materiële vaste activa / Toegevoegde waarde (%),DE4531,DE4531 : Elektrische installatie,Elektrische installatie,14.32
2017,R022,20. Aanschaffingen van materiële vaste activa / Toegevoegde waarde (%),DE4531,DE4531 : Elektrische installatie,Elektrische installatie,13.73
2018,R022,20. Aanschaffingen van materiële vaste activa / Toegevoegde waarde (%),DE4531,DE4531 : Elektrische installatie,Elektrische installatie,14.24
2019,R022,20. Aanschaffingen van materiële vaste activa / Toegevoegde waarde (%),DE4531,DE4531 : Elektrische installatie,Elektrische installatie,15.29
2020,R022,20. Aanschaffingen van materiële vaste activa / Toegevoegde waarde (%),DE4531,DE4531 : Elektrische installatie,Elektrische installatie,14.23
2021,R022,20. Aanschaffingen van materiële vaste activa / Toegevoegde waarde (%),DE4531,DE4531 : Elektrische installatie,Elektrische installatie,14.24
2022,R022,20. Aanschaffingen van materiële vaste activa / Toegevoegde waarde (%),DE4531,DE4531 : Elektrische installatie,Elektrische installatie,12.88
2009,R022,20. Aanschaffingen van materiële vaste activa / Toegevoegde waarde (%),DE4533,DE4533 : Loodgieterswerk,Loodgieterswerk,13.63
2010,R022,20. Aanschaffingen van materiële vaste activa / Toegevoegde waarde (%),DE4533,DE4533 : Loodgieterswerk,Loodgieterswerk,16.47
2011,R022,20. Aanschaffingen van materiële vaste activa / Toegevoegde waarde (%),DE4533,DE4533 : Loodgieterswerk,Loodgieterswerk,16.0
2012,R022,20. Aanschaffingen van materiële vaste activa / Toegevoegde waarde (%),DE4533,DE4533 : Loodgieterswerk,Loodgieterswerk,14.84
2013,R022,20. Aanschaffingen van materiële vaste activa / Toegevoegde waarde (%),DE4533,DE4533 : Loodgieterswerk,Loodgieterswerk,12.07
2014,R022,20. Aanschaffingen van materiële vaste activa / Toegevoegde waarde (%),DE4533,DE4533 : Loodgieterswerk,Loodgieterswerk,12.55
2015,R022,20. Aanschaffingen van materiële vaste activa / Toegevoegde waarde (%),DE4533,DE4533 : Loodgieterswerk,Loodgieterswerk,13.99
2016,R022,20. Aanschaffingen van materiële vaste activa / Toegevoegde waarde (%),DE4533,DE4533 : Loodgieterswerk,Loodgieterswerk,12.37
2017,R022,20. Aanschaffingen van materiële vaste activa / Toegevoegde waarde (%),DE4533,DE4533 : Loodgieterswerk,Loodgieterswerk,12.44
2018,R022,20. Aanschaffingen van materiële vaste activa / Toegevoegde waarde (%),DE4533,DE4533 : Loodgieterswerk,Loodgieterswerk,11.47
2019,R022,20. Aanschaffingen van materiële vaste activa / Toegevoegde waarde (%),DE4533,DE4533 : Loodgieterswerk,Loodgieterswerk,13.3
2020,R022,20. Aanschaffingen van materiële vaste activa / Toegevoegde waarde (%),DE4533,DE4533 : Loodgieterswerk,Loodgieterswerk,12.87
2021,R022,20. Aanschaffingen van materiële vaste activa / Toegevoegde waarde (%),DE4533,DE4533 : Loodgieterswerk,Loodgieterswerk,12.37
2022,R022,20. Aanschaffingen van materiële vaste activa / Toegevoegde waarde (%),DE4533,DE4533 : Loodgieterswerk,Loodgieterswerk,12.73
2009,R022,20. Aanschaffingen van materiële vaste activa / Toegevoegde waarde (%),DE4542,DE4542 : Schrijnwerk,Schrijnwerk,22.84
2010,R022,20. Aanschaffingen van materiële vaste activa / Toegevoegde waarde (%),DE4542,DE4542 : Schrijnwerk,Schrijnwerk,22.78
2011,R022,20. Aanschaffingen van materiële vaste activa / Toegevoegde waarde (%),DE4542,DE4542 : Schrijnwerk,Schrijnwerk,25.41
2012,R022,20. Aanschaffingen van materiële vaste activa / Toegevoegde waarde (%),DE4542,DE4542 : Schrijnwerk,Schrijnwerk,22.38
2013,R022,20. Aanschaffingen van materiële vaste activa / Toegevoegde waarde (%),DE4542,DE4542 : Schrijnwerk,Schrijnwerk,21.83
2014,R022,20. Aanschaffingen van materiële vaste activa / Toegevoegde waarde (%),DE4542,DE4542 : Schrijnwerk,Schrijnwerk,20.08
2015,R022,20. Aanschaffingen van materiële vaste activa / Toegevoegde waarde (%),DE4542,DE4542 : Schrijnwerk,Schrijnwerk,21.99
2016,R022,20. Aanschaffingen van materiële vaste activa / Toegevoegde waarde (%),DE4542,DE4542 : Schrijnwerk,Schrijnwerk,20.11
2017,R022,20. Aanschaffingen van materiële vaste activa / Toegevoegde waarde (%),DE4542,DE4542 : Schrijnwerk,Schrijnwerk,20.17
2018,R022,20. Aanschaffingen van materiële vaste activa / Toegevoegde waarde (%),DE4542,DE4542 : Schrijnwerk,Schrijnwerk,23.2
2019,R022,20. Aanschaffingen van materiële vaste activa / Toegevoegde waarde (%),DE4542,DE4542 : Schrijnwerk,Schrijnwerk,22.08
2020,R022,20. Aanschaffingen van materiële vaste activa / Toegevoegde waarde (%),DE4542,DE4542 : Schrijnwerk,Schrijnwerk,20.98
2021,R022,20. Aanschaffingen van materiële vaste activa / Toegevoegde waarde (%),DE4542,DE4542 : Schrijnwerk,Schrijnwerk,20.81
2022,R022,20. Aanschaffingen van materiële vaste activa / Toegevoegde waarde (%),DE4542,DE4542 : Schrijnwerk,Schrijnwerk,22.42
2011,R022,20. Aanschaffingen van materiële vaste activa / Toegevoegde waarde (%),DE4543,DE4543 : Vloerafwerking en wandbekleding,Vloer- en wandafwerking,22.67
2012,R022,20. Aanschaffingen van materiële vaste activa / Toegevoegde waarde (%),DE4543,DE4543 : Vloerafwerking en wandbekleding,Vloer- en wandafwerking,20.6
2013,R022,20. Aanschaffingen van materiële vaste activa / Toegevoegde waarde (%),DE4543,DE4543 : Vloerafwerking en wandbekleding,Vloer- en wandafwerking,19.96
2014,R022,20. Aanschaffingen van materiële vaste activa / Toegevoegde waarde (%),DE4543,DE4543 : Vloerafwerking en wandbekleding,Vloer- en wandafwerking,19.16
2015,R022,20. Aanschaffingen van materiële vaste activa / Toegevoegde waarde (%),DE4543,DE4543 : Vloerafwerking en wandbekleding,Vloer- en wandafwerking,20.65
2016,R022,20. Aanschaffingen van materiële vaste activa / Toegevoegde waarde (%),DE4543,DE4543 : Vloerafwerking en wandbekleding,Vloer- en wandafwerking,22.76
2017,R022,20. Aanschaffingen van materiële vaste activa / Toegevoegde waarde (%),DE4543,DE4543 : Vloerafwerking en wandbekleding,Vloer- en wandafwerking,25.49
2018,R022,20. Aanschaffingen van materiële vaste activa / Toegevoegde waarde (%),DE4543,DE4543 : Vloerafwerking en wandbekleding,Vloer- en wandafwerking,26.55
2019,R022,20. Aanschaffingen van materiële vaste activa / Toegevoegde waarde (%),DE4543,DE4543 : Vloerafwerking en wandbekleding,Vloer- en wandafwerking,25.03
2020,R022,20. Aanschaffingen van materiële vaste activa / Toegevoegde waarde (%),DE4543,DE4543 : Vloerafwerking en wandbekleding,Vloer- en wandafwerking,24.99
2021,R022,20. Aanschaffingen van materiële vaste activa / Toegevoegde waarde (%),DE4543,DE4543 : Vloerafwerking en wandbekleding,Vloer- en wandafwerking,25.52
2022,R022,20. Aanschaffingen van materiële vaste activa / Toegevoegde waarde (%),DE4543,DE4543 : Vloerafwerking en wandbekleding,Vloer- en wandafwerking,0.0
2009,R022,20. Aanschaffingen van materiële vaste activa / Toegevoegde waarde (%),DE4544,DE4544 : Schilderen en glaszetten,Schilderen en glaszetten,17.71
2010,R022,20. Aanschaffingen van materiële vaste activa / Toegevoegde waarde (%),DE4544,DE4544 : Schilderen en glaszetten,Schilderen en glaszetten,16.94
2011,R022,20. Aanschaffingen van materiële vaste activa / Toegevoegde waarde (%),DE4544,DE4544 : Schilderen en glaszetten,Schilderen en glaszetten,15.97
2012,R022,20. Aanschaffingen van materiële vaste activa / Toegevoegde waarde (%),DE4544,DE4544 : Schilderen en glaszetten,Schilderen en glaszetten,15.2
2013,R022,20. Aanschaffingen van materiële vaste activa / Toegevoegde waarde (%),DE4544,DE4544 : Schilderen en glaszetten,Schilderen en glaszetten,14.74
2014,R022,20. Aanschaffingen van materiële vaste activa / Toegevoegde waarde (%),DE4544,DE4544 : Schilderen en glaszetten,Schilderen en glaszetten,14.05
2015,R022,20. Aanschaffingen van materiële vaste activa / Toegevoegde waarde (%),DE4544,DE4544 : Schilderen en glaszetten,Schilderen en glaszetten,14.23
2016,R022,20. Aanschaffingen van materiële vaste activa / Toegevoegde waarde (%),DE4544,DE4544 : Schilderen en glaszetten,Schilderen en glaszetten,16.32
2017,R022,20. Aanschaffingen van materiële vaste activa / Toegevoegde waarde (%),DE4544,DE4544 : Schilderen en glaszetten,Schilderen en glaszetten,16.05
2018,R022,20. Aanschaffingen van materiële vaste activa / Toegevoegde waarde (%),DE4544,DE4544 : Schilderen en glaszetten,Schilderen en glaszetten,13.65
2019,R022,20. Aanschaffingen van materiële vaste activa / Toegevoegde waarde (%),DE4544,DE4544 : Schilderen en glaszetten,Schilderen en glaszetten,13.61
2020,R022,20. Aanschaffingen van materiële vaste activa / Toegevoegde waarde (%),DE4544,DE4544 : Schilderen en glaszetten,Schilderen en glaszetten,18.52
2021,R022,20. Aanschaffingen van materiële vaste activa / Toegevoegde waarde (%),DE4544,DE4544 : Schilderen en glaszetten,Schilderen en glaszetten,17.17
2022,R022,20. Aanschaffingen van materiële vaste activa / Toegevoegde waarde (%),DE4544,DE4544 : Schilderen en glaszetten,Schilderen en glaszetten,15.51
2009,R023,21. Vernieuwingsgraad inzake materiële vaste activa (%),DE4521,DE4521 : Burgerlijke en utiliteitsbouw; constructie van bruggen en tunnels; civieltechnische werken ten behoeve van nutsbedirjven,Burgerlijke en utiliteitsbouw,24.26
2010,R023,21. Vernieuwingsgraad inzake materiële vaste activa (%),DE4521,DE4521 : Burgerlijke en utiliteitsbouw; constructie van bruggen en tunnels; civieltechnische werken ten behoeve van nutsbedirjven,Burgerlijke en utiliteitsbouw,20.44
2011,R023,21. Vernieuwingsgraad inzake materiële vaste activa (%),DE4521,DE4521 : Burgerlijke en utiliteitsbouw; constructie van bruggen en tunnels; civieltechnische werken ten behoeve van nutsbedirjven,Burgerlijke en utiliteitsbouw,22.79
2012,R023,21. Vernieuwingsgraad inzake materiële vaste activa (%),DE4521,DE4521 : Burgerlijke en utiliteitsbouw; constructie van bruggen en tunnels; civieltechnische werken ten behoeve van nutsbedirjven,Burgerlijke en utiliteitsbouw,19.49
2013,R023,21. Vernieuwingsgraad inzake materiële vaste activa (%),DE4521,DE4521 : Burgerlijke en utiliteitsbouw; constructie van bruggen en tunnels; civieltechnische werken ten behoeve van nutsbedirjven,Burgerlijke en utiliteitsbouw,18.59
2014,R023,21. Vernieuwingsgraad inzake materiële vaste activa (%),DE4521,DE4521 : Burgerlijke en utiliteitsbouw; constructie van bruggen en tunnels; civieltechnische werken ten behoeve van nutsbedirjven,Burgerlijke en utiliteitsbouw,19.8
2015,R023,21. Vernieuwingsgraad inzake materiële vaste activa (%),DE4521,DE4521 : Burgerlijke en utiliteitsbouw; constructie van bruggen en tunnels; civieltechnische werken ten behoeve van nutsbedirjven,Burgerlijke en utiliteitsbouw,19.67
2016,R023,21. Vernieuwingsgraad inzake materiële vaste activa (%),DE4521,DE4521 : Burgerlijke en utiliteitsbouw; constructie van bruggen en tunnels; civieltechnische werken ten behoeve van nutsbedirjven,Burgerlijke en utiliteitsbouw,19.63
2017,R023,21. Vernieuwingsgraad inzake materiële vaste activa (%),DE4521,DE4521 : Burgerlijke en utiliteitsbouw; constructie van bruggen en tunnels; civieltechnische werken ten behoeve van nutsbedirjven,Burgerlijke en utiliteitsbouw,20.82
2018,R023,21. Vernieuwingsgraad inzake materiële vaste activa (%),DE4521,DE4521 : Burgerlijke en utiliteitsbouw; constructie van bruggen en tunnels; civieltechnische werken ten behoeve van nutsbedirjven,Burgerlijke en utiliteitsbouw,23.35
2019,R023,21. Vernieuwingsgraad inzake materiële vaste activa (%),DE4521,DE4521 : Burgerlijke en utiliteitsbouw; constructie van bruggen en tunnels; civieltechnische werken ten behoeve van nutsbedirjven,Burgerlijke en utiliteitsbouw,21.66
2020,R023,21. Vernieuwingsgraad inzake materiële vaste activa (%),DE4521,DE4521 : Burgerlijke en utiliteitsbouw; constructie van bruggen en tunnels; civieltechnische werken ten behoeve van nutsbedirjven,Burgerlijke en utiliteitsbouw,19.7
2021,R023,21. Vernieuwingsgraad inzake materiële vaste activa (%),DE4521,DE4521 : Burgerlijke en utiliteitsbouw; constructie van bruggen en tunnels; civieltechnische werken ten behoeve van nutsbedirjven,Burgerlijke en utiliteitsbouw,19.08
2022,R023,21. Vernieuwingsgraad inzake materiële vaste activa (%),DE4521,DE4521 : Burgerlijke en utiliteitsbouw; constructie van bruggen en tunnels; civieltechnische werken ten behoeve van nutsbedirjven,Burgerlijke en utiliteitsbouw,21.99
2009,R023,21. Vernieuwingsgraad inzake materiële vaste activa (%),DE4522,DE4522 : Dakbedekking en bouw van dakconstructies,Dakbedekking,38.01
2010,R023,21. Vernieuwingsgraad inzake materiële vaste activa (%),DE4522,DE4522 : Dakbedekking en bouw van dakconstructies,Dakbedekking,34.75
2011,R023,21. Vernieuwingsgraad inzake materiële vaste activa (%),DE4522,DE4522 : Dakbedekking en bouw van dakconstructies,Dakbedekking,34.64
2012,R023,21. Vernieuwingsgraad inzake materiële vaste activa (%),DE4522,DE4522 : Dakbedekking en bouw van dakconstructies,Dakbedekking,29.3
2013,R023,21. Vernieuwingsgraad inzake materiële vaste activa (%),DE4522,DE4522 : Dakbedekking en bouw van dakconstructies,Dakbedekking,25.46
2014,R023,21. Vernieuwingsgraad inzake materiële vaste activa (%),DE4522,DE4522 : Dakbedekking en bouw van dakconstructies,Dakbedekking,26.06
2015,R023,21. Vernieuwingsgraad inzake materiële vaste activa (%),DE4522,DE4522 : Dakbedekking en bouw van dakconstructies,Dakbedekking,26.12
2016,R023,21. Vernieuwingsgraad inzake materiële vaste activa (%),DE4522,DE4522 : Dakbedekking en bouw van dakconstructies,Dakbedekking,27.34
2017,R023,21. Vernieuwingsgraad inzake materiële vaste activa (%),DE4522,DE4522 : Dakbedekking en bouw van dakconstructies,Dakbedekking,25.39
2018,R023,21. Vernieuwingsgraad inzake materiële vaste activa (%),DE4522,DE4522 : Dakbedekking en bouw van dakconstructies,Dakbedekking,25.81
2019,R023,21. Vernieuwingsgraad inzake materiële vaste activa (%),DE4522,DE4522 : Dakbedekking en bouw van dakconstructies,Dakbedekking,27.38
2020,R023,21. Vernieuwingsgraad inzake materiële vaste activa (%),DE4522,DE4522 : Dakbedekking en bouw van dakconstructies,Dakbedekking,27.06
2021,R023,21. Vernieuwingsgraad inzake materiële vaste activa (%),DE4522,DE4522 : Dakbedekking en bouw van dakconstructies,Dakbedekking,29.73
2022,R023,21. Vernieuwingsgraad inzake materiële vaste activa (%),DE4522,DE4522 : Dakbedekking en bouw van dakconstructies,Dakbedekking,29.16
2009,R023,21. Vernieuwingsgraad inzake materiële vaste activa (%),DE4531,DE4531 : Elektrische installatie,Elektrische installatie,34.93
2010,R023,21. Vernieuwingsgraad inzake materiële vaste activa (%),DE4531,DE4531 : Elektrische installatie,Elektrische installatie,31.37
2011,R023,21. Vernieuwingsgraad inzake materiële vaste activa (%),DE4531,DE4531 : Elektrische installatie,Elektrische installatie,37.99
2012,R023,21. Vernieuwingsgraad inzake materiële vaste activa (%),DE4531,DE4531 : Elektrische installatie,Elektrische installatie,29.63
2013,R023,21. Vernieuwingsgraad inzake materiële vaste activa (%),DE4531,DE4531 : Elektrische installatie,Elektrische installatie,24.97
2014,R023,21. Vernieuwingsgraad inzake materiële vaste activa (%),DE4531,DE4531 : Elektrische installatie,Elektrische installatie,22.48
2015,R023,21. Vernieuwingsgraad inzake materiële vaste activa (%),DE4531,DE4531 : Elektrische installatie,Elektrische installatie,24.18
2016,R023,21. Vernieuwingsgraad inzake materiële vaste activa (%),DE4531,DE4531 : Elektrische installatie,Elektrische installatie,26.76
2017,R023,21. Vernieuwingsgraad inzake materiële vaste activa (%),DE4531,DE4531 : Elektrische installatie,Elektrische installatie,25.07
2018,R023,21. Vernieuwingsgraad inzake materiële vaste activa (%),DE4531,DE4531 : Elektrische installatie,Elektrische installatie,27.09
2019,R023,21. Vernieuwingsgraad inzake materiële vaste activa (%),DE4531,DE4531 : Elektrische installatie,Elektrische installatie,29.55
2020,R023,21. Vernieuwingsgraad inzake materiële vaste activa (%),DE4531,DE4531 : Elektrische installatie,Elektrische installatie,25.74
2021,R023,21. Vernieuwingsgraad inzake materiële vaste activa (%),DE4531,DE4531 : Elektrische installatie,Elektrische installatie,27.88
2022,R023,21. Vernieuwingsgraad inzake materiële vaste activa (%),DE4531,DE4531 : Elektrische installatie,Elektrische installatie,26.9
2009,R023,21. Vernieuwingsgraad inzake materiële vaste activa (%),DE4533,DE4533 : Loodgieterswerk,Loodgieterswerk,31.58
2010,R023,21. Vernieuwingsgraad inzake materiële vaste activa (%),DE4533,DE4533 : Loodgieterswerk,Loodgieterswerk,31.13
2011,R023,21. Vernieuwingsgraad inzake materiële vaste activa (%),DE4533,DE4533 : Loodgieterswerk,Loodgieterswerk,32.13
2012,R023,21. Vernieuwingsgraad inzake materiële vaste activa (%),DE4533,DE4533 : Loodgieterswerk,Loodgieterswerk,29.01
2013,R023,21. Vernieuwingsgraad inzake materiële vaste activa (%),DE4533,DE4533 : Loodgieterswerk,Loodgieterswerk,24.01
2014,R023,21. Vernieuwingsgraad inzake materiële vaste activa (%),DE4533,DE4533 : Loodgieterswerk,Loodgieterswerk,25.56
2015,R023,21. Vernieuwingsgraad inzake materiële vaste activa (%),DE4533,DE4533 : Loodgieterswerk,Loodgieterswerk,23.78
2016,R023,21. Vernieuwingsgraad inzake materiële vaste activa (%),DE4533,DE4533 : Loodgieterswerk,Loodgieterswerk,23.23
2017,R023,21. Vernieuwingsgraad inzake materiële vaste activa (%),DE4533,DE4533 : Loodgieterswerk,Loodgieterswerk,23.32
2018,R023,21. Vernieuwingsgraad inzake materiële vaste activa (%),DE4533,DE4533 : Loodgieterswerk,Loodgieterswerk,22.19
2019,R023,21. Vernieuwingsgraad inzake materiële vaste activa (%),DE4533,DE4533 : Loodgieterswerk,Loodgieterswerk,25.48
2020,R023,21. Vernieuwingsgraad inzake materiële vaste activa (%),DE4533,DE4533 : Loodgieterswerk,Loodgieterswerk,22.46
2021,R023,21. Vernieuwingsgraad inzake materiële vaste activa (%),DE4533,DE4533 : Loodgieterswerk,Loodgieterswerk,25.08
2022,R023,21. Vernieuwingsgraad inzake materiële vaste activa (%),DE4533,DE4533 : Loodgieterswerk,Loodgieterswerk,25.85
2009,R023,21. Vernieuwingsgraad inzake materiële vaste activa (%),DE4542,DE4542 : Schrijnwerk,Schrijnwerk,31.47
2010,R023,21. Vernieuwingsgraad inzake materiële vaste activa (%),DE4542,DE4542 : Schrijnwerk,Schrijnwerk,29.99
2011,R023,21. Vernieuwingsgraad inzake materiële vaste activa (%),DE4542,DE4542 : Schrijnwerk,Schrijnwerk,31.91
2012,R023,21. Vernieuwingsgraad inzake materiële vaste activa (%),DE4542,DE4542 : Schrijnwerk,Schrijnwerk,26.29
2013,R023,21. Vernieuwingsgraad inzake materiële vaste activa (%),DE4542,DE4542 : Schrijnwerk,Schrijnwerk,24.57
2014,R023,21. Vernieuwingsgraad inzake materiële vaste activa (%),DE4542,DE4542 : Schrijnwerk,Schrijnwerk,22.85
2015,R023,21. Vernieuwingsgraad inzake materiële vaste activa (%),DE4542,DE4542 : Schrijnwerk,Schrijnwerk,23.86
2016,R023,21. Vernieuwingsgraad inzake materiële vaste activa (%),DE4542,DE4542 : Schrijnwerk,Schrijnwerk,22.14
2017,R023,21. Vernieuwingsgraad inzake materiële vaste activa (%),DE4542,DE4542 : Schrijnwerk,Schrijnwerk,21.77
2018,R023,21. Vernieuwingsgraad inzake materiële vaste activa (%),DE4542,DE4542 : Schrijnwerk,Schrijnwerk,25.3
2019,R023,21. Vernieuwingsgraad inzake materiële vaste activa (%),DE4542,DE4542 : Schrijnwerk,Schrijnwerk,24.27
2020,R023,21. Vernieuwingsgraad inzake materiële vaste activa (%),DE4542,DE4542 : Schrijnwerk,Schrijnwerk,21.19
2021,R023,21. Vernieuwingsgraad inzake materiële vaste activa (%),DE4542,DE4542 : Schrijnwerk,Schrijnwerk,23.59
2022,R023,21. Vernieuwingsgraad inzake materiële vaste activa (%),DE4542,DE4542 : Schrijnwerk,Schrijnwerk,25.49
2011,R023,21. Vernieuwingsgraad inzake materiële vaste activa (%),DE4543,DE4543 : Vloerafwerking en wandbekleding,Vloer- en wandafwerking,26.82
2012,R023,21. Vernieuwingsgraad inzake materiële vaste activa (%),DE4543,DE4543 : Vloerafwerking en wandbekleding,Vloer- en wandafwerking,23.96
2013,R023,21. Vernieuwingsgraad inzake materiële vaste activa (%),DE4543,DE4543 : Vloerafwerking en wandbekleding,Vloer- en wandafwerking,22.45
2014,R023,21. Vernieuwingsgraad inzake materiële vaste activa (%),DE4543,DE4543 : Vloerafwerking en wandbekleding,Vloer- en wandafwerking,22.11
2015,R023,21. Vernieuwingsgraad inzake materiële vaste activa (%),DE4543,DE4543 : Vloerafwerking en wandbekleding,Vloer- en wandafwerking,24.11
2016,R023,21. Vernieuwingsgraad inzake materiële vaste activa (%),DE4543,DE4543 : Vloerafwerking en wandbekleding,Vloer- en wandafwerking,24.1
2017,R023,21. Vernieuwingsgraad inzake materiële vaste activa (%),DE4543,DE4543 : Vloerafwerking en wandbekleding,Vloer- en wandafwerking,27.92
2018,R023,21. Vernieuwingsgraad inzake materiële vaste activa (%),DE4543,DE4543 : Vloerafwerking en wandbekleding,Vloer- en wandafwerking,27.09
2019,R023,21. Vernieuwingsgraad inzake materiële vaste activa (%),DE4543,DE4543 : Vloerafwerking en wandbekleding,Vloer- en wandafwerking,25.6
2020,R023,21. Vernieuwingsgraad inzake materiële vaste activa (%),DE4543,DE4543 : Vloerafwerking en wandbekleding,Vloer- en wandafwerking,23.44
2021,R023,21. Vernieuwingsgraad inzake materiële vaste activa (%),DE4543,DE4543 : Vloerafwerking en wandbekleding,Vloer- en wandafwerking,24.8
2022,R023,21. Vernieuwingsgraad inzake materiële vaste activa (%),DE4543,DE4543 : Vloerafwerking en wandbekleding,Vloer- en wandafwerking,0.0
2009,R023,21. Vernieuwingsgraad inzake materiële vaste activa (%),DE4544,DE4544 : Schilderen en glaszetten,Schilderen en glaszetten,35.96
2010,R023,21. Vernieuwingsgraad inzake materiële vaste activa (%),DE4544,DE4544 : Schilderen en glaszetten,Schilderen en glaszetten,31.04
2011,R023,21. Vernieuwingsgraad inzake materiële vaste activa (%),DE4544,DE4544 : Schilderen en glaszetten,Schilderen en glaszetten,27.63
2012,R023,21. Vernieuwingsgraad inzake materiële vaste activa (%),DE4544,DE4544 : Schilderen en glaszetten,Schilderen en glaszetten,24.4
2013,R023,21. Vernieuwingsgraad inzake materiële vaste activa (%),DE4544,DE4544 : Schilderen en glaszetten,Schilderen en glaszetten,23.04
2014,R023,21. Vernieuwingsgraad inzake materiële vaste activa (%),DE4544,DE4544 : Schilderen en glaszetten,Schilderen en glaszetten,19.24
2015,R023,21. Vernieuwingsgraad inzake materiële vaste activa (%),DE4544,DE4544 : Schilderen en glaszetten,Schilderen en glaszetten,22.09
2016,R023,21. Vernieuwingsgraad inzake materiële vaste activa (%),DE4544,DE4544 : Schilderen en glaszetten,Schilderen en glaszetten,24.9
2017,R023,21. Vernieuwingsgraad inzake materiële vaste activa (%),DE4544,DE4544 : Schilderen en glaszetten,Schilderen en glaszetten,22.59
2018,R023,21. Vernieuwingsgraad inzake materiële vaste activa (%),DE4544,DE4544 : Schilderen en glaszetten,Schilderen en glaszetten,19.0
2019,R023,21. Vernieuwingsgraad inzake materiële vaste activa (%),DE4544,DE4544 : Schilderen en glaszetten,Schilderen en glaszetten,19.8
2020,R023,21. Vernieuwingsgraad inzake materiële vaste activa (%),DE4544,DE4544 : Schilderen en glaszetten,Schilderen en glaszetten,22.3
2021,R023,21. Vernieuwingsgraad inzake materiële vaste activa (%),DE4544,DE4544 : Schilderen en glaszetten,Schilderen en glaszetten,26.29
2022,R023,21. Vernieuwingsgraad inzake materiële vaste activa (%),DE4544,DE4544 : Schilderen en glaszetten,Schilderen en glaszetten,23.27
