year,scheme_order,scheme_code,scheme_label_nl,dispersion_order,dispersion_code,dispersion_label_nl,ratio_order,ratio_code,ratio_label_nl,unit_measure,decimals,value_pu300,value_pu450,difference_pu300_minus_pu450,ratio_pu300_div_pu450
2009,1,C,Volledig,1,dispg,Gewogen gemiddelde,2,R002,2. Nettoverkoopmarge (%),_Z,1,11.11,3.5,7.609999999999999,3.174285714285714
2009,1,C,Volledig,1,dispg,Gewogen gemiddelde,3,R003,3. Toegevoegde waarde / Bedrijfsopbrengsten (%),_Z,1,24.8,20.47,4.330000000000002,1.2115290669272107
2009,1,C,Volledig,1,dispg,Gewogen gemiddelde,4,R004,4.Toegevoegde waarde per personeelslid (in EUR),EUR,1,68504.93,92114.73,-23609.800000000003,0.7436913727044523
2009,1,C,Volledig,1,dispg,Gewogen gemiddelde,5,R005,5. Toegevoegde waarde / Bruto materiële vaste activa (%),_Z,1,20.36,35.76,-15.399999999999999,0.569351230425056
2009,1,C,Volledig,1,dispg,Gewogen gemiddelde,6,R006,6. Personeelskosten / Toegevoegde waarde (%),_Z,1,73.43,63.28,10.150000000000006,1.1603982300884956
2009,1,C,Volledig,1,dispg,Gewogen gemiddelde,7,R007,"7. Afschrijvingen, waardeverminderingen en voorzieningen voor risico's en kosten / Toegevoegde waarde (%)",_Z,1,18.92,18.88,0.0400000000000027,1.0021186440677967
2009,1,C,Volledig,1,dispg,Gewogen gemiddelde,8,R008C,8. Kosten van de schulden / Toegevoegde waarde (%),_Z,1,5.77,18.21,-12.440000000000001,0.31685886875343217
2009,1,C,Volledig,1,dispg,Gewogen gemiddelde,10,R009,"9. Nettorendabiliteit van het eigen vermogen, na belasting (%)",_Z,1,4.51,5.86,-1.3500000000000005,0.7696245733788395
2009,1,C,Volledig,1,dispg,Gewogen gemiddelde,11,R010,10. Cashflow / Eigen vermogen (%),_Z,1,-2.44,9.22,-11.66,-0.26464208242950105
2009,1,C,Volledig,1,dispg,Gewogen gemiddelde,12,R011C,"11. Brutorendabiliteit van het totaal der activa, vóór belasting en kosten van schulden (%)",_Z,1,-0.14,6.5,-6.64,-0.02153846153846154
2009,1,C,Volledig,1,dispg,Gewogen gemiddelde,14,R012C,"12. Nettorendabiliteit van het totaal der activa, vóór belasting en kosten van schulden (%)",_Z,1,3.94,4.67,-0.73,0.8436830835117773
2009,1,C,Volledig,1,dispg,Gewogen gemiddelde,16,R013,13. Liquiditeit in ruime zin,_Z,1,1.41,1.36,0.04999999999999982,1.0367647058823528
2009,1,C,Volledig,1,dispg,Gewogen gemiddelde,17,R014,14. Liquiditeit in enge zin,_Z,1,1.05,1.28,-0.22999999999999998,0.8203125
2009,1,C,Volledig,1,dispg,Gewogen gemiddelde,18,R015,"15.1 Rotatie van de voorraad handelsgoederen, grond- en hulpstoffen (voor alle sectoren uitgezonderd de bouwnijverheid)",_Z,1,,10.58,,
2009,1,C,Volledig,1,dispg,Gewogen gemiddelde,19,R016,"15.2 Rotatie van de voorraad handelsgoederen, grond- en hulpstoffen (enkel voor de sector van de bouwnijverheid)",_Z,1,19.75,12.1,7.65,1.6322314049586777
2009,1,C,Volledig,1,dispg,Gewogen gemiddelde,20,R017,16.1 Rotatie van de voorraad goederen in bewerking en gereed product (voor alle sectoren uitgezonderd de bouwnijverheid),_Z,1,,37.06,,
2009,1,C,Volledig,1,dispg,Gewogen gemiddelde,21,R018,16.2 Rotatie van de voorraad goederen in bewerking en gereed product (enkel voor de sector van de bouwnijverheid),_Z,1,4.53,28.57,-24.04,0.15855792789639483
2009,1,C,Volledig,1,dispg,Gewogen gemiddelde,22,R019,17. Aantal dagen klantenkrediet,_Z,1,81.43,57.82,23.610000000000007,1.4083362158422692
2009,1,C,Volledig,1,dispg,Gewogen gemiddelde,23,R020,18. Aantal dagen leverancierskrediet,_Z,1,84.86,60.15,24.71,1.4108063175394847
2009,1,C,Volledig,1,dispg,Gewogen gemiddelde,24,R021,19. Financiële onafhankelijkheidsgraad (%),_Z,1,58.17,54.13,4.039999999999999,1.0746351376316274
2009,1,C,Volledig,1,dispg,Gewogen gemiddelde,25,R022,20. Aanschaffingen van materiële vaste activa / Toegevoegde waarde (%),_Z,1,45.59,24.01,21.580000000000002,1.898792169929196
2009,1,C,Volledig,1,dispg,Gewogen gemiddelde,26,R023,21. Vernieuwingsgraad inzake materiële vaste activa (%),_Z,1,15.69,19.45,-3.76,0.8066838046272493
2009,1,C,Volledig,2,dispq2,Mediaan (Q2),2,R002,2. Nettoverkoopmarge (%),_Z,1,3.27,2.88,0.3900000000000001,1.1354166666666667
2009,1,C,Volledig,2,dispq2,Mediaan (Q2),3,R003,3. Toegevoegde waarde / Bedrijfsopbrengsten (%),_Z,1,30.04,27.9,2.1400000000000006,1.0767025089605735
2009,1,C,Volledig,2,dispq2,Mediaan (Q2),4,R004,4.Toegevoegde waarde per personeelslid (in EUR),EUR,1,58644.52,74074.15,-15429.629999999997,0.7917002085072863
2009,1,C,Volledig,2,dispq2,Mediaan (Q2),5,R005,5. Toegevoegde waarde / Bruto materiële vaste activa (%),_Z,1,84.06,62.68,21.380000000000003,1.3410976388002553
2009,1,C,Volledig,2,dispq2,Mediaan (Q2),6,R006,6. Personeelskosten / Toegevoegde waarde (%),_Z,1,77.54,71.9,5.640000000000001,1.078442280945758
2009,1,C,Volledig,2,dispq2,Mediaan (Q2),7,R007,"7. Afschrijvingen, waardeverminderingen en voorzieningen voor risico's en kosten / Toegevoegde waarde (%)",_Z,1,8.82,11.12,-2.299999999999999,0.7931654676258993
2009,1,C,Volledig,2,dispq2,Mediaan (Q2),8,R008C,8. Kosten van de schulden / Toegevoegde waarde (%),_Z,1,2.46,3.53,-1.0699999999999998,0.6968838526912181
2009,1,C,Volledig,2,dispq2,Mediaan (Q2),10,R009,"9. Nettorendabiliteit van het eigen vermogen, na belasting (%)",_Z,1,7.45,5.61,1.8399999999999999,1.3279857397504455
2009,1,C,Volledig,2,dispq2,Mediaan (Q2),11,R010,10. Cashflow / Eigen vermogen (%),_Z,1,17.93,14.37,3.5600000000000005,1.2477383437717466
2009,1,C,Volledig,2,dispq2,Mediaan (Q2),12,R011C,"11. Brutorendabiliteit van het totaal der activa, vóór belasting en kosten van schulden (%)",_Z,1,6.83,6.69,0.13999999999999968,1.0209267563527653
2009,1,C,Volledig,2,dispq2,Mediaan (Q2),14,R012C,"12. Nettorendabiliteit van het totaal der activa, vóór belasting en kosten van schulden (%)",_Z,1,3.7,3.54,0.16000000000000014,1.0451977401129944
2009,1,C,Volledig,2,dispq2,Mediaan (Q2),16,R013,13. Liquiditeit in ruime zin,_Z,1,1.31,1.33,-0.020000000000000018,0.9849624060150376
2009,1,C,Volledig,2,dispq2,Mediaan (Q2),17,R014,14. Liquiditeit in enge zin,_Z,1,1.05,1.12,-0.07000000000000006,0.9375
2009,1,C,Volledig,2,dispq2,Mediaan (Q2),18,R015,"15.1 Rotatie van de voorraad handelsgoederen, grond- en hulpstoffen (voor alle sectoren uitgezonderd de bouwnijverheid)",_Z,1,,7.57,,
2009,1,C,Volledig,2,dispq2,Mediaan (Q2),19,R016,"15.2 Rotatie van de voorraad handelsgoederen, grond- en hulpstoffen (enkel voor de sector van de bouwnijverheid)",_Z,1,33.03,33.03,0.0,1.0
2009,1,C,Volledig,2,dispq2,Mediaan (Q2),20,R017,16.1 Rotatie van de voorraad goederen in bewerking en gereed product (voor alle sectoren uitgezonderd de bouwnijverheid),_Z,1,,19.8,,
2009,1,C,Volledig,2,dispq2,Mediaan (Q2),21,R018,16.2 Rotatie van de voorraad goederen in bewerking en gereed product (enkel voor de sector van de bouwnijverheid),_Z,1,14.73,14.73,0.0,1.0
2009,1,C,Volledig,2,dispq2,Mediaan (Q2),22,R019,17. Aantal dagen klantenkrediet,_Z,1,66.98,53.93,13.050000000000004,1.241980344891526
2009,1,C,Volledig,2,dispq2,Mediaan (Q2),23,R020,18. Aantal dagen leverancierskrediet,_Z,1,76.2,59.64,16.560000000000002,1.2776659959758552
2009,1,C,Volledig,2,dispq2,Mediaan (Q2),24,R021,19. Financiële onafhankelijkheidsgraad (%),_Z,1,29.65,36.38,-6.730000000000004,0.8150082462891698
2009,1,C,Volledig,2,dispq2,Mediaan (Q2),25,R022,20. Aanschaffingen van materiële vaste activa / Toegevoegde waarde (%),_Z,1,6.34,5.72,0.6200000000000001,1.1083916083916083
2009,1,C,Volledig,2,dispq2,Mediaan (Q2),26,R023,21. Vernieuwingsgraad inzake materiële vaste activa (%),_Z,1,23.45,16.59,6.859999999999999,1.4135021097046414
2009,1,C,Volledig,3,dispnb,Aantal ondernemingen,2,R002,2. Nettoverkoopmarge (%),_Z,1,1303.0,18884.0,-17581.0,0.06900021181952976
2009,1,C,Volledig,3,dispnb,Aantal ondernemingen,3,R003,3. Toegevoegde waarde / Bedrijfsopbrengsten (%),_Z,1,1321.0,18923.0,-17602.0,0.06980922686677588
2009,1,C,Volledig,3,dispnb,Aantal ondernemingen,4,R004,4.Toegevoegde waarde per personeelslid (in EUR),EUR,1,946.0,14162.0,-13216.0,0.0667984747916961
2009,1,C,Volledig,3,dispnb,Aantal ondernemingen,5,R005,5. Toegevoegde waarde / Bruto materiële vaste activa (%),_Z,1,1174.0,16917.0,-15743.0,0.06939764733699828
2009,1,C,Volledig,3,dispnb,Aantal ondernemingen,6,R006,6. Personeelskosten / Toegevoegde waarde (%),_Z,1,951.0,14377.0,-13426.0,0.0661473186339292
2009,1,C,Volledig,3,dispnb,Aantal ondernemingen,7,R007,"7. Afschrijvingen, waardeverminderingen en voorzieningen voor risico's en kosten / Toegevoegde waarde (%)",_Z,1,1097.0,16116.0,-15019.0,0.06806899975179945
2009,1,C,Volledig,3,dispnb,Aantal ondernemingen,8,R008C,8. Kosten van de schulden / Toegevoegde waarde (%),_Z,1,1099.0,15176.0,-14077.0,0.0724169741697417
2009,1,C,Volledig,3,dispnb,Aantal ondernemingen,10,R009,"9. Nettorendabiliteit van het eigen vermogen, na belasting (%)",_Z,1,1276.0,18065.0,-16789.0,0.07063382230833103
2009,1,C,Volledig,3,dispnb,Aantal ondernemingen,11,R010,10. Cashflow / Eigen vermogen (%),_Z,1,1276.0,18066.0,-16790.0,0.07062991254289826
2009,1,C,Volledig,3,dispnb,Aantal ondernemingen,12,R011C,"11. Brutorendabiliteit van het totaal der activa, vóór belasting en kosten van schulden (%)",_Z,1,1417.0,20078.0,-18661.0,0.0705747584420759
2009,1,C,Volledig,3,dispnb,Aantal ondernemingen,14,R012C,"12. Nettorendabiliteit van het totaal der activa, vóór belasting en kosten van schulden (%)",_Z,1,1417.0,20078.0,-18661.0,0.0705747584420759
2009,1,C,Volledig,3,dispnb,Aantal ondernemingen,16,R013,13. Liquiditeit in ruime zin,_Z,1,1450.0,20757.0,-19307.0,0.06985595220889339
2009,1,C,Volledig,3,dispnb,Aantal ondernemingen,17,R014,14. Liquiditeit in enge zin,_Z,1,1440.0,20661.0,-19221.0,0.06969652969362568
2009,1,C,Volledig,3,dispnb,Aantal ondernemingen,18,R015,"15.1 Rotatie van de voorraad handelsgoederen, grond- en hulpstoffen (voor alle sectoren uitgezonderd de bouwnijverheid)",_Z,1,,7124.0,,
2009,1,C,Volledig,3,dispnb,Aantal ondernemingen,19,R016,"15.2 Rotatie van de voorraad handelsgoederen, grond- en hulpstoffen (enkel voor de sector van de bouwnijverheid)",_Z,1,661.0,661.0,0.0,1.0
2009,1,C,Volledig,3,dispnb,Aantal ondernemingen,20,R017,16.1 Rotatie van de voorraad goederen in bewerking en gereed product (voor alle sectoren uitgezonderd de bouwnijverheid),_Z,1,,2190.0,,
2009,1,C,Volledig,3,dispnb,Aantal ondernemingen,21,R018,16.2 Rotatie van de voorraad goederen in bewerking en gereed product (enkel voor de sector van de bouwnijverheid),_Z,1,620.0,620.0,0.0,1.0
2009,1,C,Volledig,3,dispnb,Aantal ondernemingen,22,R019,17. Aantal dagen klantenkrediet,_Z,1,1173.0,16796.0,-15623.0,0.06983805668016195
2009,1,C,Volledig,3,dispnb,Aantal ondernemingen,23,R020,18. Aantal dagen leverancierskrediet,_Z,1,1372.0,19243.0,-17871.0,0.07129865405602037
2009,1,C,Volledig,3,dispnb,Aantal ondernemingen,24,R021,19. Financiële onafhankelijkheidsgraad (%),_Z,1,1456.0,20874.0,-19418.0,0.06975184439973173
2009,1,C,Volledig,3,dispnb,Aantal ondernemingen,25,R022,20. Aanschaffingen van materiële vaste activa / Toegevoegde waarde (%),_Z,1,925.0,13210.0,-12285.0,0.0700227100681302
2009,1,C,Volledig,3,dispnb,Aantal ondernemingen,26,R023,21. Vernieuwingsgraad inzake materiële vaste activa (%),_Z,1,929.0,13182.0,-12253.0,0.07047489000151722
2009,2,A,Verkort,1,dispg,Gewogen gemiddelde,1,R001,1. Brutoverkoopmarge (%),_Z,1,10.12,10.85,-0.7300000000000004,0.9327188940092166
2009,2,A,Verkort,1,dispg,Gewogen gemiddelde,2,R002,2. Nettoverkoopmarge (%),_Z,1,5.06,5.21,-0.15000000000000036,0.9712092130518234
2009,2,A,Verkort,1,dispg,Gewogen gemiddelde,3,R003,3. Toegevoegde waarde / Bedrijfsopbrengsten (%),_Z,1,28.93,25.15,3.780000000000001,1.1502982107355866
2009,2,A,Verkort,1,dispg,Gewogen gemiddelde,4,R004,4.Toegevoegde waarde per personeelslid (in EUR),EUR,1,55421.64,60679.49,-5257.8499999999985,0.9133504582849988
2009,2,A,Verkort,1,dispg,Gewogen gemiddelde,5,R005,5. Toegevoegde waarde / Bruto materiële vaste activa (%),_Z,1,50.1,31.24,18.860000000000003,1.6037131882202307
2009,2,A,Verkort,1,dispg,Gewogen gemiddelde,6,R006,6. Personeelskosten / Toegevoegde waarde (%),_Z,1,67.03,62.05,4.980000000000004,1.0802578565672845
2009,2,A,Verkort,1,dispg,Gewogen gemiddelde,7,R007,"7. Afschrijvingen, waardeverminderingen en voorzieningen voor risico's en kosten / Toegevoegde waarde (%)",_Z,1,17.86,23.61,-5.75,0.7564591274883524
2009,2,A,Verkort,1,dispg,Gewogen gemiddelde,9,R008A,8. Financiële kosten / Toegevoegde waarde (%),_Z,1,8.13,12.25,-4.119999999999999,0.6636734693877552
2009,2,A,Verkort,1,dispg,Gewogen gemiddelde,10,R009,"9. Nettorendabiliteit van het eigen vermogen, na belasting (%)",_Z,1,8.64,6.35,2.290000000000001,1.3606299212598427
2009,2,A,Verkort,1,dispg,Gewogen gemiddelde,11,R010,10. Cashflow / Eigen vermogen (%),_Z,1,24.79,16.41,8.379999999999999,1.5106642291285801
2009,2,A,Verkort,1,dispg,Gewogen gemiddelde,13,R011A,"11. Brutorendabiliteit van het totaal der activa, vóór belasting en financiële kosten (%)",_Z,1,12.07,10.41,1.6600000000000001,1.159462055715658
2009,2,A,Verkort,1,dispg,Gewogen gemiddelde,15,R012A,"12. Nettorendabiliteit van het totaal der activa, vóór belasting en financiële kosten (%)",_Z,1,6.79,6.08,0.71,1.1167763157894737
2009,2,A,Verkort,1,dispg,Gewogen gemiddelde,16,R013,13. Liquiditeit in ruime zin,_Z,1,1.35,1.23,0.1200000000000001,1.0975609756097562
2009,2,A,Verkort,1,dispg,Gewogen gemiddelde,17,R014,14. Liquiditeit in enge zin,_Z,1,0.92,0.98,-0.05999999999999994,0.9387755102040817
2009,2,A,Verkort,1,dispg,Gewogen gemiddelde,22,R019,17. Aantal dagen klantenkrediet,_Z,1,65.92,50.26,15.660000000000004,1.3115797851173896
2009,2,A,Verkort,1,dispg,Gewogen gemiddelde,23,R020,18. Aantal dagen leverancierskrediet,_Z,1,68.66,63.15,5.509999999999998,1.0872525732383214
2009,2,A,Verkort,1,dispg,Gewogen gemiddelde,24,R021,19. Financiële onafhankelijkheidsgraad (%),_Z,1,32.2,43.01,-10.809999999999995,0.7486631016042782
2009,2,A,Verkort,1,dispg,Gewogen gemiddelde,25,R022,20. Aanschaffingen van materiële vaste activa / Toegevoegde waarde (%),_Z,1,28.74,38.46,-9.720000000000002,0.7472698907956318
2009,2,A,Verkort,1,dispg,Gewogen gemiddelde,26,R023,21. Vernieuwingsgraad inzake materiële vaste activa (%),_Z,1,28.5,20.43,8.07,1.395007342143906
2009,2,A,Verkort,2,dispq2,Mediaan (Q2),1,R001,1. Brutoverkoopmarge (%),_Z,1,9.8,11.39,-1.5899999999999999,0.8604038630377524
2009,2,A,Verkort,2,dispq2,Mediaan (Q2),2,R002,2. Nettoverkoopmarge (%),_Z,1,3.76,3.86,-0.10000000000000009,0.9740932642487047
2009,2,A,Verkort,2,dispq2,Mediaan (Q2),3,R003,3. Toegevoegde waarde / Bedrijfsopbrengsten (%),_Z,1,25.02,25.12,-0.10000000000000142,0.9960191082802548
2009,2,A,Verkort,2,dispq2,Mediaan (Q2),4,R004,4.Toegevoegde waarde per personeelslid (in EUR),EUR,1,53828.28,58241.72,-4413.440000000002,0.9242220181684194
2009,2,A,Verkort,2,dispq2,Mediaan (Q2),5,R005,5. Toegevoegde waarde / Bruto materiële vaste activa (%),_Z,1,46.0,28.64,17.36,1.606145251396648
2009,2,A,Verkort,2,dispq2,Mediaan (Q2),6,R006,6. Personeelskosten / Toegevoegde waarde (%),_Z,1,63.72,57.66,6.060000000000002,1.105098855359001
2009,2,A,Verkort,2,dispq2,Mediaan (Q2),7,R007,"7. Afschrijvingen, waardeverminderingen en voorzieningen voor risico's en kosten / Toegevoegde waarde (%)",_Z,1,23.29,28.3,-5.010000000000002,0.8229681978798586
2009,2,A,Verkort,2,dispq2,Mediaan (Q2),9,R008A,8. Financiële kosten / Toegevoegde waarde (%),_Z,1,5.16,7.09,-1.9299999999999997,0.7277856135401976
2009,2,A,Verkort,2,dispq2,Mediaan (Q2),10,R009,"9. Nettorendabiliteit van het eigen vermogen, na belasting (%)",_Z,1,8.7,7.49,1.209999999999999,1.1615487316421895
2009,2,A,Verkort,2,dispq2,Mediaan (Q2),11,R010,10. Cashflow / Eigen vermogen (%),_Z,1,31.55,25.99,5.560000000000002,1.213928434013082
2009,2,A,Verkort,2,dispq2,Mediaan (Q2),13,R011A,"11. Brutorendabiliteit van het totaal der activa, vóór belasting en financiële kosten (%)",_Z,1,14.64,12.2,2.4400000000000013,1.2000000000000002
2009,2,A,Verkort,2,dispq2,Mediaan (Q2),15,R012A,"12. Nettorendabiliteit van het totaal der activa, vóór belasting en financiële kosten (%)",_Z,1,5.96,5.15,0.8099999999999996,1.1572815533980583
2009,2,A,Verkort,2,dispq2,Mediaan (Q2),16,R013,13. Liquiditeit in ruime zin,_Z,1,1.42,1.27,0.1499999999999999,1.1181102362204725
2009,2,A,Verkort,2,dispq2,Mediaan (Q2),17,R014,14. Liquiditeit in enge zin,_Z,1,1.19,1.03,0.15999999999999992,1.1553398058252426
2009,2,A,Verkort,2,dispq2,Mediaan (Q2),22,R019,17. Aantal dagen klantenkrediet,_Z,1,49.82,43.65,6.170000000000002,1.1413516609392897
2009,2,A,Verkort,2,dispq2,Mediaan (Q2),23,R020,18. Aantal dagen leverancierskrediet,_Z,1,43.51,34.64,8.869999999999997,1.2560623556581985
2009,2,A,Verkort,2,dispq2,Mediaan (Q2),24,R021,19. Financiële onafhankelijkheidsgraad (%),_Z,1,33.24,32.61,0.6300000000000026,1.0193192272309108
2009,2,A,Verkort,2,dispq2,Mediaan (Q2),25,R022,20. Aanschaffingen van materiële vaste activa / Toegevoegde waarde (%),_Z,1,18.54,17.52,1.0199999999999996,1.0582191780821917
2009,2,A,Verkort,2,dispq2,Mediaan (Q2),26,R023,21. Vernieuwingsgraad inzake materiële vaste activa (%),_Z,1,25.16,17.4,7.760000000000002,1.445977011494253
2009,2,A,Verkort,3,dispnb,Aantal ondernemingen,1,R001,1. Brutoverkoopmarge (%),_Z,1,6909.0,51203.0,-44294.0,0.13493349999023493
2009,2,A,Verkort,3,dispnb,Aantal ondernemingen,2,R002,2. Nettoverkoopmarge (%),_Z,1,6909.0,51203.0,-44294.0,0.13493349999023493
2009,2,A,Verkort,3,dispnb,Aantal ondernemingen,3,R003,3. Toegevoegde waarde / Bedrijfsopbrengsten (%),_Z,1,7056.0,52810.0,-45754.0,0.1336110585116455
2009,2,A,Verkort,3,dispnb,Aantal ondernemingen,4,R004,4.Toegevoegde waarde per personeelslid (in EUR),EUR,1,18945.0,119403.0,-100458.0,0.1586643551669556
2009,2,A,Verkort,3,dispnb,Aantal ondernemingen,5,R005,5. Toegevoegde waarde / Bruto materiële vaste activa (%),_Z,1,34707.0,285186.0,-250479.0,0.12169952241694894
2009,2,A,Verkort,3,dispnb,Aantal ondernemingen,6,R006,6. Personeelskosten / Toegevoegde waarde (%),_Z,1,21480.0,133669.0,-112189.0,0.16069544920662232
2009,2,A,Verkort,3,dispnb,Aantal ondernemingen,7,R007,"7. Afschrijvingen, waardeverminderingen en voorzieningen voor risico's en kosten / Toegevoegde waarde (%)",_Z,1,33660.0,262734.0,-229074.0,0.12811436662175432
2009,2,A,Verkort,3,dispnb,Aantal ondernemingen,9,R008A,8. Financiële kosten / Toegevoegde waarde (%),_Z,1,34586.0,272983.0,-238397.0,0.1266965342164164
2009,2,A,Verkort,3,dispnb,Aantal ondernemingen,10,R009,"9. Nettorendabiliteit van het eigen vermogen, na belasting (%)",_Z,1,32230.0,254512.0,-222282.0,0.12663450053435593
2009,2,A,Verkort,3,dispnb,Aantal ondernemingen,11,R010,10. Cashflow / Eigen vermogen (%),_Z,1,32229.0,254513.0,-222284.0,0.12663007390585157
2009,2,A,Verkort,3,dispnb,Aantal ondernemingen,13,R011A,"11. Brutorendabiliteit van het totaal der activa, vóór belasting en financiële kosten (%)",_Z,1,36486.0,304512.0,-268026.0,0.11981793820933165
2009,2,A,Verkort,3,dispnb,Aantal ondernemingen,15,R012A,"12. Nettorendabiliteit van het totaal der activa, vóór belasting en financiële kosten (%)",_Z,1,36486.0,304507.0,-268021.0,0.11981990561793325
2009,2,A,Verkort,3,dispnb,Aantal ondernemingen,16,R013,13. Liquiditeit in ruime zin,_Z,1,38919.0,319080.0,-280161.0,0.12197254606995112
2009,2,A,Verkort,3,dispnb,Aantal ondernemingen,17,R014,14. Liquiditeit in enge zin,_Z,1,38850.0,317800.0,-278950.0,0.1222466960352423
2009,2,A,Verkort,3,dispnb,Aantal ondernemingen,22,R019,17. Aantal dagen klantenkrediet,_Z,1,6050.0,37615.0,-31565.0,0.16084009038947228
2009,2,A,Verkort,3,dispnb,Aantal ondernemingen,23,R020,18. Aantal dagen leverancierskrediet,_Z,1,6486.0,46713.0,-40227.0,0.13884785819793205
2009,2,A,Verkort,3,dispnb,Aantal ondernemingen,24,R021,19. Financiële onafhankelijkheidsgraad (%),_Z,1,39221.0,323078.0,-283857.0,0.12139792867357109
2009,2,A,Verkort,3,dispnb,Aantal ondernemingen,25,R022,20. Aanschaffingen van materiële vaste activa / Toegevoegde waarde (%),_Z,1,28607.0,204604.0,-175997.0,0.13981642587632695
2009,2,A,Verkort,3,dispnb,Aantal ondernemingen,26,R023,21. Vernieuwingsgraad inzake materiële vaste activa (%),_Z,1,26817.0,197451.0,-170634.0,0.13581597459622893
2009,4,T,Volledig + Verkort + Micro,1,dispg,Gewogen gemiddelde,1,R001,1. Brutoverkoopmarge (%),_Z,1,7.89,7.51,0.3799999999999999,1.0505992010652463
2009,4,T,Volledig + Verkort + Micro,1,dispg,Gewogen gemiddelde,2,R002,2. Nettoverkoopmarge (%),_Z,1,10.45,3.85,6.6,2.714285714285714
2009,4,T,Volledig + Verkort + Micro,1,dispg,Gewogen gemiddelde,3,R003,3. Toegevoegde waarde / Bedrijfsopbrengsten (%),_Z,1,25.48,20.85,4.629999999999999,1.222062350119904
2009,4,T,Volledig + Verkort + Micro,1,dispg,Gewogen gemiddelde,4,R004,4.Toegevoegde waarde per personeelslid (in EUR),EUR,1,60929.24,83142.26,-22213.019999999997,0.7328311739421084
2009,4,T,Volledig + Verkort + Micro,1,dispg,Gewogen gemiddelde,5,R005,5. Toegevoegde waarde / Bruto materiële vaste activa (%),_Z,1,30.08,34.8,-4.719999999999999,0.864367816091954
2009,4,T,Volledig + Verkort + Micro,1,dispg,Gewogen gemiddelde,6,R006,6. Personeelskosten / Toegevoegde waarde (%),_Z,1,69.8,62.31,7.489999999999995,1.120205424490451
2009,4,T,Volledig + Verkort + Micro,1,dispg,Gewogen gemiddelde,7,R007,"7. Afschrijvingen, waardeverminderingen en voorzieningen voor risico's en kosten / Toegevoegde waarde (%)",_Z,1,18.3,20.04,-1.7399999999999984,0.9131736526946108
2009,4,T,Volledig + Verkort + Micro,1,dispg,Gewogen gemiddelde,9,R008A,8. Financiële kosten / Toegevoegde waarde (%),_Z,1,19.62,35.05,-15.429999999999996,0.5597717546362341
2009,4,T,Volledig + Verkort + Micro,1,dispg,Gewogen gemiddelde,10,R009,"9. Nettorendabiliteit van het eigen vermogen, na belasting (%)",_Z,1,5.44,5.91,-0.46999999999999975,0.9204737732656515
2009,4,T,Volledig + Verkort + Micro,1,dispg,Gewogen gemiddelde,11,R010,10. Cashflow / Eigen vermogen (%),_Z,1,3.64,9.59,-5.949999999999999,0.3795620437956205
2009,4,T,Volledig + Verkort + Micro,1,dispg,Gewogen gemiddelde,13,R011A,"11. Brutorendabiliteit van het totaal der activa, vóór belasting en financiële kosten (%)",_Z,1,6.44,8.3,-1.8600000000000003,0.7759036144578313
2009,4,T,Volledig + Verkort + Micro,1,dispg,Gewogen gemiddelde,15,R012A,"12. Nettorendabiliteit van het totaal der activa, vóór belasting en financiële kosten (%)",_Z,1,7.34,6.35,0.9900000000000002,1.1559055118110237
2009,4,T,Volledig + Verkort + Micro,1,dispg,Gewogen gemiddelde,16,R013,13. Liquiditeit in ruime zin,_Z,1,1.38,1.34,0.039999999999999813,1.0298507462686566
2009,4,T,Volledig + Verkort + Micro,1,dispg,Gewogen gemiddelde,17,R014,14. Liquiditeit in enge zin,_Z,1,0.99,1.24,-0.25,0.7983870967741935
2009,4,T,Volledig + Verkort + Micro,1,dispg,Gewogen gemiddelde,22,R019,17. Aantal dagen klantenkrediet,_Z,1,87.93,66.14,21.790000000000006,1.3294526761415182
2009,4,T,Volledig + Verkort + Micro,1,dispg,Gewogen gemiddelde,23,R020,18. Aantal dagen leverancierskrediet,_Z,1,95.92,68.99,26.930000000000007,1.3903464270184085
2009,4,T,Volledig + Verkort + Micro,1,dispg,Gewogen gemiddelde,24,R021,19. Financiële onafhankelijkheidsgraad (%),_Z,1,49.09,52.79,-3.6999999999999957,0.9299109679863611
2009,4,T,Volledig + Verkort + Micro,1,dispg,Gewogen gemiddelde,25,R022,20. Aanschaffingen van materiële vaste activa / Toegevoegde waarde (%),_Z,1,36.23,27.56,8.669999999999998,1.3145863570391871
2009,4,T,Volledig + Verkort + Micro,1,dispg,Gewogen gemiddelde,26,R023,21. Vernieuwingsgraad inzake materiële vaste activa (%),_Z,1,19.16,19.77,-0.6099999999999994,0.9691451694486596
2009,4,T,Volledig + Verkort + Micro,2,dispq2,Mediaan (Q2),1,R001,1. Brutoverkoopmarge (%),_Z,1,9.34,9.76,-0.41999999999999993,0.9569672131147541
2009,4,T,Volledig + Verkort + Micro,2,dispq2,Mediaan (Q2),2,R002,2. Nettoverkoopmarge (%),_Z,1,3.7,3.6,0.10000000000000009,1.027777777777778
2009,4,T,Volledig + Verkort + Micro,2,dispq2,Mediaan (Q2),3,R003,3. Toegevoegde waarde / Bedrijfsopbrengsten (%),_Z,1,25.91,25.84,0.07000000000000028,1.0027089783281733
2009,4,T,Volledig + Verkort + Micro,2,dispq2,Mediaan (Q2),4,R004,4.Toegevoegde waarde per personeelslid (in EUR),EUR,1,54119.14,60023.95,-5904.809999999998,0.9016257677143874
2009,4,T,Volledig + Verkort + Micro,2,dispq2,Mediaan (Q2),5,R005,5. Toegevoegde waarde / Bruto materiële vaste activa (%),_Z,1,46.78,29.84,16.94,1.5676943699731904
2009,4,T,Volledig + Verkort + Micro,2,dispq2,Mediaan (Q2),6,R006,6. Personeelskosten / Toegevoegde waarde (%),_Z,1,64.35,59.2,5.1499999999999915,1.0869932432432432
2009,4,T,Volledig + Verkort + Micro,2,dispq2,Mediaan (Q2),7,R007,"7. Afschrijvingen, waardeverminderingen en voorzieningen voor risico's en kosten / Toegevoegde waarde (%)",_Z,1,22.68,27.07,-4.390000000000001,0.8378278537125969
2009,4,T,Volledig + Verkort + Micro,2,dispq2,Mediaan (Q2),9,R008A,8. Financiële kosten / Toegevoegde waarde (%),_Z,1,5.09,6.95,-1.8600000000000003,0.7323741007194244
2009,4,T,Volledig + Verkort + Micro,2,dispq2,Mediaan (Q2),10,R009,"9. Nettorendabiliteit van het eigen vermogen, na belasting (%)",_Z,1,8.64,7.34,1.3000000000000007,1.1771117166212535
2009,4,T,Volledig + Verkort + Micro,2,dispq2,Mediaan (Q2),11,R010,10. Cashflow / Eigen vermogen (%),_Z,1,30.92,24.97,5.950000000000003,1.2382859431317583
2009,4,T,Volledig + Verkort + Micro,2,dispq2,Mediaan (Q2),13,R011A,"11. Brutorendabiliteit van het totaal der activa, vóór belasting en financiële kosten (%)",_Z,1,14.29,11.84,2.4499999999999993,1.2069256756756757
2009,4,T,Volledig + Verkort + Micro,2,dispq2,Mediaan (Q2),15,R012A,"12. Nettorendabiliteit van het totaal der activa, vóór belasting en financiële kosten (%)",_Z,1,5.86,5.07,0.79,1.155818540433925
2009,4,T,Volledig + Verkort + Micro,2,dispq2,Mediaan (Q2),16,R013,13. Liquiditeit in ruime zin,_Z,1,1.42,1.28,0.1399999999999999,1.109375
2009,4,T,Volledig + Verkort + Micro,2,dispq2,Mediaan (Q2),17,R014,14. Liquiditeit in enge zin,_Z,1,1.18,1.04,0.1399999999999999,1.1346153846153846
2009,4,T,Volledig + Verkort + Micro,2,dispq2,Mediaan (Q2),22,R019,17. Aantal dagen klantenkrediet,_Z,1,54.6,50.95,3.6499999999999986,1.071638861629048
2009,4,T,Volledig + Verkort + Micro,2,dispq2,Mediaan (Q2),23,R020,18. Aantal dagen leverancierskrediet,_Z,1,50.81,45.08,5.730000000000004,1.1271073646850045
2009,4,T,Volledig + Verkort + Micro,2,dispq2,Mediaan (Q2),24,R021,19. Financiële onafhankelijkheidsgraad (%),_Z,1,33.05,32.86,0.18999999999999773,1.0057821059038343
2009,4,T,Volledig + Verkort + Micro,2,dispq2,Mediaan (Q2),25,R022,20. Aanschaffingen van materiële vaste activa / Toegevoegde waarde (%),_Z,1,17.81,16.34,1.4699999999999989,1.0899632802937576
2009,4,T,Volledig + Verkort + Micro,2,dispq2,Mediaan (Q2),26,R023,21. Vernieuwingsgraad inzake materiële vaste activa (%),_Z,1,25.04,17.32,7.719999999999999,1.4457274826789837
2009,4,T,Volledig + Verkort + Micro,3,dispnb,Aantal ondernemingen,1,R001,1. Brutoverkoopmarge (%),_Z,1,8127.0,68735.0,-60608.0,0.11823670619044155
2009,4,T,Volledig + Verkort + Micro,3,dispnb,Aantal ondernemingen,2,R002,2. Nettoverkoopmarge (%),_Z,1,8127.0,68736.0,-60609.0,0.11823498603351955
2009,4,T,Volledig + Verkort + Micro,3,dispnb,Aantal ondernemingen,3,R003,3. Toegevoegde waarde / Bedrijfsopbrengsten (%),_Z,1,8378.0,71728.0,-63350.0,0.11680236448806602
2009,4,T,Volledig + Verkort + Micro,3,dispnb,Aantal ondernemingen,4,R004,4.Toegevoegde waarde per personeelslid (in EUR),EUR,1,19891.0,133564.0,-113673.0,0.14892485999221347
2009,4,T,Volledig + Verkort + Micro,3,dispnb,Aantal ondernemingen,5,R005,5. Toegevoegde waarde / Bruto materiële vaste activa (%),_Z,1,35881.0,302103.0,-266222.0,0.11877075037321708
2009,4,T,Volledig + Verkort + Micro,3,dispnb,Aantal ondernemingen,6,R006,6. Personeelskosten / Toegevoegde waarde (%),_Z,1,22435.0,148086.0,-125651.0,0.15149980416784842
2009,4,T,Volledig + Verkort + Micro,3,dispnb,Aantal ondernemingen,7,R007,"7. Afschrijvingen, waardeverminderingen en voorzieningen voor risico's en kosten / Toegevoegde waarde (%)",_Z,1,34761.0,278897.0,-244136.0,0.12463741094382513
2009,4,T,Volledig + Verkort + Micro,3,dispnb,Aantal ondernemingen,9,R008A,8. Financiële kosten / Toegevoegde waarde (%),_Z,1,35786.0,290255.0,-254469.0,0.12329158843086252
2009,4,T,Volledig + Verkort + Micro,3,dispnb,Aantal ondernemingen,10,R009,"9. Nettorendabiliteit van het eigen vermogen, na belasting (%)",_Z,1,33506.0,272577.0,-239071.0,0.12292306394156513
2009,4,T,Volledig + Verkort + Micro,3,dispnb,Aantal ondernemingen,11,R010,10. Cashflow / Eigen vermogen (%),_Z,1,33505.0,272579.0,-239074.0,0.12291849335422024
2009,4,T,Volledig + Verkort + Micro,3,dispnb,Aantal ondernemingen,13,R011A,"11. Brutorendabiliteit van het totaal der activa, vóór belasting en financiële kosten (%)",_Z,1,37903.0,324589.0,-286686.0,0.11677228741577811
2009,4,T,Volledig + Verkort + Micro,3,dispnb,Aantal ondernemingen,15,R012A,"12. Nettorendabiliteit van het totaal der activa, vóór belasting en financiële kosten (%)",_Z,1,37903.0,324585.0,-286682.0,0.11677372645069858
2009,4,T,Volledig + Verkort + Micro,3,dispnb,Aantal ondernemingen,16,R013,13. Liquiditeit in ruime zin,_Z,1,40369.0,339837.0,-299468.0,0.11878930193004293
2009,4,T,Volledig + Verkort + Micro,3,dispnb,Aantal ondernemingen,17,R014,14. Liquiditeit in enge zin,_Z,1,40290.0,338461.0,-298171.0,0.11903882574358642
2009,4,T,Volledig + Verkort + Micro,3,dispnb,Aantal ondernemingen,22,R019,17. Aantal dagen klantenkrediet,_Z,1,7170.0,53629.0,-46459.0,0.13369632102034348
2009,4,T,Volledig + Verkort + Micro,3,dispnb,Aantal ondernemingen,23,R020,18. Aantal dagen leverancierskrediet,_Z,1,7858.0,65947.0,-58089.0,0.11915629217401853
2009,4,T,Volledig + Verkort + Micro,3,dispnb,Aantal ondernemingen,24,R021,19. Financiële onafhankelijkheidsgraad (%),_Z,1,40677.0,343952.0,-303275.0,0.11826359492022143
2009,4,T,Volledig + Verkort + Micro,3,dispnb,Aantal ondernemingen,25,R022,20. Aanschaffingen van materiële vaste activa / Toegevoegde waarde (%),_Z,1,29534.0,217852.0,-188318.0,0.13556910195912822
2009,4,T,Volledig + Verkort + Micro,3,dispnb,Aantal ondernemingen,26,R023,21. Vernieuwingsgraad inzake materiële vaste activa (%),_Z,1,27746.0,210633.0,-182887.0,0.13172674747071922
2010,1,C,Volledig,1,dispg,Gewogen gemiddelde,2,R002,2. Nettoverkoopmarge (%),_Z,1,4.11,3.99,0.1200000000000001,1.0300751879699248
2010,1,C,Volledig,1,dispg,Gewogen gemiddelde,3,R003,3. Toegevoegde waarde / Bedrijfsopbrengsten (%),_Z,1,24.49,19.97,4.52,1.2263395092638958
2010,1,C,Volledig,1,dispg,Gewogen gemiddelde,4,R004,4.Toegevoegde waarde per personeelslid (in EUR),EUR,1,69086.31,97423.19,-28336.880000000005,0.7091361923172501
2010,1,C,Volledig,1,dispg,Gewogen gemiddelde,5,R005,5. Toegevoegde waarde / Bruto materiële vaste activa (%),_Z,1,20.08,36.6,-16.520000000000003,0.5486338797814208
2010,1,C,Volledig,1,dispg,Gewogen gemiddelde,6,R006,6. Personeelskosten / Toegevoegde waarde (%),_Z,1,72.34,59.67,12.670000000000002,1.2123345064521536
2010,1,C,Volledig,1,dispg,Gewogen gemiddelde,7,R007,"7. Afschrijvingen, waardeverminderingen en voorzieningen voor risico's en kosten / Toegevoegde waarde (%)",_Z,1,20.04,18.71,1.3299999999999983,1.0710849812934258
2010,1,C,Volledig,1,dispg,Gewogen gemiddelde,8,R008C,8. Kosten van de schulden / Toegevoegde waarde (%),_Z,1,5.88,15.06,-9.18,0.3904382470119522
2010,1,C,Volledig,1,dispg,Gewogen gemiddelde,10,R009,"9. Nettorendabiliteit van het eigen vermogen, na belasting (%)",_Z,1,3.92,4.79,-0.8700000000000001,0.8183716075156576
2010,1,C,Volledig,1,dispg,Gewogen gemiddelde,11,R010,10. Cashflow / Eigen vermogen (%),_Z,1,7.2,8.36,-1.1599999999999993,0.861244019138756
2010,1,C,Volledig,1,dispg,Gewogen gemiddelde,12,R011C,"11. Brutorendabiliteit van het totaal der activa, vóór belasting en kosten van schulden (%)",_Z,1,5.41,5.85,-0.4399999999999995,0.9247863247863248
2010,1,C,Volledig,1,dispg,Gewogen gemiddelde,14,R012C,"12. Nettorendabiliteit van het totaal der activa, vóór belasting en kosten van schulden (%)",_Z,1,3.54,3.94,-0.3999999999999999,0.8984771573604061
2010,1,C,Volledig,1,dispg,Gewogen gemiddelde,16,R013,13. Liquiditeit in ruime zin,_Z,1,1.38,1.33,0.04999999999999982,1.0375939849624058
2010,1,C,Volledig,1,dispg,Gewogen gemiddelde,17,R014,14. Liquiditeit in enge zin,_Z,1,1.04,1.23,-0.18999999999999995,0.8455284552845529
2010,1,C,Volledig,1,dispg,Gewogen gemiddelde,18,R015,"15.1 Rotatie van de voorraad handelsgoederen, grond- en hulpstoffen (voor alle sectoren uitgezonderd de bouwnijverheid)",_Z,1,,10.93,,
2010,1,C,Volledig,1,dispg,Gewogen gemiddelde,19,R016,"15.2 Rotatie van de voorraad handelsgoederen, grond- en hulpstoffen (enkel voor de sector van de bouwnijverheid)",_Z,1,20.45,12.46,7.989999999999998,1.6412520064205456
2010,1,C,Volledig,1,dispg,Gewogen gemiddelde,20,R017,16.1 Rotatie van de voorraad goederen in bewerking en gereed product (voor alle sectoren uitgezonderd de bouwnijverheid),_Z,1,,35.97,,
2010,1,C,Volledig,1,dispg,Gewogen gemiddelde,21,R018,16.2 Rotatie van de voorraad goederen in bewerking en gereed product (enkel voor de sector van de bouwnijverheid),_Z,1,5.0,28.83,-23.83,0.1734304543877905
2010,1,C,Volledig,1,dispg,Gewogen gemiddelde,22,R019,17. Aantal dagen klantenkrediet,_Z,1,82.02,58.18,23.839999999999996,1.409762805087659
2010,1,C,Volledig,1,dispg,Gewogen gemiddelde,23,R020,18. Aantal dagen leverancierskrediet,_Z,1,86.18,59.46,26.720000000000006,1.4493777329297006
2010,1,C,Volledig,1,dispg,Gewogen gemiddelde,24,R021,19. Financiële onafhankelijkheidsgraad (%),_Z,1,56.61,53.74,2.8699999999999974,1.0534052847041309
2010,1,C,Volledig,1,dispg,Gewogen gemiddelde,25,R022,20. Aanschaffingen van materiële vaste activa / Toegevoegde waarde (%),_Z,1,42.33,21.7,20.63,1.9506912442396314
2010,1,C,Volledig,1,dispg,Gewogen gemiddelde,26,R023,21. Vernieuwingsgraad inzake materiële vaste activa (%),_Z,1,12.95,17.24,-4.289999999999999,0.7511600928074246
2010,1,C,Volledig,2,dispq2,Mediaan (Q2),2,R002,2. Nettoverkoopmarge (%),_Z,1,3.33,3.45,-0.1200000000000001,0.9652173913043478
2010,1,C,Volledig,2,dispq2,Mediaan (Q2),3,R003,3. Toegevoegde waarde / Bedrijfsopbrengsten (%),_Z,1,29.18,28.37,0.8099999999999987,1.0285512865703208
2010,1,C,Volledig,2,dispq2,Mediaan (Q2),4,R004,4.Toegevoegde waarde per personeelslid (in EUR),EUR,1,60041.07,77059.26,-17018.189999999995,0.7791545104378111
2010,1,C,Volledig,2,dispq2,Mediaan (Q2),5,R005,5. Toegevoegde waarde / Bruto materiële vaste activa (%),_Z,1,80.96,62.7,18.25999999999999,1.2912280701754384
2010,1,C,Volledig,2,dispq2,Mediaan (Q2),6,R006,6. Personeelskosten / Toegevoegde waarde (%),_Z,1,76.83,69.99,6.840000000000003,1.0977282468924132
2010,1,C,Volledig,2,dispq2,Mediaan (Q2),7,R007,"7. Afschrijvingen, waardeverminderingen en voorzieningen voor risico's en kosten / Toegevoegde waarde (%)",_Z,1,8.9,10.57,-1.67,0.8420056764427626
2010,1,C,Volledig,2,dispq2,Mediaan (Q2),8,R008C,8. Kosten van de schulden / Toegevoegde waarde (%),_Z,1,2.24,3.12,-0.8799999999999999,0.717948717948718
2010,1,C,Volledig,2,dispq2,Mediaan (Q2),10,R009,"9. Nettorendabiliteit van het eigen vermogen, na belasting (%)",_Z,1,6.58,6.58,0.0,1.0
2010,1,C,Volledig,2,dispq2,Mediaan (Q2),11,R010,10. Cashflow / Eigen vermogen (%),_Z,1,17.9,15.51,2.389999999999999,1.154094132817537
2010,1,C,Volledig,2,dispq2,Mediaan (Q2),12,R011C,"11. Brutorendabiliteit van het totaal der activa, vóór belasting en kosten van schulden (%)",_Z,1,6.94,7.11,-0.16999999999999993,0.9760900140646976
2010,1,C,Volledig,2,dispq2,Mediaan (Q2),14,R012C,"12. Nettorendabiliteit van het totaal der activa, vóór belasting en kosten van schulden (%)",_Z,1,3.49,3.94,-0.44999999999999973,0.8857868020304569
2010,1,C,Volledig,2,dispq2,Mediaan (Q2),16,R013,13. Liquiditeit in ruime zin,_Z,1,1.32,1.32,0.0,1.0
2010,1,C,Volledig,2,dispq2,Mediaan (Q2),17,R014,14. Liquiditeit in enge zin,_Z,1,1.07,1.11,-0.040000000000000036,0.9639639639639639
2010,1,C,Volledig,2,dispq2,Mediaan (Q2),18,R015,"15.1 Rotatie van de voorraad handelsgoederen, grond- en hulpstoffen (voor alle sectoren uitgezonderd de bouwnijverheid)",_Z,1,,7.54,,
2010,1,C,Volledig,2,dispq2,Mediaan (Q2),19,R016,"15.2 Rotatie van de voorraad handelsgoederen, grond- en hulpstoffen (enkel voor de sector van de bouwnijverheid)",_Z,1,29.57,29.57,0.0,1.0
2010,1,C,Volledig,2,dispq2,Mediaan (Q2),20,R017,16.1 Rotatie van de voorraad goederen in bewerking en gereed product (voor alle sectoren uitgezonderd de bouwnijverheid),_Z,1,,19.38,,
2010,1,C,Volledig,2,dispq2,Mediaan (Q2),21,R018,16.2 Rotatie van de voorraad goederen in bewerking en gereed product (enkel voor de sector van de bouwnijverheid),_Z,1,14.52,14.52,0.0,1.0
2010,1,C,Volledig,2,dispq2,Mediaan (Q2),22,R019,17. Aantal dagen klantenkrediet,_Z,1,70.03,54.6,15.43,1.2826007326007325
2010,1,C,Volledig,2,dispq2,Mediaan (Q2),23,R020,18. Aantal dagen leverancierskrediet,_Z,1,73.15,60.19,12.960000000000008,1.2153181591626518
2010,1,C,Volledig,2,dispq2,Mediaan (Q2),24,R021,19. Financiële onafhankelijkheidsgraad (%),_Z,1,30.32,36.37,-6.049999999999997,0.8336541105306572
2010,1,C,Volledig,2,dispq2,Mediaan (Q2),25,R022,20. Aanschaffingen van materiële vaste activa / Toegevoegde waarde (%),_Z,1,6.05,5.71,0.33999999999999986,1.0595446584938704
2010,1,C,Volledig,2,dispq2,Mediaan (Q2),26,R023,21. Vernieuwingsgraad inzake materiële vaste activa (%),_Z,1,22.19,17.35,4.84,1.2789625360230548
2010,1,C,Volledig,3,dispnb,Aantal ondernemingen,2,R002,2. Nettoverkoopmarge (%),_Z,1,1453.0,20054.0,-18601.0,0.07245437319238057
2010,1,C,Volledig,3,dispnb,Aantal ondernemingen,3,R003,3. Toegevoegde waarde / Bedrijfsopbrengsten (%),_Z,1,1474.0,20104.0,-18630.0,0.07331874253879825
2010,1,C,Volledig,3,dispnb,Aantal ondernemingen,4,R004,4.Toegevoegde waarde per personeelslid (in EUR),EUR,1,1016.0,14757.0,-13741.0,0.06884868198143254
2010,1,C,Volledig,3,dispnb,Aantal ondernemingen,5,R005,5. Toegevoegde waarde / Bruto materiële vaste activa (%),_Z,1,1285.0,17879.0,-16594.0,0.07187202863694837
2010,1,C,Volledig,3,dispnb,Aantal ondernemingen,6,R006,6. Personeelskosten / Toegevoegde waarde (%),_Z,1,1028.0,15066.0,-14038.0,0.06823310765963096
2010,1,C,Volledig,3,dispnb,Aantal ondernemingen,7,R007,"7. Afschrijvingen, waardeverminderingen en voorzieningen voor risico's en kosten / Toegevoegde waarde (%)",_Z,1,1212.0,17096.0,-15884.0,0.07089377632194666
2010,1,C,Volledig,3,dispnb,Aantal ondernemingen,8,R008C,8. Kosten van de schulden / Toegevoegde waarde (%),_Z,1,1220.0,16143.0,-14923.0,0.07557455243758905
2010,1,C,Volledig,3,dispnb,Aantal ondernemingen,10,R009,"9. Nettorendabiliteit van het eigen vermogen, na belasting (%)",_Z,1,1401.0,19150.0,-17749.0,0.07315926892950392
2010,1,C,Volledig,3,dispnb,Aantal ondernemingen,11,R010,10. Cashflow / Eigen vermogen (%),_Z,1,1401.0,19149.0,-17748.0,0.07316308945636849
2010,1,C,Volledig,3,dispnb,Aantal ondernemingen,12,R011C,"11. Brutorendabiliteit van het totaal der activa, vóór belasting en kosten van schulden (%)",_Z,1,1565.0,21239.0,-19674.0,0.07368520175149489
2010,1,C,Volledig,3,dispnb,Aantal ondernemingen,14,R012C,"12. Nettorendabiliteit van het totaal der activa, vóór belasting en kosten van schulden (%)",_Z,1,1565.0,21237.0,-19672.0,0.07369214107453972
2010,1,C,Volledig,3,dispnb,Aantal ondernemingen,16,R013,13. Liquiditeit in ruime zin,_Z,1,1605.0,21947.0,-20342.0,0.07313072401694992
2010,1,C,Volledig,3,dispnb,Aantal ondernemingen,17,R014,14. Liquiditeit in enge zin,_Z,1,1592.0,21852.0,-20260.0,0.07285374336445177
2010,1,C,Volledig,3,dispnb,Aantal ondernemingen,18,R015,"15.1 Rotatie van de voorraad handelsgoederen, grond- en hulpstoffen (voor alle sectoren uitgezonderd de bouwnijverheid)",_Z,1,,7361.0,,
2010,1,C,Volledig,3,dispnb,Aantal ondernemingen,19,R016,"15.2 Rotatie van de voorraad handelsgoederen, grond- en hulpstoffen (enkel voor de sector van de bouwnijverheid)",_Z,1,728.0,728.0,0.0,1.0
2010,1,C,Volledig,3,dispnb,Aantal ondernemingen,20,R017,16.1 Rotatie van de voorraad goederen in bewerking en gereed product (voor alle sectoren uitgezonderd de bouwnijverheid),_Z,1,,2165.0,,
2010,1,C,Volledig,3,dispnb,Aantal ondernemingen,21,R018,16.2 Rotatie van de voorraad goederen in bewerking en gereed product (enkel voor de sector van de bouwnijverheid),_Z,1,631.0,631.0,0.0,1.0
2010,1,C,Volledig,3,dispnb,Aantal ondernemingen,22,R019,17. Aantal dagen klantenkrediet,_Z,1,1306.0,17766.0,-16460.0,0.07351120117077564
2010,1,C,Volledig,3,dispnb,Aantal ondernemingen,23,R020,18. Aantal dagen leverancierskrediet,_Z,1,1519.0,20398.0,-18879.0,0.07446808510638298
2010,1,C,Volledig,3,dispnb,Aantal ondernemingen,24,R021,19. Financiële onafhankelijkheidsgraad (%),_Z,1,1613.0,22080.0,-20467.0,0.07305253623188405
2010,1,C,Volledig,3,dispnb,Aantal ondernemingen,25,R022,20. Aanschaffingen van materiële vaste activa / Toegevoegde waarde (%),_Z,1,1028.0,13981.0,-12953.0,0.07352835991703026
2010,1,C,Volledig,3,dispnb,Aantal ondernemingen,26,R023,21. Vernieuwingsgraad inzake materiële vaste activa (%),_Z,1,1027.0,13854.0,-12827.0,0.07413021510033203
2010,2,A,Verkort,1,dispg,Gewogen gemiddelde,1,R001,1. Brutoverkoopmarge (%),_Z,1,10.27,10.97,-0.7000000000000011,0.9361896080218778
2010,2,A,Verkort,1,dispg,Gewogen gemiddelde,2,R002,2. Nettoverkoopmarge (%),_Z,1,5.1,5.45,-0.35000000000000053,0.9357798165137614
2010,2,A,Verkort,1,dispg,Gewogen gemiddelde,3,R003,3. Toegevoegde waarde / Bedrijfsopbrengsten (%),_Z,1,29.27,24.98,4.289999999999999,1.1717373899119294
2010,2,A,Verkort,1,dispg,Gewogen gemiddelde,4,R004,4.Toegevoegde waarde per personeelslid (in EUR),EUR,1,55669.07,62401.69,-6732.620000000003,0.8921083707829066
2010,2,A,Verkort,1,dispg,Gewogen gemiddelde,5,R005,5. Toegevoegde waarde / Bruto materiële vaste activa (%),_Z,1,47.34,30.54,16.800000000000004,1.5500982318271121
2010,2,A,Verkort,1,dispg,Gewogen gemiddelde,6,R006,6. Personeelskosten / Toegevoegde waarde (%),_Z,1,66.88,60.95,5.929999999999993,1.097292863002461
2010,2,A,Verkort,1,dispg,Gewogen gemiddelde,7,R007,"7. Afschrijvingen, waardeverminderingen en voorzieningen voor risico's en kosten / Toegevoegde waarde (%)",_Z,1,18.35,23.37,-5.02,0.7851946940522037
2010,2,A,Verkort,1,dispg,Gewogen gemiddelde,9,R008A,8. Financiële kosten / Toegevoegde waarde (%),_Z,1,7.47,10.98,-3.5100000000000007,0.680327868852459
2010,2,A,Verkort,1,dispg,Gewogen gemiddelde,10,R009,"9. Nettorendabiliteit van het eigen vermogen, na belasting (%)",_Z,1,9.01,7.97,1.04,1.1304893350062735
2010,2,A,Verkort,1,dispg,Gewogen gemiddelde,11,R010,10. Cashflow / Eigen vermogen (%),_Z,1,25.19,18.04,7.150000000000002,1.3963414634146343
2010,2,A,Verkort,1,dispg,Gewogen gemiddelde,13,R011A,"11. Brutorendabiliteit van het totaal der activa, vóór belasting en financiële kosten (%)",_Z,1,12.01,10.75,1.2599999999999998,1.1172093023255814
2010,2,A,Verkort,1,dispg,Gewogen gemiddelde,15,R012A,"12. Nettorendabiliteit van het totaal der activa, vóór belasting en financiële kosten (%)",_Z,1,6.7,6.55,0.15000000000000036,1.0229007633587788
2010,2,A,Verkort,1,dispg,Gewogen gemiddelde,16,R013,13. Liquiditeit in ruime zin,_Z,1,1.34,1.24,0.10000000000000009,1.0806451612903227
2010,2,A,Verkort,1,dispg,Gewogen gemiddelde,17,R014,14. Liquiditeit in enge zin,_Z,1,0.94,1.0,-0.06000000000000005,0.94
2010,2,A,Verkort,1,dispg,Gewogen gemiddelde,22,R019,17. Aantal dagen klantenkrediet,_Z,1,66.72,51.83,14.89,1.2872853559714452
2010,2,A,Verkort,1,dispg,Gewogen gemiddelde,23,R020,18. Aantal dagen leverancierskrediet,_Z,1,67.31,63.62,3.690000000000005,1.058000628733103
2010,2,A,Verkort,1,dispg,Gewogen gemiddelde,24,R021,19. Financiële onafhankelijkheidsgraad (%),_Z,1,32.45,41.59,-9.14,0.780235633565761
2010,2,A,Verkort,1,dispg,Gewogen gemiddelde,25,R022,20. Aanschaffingen van materiële vaste activa / Toegevoegde waarde (%),_Z,1,27.67,37.55,-9.879999999999995,0.7368841544607191
2010,2,A,Verkort,1,dispg,Gewogen gemiddelde,26,R023,21. Vernieuwingsgraad inzake materiële vaste activa (%),_Z,1,26.48,19.72,6.760000000000002,1.3427991886409738
2010,2,A,Verkort,2,dispq2,Mediaan (Q2),1,R001,1. Brutoverkoopmarge (%),_Z,1,9.87,11.82,-1.950000000000001,0.8350253807106598
2010,2,A,Verkort,2,dispq2,Mediaan (Q2),2,R002,2. Nettoverkoopmarge (%),_Z,1,3.82,4.18,-0.3599999999999999,0.9138755980861244
2010,2,A,Verkort,2,dispq2,Mediaan (Q2),3,R003,3. Toegevoegde waarde / Bedrijfsopbrengsten (%),_Z,1,24.22,25.37,-1.1500000000000021,0.9546708711076073
2010,2,A,Verkort,2,dispq2,Mediaan (Q2),4,R004,4.Toegevoegde waarde per personeelslid (in EUR),EUR,1,54287.74,60190.59,-5902.8499999999985,0.901930683849419
2010,2,A,Verkort,2,dispq2,Mediaan (Q2),5,R005,5. Toegevoegde waarde / Bruto materiële vaste activa (%),_Z,1,43.88,28.44,15.440000000000001,1.5428973277074542
2010,2,A,Verkort,2,dispq2,Mediaan (Q2),6,R006,6. Personeelskosten / Toegevoegde waarde (%),_Z,1,62.64,56.48,6.160000000000004,1.1090651558073654
2010,2,A,Verkort,2,dispq2,Mediaan (Q2),7,R007,"7. Afschrijvingen, waardeverminderingen en voorzieningen voor risico's en kosten / Toegevoegde waarde (%)",_Z,1,23.91,28.13,-4.219999999999999,0.8499822253821543
2010,2,A,Verkort,2,dispq2,Mediaan (Q2),9,R008A,8. Financiële kosten / Toegevoegde waarde (%),_Z,1,5.06,6.67,-1.6100000000000003,0.7586206896551724
2010,2,A,Verkort,2,dispq2,Mediaan (Q2),10,R009,"9. Nettorendabiliteit van het eigen vermogen, na belasting (%)",_Z,1,8.6,8.1,0.5,1.0617283950617284
2010,2,A,Verkort,2,dispq2,Mediaan (Q2),11,R010,10. Cashflow / Eigen vermogen (%),_Z,1,31.35,26.66,4.690000000000001,1.1759189797449363
2010,2,A,Verkort,2,dispq2,Mediaan (Q2),13,R011A,"11. Brutorendabiliteit van het totaal der activa, vóór belasting en financiële kosten (%)",_Z,1,14.6,12.48,2.119999999999999,1.1698717948717947
2010,2,A,Verkort,2,dispq2,Mediaan (Q2),15,R012A,"12. Nettorendabiliteit van het totaal der activa, vóór belasting en financiële kosten (%)",_Z,1,5.9,5.39,0.5100000000000007,1.0946196660482377
2010,2,A,Verkort,2,dispq2,Mediaan (Q2),16,R013,13. Liquiditeit in ruime zin,_Z,1,1.42,1.26,0.15999999999999992,1.126984126984127
2010,2,A,Verkort,2,dispq2,Mediaan (Q2),17,R014,14. Liquiditeit in enge zin,_Z,1,1.2,1.03,0.16999999999999993,1.1650485436893203
2010,2,A,Verkort,2,dispq2,Mediaan (Q2),22,R019,17. Aantal dagen klantenkrediet,_Z,1,49.38,43.69,5.690000000000005,1.1302357518883042
2010,2,A,Verkort,2,dispq2,Mediaan (Q2),23,R020,18. Aantal dagen leverancierskrediet,_Z,1,43.03,33.84,9.189999999999998,1.2715721040189125
2010,2,A,Verkort,2,dispq2,Mediaan (Q2),24,R021,19. Financiële onafhankelijkheidsgraad (%),_Z,1,33.04,32.21,0.8299999999999983,1.0257683949084135
2010,2,A,Verkort,2,dispq2,Mediaan (Q2),25,R022,20. Aanschaffingen van materiële vaste activa / Toegevoegde waarde (%),_Z,1,17.81,17.04,0.7699999999999996,1.04518779342723
2010,2,A,Verkort,2,dispq2,Mediaan (Q2),26,R023,21. Vernieuwingsgraad inzake materiële vaste activa (%),_Z,1,24.24,17.39,6.849999999999998,1.3939045428407129
2010,2,A,Verkort,3,dispnb,Aantal ondernemingen,1,R001,1. Brutoverkoopmarge (%),_Z,1,6287.0,46991.0,-40704.0,0.1337915771105105
2010,2,A,Verkort,3,dispnb,Aantal ondernemingen,2,R002,2. Nettoverkoopmarge (%),_Z,1,6287.0,46991.0,-40704.0,0.1337915771105105
2010,2,A,Verkort,3,dispnb,Aantal ondernemingen,3,R003,3. Toegevoegde waarde / Bedrijfsopbrengsten (%),_Z,1,6446.0,48551.0,-42105.0,0.13276760519865707
2010,2,A,Verkort,3,dispnb,Aantal ondernemingen,4,R004,4.Toegevoegde waarde per personeelslid (in EUR),EUR,1,18888.0,117279.0,-98391.0,0.16105185071496175
2010,2,A,Verkort,3,dispnb,Aantal ondernemingen,5,R005,5. Toegevoegde waarde / Bruto materiële vaste activa (%),_Z,1,35683.0,291267.0,-255584.0,0.12250958742322336
2010,2,A,Verkort,3,dispnb,Aantal ondernemingen,6,R006,6. Personeelskosten / Toegevoegde waarde (%),_Z,1,21336.0,131400.0,-110064.0,0.1623744292237443
2010,2,A,Verkort,3,dispnb,Aantal ondernemingen,7,R007,"7. Afschrijvingen, waardeverminderingen en voorzieningen voor risico's en kosten / Toegevoegde waarde (%)",_Z,1,34144.0,268196.0,-234052.0,0.12730987785052722
2010,2,A,Verkort,3,dispnb,Aantal ondernemingen,9,R008A,8. Financiële kosten / Toegevoegde waarde (%),_Z,1,35182.0,279220.0,-244038.0,0.12600100279349616
2010,2,A,Verkort,3,dispnb,Aantal ondernemingen,10,R009,"9. Nettorendabiliteit van het eigen vermogen, na belasting (%)",_Z,1,33046.0,259968.0,-226922.0,0.12711564500246184
2010,2,A,Verkort,3,dispnb,Aantal ondernemingen,11,R010,10. Cashflow / Eigen vermogen (%),_Z,1,33046.0,259971.0,-226925.0,0.12711417811986722
2010,2,A,Verkort,3,dispnb,Aantal ondernemingen,13,R011A,"11. Brutorendabiliteit van het totaal der activa, vóór belasting en financiële kosten (%)",_Z,1,37532.0,311210.0,-273678.0,0.12060023778156229
2010,2,A,Verkort,3,dispnb,Aantal ondernemingen,15,R012A,"12. Nettorendabiliteit van het totaal der activa, vóór belasting en financiële kosten (%)",_Z,1,37532.0,311208.0,-273676.0,0.12060101282743374
2010,2,A,Verkort,3,dispnb,Aantal ondernemingen,16,R013,13. Liquiditeit in ruime zin,_Z,1,39618.0,325027.0,-285409.0,0.12189141209807185
2010,2,A,Verkort,3,dispnb,Aantal ondernemingen,17,R014,14. Liquiditeit in enge zin,_Z,1,39562.0,323782.0,-284220.0,0.12218715061368451
2010,2,A,Verkort,3,dispnb,Aantal ondernemingen,22,R019,17. Aantal dagen klantenkrediet,_Z,1,5577.0,34536.0,-28959.0,0.16148366921473245
2010,2,A,Verkort,3,dispnb,Aantal ondernemingen,23,R020,18. Aantal dagen leverancierskrediet,_Z,1,6005.0,43007.0,-37002.0,0.13962843258074267
2010,2,A,Verkort,3,dispnb,Aantal ondernemingen,24,R021,19. Financiële onafhankelijkheidsgraad (%),_Z,1,39917.0,329181.0,-289264.0,0.1212615551930397
2010,2,A,Verkort,3,dispnb,Aantal ondernemingen,25,R022,20. Aanschaffingen van materiële vaste activa / Toegevoegde waarde (%),_Z,1,29065.0,209562.0,-180497.0,0.13869403804124794
2010,2,A,Verkort,3,dispnb,Aantal ondernemingen,26,R023,21. Vernieuwingsgraad inzake materiële vaste activa (%),_Z,1,27534.0,202085.0,-174551.0,0.13624959794146027
2010,4,T,Volledig + Verkort + Micro,1,dispg,Gewogen gemiddelde,1,R001,1. Brutoverkoopmarge (%),_Z,1,7.94,8.05,-0.11000000000000032,0.986335403726708
2010,4,T,Volledig + Verkort + Micro,1,dispg,Gewogen gemiddelde,2,R002,2. Nettoverkoopmarge (%),_Z,1,4.34,4.41,-0.07000000000000028,0.9841269841269841
2010,4,T,Volledig + Verkort + Micro,1,dispg,Gewogen gemiddelde,3,R003,3. Toegevoegde waarde / Bedrijfsopbrengsten (%),_Z,1,25.16,20.32,4.84,1.2381889763779528
2010,4,T,Volledig + Verkort + Micro,1,dispg,Gewogen gemiddelde,4,R004,4.Toegevoegde waarde per personeelslid (in EUR),EUR,1,61505.15,87680.86,-26175.71,0.7014660896346135
2010,4,T,Volledig + Verkort + Micro,1,dispg,Gewogen gemiddelde,5,R005,5. Toegevoegde waarde / Bruto materiële vaste activa (%),_Z,1,28.96,35.2,-6.240000000000002,0.8227272727272726
2010,4,T,Volledig + Verkort + Micro,1,dispg,Gewogen gemiddelde,6,R006,6. Personeelskosten / Toegevoegde waarde (%),_Z,1,69.31,59.43,9.880000000000003,1.166246003701834
2010,4,T,Volledig + Verkort + Micro,1,dispg,Gewogen gemiddelde,7,R007,"7. Afschrijvingen, waardeverminderingen en voorzieningen voor risico's en kosten / Toegevoegde waarde (%)",_Z,1,19.07,19.71,-0.6400000000000006,0.9675291730086251
2010,4,T,Volledig + Verkort + Micro,1,dispg,Gewogen gemiddelde,9,R008A,8. Financiële kosten / Toegevoegde waarde (%),_Z,1,8.15,28.7,-20.549999999999997,0.28397212543554007
2010,4,T,Volledig + Verkort + Micro,1,dispg,Gewogen gemiddelde,10,R009,"9. Nettorendabiliteit van het eigen vermogen, na belasting (%)",_Z,1,5.04,5.09,-0.04999999999999982,0.9901768172888016
2010,4,T,Volledig + Verkort + Micro,1,dispg,Gewogen gemiddelde,11,R010,10. Cashflow / Eigen vermogen (%),_Z,1,11.05,9.07,1.9800000000000004,1.2183020948180816
2010,4,T,Volledig + Verkort + Micro,1,dispg,Gewogen gemiddelde,13,R011A,"11. Brutorendabiliteit van het totaal der activa, vóór belasting en financiële kosten (%)",_Z,1,7.78,7.54,0.2400000000000002,1.0318302387267906
2010,4,T,Volledig + Verkort + Micro,1,dispg,Gewogen gemiddelde,15,R012A,"12. Nettorendabiliteit van het totaal der activa, vóór belasting en financiële kosten (%)",_Z,1,4.83,5.47,-0.6399999999999997,0.8829981718464351
2010,4,T,Volledig + Verkort + Micro,1,dispg,Gewogen gemiddelde,16,R013,13. Liquiditeit in ruime zin,_Z,1,1.36,1.31,0.050000000000000044,1.0381679389312977
2010,4,T,Volledig + Verkort + Micro,1,dispg,Gewogen gemiddelde,17,R014,14. Liquiditeit in enge zin,_Z,1,1.0,1.19,-0.18999999999999995,0.8403361344537815
2010,4,T,Volledig + Verkort + Micro,1,dispg,Gewogen gemiddelde,22,R019,17. Aantal dagen klantenkrediet,_Z,1,89.75,66.28,23.47,1.354103802051901
2010,4,T,Volledig + Verkort + Micro,1,dispg,Gewogen gemiddelde,23,R020,18. Aantal dagen leverancierskrediet,_Z,1,97.35,68.88,28.47,1.413327526132404
2010,4,T,Volledig + Verkort + Micro,1,dispg,Gewogen gemiddelde,24,R021,19. Financiële onafhankelijkheidsgraad (%),_Z,1,48.6,52.34,-3.740000000000002,0.9285441345051585
2010,4,T,Volledig + Verkort + Micro,1,dispg,Gewogen gemiddelde,25,R022,20. Aanschaffingen van materiële vaste activa / Toegevoegde waarde (%),_Z,1,34.37,25.46,8.909999999999997,1.3499607227022778
2010,4,T,Volledig + Verkort + Micro,1,dispg,Gewogen gemiddelde,26,R023,21. Vernieuwingsgraad inzake materiële vaste activa (%),_Z,1,16.52,18.04,-1.5199999999999996,0.9157427937915743
2010,4,T,Volledig + Verkort + Micro,2,dispq2,Mediaan (Q2),1,R001,1. Brutoverkoopmarge (%),_Z,1,9.36,10.05,-0.6900000000000013,0.9313432835820894
2010,4,T,Volledig + Verkort + Micro,2,dispq2,Mediaan (Q2),2,R002,2. Nettoverkoopmarge (%),_Z,1,3.72,4.01,-0.2899999999999996,0.9276807980049876
2010,4,T,Volledig + Verkort + Micro,2,dispq2,Mediaan (Q2),3,R003,3. Toegevoegde waarde / Bedrijfsopbrengsten (%),_Z,1,25.28,26.17,-0.8900000000000006,0.9659915934275888
2010,4,T,Volledig + Verkort + Micro,2,dispq2,Mediaan (Q2),4,R004,4.Toegevoegde waarde per personeelslid (in EUR),EUR,1,54617.79,62137.65,-7519.860000000001,0.8789806180310971
2010,4,T,Volledig + Verkort + Micro,2,dispq2,Mediaan (Q2),5,R005,5. Toegevoegde waarde / Bruto materiële vaste activa (%),_Z,1,44.7,29.72,14.980000000000004,1.5040376850605655
2010,4,T,Volledig + Verkort + Micro,2,dispq2,Mediaan (Q2),6,R006,6. Personeelskosten / Toegevoegde waarde (%),_Z,1,63.39,57.97,5.420000000000002,1.0934966361911334
2010,4,T,Volledig + Verkort + Micro,2,dispq2,Mediaan (Q2),7,R007,"7. Afschrijvingen, waardeverminderingen en voorzieningen voor risico's en kosten / Toegevoegde waarde (%)",_Z,1,23.31,26.8,-3.490000000000002,0.869776119402985
2010,4,T,Volledig + Verkort + Micro,2,dispq2,Mediaan (Q2),9,R008A,8. Financiële kosten / Toegevoegde waarde (%),_Z,1,4.97,6.52,-1.5499999999999998,0.7622699386503068
2010,4,T,Volledig + Verkort + Micro,2,dispq2,Mediaan (Q2),10,R009,"9. Nettorendabiliteit van het eigen vermogen, na belasting (%)",_Z,1,8.5,7.96,0.54,1.0678391959798994
2010,4,T,Volledig + Verkort + Micro,2,dispq2,Mediaan (Q2),11,R010,10. Cashflow / Eigen vermogen (%),_Z,1,30.65,25.62,5.029999999999998,1.1963309914129585
2010,4,T,Volledig + Verkort + Micro,2,dispq2,Mediaan (Q2),13,R011A,"11. Brutorendabiliteit van het totaal der activa, vóór belasting en financiële kosten (%)",_Z,1,14.24,12.12,2.120000000000001,1.174917491749175
2010,4,T,Volledig + Verkort + Micro,2,dispq2,Mediaan (Q2),15,R012A,"12. Nettorendabiliteit van het totaal der activa, vóór belasting en financiële kosten (%)",_Z,1,5.8,5.33,0.46999999999999975,1.0881801125703565
2010,4,T,Volledig + Verkort + Micro,2,dispq2,Mediaan (Q2),16,R013,13. Liquiditeit in ruime zin,_Z,1,1.41,1.27,0.1399999999999999,1.110236220472441
2010,4,T,Volledig + Verkort + Micro,2,dispq2,Mediaan (Q2),17,R014,14. Liquiditeit in enge zin,_Z,1,1.19,1.04,0.1499999999999999,1.1442307692307692
2010,4,T,Volledig + Verkort + Micro,2,dispq2,Mediaan (Q2),22,R019,17. Aantal dagen klantenkrediet,_Z,1,55.92,51.57,4.350000000000001,1.0843513670738802
2010,4,T,Volledig + Verkort + Micro,2,dispq2,Mediaan (Q2),23,R020,18. Aantal dagen leverancierskrediet,_Z,1,50.95,45.92,5.030000000000001,1.1095383275261324
2010,4,T,Volledig + Verkort + Micro,2,dispq2,Mediaan (Q2),24,R021,19. Financiële onafhankelijkheidsgraad (%),_Z,1,32.97,32.52,0.44999999999999574,1.0138376383763836
2010,4,T,Volledig + Verkort + Micro,2,dispq2,Mediaan (Q2),25,R022,20. Aanschaffingen van materiële vaste activa / Toegevoegde waarde (%),_Z,1,17.04,15.83,1.209999999999999,1.076437144662034
2010,4,T,Volledig + Verkort + Micro,2,dispq2,Mediaan (Q2),26,R023,21. Vernieuwingsgraad inzake materiële vaste activa (%),_Z,1,24.17,17.39,6.780000000000001,1.3898792409430707
2010,4,T,Volledig + Verkort + Micro,3,dispnb,Aantal ondernemingen,1,R001,1. Brutoverkoopmarge (%),_Z,1,7639.0,65661.0,-58022.0,0.11633998872999193
2010,4,T,Volledig + Verkort + Micro,3,dispnb,Aantal ondernemingen,2,R002,2. Nettoverkoopmarge (%),_Z,1,7639.0,65662.0,-58023.0,0.11633821692912187
2010,4,T,Volledig + Verkort + Micro,3,dispnb,Aantal ondernemingen,3,R003,3. Toegevoegde waarde / Bedrijfsopbrengsten (%),_Z,1,7921.0,68655.0,-60734.0,0.11537397130580439
2010,4,T,Volledig + Verkort + Micro,3,dispnb,Aantal ondernemingen,4,R004,4.Toegevoegde waarde per personeelslid (in EUR),EUR,1,19904.0,132036.0,-112132.0,0.150746766033506
2010,4,T,Volledig + Verkort + Micro,3,dispnb,Aantal ondernemingen,5,R005,5. Toegevoegde waarde / Bruto materiële vaste activa (%),_Z,1,36968.0,309146.0,-272178.0,0.11958103937945178
2010,4,T,Volledig + Verkort + Micro,3,dispnb,Aantal ondernemingen,6,R006,6. Personeelskosten / Toegevoegde waarde (%),_Z,1,22367.0,146513.0,-124146.0,0.15266222109983416
2010,4,T,Volledig + Verkort + Micro,3,dispnb,Aantal ondernemingen,7,R007,"7. Afschrijvingen, waardeverminderingen en voorzieningen voor risico's en kosten / Toegevoegde waarde (%)",_Z,1,35359.0,285342.0,-249983.0,0.12391796510853642
2010,4,T,Volledig + Verkort + Micro,3,dispnb,Aantal ondernemingen,9,R008A,8. Financiële kosten / Toegevoegde waarde (%),_Z,1,36518.0,297658.0,-261140.0,0.12268442306270955
2010,4,T,Volledig + Verkort + Micro,3,dispnb,Aantal ondernemingen,10,R009,"9. Nettorendabiliteit van het eigen vermogen, na belasting (%)",_Z,1,34447.0,279118.0,-244671.0,0.12341375332296735
2010,4,T,Volledig + Verkort + Micro,3,dispnb,Aantal ondernemingen,11,R010,10. Cashflow / Eigen vermogen (%),_Z,1,34447.0,279121.0,-244674.0,0.12341242686863403
2010,4,T,Volledig + Verkort + Micro,3,dispnb,Aantal ondernemingen,13,R011A,"11. Brutorendabiliteit van het totaal der activa, vóór belasting en financiële kosten (%)",_Z,1,39097.0,332449.0,-293352.0,0.11760300076101898
2010,4,T,Volledig + Verkort + Micro,3,dispnb,Aantal ondernemingen,15,R012A,"12. Nettorendabiliteit van het totaal der activa, vóór belasting en financiële kosten (%)",_Z,1,39097.0,332445.0,-293348.0,0.11760441576802177
2010,4,T,Volledig + Verkort + Micro,3,dispnb,Aantal ondernemingen,16,R013,13. Liquiditeit in ruime zin,_Z,1,41223.0,346974.0,-305751.0,0.11880717287174256
2010,4,T,Volledig + Verkort + Micro,3,dispnb,Aantal ondernemingen,17,R014,14. Liquiditeit in enge zin,_Z,1,41154.0,345634.0,-304480.0,0.11906814723088585
2010,4,T,Volledig + Verkort + Micro,3,dispnb,Aantal ondernemingen,22,R019,17. Aantal dagen klantenkrediet,_Z,1,6831.0,51512.0,-44681.0,0.13260987731014132
2010,4,T,Volledig + Verkort + Micro,3,dispnb,Aantal ondernemingen,23,R020,18. Aantal dagen leverancierskrediet,_Z,1,7524.0,63397.0,-55873.0,0.1186806946700948
2010,4,T,Volledig + Verkort + Micro,3,dispnb,Aantal ondernemingen,24,R021,19. Financiële onafhankelijkheidsgraad (%),_Z,1,41530.0,351261.0,-309731.0,0.11823117283159816
2010,4,T,Volledig + Verkort + Micro,3,dispnb,Aantal ondernemingen,25,R022,20. Aanschaffingen van materiële vaste activa / Toegevoegde waarde (%),_Z,1,30095.0,223585.0,-193490.0,0.1346020529105262
2010,4,T,Volledig + Verkort + Micro,3,dispnb,Aantal ondernemingen,26,R023,21. Vernieuwingsgraad inzake materiële vaste activa (%),_Z,1,28561.0,215939.0,-187378.0,0.1322642042428649
2011,1,C,Volledig,1,dispg,Gewogen gemiddelde,1,R001,1. Brutoverkoopmarge (%),_Z,1,6.57,6.86,-0.29000000000000004,0.9577259475218659
2011,1,C,Volledig,1,dispg,Gewogen gemiddelde,2,R002,2. Nettoverkoopmarge (%),_Z,1,3.62,3.57,0.050000000000000266,1.0140056022408965
2011,1,C,Volledig,1,dispg,Gewogen gemiddelde,3,R003,3. Toegevoegde waarde / Bedrijfsopbrengsten (%),_Z,1,22.82,18.7,4.120000000000001,1.2203208556149734
2011,1,C,Volledig,1,dispg,Gewogen gemiddelde,4,R004,4.Toegevoegde waarde per personeelslid (in EUR),EUR,1,71021.35,96515.07,-25493.72,0.7358576230634242
2011,1,C,Volledig,1,dispg,Gewogen gemiddelde,5,R005,5. Toegevoegde waarde / Bruto materiële vaste activa (%),_Z,1,19.48,36.04,-16.56,0.5405105438401776
2011,1,C,Volledig,1,dispg,Gewogen gemiddelde,6,R006,6. Personeelskosten / Toegevoegde waarde (%),_Z,1,74.54,61.51,13.030000000000008,1.211835473906682
2011,1,C,Volledig,1,dispg,Gewogen gemiddelde,7,R007,"7. Afschrijvingen, waardeverminderingen en voorzieningen voor risico's en kosten / Toegevoegde waarde (%)",_Z,1,19.39,18.13,1.2600000000000016,1.0694980694980696
2011,1,C,Volledig,1,dispg,Gewogen gemiddelde,8,R008C,8. Kosten van de schulden / Toegevoegde waarde (%),_Z,1,6.67,16.08,-9.409999999999998,0.41480099502487566
2011,1,C,Volledig,1,dispg,Gewogen gemiddelde,10,R009,"9. Nettorendabiliteit van het eigen vermogen, na belasting (%)",_Z,1,3.92,3.71,0.20999999999999996,1.0566037735849056
2011,1,C,Volledig,1,dispg,Gewogen gemiddelde,11,R010,10. Cashflow / Eigen vermogen (%),_Z,1,7.15,8.9,-1.75,0.8033707865168539
2011,1,C,Volledig,1,dispg,Gewogen gemiddelde,12,R011C,"11. Brutorendabiliteit van het totaal der activa, vóór belasting en kosten van schulden (%)",_Z,1,5.29,6.17,-0.8799999999999999,0.8573743922204214
2011,1,C,Volledig,1,dispg,Gewogen gemiddelde,14,R012C,"12. Nettorendabiliteit van het totaal der activa, vóór belasting en kosten van schulden (%)",_Z,1,3.51,3.37,0.13999999999999968,1.0415430267062313
2011,1,C,Volledig,1,dispg,Gewogen gemiddelde,16,R013,13. Liquiditeit in ruime zin,_Z,1,1.44,1.42,0.020000000000000018,1.0140845070422535
2011,1,C,Volledig,1,dispg,Gewogen gemiddelde,17,R014,14. Liquiditeit in enge zin,_Z,1,1.08,1.33,-0.25,0.8120300751879699
2011,1,C,Volledig,1,dispg,Gewogen gemiddelde,18,R015,"15.1 Rotatie van de voorraad handelsgoederen, grond- en hulpstoffen (voor alle sectoren uitgezonderd de bouwnijverheid)",_Z,1,,11.36,,
2011,1,C,Volledig,1,dispg,Gewogen gemiddelde,19,R016,"15.2 Rotatie van de voorraad handelsgoederen, grond- en hulpstoffen (enkel voor de sector van de bouwnijverheid)",_Z,1,19.64,13.0,6.640000000000001,1.5107692307692309
2011,1,C,Volledig,1,dispg,Gewogen gemiddelde,20,R017,16.1 Rotatie van de voorraad goederen in bewerking en gereed product (voor alle sectoren uitgezonderd de bouwnijverheid),_Z,1,,36.65,,
2011,1,C,Volledig,1,dispg,Gewogen gemiddelde,21,R018,16.2 Rotatie van de voorraad goederen in bewerking en gereed product (enkel voor de sector van de bouwnijverheid),_Z,1,4.76,28.67,-23.910000000000004,0.16602720613882105
2011,1,C,Volledig,1,dispg,Gewogen gemiddelde,22,R019,17. Aantal dagen klantenkrediet,_Z,1,87.6,56.32,31.279999999999994,1.555397727272727
2011,1,C,Volledig,1,dispg,Gewogen gemiddelde,23,R020,18. Aantal dagen leverancierskrediet,_Z,1,92.75,57.71,35.04,1.607173800034656
2011,1,C,Volledig,1,dispg,Gewogen gemiddelde,24,R021,19. Financiële onafhankelijkheidsgraad (%),_Z,1,54.71,54.48,0.23000000000000398,1.004221732745962
2011,1,C,Volledig,1,dispg,Gewogen gemiddelde,25,R022,20. Aanschaffingen van materiële vaste activa / Toegevoegde waarde (%),_Z,1,46.01,24.56,21.45,1.873371335504886
2011,1,C,Volledig,1,dispg,Gewogen gemiddelde,26,R023,21. Vernieuwingsgraad inzake materiële vaste activa (%),_Z,1,14.25,19.84,-5.59,0.7182459677419355
2011,1,C,Volledig,2,dispq2,Mediaan (Q2),1,R001,1. Brutoverkoopmarge (%),_Z,1,6.42,6.44,-0.020000000000000462,0.9968944099378881
2011,1,C,Volledig,2,dispq2,Mediaan (Q2),2,R002,2. Nettoverkoopmarge (%),_Z,1,3.55,3.43,0.11999999999999966,1.0349854227405246
2011,1,C,Volledig,2,dispq2,Mediaan (Q2),3,R003,3. Toegevoegde waarde / Bedrijfsopbrengsten (%),_Z,1,28.16,27.62,0.5399999999999991,1.0195510499637943
2011,1,C,Volledig,2,dispq2,Mediaan (Q2),4,R004,4.Toegevoegde waarde per personeelslid (in EUR),EUR,1,63063.86,79113.6,-16049.740000000005,0.7971304554463454
2011,1,C,Volledig,2,dispq2,Mediaan (Q2),5,R005,5. Toegevoegde waarde / Bruto materiële vaste activa (%),_Z,1,84.1,62.33,21.769999999999996,1.3492700144392749
2011,1,C,Volledig,2,dispq2,Mediaan (Q2),6,R006,6. Personeelskosten / Toegevoegde waarde (%),_Z,1,77.97,70.26,7.709999999999994,1.109735269000854
2011,1,C,Volledig,2,dispq2,Mediaan (Q2),7,R007,"7. Afschrijvingen, waardeverminderingen en voorzieningen voor risico's en kosten / Toegevoegde waarde (%)",_Z,1,8.14,10.33,-2.1899999999999995,0.7879961277831559
2011,1,C,Volledig,2,dispq2,Mediaan (Q2),8,R008C,8. Kosten van de schulden / Toegevoegde waarde (%),_Z,1,2.34,3.34,-1.0,0.7005988023952096
2011,1,C,Volledig,2,dispq2,Mediaan (Q2),10,R009,"9. Nettorendabiliteit van het eigen vermogen, na belasting (%)",_Z,1,7.5,6.35,1.1500000000000004,1.1811023622047245
2011,1,C,Volledig,2,dispq2,Mediaan (Q2),11,R010,10. Cashflow / Eigen vermogen (%),_Z,1,17.88,15.2,2.6799999999999997,1.1763157894736842
2011,1,C,Volledig,2,dispq2,Mediaan (Q2),12,R011C,"11. Brutorendabiliteit van het totaal der activa, vóór belasting en kosten van schulden (%)",_Z,1,6.69,7.01,-0.3199999999999994,0.9543509272467904
2011,1,C,Volledig,2,dispq2,Mediaan (Q2),14,R012C,"12. Nettorendabiliteit van het totaal der activa, vóór belasting en kosten van schulden (%)",_Z,1,3.82,3.88,-0.06000000000000005,0.9845360824742267
2011,1,C,Volledig,2,dispq2,Mediaan (Q2),16,R013,13. Liquiditeit in ruime zin,_Z,1,1.31,1.31,0.0,1.0
2011,1,C,Volledig,2,dispq2,Mediaan (Q2),17,R014,14. Liquiditeit in enge zin,_Z,1,1.07,1.1,-0.030000000000000027,0.9727272727272727
2011,1,C,Volledig,2,dispq2,Mediaan (Q2),18,R015,"15.1 Rotatie van de voorraad handelsgoederen, grond- en hulpstoffen (voor alle sectoren uitgezonderd de bouwnijverheid)",_Z,1,,7.73,,
2011,1,C,Volledig,2,dispq2,Mediaan (Q2),19,R016,"15.2 Rotatie van de voorraad handelsgoederen, grond- en hulpstoffen (enkel voor de sector van de bouwnijverheid)",_Z,1,30.99,30.99,0.0,1.0
2011,1,C,Volledig,2,dispq2,Mediaan (Q2),20,R017,16.1 Rotatie van de voorraad goederen in bewerking en gereed product (voor alle sectoren uitgezonderd de bouwnijverheid),_Z,1,,19.45,,
2011,1,C,Volledig,2,dispq2,Mediaan (Q2),21,R018,16.2 Rotatie van de voorraad goederen in bewerking en gereed product (enkel voor de sector van de bouwnijverheid),_Z,1,12.98,12.98,0.0,1.0
2011,1,C,Volledig,2,dispq2,Mediaan (Q2),22,R019,17. Aantal dagen klantenkrediet,_Z,1,70.26,53.49,16.770000000000003,1.313516545148626
2011,1,C,Volledig,2,dispq2,Mediaan (Q2),23,R020,18. Aantal dagen leverancierskrediet,_Z,1,75.85,58.36,17.489999999999995,1.2996915695681972
2011,1,C,Volledig,2,dispq2,Mediaan (Q2),24,R021,19. Financiële onafhankelijkheidsgraad (%),_Z,1,29.03,35.97,-6.939999999999998,0.8070614400889631
2011,1,C,Volledig,2,dispq2,Mediaan (Q2),25,R022,20. Aanschaffingen van materiële vaste activa / Toegevoegde waarde (%),_Z,1,6.47,6.35,0.1200000000000001,1.0188976377952756
2011,1,C,Volledig,2,dispq2,Mediaan (Q2),26,R023,21. Vernieuwingsgraad inzake materiële vaste activa (%),_Z,1,24.84,20.54,4.300000000000001,1.2093476144109057
2011,1,C,Volledig,3,dispnb,Aantal ondernemingen,1,R001,1. Brutoverkoopmarge (%),_Z,1,1575.0,21024.0,-19449.0,0.07491438356164383
2011,1,C,Volledig,3,dispnb,Aantal ondernemingen,2,R002,2. Nettoverkoopmarge (%),_Z,1,1575.0,21023.0,-19448.0,0.07491794701041717
2011,1,C,Volledig,3,dispnb,Aantal ondernemingen,3,R003,3. Toegevoegde waarde / Bedrijfsopbrengsten (%),_Z,1,1599.0,21072.0,-19473.0,0.07588268792710706
2011,1,C,Volledig,3,dispnb,Aantal ondernemingen,4,R004,4.Toegevoegde waarde per personeelslid (in EUR),EUR,1,1065.0,15224.0,-14159.0,0.06995533368365739
2011,1,C,Volledig,3,dispnb,Aantal ondernemingen,5,R005,5. Toegevoegde waarde / Bruto materiële vaste activa (%),_Z,1,1423.0,19326.0,-17903.0,0.07363137741902101
2011,1,C,Volledig,3,dispnb,Aantal ondernemingen,6,R006,6. Personeelskosten / Toegevoegde waarde (%),_Z,1,1101.0,15612.0,-14511.0,0.07052267486548809
2011,1,C,Volledig,3,dispnb,Aantal ondernemingen,7,R007,"7. Afschrijvingen, waardeverminderingen en voorzieningen voor risico's en kosten / Toegevoegde waarde (%)",_Z,1,1289.0,17876.0,-16587.0,0.07210785410606399
2011,1,C,Volledig,3,dispnb,Aantal ondernemingen,8,R008C,8. Kosten van de schulden / Toegevoegde waarde (%),_Z,1,1294.0,16863.0,-15569.0,0.07673604933878907
2011,1,C,Volledig,3,dispnb,Aantal ondernemingen,10,R009,"9. Nettorendabiliteit van het eigen vermogen, na belasting (%)",_Z,1,1546.0,20760.0,-19214.0,0.07447013487475915
2011,1,C,Volledig,3,dispnb,Aantal ondernemingen,11,R010,10. Cashflow / Eigen vermogen (%),_Z,1,1546.0,20759.0,-19213.0,0.07447372224095573
2011,1,C,Volledig,3,dispnb,Aantal ondernemingen,12,R011C,"11. Brutorendabiliteit van het totaal der activa, vóór belasting en kosten van schulden (%)",_Z,1,1752.0,23137.0,-21385.0,0.075722868133293
2011,1,C,Volledig,3,dispnb,Aantal ondernemingen,14,R012C,"12. Nettorendabiliteit van het totaal der activa, vóór belasting en kosten van schulden (%)",_Z,1,1752.0,23133.0,-21381.0,0.07573596161327974
2011,1,C,Volledig,3,dispnb,Aantal ondernemingen,16,R013,13. Liquiditeit in ruime zin,_Z,1,1744.0,22997.0,-21253.0,0.07583597860590512
2011,1,C,Volledig,3,dispnb,Aantal ondernemingen,17,R014,14. Liquiditeit in enge zin,_Z,1,1739.0,22904.0,-21165.0,0.07592560251484456
2011,1,C,Volledig,3,dispnb,Aantal ondernemingen,18,R015,"15.1 Rotatie van de voorraad handelsgoederen, grond- en hulpstoffen (voor alle sectoren uitgezonderd de bouwnijverheid)",_Z,1,,7804.0,,
2011,1,C,Volledig,3,dispnb,Aantal ondernemingen,19,R016,"15.2 Rotatie van de voorraad handelsgoederen, grond- en hulpstoffen (enkel voor de sector van de bouwnijverheid)",_Z,1,773.0,773.0,0.0,1.0
2011,1,C,Volledig,3,dispnb,Aantal ondernemingen,20,R017,16.1 Rotatie van de voorraad goederen in bewerking en gereed product (voor alle sectoren uitgezonderd de bouwnijverheid),_Z,1,,2209.0,,
2011,1,C,Volledig,3,dispnb,Aantal ondernemingen,21,R018,16.2 Rotatie van de voorraad goederen in bewerking en gereed product (enkel voor de sector van de bouwnijverheid),_Z,1,691.0,691.0,0.0,1.0
2011,1,C,Volledig,3,dispnb,Aantal ondernemingen,22,R019,17. Aantal dagen klantenkrediet,_Z,1,1461.0,19286.0,-17825.0,0.0757544332676553
2011,1,C,Volledig,3,dispnb,Aantal ondernemingen,23,R020,18. Aantal dagen leverancierskrediet,_Z,1,1713.0,22226.0,-20513.0,0.07707189777737784
2011,1,C,Volledig,3,dispnb,Aantal ondernemingen,24,R021,19. Financiële onafhankelijkheidsgraad (%),_Z,1,1750.0,23112.0,-21362.0,0.07571824160609207
2011,1,C,Volledig,3,dispnb,Aantal ondernemingen,25,R022,20. Aanschaffingen van materiële vaste activa / Toegevoegde waarde (%),_Z,1,1112.0,14782.0,-13670.0,0.07522662697875795
2011,1,C,Volledig,3,dispnb,Aantal ondernemingen,26,R023,21. Vernieuwingsgraad inzake materiële vaste activa (%),_Z,1,1111.0,14789.0,-13678.0,0.07512340252890662
2011,2,A,Verkort,1,dispg,Gewogen gemiddelde,1,R001,1. Brutoverkoopmarge (%),_Z,1,10.06,28.43,-18.369999999999997,0.3538515652479775
2011,2,A,Verkort,1,dispg,Gewogen gemiddelde,2,R002,2. Nettoverkoopmarge (%),_Z,1,5.22,24.03,-18.810000000000002,0.21722846441947563
2011,2,A,Verkort,1,dispg,Gewogen gemiddelde,3,R003,3. Toegevoegde waarde / Bedrijfsopbrengsten (%),_Z,1,27.46,39.02,-11.560000000000002,0.7037416709379805
2011,2,A,Verkort,1,dispg,Gewogen gemiddelde,4,R004,4.Toegevoegde waarde per personeelslid (in EUR),EUR,1,58807.28,64079.87,-5272.590000000004,0.9177184660330927
2011,2,A,Verkort,1,dispg,Gewogen gemiddelde,5,R005,5. Toegevoegde waarde / Bruto materiële vaste activa (%),_Z,1,48.02,35.22,12.800000000000004,1.3634298693923907
2011,2,A,Verkort,1,dispg,Gewogen gemiddelde,6,R006,6. Personeelskosten / Toegevoegde waarde (%),_Z,1,66.82,60.98,5.839999999999996,1.095769104624467
2011,2,A,Verkort,1,dispg,Gewogen gemiddelde,7,R007,"7. Afschrijvingen, waardeverminderingen en voorzieningen voor risico's en kosten / Toegevoegde waarde (%)",_Z,1,18.02,20.09,-2.0700000000000003,0.8969636635141861
2011,2,A,Verkort,1,dispg,Gewogen gemiddelde,9,R008A,8. Financiële kosten / Toegevoegde waarde (%),_Z,1,7.05,10.02,-2.9699999999999998,0.7035928143712575
2011,2,A,Verkort,1,dispg,Gewogen gemiddelde,10,R009,"9. Nettorendabiliteit van het eigen vermogen, na belasting (%)",_Z,1,10.63,13.45,-2.8199999999999985,0.7903345724907064
2011,2,A,Verkort,1,dispg,Gewogen gemiddelde,11,R010,10. Cashflow / Eigen vermogen (%),_Z,1,27.56,22.91,4.649999999999999,1.202968136185072
2011,2,A,Verkort,1,dispg,Gewogen gemiddelde,13,R011A,"11. Brutorendabiliteit van het totaal der activa, vóór belasting en financiële kosten (%)",_Z,1,12.58,13.34,-0.7599999999999998,0.9430284857571215
2011,2,A,Verkort,1,dispg,Gewogen gemiddelde,15,R012A,"12. Nettorendabiliteit van het totaal der activa, vóór belasting en financiële kosten (%)",_Z,1,7.1,9.19,-2.09,0.7725788900979326
2011,2,A,Verkort,1,dispg,Gewogen gemiddelde,16,R013,13. Liquiditeit in ruime zin,_Z,1,1.33,1.22,0.1100000000000001,1.0901639344262295
2011,2,A,Verkort,1,dispg,Gewogen gemiddelde,17,R014,14. Liquiditeit in enge zin,_Z,1,0.95,0.98,-0.030000000000000027,0.9693877551020408
2011,2,A,Verkort,1,dispg,Gewogen gemiddelde,22,R019,17. Aantal dagen klantenkrediet,_Z,1,68.44,40.59,27.849999999999994,1.6861295885686127
2011,2,A,Verkort,1,dispg,Gewogen gemiddelde,23,R020,18. Aantal dagen leverancierskrediet,_Z,1,68.18,62.56,5.6200000000000045,1.089833759590793
2011,2,A,Verkort,1,dispg,Gewogen gemiddelde,24,R021,19. Financiële onafhankelijkheidsgraad (%),_Z,1,32.05,44.07,-12.020000000000003,0.7272520989335148
2011,2,A,Verkort,1,dispg,Gewogen gemiddelde,25,R022,20. Aanschaffingen van materiële vaste activa / Toegevoegde waarde (%),_Z,1,29.1,33.61,-4.509999999999998,0.8658137459089558
2011,2,A,Verkort,1,dispg,Gewogen gemiddelde,26,R023,21. Vernieuwingsgraad inzake materiële vaste activa (%),_Z,1,27.71,20.12,7.59,1.3772365805168987
2011,2,A,Verkort,2,dispq2,Mediaan (Q2),1,R001,1. Brutoverkoopmarge (%),_Z,1,10.06,11.88,-1.8200000000000003,0.8468013468013468
2011,2,A,Verkort,2,dispq2,Mediaan (Q2),2,R002,2. Nettoverkoopmarge (%),_Z,1,4.09,4.35,-0.2599999999999998,0.9402298850574713
2011,2,A,Verkort,2,dispq2,Mediaan (Q2),3,R003,3. Toegevoegde waarde / Bedrijfsopbrengsten (%),_Z,1,23.45,24.99,-1.5399999999999991,0.938375350140056
2011,2,A,Verkort,2,dispq2,Mediaan (Q2),4,R004,4.Toegevoegde waarde per personeelslid (in EUR),EUR,1,57202.0,61480.8,-4278.800000000003,0.930404288818623
2011,2,A,Verkort,2,dispq2,Mediaan (Q2),5,R005,5. Toegevoegde waarde / Bruto materiële vaste activa (%),_Z,1,47.85,30.66,17.19,1.560665362035225
2011,2,A,Verkort,2,dispq2,Mediaan (Q2),6,R006,6. Personeelskosten / Toegevoegde waarde (%),_Z,1,62.6,56.57,6.030000000000001,1.1065936008485062
2011,2,A,Verkort,2,dispq2,Mediaan (Q2),7,R007,"7. Afschrijvingen, waardeverminderingen en voorzieningen voor risico's en kosten / Toegevoegde waarde (%)",_Z,1,22.88,27.26,-4.380000000000003,0.8393250183418928
2011,2,A,Verkort,2,dispq2,Mediaan (Q2),9,R008A,8. Financiële kosten / Toegevoegde waarde (%),_Z,1,4.74,6.33,-1.5899999999999999,0.7488151658767773
2011,2,A,Verkort,2,dispq2,Mediaan (Q2),10,R009,"9. Nettorendabiliteit van het eigen vermogen, na belasting (%)",_Z,1,10.2,9.12,1.08,1.118421052631579
2011,2,A,Verkort,2,dispq2,Mediaan (Q2),11,R010,10. Cashflow / Eigen vermogen (%),_Z,1,35.37,29.28,6.089999999999996,1.2079918032786885
2011,2,A,Verkort,2,dispq2,Mediaan (Q2),13,R011A,"11. Brutorendabiliteit van het totaal der activa, vóór belasting en financiële kosten (%)",_Z,1,14.95,12.78,2.17,1.1697965571205007
2011,2,A,Verkort,2,dispq2,Mediaan (Q2),15,R012A,"12. Nettorendabiliteit van het totaal der activa, vóór belasting en financiële kosten (%)",_Z,1,6.32,5.63,0.6900000000000004,1.1225577264653641
2011,2,A,Verkort,2,dispq2,Mediaan (Q2),16,R013,13. Liquiditeit in ruime zin,_Z,1,1.39,1.24,0.1499999999999999,1.1209677419354838
2011,2,A,Verkort,2,dispq2,Mediaan (Q2),17,R014,14. Liquiditeit in enge zin,_Z,1,1.19,1.02,0.16999999999999993,1.1666666666666665
2011,2,A,Verkort,2,dispq2,Mediaan (Q2),22,R019,17. Aantal dagen klantenkrediet,_Z,1,47.23,41.12,6.109999999999999,1.148589494163424
2011,2,A,Verkort,2,dispq2,Mediaan (Q2),23,R020,18. Aantal dagen leverancierskrediet,_Z,1,41.1,32.63,8.469999999999999,1.259577076310144
2011,2,A,Verkort,2,dispq2,Mediaan (Q2),24,R021,19. Financiële onafhankelijkheidsgraad (%),_Z,1,31.81,31.48,0.3299999999999983,1.0104828462515882
2011,2,A,Verkort,2,dispq2,Mediaan (Q2),25,R022,20. Aanschaffingen van materiële vaste activa / Toegevoegde waarde (%),_Z,1,18.49,17.38,1.1099999999999994,1.0638665132336018
2011,2,A,Verkort,2,dispq2,Mediaan (Q2),26,R023,21. Vernieuwingsgraad inzake materiële vaste activa (%),_Z,1,26.8,18.65,8.150000000000002,1.4369973190348526
2011,2,A,Verkort,3,dispnb,Aantal ondernemingen,1,R001,1. Brutoverkoopmarge (%),_Z,1,7786.0,57065.0,-49279.0,0.13644090072724085
2011,2,A,Verkort,3,dispnb,Aantal ondernemingen,2,R002,2. Nettoverkoopmarge (%),_Z,1,7786.0,57066.0,-49280.0,0.13643850979567518
2011,2,A,Verkort,3,dispnb,Aantal ondernemingen,3,R003,3. Toegevoegde waarde / Bedrijfsopbrengsten (%),_Z,1,7945.0,59077.0,-51132.0,0.13448550197200265
2011,2,A,Verkort,3,dispnb,Aantal ondernemingen,4,R004,4.Toegevoegde waarde per personeelslid (in EUR),EUR,1,20333.0,123951.0,-103618.0,0.16404062895821736
2011,2,A,Verkort,3,dispnb,Aantal ondernemingen,5,R005,5. Toegevoegde waarde / Bruto materiële vaste activa (%),_Z,1,40798.0,325922.0,-285124.0,0.1251771896343297
2011,2,A,Verkort,3,dispnb,Aantal ondernemingen,6,R006,6. Personeelskosten / Toegevoegde waarde (%),_Z,1,23235.0,139527.0,-116292.0,0.1665269087703455
2011,2,A,Verkort,3,dispnb,Aantal ondernemingen,7,R007,"7. Afschrijvingen, waardeverminderingen en voorzieningen voor risico's en kosten / Toegevoegde waarde (%)",_Z,1,37102.0,286504.0,-249402.0,0.1294990645854857
2011,2,A,Verkort,3,dispnb,Aantal ondernemingen,9,R008A,8. Financiële kosten / Toegevoegde waarde (%),_Z,1,38136.0,298428.0,-260292.0,0.1277896175962041
2011,2,A,Verkort,3,dispnb,Aantal ondernemingen,10,R009,"9. Nettorendabiliteit van het eigen vermogen, na belasting (%)",_Z,1,37895.0,292012.0,-254117.0,0.12977206416174678
2011,2,A,Verkort,3,dispnb,Aantal ondernemingen,11,R010,10. Cashflow / Eigen vermogen (%),_Z,1,37895.0,292016.0,-254121.0,0.12977028655964057
2011,2,A,Verkort,3,dispnb,Aantal ondernemingen,13,R011A,"11. Brutorendabiliteit van het totaal der activa, vóór belasting en financiële kosten (%)",_Z,1,42908.0,349362.0,-306454.0,0.12281816568487701
2011,2,A,Verkort,3,dispnb,Aantal ondernemingen,15,R012A,"12. Nettorendabiliteit van het totaal der activa, vóór belasting en financiële kosten (%)",_Z,1,42908.0,349354.0,-306446.0,0.12282097814823932
2011,2,A,Verkort,3,dispnb,Aantal ondernemingen,16,R013,13. Liquiditeit in ruime zin,_Z,1,42654.0,345837.0,-303183.0,0.12333555981575135
2011,2,A,Verkort,3,dispnb,Aantal ondernemingen,17,R014,14. Liquiditeit in enge zin,_Z,1,42603.0,344540.0,-301937.0,0.12365182562256923
2011,2,A,Verkort,3,dispnb,Aantal ondernemingen,22,R019,17. Aantal dagen klantenkrediet,_Z,1,7262.0,44124.0,-36862.0,0.16458163357809807
2011,2,A,Verkort,3,dispnb,Aantal ondernemingen,23,R020,18. Aantal dagen leverancierskrediet,_Z,1,7842.0,55246.0,-47404.0,0.14194692828440067
2011,2,A,Verkort,3,dispnb,Aantal ondernemingen,24,R021,19. Financiële onafhankelijkheidsgraad (%),_Z,1,42963.0,349900.0,-306937.0,0.12278651043155187
2011,2,A,Verkort,3,dispnb,Aantal ondernemingen,25,R022,20. Aanschaffingen van materiële vaste activa / Toegevoegde waarde (%),_Z,1,31821.0,225686.0,-193865.0,0.14099678314117844
2011,2,A,Verkort,3,dispnb,Aantal ondernemingen,26,R023,21. Vernieuwingsgraad inzake materiële vaste activa (%),_Z,1,30012.0,217409.0,-187397.0,0.13804396322139378
2011,4,T,Volledig + Verkort + Micro,1,dispg,Gewogen gemiddelde,1,R001,1. Brutoverkoopmarge (%),_Z,1,7.21,8.21,-1.0000000000000009,0.8781973203410474
2011,4,T,Volledig + Verkort + Micro,1,dispg,Gewogen gemiddelde,2,R002,2. Nettoverkoopmarge (%),_Z,1,3.98,4.79,-0.81,0.8308977035490606
2011,4,T,Volledig + Verkort + Micro,1,dispg,Gewogen gemiddelde,3,R003,3. Toegevoegde waarde / Bedrijfsopbrengsten (%),_Z,1,23.57,19.86,3.710000000000001,1.1868076535750252
2011,4,T,Volledig + Verkort + Micro,1,dispg,Gewogen gemiddelde,4,R004,4.Toegevoegde waarde per personeelslid (in EUR),EUR,1,64042.24,87465.63,-23423.390000000007,0.7321989220222845
2011,4,T,Volledig + Verkort + Micro,1,dispg,Gewogen gemiddelde,5,R005,5. Toegevoegde waarde / Bruto materiële vaste activa (%),_Z,1,28.94,36.12,-7.179999999999996,0.8012181616832781
2011,4,T,Volledig + Verkort + Micro,1,dispg,Gewogen gemiddelde,6,R006,6. Personeelskosten / Toegevoegde waarde (%),_Z,1,70.15,60.64,9.510000000000005,1.1568271767810028
2011,4,T,Volledig + Verkort + Micro,1,dispg,Gewogen gemiddelde,7,R007,"7. Afschrijvingen, waardeverminderingen en voorzieningen voor risico's en kosten / Toegevoegde waarde (%)",_Z,1,18.58,18.67,-0.09000000000000341,0.9951794322442419
2011,4,T,Volledig + Verkort + Micro,1,dispg,Gewogen gemiddelde,9,R008A,8. Financiële kosten / Toegevoegde waarde (%),_Z,1,8.55,29.88,-21.33,0.2861445783132531
2011,4,T,Volledig + Verkort + Micro,1,dispg,Gewogen gemiddelde,10,R009,"9. Nettorendabiliteit van het eigen vermogen, na belasting (%)",_Z,1,5.43,4.66,0.7699999999999996,1.1652360515021458
2011,4,T,Volledig + Verkort + Micro,1,dispg,Gewogen gemiddelde,11,R010,10. Cashflow / Eigen vermogen (%),_Z,1,11.61,9.34,2.2699999999999996,1.2430406852248395
2011,4,T,Volledig + Verkort + Micro,1,dispg,Gewogen gemiddelde,13,R011A,"11. Brutorendabiliteit van het totaal der activa, vóór belasting en financiële kosten (%)",_Z,1,7.94,7.8,0.14000000000000057,1.017948717948718
2011,4,T,Volledig + Verkort + Micro,1,dispg,Gewogen gemiddelde,15,R012A,"12. Nettorendabiliteit van het totaal der activa, vóór belasting en financiële kosten (%)",_Z,1,5.01,5.34,-0.33000000000000007,0.9382022471910112
2011,4,T,Volledig + Verkort + Micro,1,dispg,Gewogen gemiddelde,16,R013,13. Liquiditeit in ruime zin,_Z,1,1.39,1.39,0.0,1.0
2011,4,T,Volledig + Verkort + Micro,1,dispg,Gewogen gemiddelde,17,R014,14. Liquiditeit in enge zin,_Z,1,1.02,1.27,-0.25,0.8031496062992126
2011,4,T,Volledig + Verkort + Micro,1,dispg,Gewogen gemiddelde,22,R019,17. Aantal dagen klantenkrediet,_Z,1,96.1,63.25,32.849999999999994,1.5193675889328062
2011,4,T,Volledig + Verkort + Micro,1,dispg,Gewogen gemiddelde,23,R020,18. Aantal dagen leverancierskrediet,_Z,1,103.59,66.61,36.980000000000004,1.555171896111695
2011,4,T,Volledig + Verkort + Micro,1,dispg,Gewogen gemiddelde,24,R021,19. Financiële onafhankelijkheidsgraad (%),_Z,1,47.07,53.25,-6.18,0.8839436619718309
2011,4,T,Volledig + Verkort + Micro,1,dispg,Gewogen gemiddelde,25,R022,20. Aanschaffingen van materiële vaste activa / Toegevoegde waarde (%),_Z,1,36.52,26.94,9.580000000000002,1.3556050482553823
2011,4,T,Volledig + Verkort + Micro,1,dispg,Gewogen gemiddelde,26,R023,21. Vernieuwingsgraad inzake materiële vaste activa (%),_Z,1,17.83,19.93,-2.1000000000000014,0.894631209232313
2011,4,T,Volledig + Verkort + Micro,2,dispq2,Mediaan (Q2),1,R001,1. Brutoverkoopmarge (%),_Z,1,9.49,10.25,-0.7599999999999998,0.9258536585365854
2011,4,T,Volledig + Verkort + Micro,2,dispq2,Mediaan (Q2),2,R002,2. Nettoverkoopmarge (%),_Z,1,4.02,4.11,-0.09000000000000075,0.9781021897810217
2011,4,T,Volledig + Verkort + Micro,2,dispq2,Mediaan (Q2),3,R003,3. Toegevoegde waarde / Bedrijfsopbrengsten (%),_Z,1,24.3,25.64,-1.3399999999999999,0.9477379095163807
2011,4,T,Volledig + Verkort + Micro,2,dispq2,Mediaan (Q2),4,R004,4.Toegevoegde waarde per personeelslid (in EUR),EUR,1,57573.24,63401.73,-5828.490000000005,0.9080704895591964
2011,4,T,Volledig + Verkort + Micro,2,dispq2,Mediaan (Q2),5,R005,5. Toegevoegde waarde / Bruto materiële vaste activa (%),_Z,1,48.64,31.9,16.740000000000002,1.5247648902821318
2011,4,T,Volledig + Verkort + Micro,2,dispq2,Mediaan (Q2),6,R006,6. Personeelskosten / Toegevoegde waarde (%),_Z,1,63.38,58.13,5.25,1.0903148116291073
2011,4,T,Volledig + Verkort + Micro,2,dispq2,Mediaan (Q2),7,R007,"7. Afschrijvingen, waardeverminderingen en voorzieningen voor risico's en kosten / Toegevoegde waarde (%)",_Z,1,22.24,26.01,-3.770000000000003,0.8550557477893117
2011,4,T,Volledig + Verkort + Micro,2,dispq2,Mediaan (Q2),9,R008A,8. Financiële kosten / Toegevoegde waarde (%),_Z,1,4.68,6.22,-1.54,0.752411575562701
2011,4,T,Volledig + Verkort + Micro,2,dispq2,Mediaan (Q2),10,R009,"9. Nettorendabiliteit van het eigen vermogen, na belasting (%)",_Z,1,10.07,8.89,1.1799999999999997,1.1327334083239595
2011,4,T,Volledig + Verkort + Micro,2,dispq2,Mediaan (Q2),11,R010,10. Cashflow / Eigen vermogen (%),_Z,1,34.41,27.94,6.469999999999995,1.2315676449534716
2011,4,T,Volledig + Verkort + Micro,2,dispq2,Mediaan (Q2),13,R011A,"11. Brutorendabiliteit van het totaal der activa, vóór belasting en financiële kosten (%)",_Z,1,14.59,12.37,2.2200000000000006,1.1794664510913502
2011,4,T,Volledig + Verkort + Micro,2,dispq2,Mediaan (Q2),15,R012A,"12. Nettorendabiliteit van het totaal der activa, vóór belasting en financiële kosten (%)",_Z,1,6.21,5.54,0.6699999999999999,1.1209386281588447
2011,4,T,Volledig + Verkort + Micro,2,dispq2,Mediaan (Q2),16,R013,13. Liquiditeit in ruime zin,_Z,1,1.39,1.25,0.1399999999999999,1.1119999999999999
2011,4,T,Volledig + Verkort + Micro,2,dispq2,Mediaan (Q2),17,R014,14. Liquiditeit in enge zin,_Z,1,1.19,1.03,0.15999999999999992,1.1553398058252426
2011,4,T,Volledig + Verkort + Micro,2,dispq2,Mediaan (Q2),22,R019,17. Aantal dagen klantenkrediet,_Z,1,52.74,48.44,4.300000000000004,1.0887696118909993
2011,4,T,Volledig + Verkort + Micro,2,dispq2,Mediaan (Q2),23,R020,18. Aantal dagen leverancierskrediet,_Z,1,48.31,42.78,5.530000000000001,1.1292660121552127
2011,4,T,Volledig + Verkort + Micro,2,dispq2,Mediaan (Q2),24,R021,19. Financiële onafhankelijkheidsgraad (%),_Z,1,31.71,31.79,-0.0799999999999983,0.9974834853727588
2011,4,T,Volledig + Verkort + Micro,2,dispq2,Mediaan (Q2),25,R022,20. Aanschaffingen van materiële vaste activa / Toegevoegde waarde (%),_Z,1,17.86,16.29,1.5700000000000003,1.096378146101903
2011,4,T,Volledig + Verkort + Micro,2,dispq2,Mediaan (Q2),26,R023,21. Vernieuwingsgraad inzake materiële vaste activa (%),_Z,1,26.69,18.79,7.900000000000002,1.4204364023416713
2011,4,T,Volledig + Verkort + Micro,3,dispnb,Aantal ondernemingen,1,R001,1. Brutoverkoopmarge (%),_Z,1,9252.0,76604.0,-67352.0,0.12077698292517362
2011,4,T,Volledig + Verkort + Micro,3,dispnb,Aantal ondernemingen,2,R002,2. Nettoverkoopmarge (%),_Z,1,9252.0,76605.0,-67353.0,0.12077540630507147
2011,4,T,Volledig + Verkort + Micro,3,dispnb,Aantal ondernemingen,3,R003,3. Toegevoegde waarde / Bedrijfsopbrengsten (%),_Z,1,9544.0,80153.0,-70609.0,0.11907227427544821
2011,4,T,Volledig + Verkort + Micro,3,dispnb,Aantal ondernemingen,4,R004,4.Toegevoegde waarde per personeelslid (in EUR),EUR,1,21398.0,139174.0,-117776.0,0.1537499820368747
2011,4,T,Volledig + Verkort + Micro,3,dispnb,Aantal ondernemingen,5,R005,5. Toegevoegde waarde / Bruto materiële vaste activa (%),_Z,1,42221.0,345248.0,-303027.0,0.12229180183520252
2011,4,T,Volledig + Verkort + Micro,3,dispnb,Aantal ondernemingen,6,R006,6. Personeelskosten / Toegevoegde waarde (%),_Z,1,24340.0,155177.0,-130837.0,0.15685314189602842
2011,4,T,Volledig + Verkort + Micro,3,dispnb,Aantal ondernemingen,7,R007,"7. Afschrijvingen, waardeverminderingen en voorzieningen voor risico's en kosten / Toegevoegde waarde (%)",_Z,1,38396.0,304426.0,-266030.0,0.1261258893786996
2011,4,T,Volledig + Verkort + Micro,3,dispnb,Aantal ondernemingen,9,R008A,8. Financiële kosten / Toegevoegde waarde (%),_Z,1,39577.0,317780.0,-278203.0,0.12454213606897854
2011,4,T,Volledig + Verkort + Micro,3,dispnb,Aantal ondernemingen,10,R009,"9. Nettorendabiliteit van het eigen vermogen, na belasting (%)",_Z,1,39441.0,312772.0,-273331.0,0.1261014413054877
2011,4,T,Volledig + Verkort + Micro,3,dispnb,Aantal ondernemingen,11,R010,10. Cashflow / Eigen vermogen (%),_Z,1,39441.0,312776.0,-273335.0,0.1260998286313528
2011,4,T,Volledig + Verkort + Micro,3,dispnb,Aantal ondernemingen,13,R011A,"11. Brutorendabiliteit van het totaal der activa, vóór belasting en financiële kosten (%)",_Z,1,44660.0,372498.0,-327838.0,0.11989326117187206
2011,4,T,Volledig + Verkort + Micro,3,dispnb,Aantal ondernemingen,15,R012A,"12. Nettorendabiliteit van het totaal der activa, vóór belasting en financiële kosten (%)",_Z,1,44660.0,372488.0,-327828.0,0.11989647988660038
2011,4,T,Volledig + Verkort + Micro,3,dispnb,Aantal ondernemingen,16,R013,13. Liquiditeit in ruime zin,_Z,1,44398.0,368834.0,-324436.0,0.12037393515782167
2011,4,T,Volledig + Verkort + Micro,3,dispnb,Aantal ondernemingen,17,R014,14. Liquiditeit in enge zin,_Z,1,44342.0,367444.0,-323102.0,0.12067689226113366
2011,4,T,Volledig + Verkort + Micro,3,dispnb,Aantal ondernemingen,22,R019,17. Aantal dagen klantenkrediet,_Z,1,8655.0,62528.0,-53873.0,0.13841798874104402
2011,4,T,Volledig + Verkort + Micro,3,dispnb,Aantal ondernemingen,23,R020,18. Aantal dagen leverancierskrediet,_Z,1,9552.0,77463.0,-67911.0,0.12331048371480578
2011,4,T,Volledig + Verkort + Micro,3,dispnb,Aantal ondernemingen,24,R021,19. Financiële onafhankelijkheidsgraad (%),_Z,1,44713.0,373012.0,-328299.0,0.11987013822611604
2011,4,T,Volledig + Verkort + Micro,3,dispnb,Aantal ondernemingen,25,R022,20. Aanschaffingen van materiële vaste activa / Toegevoegde waarde (%),_Z,1,32936.0,240505.0,-207569.0,0.13694517785493024
2011,4,T,Volledig + Verkort + Micro,3,dispnb,Aantal ondernemingen,26,R023,21. Vernieuwingsgraad inzake materiële vaste activa (%),_Z,1,31123.0,232198.0,-201075.0,0.13403646887570092
2012,1,C,Volledig,1,dispg,Gewogen gemiddelde,1,R001,1. Brutoverkoopmarge (%),_Z,1,7.29,6.51,0.7800000000000002,1.1198156682027651
2012,1,C,Volledig,1,dispg,Gewogen gemiddelde,2,R002,2. Nettoverkoopmarge (%),_Z,1,4.47,3.29,1.1799999999999997,1.3586626139817628
2012,1,C,Volledig,1,dispg,Gewogen gemiddelde,3,R003,3. Toegevoegde waarde / Bedrijfsopbrengsten (%),_Z,1,23.65,18.69,4.959999999999997,1.2653825575173887
2012,1,C,Volledig,1,dispg,Gewogen gemiddelde,4,R004,4.Toegevoegde waarde per personeelslid (in EUR),EUR,1,75502.29,97662.47,-22160.180000000008,0.7730942090651608
2012,1,C,Volledig,1,dispg,Gewogen gemiddelde,5,R005,5. Toegevoegde waarde / Bruto materiële vaste activa (%),_Z,1,20.3,34.9,-14.599999999999998,0.5816618911174786
2012,1,C,Volledig,1,dispg,Gewogen gemiddelde,6,R006,6. Personeelskosten / Toegevoegde waarde (%),_Z,1,73.05,62.54,10.509999999999998,1.168052446434282
2012,1,C,Volledig,1,dispg,Gewogen gemiddelde,7,R007,"7. Afschrijvingen, waardeverminderingen en voorzieningen voor risico's en kosten / Toegevoegde waarde (%)",_Z,1,18.25,17.9,0.3500000000000014,1.0195530726256985
2012,1,C,Volledig,1,dispg,Gewogen gemiddelde,8,R008C,8. Kosten van de schulden / Toegevoegde waarde (%),_Z,1,6.5,16.43,-9.93,0.3956177723676202
2012,1,C,Volledig,1,dispg,Gewogen gemiddelde,10,R009,"9. Nettorendabiliteit van het eigen vermogen, na belasting (%)",_Z,1,3.57,4.78,-1.2100000000000004,0.7468619246861924
2012,1,C,Volledig,1,dispg,Gewogen gemiddelde,11,R010,10. Cashflow / Eigen vermogen (%),_Z,1,7.04,8.18,-1.1399999999999997,0.860635696821516
2012,1,C,Volledig,1,dispg,Gewogen gemiddelde,12,R011C,"11. Brutorendabiliteit van het totaal der activa, vóór belasting en kosten van schulden (%)",_Z,1,5.28,5.72,-0.4399999999999995,0.9230769230769231
2012,1,C,Volledig,1,dispg,Gewogen gemiddelde,14,R012C,"12. Nettorendabiliteit van het totaal der activa, vóór belasting en kosten van schulden (%)",_Z,1,3.33,3.94,-0.6099999999999999,0.8451776649746193
2012,1,C,Volledig,1,dispg,Gewogen gemiddelde,16,R013,13. Liquiditeit in ruime zin,_Z,1,1.41,1.47,-0.06000000000000005,0.9591836734693877
2012,1,C,Volledig,1,dispg,Gewogen gemiddelde,17,R014,14. Liquiditeit in enge zin,_Z,1,1.03,1.36,-0.33000000000000007,0.7573529411764706
2012,1,C,Volledig,1,dispg,Gewogen gemiddelde,18,R015,"15.1 Rotatie van de voorraad handelsgoederen, grond- en hulpstoffen (voor alle sectoren uitgezonderd de bouwnijverheid)",_Z,1,,11.13,,
2012,1,C,Volledig,1,dispg,Gewogen gemiddelde,19,R016,"15.2 Rotatie van de voorraad handelsgoederen, grond- en hulpstoffen (enkel voor de sector van de bouwnijverheid)",_Z,1,20.43,12.8,7.629999999999999,1.5960937499999999
2012,1,C,Volledig,1,dispg,Gewogen gemiddelde,20,R017,16.1 Rotatie van de voorraad goederen in bewerking en gereed product (voor alle sectoren uitgezonderd de bouwnijverheid),_Z,1,,35.78,,
2012,1,C,Volledig,1,dispg,Gewogen gemiddelde,21,R018,16.2 Rotatie van de voorraad goederen in bewerking en gereed product (enkel voor de sector van de bouwnijverheid),_Z,1,4.82,27.86,-23.04,0.1730078966259871
2012,1,C,Volledig,1,dispg,Gewogen gemiddelde,22,R019,17. Aantal dagen klantenkrediet,_Z,1,82.2,53.62,28.580000000000005,1.5330100708690788
2012,1,C,Volledig,1,dispg,Gewogen gemiddelde,23,R020,18. Aantal dagen leverancierskrediet,_Z,1,87.45,55.55,31.900000000000006,1.5742574257425743
2012,1,C,Volledig,1,dispg,Gewogen gemiddelde,24,R021,19. Financiële onafhankelijkheidsgraad (%),_Z,1,55.68,53.04,2.6400000000000006,1.0497737556561086
2012,1,C,Volledig,1,dispg,Gewogen gemiddelde,25,R022,20. Aanschaffingen van materiële vaste activa / Toegevoegde waarde (%),_Z,1,36.16,22.85,13.309999999999995,1.582494529540481
2012,1,C,Volledig,1,dispg,Gewogen gemiddelde,26,R023,21. Vernieuwingsgraad inzake materiële vaste activa (%),_Z,1,11.93,17.54,-5.609999999999999,0.6801596351197263
2012,1,C,Volledig,2,dispq2,Mediaan (Q2),1,R001,1. Brutoverkoopmarge (%),_Z,1,6.07,6.04,0.03000000000000025,1.0049668874172186
2012,1,C,Volledig,2,dispq2,Mediaan (Q2),2,R002,2. Nettoverkoopmarge (%),_Z,1,3.24,3.08,0.16000000000000014,1.051948051948052
2012,1,C,Volledig,2,dispq2,Mediaan (Q2),3,R003,3. Toegevoegde waarde / Bedrijfsopbrengsten (%),_Z,1,28.4,27.73,0.6699999999999982,1.0241615578795527
2012,1,C,Volledig,2,dispq2,Mediaan (Q2),4,R004,4.Toegevoegde waarde per personeelslid (in EUR),EUR,1,64625.0,78959.38,-14334.380000000005,0.8184588075539599
2012,1,C,Volledig,2,dispq2,Mediaan (Q2),5,R005,5. Toegevoegde waarde / Bruto materiële vaste activa (%),_Z,1,87.02,60.01,27.009999999999998,1.4500916513914348
2012,1,C,Volledig,2,dispq2,Mediaan (Q2),6,R006,6. Personeelskosten / Toegevoegde waarde (%),_Z,1,78.02,72.44,5.579999999999998,1.0770292655991165
2012,1,C,Volledig,2,dispq2,Mediaan (Q2),7,R007,"7. Afschrijvingen, waardeverminderingen en voorzieningen voor risico's en kosten / Toegevoegde waarde (%)",_Z,1,8.13,10.53,-2.3999999999999986,0.7720797720797722
2012,1,C,Volledig,2,dispq2,Mediaan (Q2),8,R008C,8. Kosten van de schulden / Toegevoegde waarde (%),_Z,1,2.15,3.11,-0.96,0.6913183279742765
2012,1,C,Volledig,2,dispq2,Mediaan (Q2),10,R009,"9. Nettorendabiliteit van het eigen vermogen, na belasting (%)",_Z,1,6.79,5.5,1.29,1.2345454545454546
2012,1,C,Volledig,2,dispq2,Mediaan (Q2),11,R010,10. Cashflow / Eigen vermogen (%),_Z,1,15.77,13.77,2.0,1.1452432824981844
2012,1,C,Volledig,2,dispq2,Mediaan (Q2),12,R011C,"11. Brutorendabiliteit van het totaal der activa, vóór belasting en kosten van schulden (%)",_Z,1,6.63,6.61,0.019999999999999574,1.0030257186081695
2012,1,C,Volledig,2,dispq2,Mediaan (Q2),14,R012C,"12. Nettorendabiliteit van het totaal der activa, vóór belasting en kosten van schulden (%)",_Z,1,3.58,3.52,0.06000000000000005,1.0170454545454546
2012,1,C,Volledig,2,dispq2,Mediaan (Q2),16,R013,13. Liquiditeit in ruime zin,_Z,1,1.35,1.31,0.040000000000000036,1.0305343511450382
2012,1,C,Volledig,2,dispq2,Mediaan (Q2),17,R014,14. Liquiditeit in enge zin,_Z,1,1.08,1.09,-0.010000000000000009,0.9908256880733944
2012,1,C,Volledig,2,dispq2,Mediaan (Q2),18,R015,"15.1 Rotatie van de voorraad handelsgoederen, grond- en hulpstoffen (voor alle sectoren uitgezonderd de bouwnijverheid)",_Z,1,,7.57,,
2012,1,C,Volledig,2,dispq2,Mediaan (Q2),19,R016,"15.2 Rotatie van de voorraad handelsgoederen, grond- en hulpstoffen (enkel voor de sector van de bouwnijverheid)",_Z,1,30.6,30.6,0.0,1.0
2012,1,C,Volledig,2,dispq2,Mediaan (Q2),20,R017,16.1 Rotatie van de voorraad goederen in bewerking en gereed product (voor alle sectoren uitgezonderd de bouwnijverheid),_Z,1,,19.61,,
2012,1,C,Volledig,2,dispq2,Mediaan (Q2),21,R018,16.2 Rotatie van de voorraad goederen in bewerking en gereed product (enkel voor de sector van de bouwnijverheid),_Z,1,14.55,14.55,0.0,1.0
2012,1,C,Volledig,2,dispq2,Mediaan (Q2),22,R019,17. Aantal dagen klantenkrediet,_Z,1,61.65,47.63,14.019999999999996,1.2943522989712366
2012,1,C,Volledig,2,dispq2,Mediaan (Q2),23,R020,18. Aantal dagen leverancierskrediet,_Z,1,74.43,55.55,18.88000000000001,1.33987398739874
2012,1,C,Volledig,2,dispq2,Mediaan (Q2),24,R021,19. Financiële onafhankelijkheidsgraad (%),_Z,1,30.5,36.96,-6.460000000000001,0.8252164502164502
2012,1,C,Volledig,2,dispq2,Mediaan (Q2),25,R022,20. Aanschaffingen van materiële vaste activa / Toegevoegde waarde (%),_Z,1,5.78,6.18,-0.39999999999999947,0.935275080906149
2012,1,C,Volledig,2,dispq2,Mediaan (Q2),26,R023,21. Vernieuwingsgraad inzake materiële vaste activa (%),_Z,1,22.57,19.26,3.3099999999999987,1.1718587746625129
2012,1,C,Volledig,3,dispnb,Aantal ondernemingen,1,R001,1. Brutoverkoopmarge (%),_Z,1,1630.0,21521.0,-19891.0,0.07573997490822917
2012,1,C,Volledig,3,dispnb,Aantal ondernemingen,2,R002,2. Nettoverkoopmarge (%),_Z,1,1630.0,21520.0,-19890.0,0.07574349442379182
2012,1,C,Volledig,3,dispnb,Aantal ondernemingen,3,R003,3. Toegevoegde waarde / Bedrijfsopbrengsten (%),_Z,1,1649.0,21568.0,-19919.0,0.07645586053412463
2012,1,C,Volledig,3,dispnb,Aantal ondernemingen,4,R004,4.Toegevoegde waarde per personeelslid (in EUR),EUR,1,1116.0,15530.0,-14414.0,0.07186091435930457
2012,1,C,Volledig,3,dispnb,Aantal ondernemingen,5,R005,5. Toegevoegde waarde / Bruto materiële vaste activa (%),_Z,1,1459.0,19732.0,-18273.0,0.07394080681127103
2012,1,C,Volledig,3,dispnb,Aantal ondernemingen,6,R006,6. Personeelskosten / Toegevoegde waarde (%),_Z,1,1142.0,15903.0,-14761.0,0.07181035024838081
2012,1,C,Volledig,3,dispnb,Aantal ondernemingen,7,R007,"7. Afschrijvingen, waardeverminderingen en voorzieningen voor risico's en kosten / Toegevoegde waarde (%)",_Z,1,1322.0,18245.0,-16923.0,0.0724582077281447
2012,1,C,Volledig,3,dispnb,Aantal ondernemingen,8,R008C,8. Kosten van de schulden / Toegevoegde waarde (%),_Z,1,1320.0,17301.0,-15981.0,0.07629616785156927
2012,1,C,Volledig,3,dispnb,Aantal ondernemingen,10,R009,"9. Nettorendabiliteit van het eigen vermogen, na belasting (%)",_Z,1,1597.0,21278.0,-19681.0,0.07505404643293542
2012,1,C,Volledig,3,dispnb,Aantal ondernemingen,11,R010,10. Cashflow / Eigen vermogen (%),_Z,1,1597.0,21276.0,-19679.0,0.0750611017108479
2012,1,C,Volledig,3,dispnb,Aantal ondernemingen,12,R011C,"11. Brutorendabiliteit van het totaal der activa, vóór belasting en kosten van schulden (%)",_Z,1,1800.0,23620.0,-21820.0,0.07620660457239628
2012,1,C,Volledig,3,dispnb,Aantal ondernemingen,14,R012C,"12. Nettorendabiliteit van het totaal der activa, vóór belasting en kosten van schulden (%)",_Z,1,1800.0,23620.0,-21820.0,0.07620660457239628
2012,1,C,Volledig,3,dispnb,Aantal ondernemingen,16,R013,13. Liquiditeit in ruime zin,_Z,1,1792.0,23468.0,-21676.0,0.07635929776717232
2012,1,C,Volledig,3,dispnb,Aantal ondernemingen,17,R014,14. Liquiditeit in enge zin,_Z,1,1783.0,23365.0,-21582.0,0.07631072116413438
2012,1,C,Volledig,3,dispnb,Aantal ondernemingen,18,R015,"15.1 Rotatie van de voorraad handelsgoederen, grond- en hulpstoffen (voor alle sectoren uitgezonderd de bouwnijverheid)",_Z,1,,7930.0,,
2012,1,C,Volledig,3,dispnb,Aantal ondernemingen,19,R016,"15.2 Rotatie van de voorraad handelsgoederen, grond- en hulpstoffen (enkel voor de sector van de bouwnijverheid)",_Z,1,814.0,814.0,0.0,1.0
2012,1,C,Volledig,3,dispnb,Aantal ondernemingen,20,R017,16.1 Rotatie van de voorraad goederen in bewerking en gereed product (voor alle sectoren uitgezonderd de bouwnijverheid),_Z,1,,2195.0,,
2012,1,C,Volledig,3,dispnb,Aantal ondernemingen,21,R018,16.2 Rotatie van de voorraad goederen in bewerking en gereed product (enkel voor de sector van de bouwnijverheid),_Z,1,707.0,707.0,0.0,1.0
2012,1,C,Volledig,3,dispnb,Aantal ondernemingen,22,R019,17. Aantal dagen klantenkrediet,_Z,1,1654.0,21682.0,-20028.0,0.07628447560188174
2012,1,C,Volledig,3,dispnb,Aantal ondernemingen,23,R020,18. Aantal dagen leverancierskrediet,_Z,1,1800.0,23471.0,-21671.0,0.07669038387797708
2012,1,C,Volledig,3,dispnb,Aantal ondernemingen,24,R021,19. Financiële onafhankelijkheidsgraad (%),_Z,1,1798.0,23598.0,-21800.0,0.07619289770319519
2012,1,C,Volledig,3,dispnb,Aantal ondernemingen,25,R022,20. Aanschaffingen van materiële vaste activa / Toegevoegde waarde (%),_Z,1,1117.0,14945.0,-13828.0,0.07474071595851456
2012,1,C,Volledig,3,dispnb,Aantal ondernemingen,26,R023,21. Vernieuwingsgraad inzake materiële vaste activa (%),_Z,1,1139.0,15068.0,-13929.0,0.07559065569418635
2012,2,A,Verkort,1,dispg,Gewogen gemiddelde,1,R001,1. Brutoverkoopmarge (%),_Z,1,10.01,11.09,-1.08,0.9026149684400361
2012,2,A,Verkort,1,dispg,Gewogen gemiddelde,2,R002,2. Nettoverkoopmarge (%),_Z,1,5.19,5.66,-0.46999999999999975,0.9169611307420495
2012,2,A,Verkort,1,dispg,Gewogen gemiddelde,3,R003,3. Toegevoegde waarde / Bedrijfsopbrengsten (%),_Z,1,26.81,24.65,2.16,1.0876267748478703
2012,2,A,Verkort,1,dispg,Gewogen gemiddelde,4,R004,4.Toegevoegde waarde per personeelslid (in EUR),EUR,1,59245.66,64411.99,-5166.3299999999945,0.9197924175297177
2012,2,A,Verkort,1,dispg,Gewogen gemiddelde,5,R005,5. Toegevoegde waarde / Bruto materiële vaste activa (%),_Z,1,45.38,29.82,15.560000000000002,1.5217974513749162
2012,2,A,Verkort,1,dispg,Gewogen gemiddelde,6,R006,6. Personeelskosten / Toegevoegde waarde (%),_Z,1,67.82,62.2,5.61999999999999,1.0903536977491959
2012,2,A,Verkort,1,dispg,Gewogen gemiddelde,7,R007,"7. Afschrijvingen, waardeverminderingen en voorzieningen voor risico's en kosten / Toegevoegde waarde (%)",_Z,1,17.55,22.32,-4.77,0.7862903225806451
2012,2,A,Verkort,1,dispg,Gewogen gemiddelde,9,R008A,8. Financiële kosten / Toegevoegde waarde (%),_Z,1,7.03,10.95,-3.919999999999999,0.6420091324200914
2012,2,A,Verkort,1,dispg,Gewogen gemiddelde,10,R009,"9. Nettorendabiliteit van het eigen vermogen, na belasting (%)",_Z,1,9.06,7.81,1.2500000000000009,1.1600512163892447
2012,2,A,Verkort,1,dispg,Gewogen gemiddelde,11,R010,10. Cashflow / Eigen vermogen (%),_Z,1,24.47,17.6,6.869999999999997,1.390340909090909
2012,2,A,Verkort,1,dispg,Gewogen gemiddelde,13,R011A,"11. Brutorendabiliteit van het totaal der activa, vóór belasting en financiële kosten (%)",_Z,1,11.85,10.68,1.17,1.1095505617977528
2012,2,A,Verkort,1,dispg,Gewogen gemiddelde,15,R012A,"12. Nettorendabiliteit van het totaal der activa, vóór belasting en financiële kosten (%)",_Z,1,6.71,6.56,0.15000000000000036,1.0228658536585367
2012,2,A,Verkort,1,dispg,Gewogen gemiddelde,16,R013,13. Liquiditeit in ruime zin,_Z,1,1.34,1.23,0.1100000000000001,1.0894308943089432
2012,2,A,Verkort,1,dispg,Gewogen gemiddelde,17,R014,14. Liquiditeit in enge zin,_Z,1,0.93,0.99,-0.05999999999999994,0.9393939393939394
2012,2,A,Verkort,1,dispg,Gewogen gemiddelde,22,R019,17. Aantal dagen klantenkrediet,_Z,1,65.3,51.61,13.689999999999998,1.2652586708002325
2012,2,A,Verkort,1,dispg,Gewogen gemiddelde,23,R020,18. Aantal dagen leverancierskrediet,_Z,1,66.43,63.62,2.8100000000000094,1.04416850047155
2012,2,A,Verkort,1,dispg,Gewogen gemiddelde,24,R021,19. Financiële onafhankelijkheidsgraad (%),_Z,1,33.07,42.65,-9.579999999999998,0.7753810082063306
2012,2,A,Verkort,1,dispg,Gewogen gemiddelde,25,R022,20. Aanschaffingen van materiële vaste activa / Toegevoegde waarde (%),_Z,1,27.18,36.27,-9.090000000000003,0.749379652605459
2012,2,A,Verkort,1,dispg,Gewogen gemiddelde,26,R023,21. Vernieuwingsgraad inzake materiële vaste activa (%),_Z,1,24.99,18.47,6.52,1.3530048727666486
2012,2,A,Verkort,2,dispq2,Mediaan (Q2),1,R001,1. Brutoverkoopmarge (%),_Z,1,9.33,11.88,-2.5500000000000007,0.7853535353535354
2012,2,A,Verkort,2,dispq2,Mediaan (Q2),2,R002,2. Nettoverkoopmarge (%),_Z,1,3.79,4.45,-0.6600000000000001,0.851685393258427
2012,2,A,Verkort,2,dispq2,Mediaan (Q2),3,R003,3. Toegevoegde waarde / Bedrijfsopbrengsten (%),_Z,1,22.19,24.95,-2.759999999999998,0.8893787575150301
2012,2,A,Verkort,2,dispq2,Mediaan (Q2),4,R004,4.Toegevoegde waarde per personeelslid (in EUR),EUR,1,57235.05,62047.66,-4812.610000000001,0.9224368815842531
2012,2,A,Verkort,2,dispq2,Mediaan (Q2),5,R005,5. Toegevoegde waarde / Bruto materiële vaste activa (%),_Z,1,43.94,30.06,13.879999999999999,1.4617431803060545
2012,2,A,Verkort,2,dispq2,Mediaan (Q2),6,R006,6. Personeelskosten / Toegevoegde waarde (%),_Z,1,64.09,57.95,6.140000000000001,1.10595340811044
2012,2,A,Verkort,2,dispq2,Mediaan (Q2),7,R007,"7. Afschrijvingen, waardeverminderingen en voorzieningen voor risico's en kosten / Toegevoegde waarde (%)",_Z,1,22.61,26.08,-3.469999999999999,0.8669478527607363
2012,2,A,Verkort,2,dispq2,Mediaan (Q2),9,R008A,8. Financiële kosten / Toegevoegde waarde (%),_Z,1,4.71,6.02,-1.3099999999999996,0.7823920265780732
2012,2,A,Verkort,2,dispq2,Mediaan (Q2),10,R009,"9. Nettorendabiliteit van het eigen vermogen, na belasting (%)",_Z,1,9.14,9.25,-0.10999999999999943,0.9881081081081081
2012,2,A,Verkort,2,dispq2,Mediaan (Q2),11,R010,10. Cashflow / Eigen vermogen (%),_Z,1,32.25,28.13,4.120000000000001,1.1464628510487025
2012,2,A,Verkort,2,dispq2,Mediaan (Q2),13,R011A,"11. Brutorendabiliteit van het totaal der activa, vóór belasting en financiële kosten (%)",_Z,1,14.22,12.68,1.540000000000001,1.1214511041009465
2012,2,A,Verkort,2,dispq2,Mediaan (Q2),15,R012A,"12. Nettorendabiliteit van het totaal der activa, vóór belasting en financiële kosten (%)",_Z,1,5.9,5.72,0.1800000000000006,1.0314685314685317
2012,2,A,Verkort,2,dispq2,Mediaan (Q2),16,R013,13. Liquiditeit in ruime zin,_Z,1,1.42,1.28,0.1399999999999999,1.109375
2012,2,A,Verkort,2,dispq2,Mediaan (Q2),17,R014,14. Liquiditeit in enge zin,_Z,1,1.2,1.06,0.1399999999999999,1.1320754716981132
2012,2,A,Verkort,2,dispq2,Mediaan (Q2),22,R019,17. Aantal dagen klantenkrediet,_Z,1,43.95,26.54,17.410000000000004,1.6559909570459685
2012,2,A,Verkort,2,dispq2,Mediaan (Q2),23,R020,18. Aantal dagen leverancierskrediet,_Z,1,36.43,26.35,10.079999999999998,1.3825426944971537
2012,2,A,Verkort,2,dispq2,Mediaan (Q2),24,R021,19. Financiële onafhankelijkheidsgraad (%),_Z,1,33.36,33.7,-0.3400000000000034,0.9899109792284866
2012,2,A,Verkort,2,dispq2,Mediaan (Q2),25,R022,20. Aanschaffingen van materiële vaste activa / Toegevoegde waarde (%),_Z,1,16.96,15.39,1.5700000000000003,1.102014294996751
2012,2,A,Verkort,2,dispq2,Mediaan (Q2),26,R023,21. Vernieuwingsgraad inzake materiële vaste activa (%),_Z,1,23.22,16.64,6.579999999999998,1.3954326923076923
2012,2,A,Verkort,3,dispnb,Aantal ondernemingen,1,R001,1. Brutoverkoopmarge (%),_Z,1,8170.0,59033.0,-50863.0,0.13839716768587063
2012,2,A,Verkort,3,dispnb,Aantal ondernemingen,2,R002,2. Nettoverkoopmarge (%),_Z,1,8170.0,59033.0,-50863.0,0.13839716768587063
2012,2,A,Verkort,3,dispnb,Aantal ondernemingen,3,R003,3. Toegevoegde waarde / Bedrijfsopbrengsten (%),_Z,1,8377.0,61314.0,-52937.0,0.13662458818540626
2012,2,A,Verkort,3,dispnb,Aantal ondernemingen,4,R004,4.Toegevoegde waarde per personeelslid (in EUR),EUR,1,20310.0,122941.0,-102631.0,0.16520119406869962
2012,2,A,Verkort,3,dispnb,Aantal ondernemingen,5,R005,5. Toegevoegde waarde / Bruto materiële vaste activa (%),_Z,1,41956.0,332059.0,-290103.0,0.12635104002601946
2012,2,A,Verkort,3,dispnb,Aantal ondernemingen,6,R006,6. Personeelskosten / Toegevoegde waarde (%),_Z,1,23054.0,137943.0,-114889.0,0.1671270017325997
2012,2,A,Verkort,3,dispnb,Aantal ondernemingen,7,R007,"7. Afschrijvingen, waardeverminderingen en voorzieningen voor risico's en kosten / Toegevoegde waarde (%)",_Z,1,37678.0,291383.0,-253705.0,0.1293074750414403
2012,2,A,Verkort,3,dispnb,Aantal ondernemingen,9,R008A,8. Financiële kosten / Toegevoegde waarde (%),_Z,1,38823.0,304114.0,-265291.0,0.12765936458038762
2012,2,A,Verkort,3,dispnb,Aantal ondernemingen,10,R009,"9. Nettorendabiliteit van het eigen vermogen, na belasting (%)",_Z,1,38900.0,299080.0,-260180.0,0.13006553430520262
2012,2,A,Verkort,3,dispnb,Aantal ondernemingen,11,R010,10. Cashflow / Eigen vermogen (%),_Z,1,38900.0,299080.0,-260180.0,0.13006553430520262
2012,2,A,Verkort,3,dispnb,Aantal ondernemingen,13,R011A,"11. Brutorendabiliteit van het totaal der activa, vóór belasting en financiële kosten (%)",_Z,1,44216.0,356497.0,-312281.0,0.12402909421397655
2012,2,A,Verkort,3,dispnb,Aantal ondernemingen,15,R012A,"12. Nettorendabiliteit van het totaal der activa, vóór belasting en financiële kosten (%)",_Z,1,44216.0,356493.0,-312277.0,0.12403048587209287
2012,2,A,Verkort,3,dispnb,Aantal ondernemingen,16,R013,13. Liquiditeit in ruime zin,_Z,1,43925.0,352714.0,-308789.0,0.1245343252606928
2012,2,A,Verkort,3,dispnb,Aantal ondernemingen,17,R014,14. Liquiditeit in enge zin,_Z,1,43869.0,351455.0,-307586.0,0.12482110085217168
2012,2,A,Verkort,3,dispnb,Aantal ondernemingen,22,R019,17. Aantal dagen klantenkrediet,_Z,1,8170.0,59036.0,-50866.0,0.13839013483298326
2012,2,A,Verkort,3,dispnb,Aantal ondernemingen,23,R020,18. Aantal dagen leverancierskrediet,_Z,1,8663.0,63371.0,-54708.0,0.13670290827034448
2012,2,A,Verkort,3,dispnb,Aantal ondernemingen,24,R021,19. Financiële onafhankelijkheidsgraad (%),_Z,1,44274.0,357046.0,-312772.0,0.12400082902483153
2012,2,A,Verkort,3,dispnb,Aantal ondernemingen,25,R022,20. Aanschaffingen van materiële vaste activa / Toegevoegde waarde (%),_Z,1,32040.0,226533.0,-194493.0,0.14143634702228813
2012,2,A,Verkort,3,dispnb,Aantal ondernemingen,26,R023,21. Vernieuwingsgraad inzake materiële vaste activa (%),_Z,1,30537.0,219365.0,-188828.0,0.1392063455884029
2012,4,T,Volledig + Verkort + Micro,1,dispg,Gewogen gemiddelde,1,R001,1. Brutoverkoopmarge (%),_Z,1,7.8,7.09,0.71,1.1001410437235544
2012,4,T,Volledig + Verkort + Micro,1,dispg,Gewogen gemiddelde,2,R002,2. Nettoverkoopmarge (%),_Z,1,4.66,3.56,1.1,1.3089887640449438
2012,4,T,Volledig + Verkort + Micro,1,dispg,Gewogen gemiddelde,3,R003,3. Toegevoegde waarde / Bedrijfsopbrengsten (%),_Z,1,24.2,19.12,5.079999999999998,1.2656903765690375
2012,4,T,Volledig + Verkort + Micro,1,dispg,Gewogen gemiddelde,4,R004,4.Toegevoegde waarde per personeelslid (in EUR),EUR,1,66388.51,88535.88,-22147.37000000001,0.7498486489319357
2012,4,T,Volledig + Verkort + Micro,1,dispg,Gewogen gemiddelde,5,R005,5. Toegevoegde waarde / Bruto materiële vaste activa (%),_Z,1,28.6,33.78,-5.18,0.8466548253404381
2012,4,T,Volledig + Verkort + Micro,1,dispg,Gewogen gemiddelde,6,R006,6. Personeelskosten / Toegevoegde waarde (%),_Z,1,70.14,61.67,8.469999999999999,1.1373439273552781
2012,4,T,Volledig + Verkort + Micro,1,dispg,Gewogen gemiddelde,7,R007,"7. Afschrijvingen, waardeverminderingen en voorzieningen voor risico's en kosten / Toegevoegde waarde (%)",_Z,1,17.82,18.99,-1.1699999999999982,0.9383886255924172
2012,4,T,Volledig + Verkort + Micro,1,dispg,Gewogen gemiddelde,9,R008A,8. Financiële kosten / Toegevoegde waarde (%),_Z,1,7.98,29.03,-21.05,0.2748880468480882
2012,4,T,Volledig + Verkort + Micro,1,dispg,Gewogen gemiddelde,10,R009,"9. Nettorendabiliteit van het eigen vermogen, na belasting (%)",_Z,1,4.78,5.08,-0.2999999999999998,0.9409448818897638
2012,4,T,Volledig + Verkort + Micro,1,dispg,Gewogen gemiddelde,11,R010,10. Cashflow / Eigen vermogen (%),_Z,1,10.78,9.1,1.6799999999999997,1.1846153846153846
2012,4,T,Volledig + Verkort + Micro,1,dispg,Gewogen gemiddelde,13,R011A,"11. Brutorendabiliteit van het totaal der activa, vóór belasting en financiële kosten (%)",_Z,1,7.57,7.48,0.08999999999999986,1.0120320855614973
2012,4,T,Volledig + Verkort + Micro,1,dispg,Gewogen gemiddelde,15,R012A,"12. Nettorendabiliteit van het totaal der activa, vóór belasting en financiële kosten (%)",_Z,1,4.66,5.43,-0.7699999999999996,0.858195211786372
2012,4,T,Volledig + Verkort + Micro,1,dispg,Gewogen gemiddelde,16,R013,13. Liquiditeit in ruime zin,_Z,1,1.38,1.43,-0.050000000000000044,0.965034965034965
2012,4,T,Volledig + Verkort + Micro,1,dispg,Gewogen gemiddelde,17,R014,14. Liquiditeit in enge zin,_Z,1,0.98,1.3,-0.32000000000000006,0.7538461538461538
2012,4,T,Volledig + Verkort + Micro,1,dispg,Gewogen gemiddelde,22,R019,17. Aantal dagen klantenkrediet,_Z,1,89.61,60.77,28.839999999999996,1.4745762711864405
2012,4,T,Volledig + Verkort + Micro,1,dispg,Gewogen gemiddelde,23,R020,18. Aantal dagen leverancierskrediet,_Z,1,98.08,63.88,34.199999999999996,1.5353788353162179
2012,4,T,Volledig + Verkort + Micro,1,dispg,Gewogen gemiddelde,24,R021,19. Financiële onafhankelijkheidsgraad (%),_Z,1,48.24,51.79,-3.549999999999997,0.9314539486387334
2012,4,T,Volledig + Verkort + Micro,1,dispg,Gewogen gemiddelde,25,R022,20. Aanschaffingen van materiële vaste activa / Toegevoegde waarde (%),_Z,1,31.3,26.1,5.199999999999999,1.1992337164750957
2012,4,T,Volledig + Verkort + Micro,1,dispg,Gewogen gemiddelde,26,R023,21. Vernieuwingsgraad inzake materiële vaste activa (%),_Z,1,15.38,17.84,-2.459999999999999,0.8621076233183858
2012,4,T,Volledig + Verkort + Micro,2,dispq2,Mediaan (Q2),1,R001,1. Brutoverkoopmarge (%),_Z,1,8.84,10.04,-1.1999999999999993,0.8804780876494025
2012,4,T,Volledig + Verkort + Micro,2,dispq2,Mediaan (Q2),2,R002,2. Nettoverkoopmarge (%),_Z,1,3.73,4.05,-0.31999999999999984,0.9209876543209877
2012,4,T,Volledig + Verkort + Micro,2,dispq2,Mediaan (Q2),3,R003,3. Toegevoegde waarde / Bedrijfsopbrengsten (%),_Z,1,23.21,25.63,-2.419999999999998,0.905579399141631
2012,4,T,Volledig + Verkort + Micro,2,dispq2,Mediaan (Q2),4,R004,4.Toegevoegde waarde per personeelslid (in EUR),EUR,1,57623.95,64022.55,-6398.600000000006,0.900057089259956
2012,4,T,Volledig + Verkort + Micro,2,dispq2,Mediaan (Q2),5,R005,5. Toegevoegde waarde / Bruto materiële vaste activa (%),_Z,1,44.76,31.26,13.499999999999996,1.4318618042226485
2012,4,T,Volledig + Verkort + Micro,2,dispq2,Mediaan (Q2),6,R006,6. Personeelskosten / Toegevoegde waarde (%),_Z,1,64.93,59.61,5.320000000000007,1.0892467706760611
2012,4,T,Volledig + Verkort + Micro,2,dispq2,Mediaan (Q2),7,R007,"7. Afschrijvingen, waardeverminderingen en voorzieningen voor risico's en kosten / Toegevoegde waarde (%)",_Z,1,21.98,24.97,-2.9899999999999984,0.8802563075690829
2012,4,T,Volledig + Verkort + Micro,2,dispq2,Mediaan (Q2),9,R008A,8. Financiële kosten / Toegevoegde waarde (%),_Z,1,4.63,5.91,-1.2800000000000002,0.7834179357021996
2012,4,T,Volledig + Verkort + Micro,2,dispq2,Mediaan (Q2),10,R009,"9. Nettorendabiliteit van het eigen vermogen, na belasting (%)",_Z,1,9.02,8.9,0.11999999999999922,1.0134831460674156
2012,4,T,Volledig + Verkort + Micro,2,dispq2,Mediaan (Q2),11,R010,10. Cashflow / Eigen vermogen (%),_Z,1,31.33,26.78,4.549999999999997,1.1699029126213591
2012,4,T,Volledig + Verkort + Micro,2,dispq2,Mediaan (Q2),13,R011A,"11. Brutorendabiliteit van het totaal der activa, vóór belasting en financiële kosten (%)",_Z,1,13.85,12.21,1.6399999999999988,1.1343161343161343
2012,4,T,Volledig + Verkort + Micro,2,dispq2,Mediaan (Q2),15,R012A,"12. Nettorendabiliteit van het totaal der activa, vóór belasting en financiële kosten (%)",_Z,1,5.77,5.58,0.1899999999999995,1.0340501792114694
2012,4,T,Volledig + Verkort + Micro,2,dispq2,Mediaan (Q2),16,R013,13. Liquiditeit in ruime zin,_Z,1,1.42,1.28,0.1399999999999999,1.109375
2012,4,T,Volledig + Verkort + Micro,2,dispq2,Mediaan (Q2),17,R014,14. Liquiditeit in enge zin,_Z,1,1.2,1.06,0.1399999999999999,1.1320754716981132
2012,4,T,Volledig + Verkort + Micro,2,dispq2,Mediaan (Q2),22,R019,17. Aantal dagen klantenkrediet,_Z,1,48.0,35.04,12.96,1.36986301369863
2012,4,T,Volledig + Verkort + Micro,2,dispq2,Mediaan (Q2),23,R020,18. Aantal dagen leverancierskrediet,_Z,1,43.47,36.57,6.899999999999999,1.1886792452830188
2012,4,T,Volledig + Verkort + Micro,2,dispq2,Mediaan (Q2),24,R021,19. Financiële onafhankelijkheidsgraad (%),_Z,1,33.23,33.94,-0.7100000000000009,0.9790807307012375
2012,4,T,Volledig + Verkort + Micro,2,dispq2,Mediaan (Q2),25,R022,20. Aanschaffingen van materiële vaste activa / Toegevoegde waarde (%),_Z,1,16.21,14.48,1.7300000000000004,1.119475138121547
2012,4,T,Volledig + Verkort + Micro,2,dispq2,Mediaan (Q2),26,R023,21. Vernieuwingsgraad inzake materiële vaste activa (%),_Z,1,23.16,16.86,6.300000000000001,1.3736654804270463
2012,4,T,Volledig + Verkort + Micro,3,dispnb,Aantal ondernemingen,1,R001,1. Brutoverkoopmarge (%),_Z,1,9697.0,79079.0,-69382.0,0.12262421123180617
2012,4,T,Volledig + Verkort + Micro,3,dispnb,Aantal ondernemingen,2,R002,2. Nettoverkoopmarge (%),_Z,1,9697.0,79081.0,-69384.0,0.12262111000113807
2012,4,T,Volledig + Verkort + Micro,3,dispnb,Aantal ondernemingen,3,R003,3. Toegevoegde waarde / Bedrijfsopbrengsten (%),_Z,1,10026.0,82879.0,-72853.0,0.12097153681873575
2012,4,T,Volledig + Verkort + Micro,3,dispnb,Aantal ondernemingen,4,R004,4.Toegevoegde waarde per personeelslid (in EUR),EUR,1,21426.0,138470.0,-117044.0,0.15473387737416047
2012,4,T,Volledig + Verkort + Micro,3,dispnb,Aantal ondernemingen,5,R005,5. Toegevoegde waarde / Bruto materiële vaste activa (%),_Z,1,43415.0,351791.0,-308376.0,0.12341134366712053
2012,4,T,Volledig + Verkort + Micro,3,dispnb,Aantal ondernemingen,6,R006,6. Personeelskosten / Toegevoegde waarde (%),_Z,1,24199.0,153896.0,-129697.0,0.15724255341269427
2012,4,T,Volledig + Verkort + Micro,3,dispnb,Aantal ondernemingen,7,R007,"7. Afschrijvingen, waardeverminderingen en voorzieningen voor risico's en kosten / Toegevoegde waarde (%)",_Z,1,39003.0,309685.0,-270682.0,0.12594410449327542
2012,4,T,Volledig + Verkort + Micro,3,dispnb,Aantal ondernemingen,9,R008A,8. Financiële kosten / Toegevoegde waarde (%),_Z,1,40307.0,323928.0,-283621.0,0.12443197253710701
2012,4,T,Volledig + Verkort + Micro,3,dispnb,Aantal ondernemingen,10,R009,"9. Nettorendabiliteit van het eigen vermogen, na belasting (%)",_Z,1,40497.0,320358.0,-279861.0,0.12641170190848988
2012,4,T,Volledig + Verkort + Micro,3,dispnb,Aantal ondernemingen,11,R010,10. Cashflow / Eigen vermogen (%),_Z,1,40497.0,320358.0,-279861.0,0.12641170190848988
2012,4,T,Volledig + Verkort + Micro,3,dispnb,Aantal ondernemingen,13,R011A,"11. Brutorendabiliteit van het totaal der activa, vóór belasting en financiële kosten (%)",_Z,1,46016.0,380118.0,-334102.0,0.12105714541274025
2012,4,T,Volledig + Verkort + Micro,3,dispnb,Aantal ondernemingen,15,R012A,"12. Nettorendabiliteit van het totaal der activa, vóór belasting en financiële kosten (%)",_Z,1,46016.0,380113.0,-334097.0,0.12105873779639213
2012,4,T,Volledig + Verkort + Micro,3,dispnb,Aantal ondernemingen,16,R013,13. Liquiditeit in ruime zin,_Z,1,45717.0,376182.0,-330465.0,0.12152894077866565
2012,4,T,Volledig + Verkort + Micro,3,dispnb,Aantal ondernemingen,17,R014,14. Liquiditeit in enge zin,_Z,1,45652.0,374820.0,-329168.0,0.12179712928872526
2012,4,T,Volledig + Verkort + Micro,3,dispnb,Aantal ondernemingen,22,R019,17. Aantal dagen klantenkrediet,_Z,1,9697.0,79079.0,-69382.0,0.12262421123180617
2012,4,T,Volledig + Verkort + Micro,3,dispnb,Aantal ondernemingen,23,R020,18. Aantal dagen leverancierskrediet,_Z,1,10460.0,86827.0,-76367.0,0.12046943922973269
2012,4,T,Volledig + Verkort + Micro,3,dispnb,Aantal ondernemingen,24,R021,19. Financiële onafhankelijkheidsgraad (%),_Z,1,46072.0,380644.0,-334572.0,0.12103697943485252
2012,4,T,Volledig + Verkort + Micro,3,dispnb,Aantal ondernemingen,25,R022,20. Aanschaffingen van materiële vaste activa / Toegevoegde waarde (%),_Z,1,33160.0,241527.0,-208367.0,0.13729313906933802
2012,4,T,Volledig + Verkort + Micro,3,dispnb,Aantal ondernemingen,26,R023,21. Vernieuwingsgraad inzake materiële vaste activa (%),_Z,1,31676.0,234433.0,-202757.0,0.1351174962569263
2013,1,C,Volledig,1,dispg,Gewogen gemiddelde,1,R001,1. Brutoverkoopmarge (%),_Z,1,7.71,6.81,0.9000000000000004,1.1321585903083702
2013,1,C,Volledig,1,dispg,Gewogen gemiddelde,2,R002,2. Nettoverkoopmarge (%),_Z,1,4.94,3.31,1.6300000000000003,1.4924471299093656
2013,1,C,Volledig,1,dispg,Gewogen gemiddelde,3,R003,3. Toegevoegde waarde / Bedrijfsopbrengsten (%),_Z,1,24.2,19.13,5.07,1.265028750653424
2013,1,C,Volledig,1,dispg,Gewogen gemiddelde,4,R004,4.Toegevoegde waarde per personeelslid (in EUR),EUR,1,78123.71,99721.39,-21597.679999999993,0.7834197858653996
2013,1,C,Volledig,1,dispg,Gewogen gemiddelde,5,R005,5. Toegevoegde waarde / Bruto materiële vaste activa (%),_Z,1,17.54,34.26,-16.72,0.5119673088149446
2013,1,C,Volledig,1,dispg,Gewogen gemiddelde,6,R006,6. Personeelskosten / Toegevoegde waarde (%),_Z,1,69.82,62.24,7.579999999999991,1.1217866323907453
2013,1,C,Volledig,1,dispg,Gewogen gemiddelde,7,R007,"7. Afschrijvingen, waardeverminderingen en voorzieningen voor risico's en kosten / Toegevoegde waarde (%)",_Z,1,18.14,19.21,-1.0700000000000003,0.9442998438313378
2013,1,C,Volledig,1,dispg,Gewogen gemiddelde,8,R008C,8. Kosten van de schulden / Toegevoegde waarde (%),_Z,1,6.42,14.27,-7.85,0.4498948843728101
2013,1,C,Volledig,1,dispg,Gewogen gemiddelde,10,R009,"9. Nettorendabiliteit van het eigen vermogen, na belasting (%)",_Z,1,3.09,4.22,-1.13,0.7322274881516587
2013,1,C,Volledig,1,dispg,Gewogen gemiddelde,11,R010,10. Cashflow / Eigen vermogen (%),_Z,1,6.58,7.52,-0.9399999999999995,0.8750000000000001
2013,1,C,Volledig,1,dispg,Gewogen gemiddelde,12,R011C,"11. Brutorendabiliteit van het totaal der activa, vóór belasting en kosten van schulden (%)",_Z,1,5.03,5.15,-0.1200000000000001,0.9766990291262135
2013,1,C,Volledig,1,dispg,Gewogen gemiddelde,14,R012C,"12. Nettorendabiliteit van het totaal der activa, vóór belasting en kosten van schulden (%)",_Z,1,3.03,3.46,-0.43000000000000016,0.8757225433526011
2013,1,C,Volledig,1,dispg,Gewogen gemiddelde,16,R013,13. Liquiditeit in ruime zin,_Z,1,1.37,1.4,-0.029999999999999805,0.9785714285714288
2013,1,C,Volledig,1,dispg,Gewogen gemiddelde,17,R014,14. Liquiditeit in enge zin,_Z,1,1.04,1.29,-0.25,0.8062015503875969
2013,1,C,Volledig,1,dispg,Gewogen gemiddelde,18,R015,"15.1 Rotatie van de voorraad handelsgoederen, grond- en hulpstoffen (voor alle sectoren uitgezonderd de bouwnijverheid)",_Z,1,,11.0,,
2013,1,C,Volledig,1,dispg,Gewogen gemiddelde,19,R016,"15.2 Rotatie van de voorraad handelsgoederen, grond- en hulpstoffen (enkel voor de sector van de bouwnijverheid)",_Z,1,20.7,12.74,7.959999999999999,1.6248037676609104
2013,1,C,Volledig,1,dispg,Gewogen gemiddelde,20,R017,16.1 Rotatie van de voorraad goederen in bewerking en gereed product (voor alle sectoren uitgezonderd de bouwnijverheid),_Z,1,,36.41,,
2013,1,C,Volledig,1,dispg,Gewogen gemiddelde,21,R018,16.2 Rotatie van de voorraad goederen in bewerking en gereed product (enkel voor de sector van de bouwnijverheid),_Z,1,5.67,27.9,-22.229999999999997,0.20322580645161292
2013,1,C,Volledig,1,dispg,Gewogen gemiddelde,22,R019,17. Aantal dagen klantenkrediet,_Z,1,83.04,55.12,27.92000000000001,1.5065312046444124
2013,1,C,Volledig,1,dispg,Gewogen gemiddelde,23,R020,18. Aantal dagen leverancierskrediet,_Z,1,87.05,56.28,30.769999999999996,1.546730632551528
2013,1,C,Volledig,1,dispg,Gewogen gemiddelde,24,R021,19. Financiële onafhankelijkheidsgraad (%),_Z,1,57.05,51.34,5.709999999999994,1.1112193221659523
2013,1,C,Volledig,1,dispg,Gewogen gemiddelde,25,R022,20. Aanschaffingen van materiële vaste activa / Toegevoegde waarde (%),_Z,1,41.62,25.07,16.549999999999997,1.6601515755883525
2013,1,C,Volledig,1,dispg,Gewogen gemiddelde,26,R023,21. Vernieuwingsgraad inzake materiële vaste activa (%),_Z,1,13.69,20.12,-6.4300000000000015,0.680417495029821
2013,1,C,Volledig,2,dispq2,Mediaan (Q2),1,R001,1. Brutoverkoopmarge (%),_Z,1,5.77,5.96,-0.1900000000000004,0.9681208053691275
2013,1,C,Volledig,2,dispq2,Mediaan (Q2),2,R002,2. Nettoverkoopmarge (%),_Z,1,3.2,3.05,0.15000000000000036,1.0491803278688525
2013,1,C,Volledig,2,dispq2,Mediaan (Q2),3,R003,3. Toegevoegde waarde / Bedrijfsopbrengsten (%),_Z,1,28.77,28.2,0.5700000000000003,1.020212765957447
2013,1,C,Volledig,2,dispq2,Mediaan (Q2),4,R004,4.Toegevoegde waarde per personeelslid (in EUR),EUR,1,64606.72,79397.76,-14791.039999999994,0.8137096059133155
2013,1,C,Volledig,2,dispq2,Mediaan (Q2),5,R005,5. Toegevoegde waarde / Bruto materiële vaste activa (%),_Z,1,82.4,59.16,23.24000000000001,1.3928329952670726
2013,1,C,Volledig,2,dispq2,Mediaan (Q2),6,R006,6. Personeelskosten / Toegevoegde waarde (%),_Z,1,79.09,72.69,6.400000000000006,1.0880451231256019
2013,1,C,Volledig,2,dispq2,Mediaan (Q2),7,R007,"7. Afschrijvingen, waardeverminderingen en voorzieningen voor risico's en kosten / Toegevoegde waarde (%)",_Z,1,8.26,10.38,-2.120000000000001,0.7957610789980731
2013,1,C,Volledig,2,dispq2,Mediaan (Q2),8,R008C,8. Kosten van de schulden / Toegevoegde waarde (%),_Z,1,1.98,2.86,-0.8799999999999999,0.6923076923076923
2013,1,C,Volledig,2,dispq2,Mediaan (Q2),10,R009,"9. Nettorendabiliteit van het eigen vermogen, na belasting (%)",_Z,1,5.42,5.18,0.2400000000000002,1.0463320463320465
2013,1,C,Volledig,2,dispq2,Mediaan (Q2),11,R010,10. Cashflow / Eigen vermogen (%),_Z,1,14.71,13.34,1.370000000000001,1.1026986506746628
2013,1,C,Volledig,2,dispq2,Mediaan (Q2),12,R011C,"11. Brutorendabiliteit van het totaal der activa, vóór belasting en kosten van schulden (%)",_Z,1,5.91,6.38,-0.46999999999999975,0.9263322884012539
2013,1,C,Volledig,2,dispq2,Mediaan (Q2),14,R012C,"12. Nettorendabiliteit van het totaal der activa, vóór belasting en kosten van schulden (%)",_Z,1,3.01,3.37,-0.3600000000000003,0.8931750741839761
2013,1,C,Volledig,2,dispq2,Mediaan (Q2),16,R013,13. Liquiditeit in ruime zin,_Z,1,1.35,1.31,0.040000000000000036,1.0305343511450382
2013,1,C,Volledig,2,dispq2,Mediaan (Q2),17,R014,14. Liquiditeit in enge zin,_Z,1,1.07,1.09,-0.020000000000000018,0.981651376146789
2013,1,C,Volledig,2,dispq2,Mediaan (Q2),18,R015,"15.1 Rotatie van de voorraad handelsgoederen, grond- en hulpstoffen (voor alle sectoren uitgezonderd de bouwnijverheid)",_Z,1,,7.32,,
2013,1,C,Volledig,2,dispq2,Mediaan (Q2),19,R016,"15.2 Rotatie van de voorraad handelsgoederen, grond- en hulpstoffen (enkel voor de sector van de bouwnijverheid)",_Z,1,29.61,29.61,0.0,1.0
2013,1,C,Volledig,2,dispq2,Mediaan (Q2),20,R017,16.1 Rotatie van de voorraad goederen in bewerking en gereed product (voor alle sectoren uitgezonderd de bouwnijverheid),_Z,1,,19.64,,
2013,1,C,Volledig,2,dispq2,Mediaan (Q2),21,R018,16.2 Rotatie van de voorraad goederen in bewerking en gereed product (enkel voor de sector van de bouwnijverheid),_Z,1,13.87,13.87,0.0,1.0
2013,1,C,Volledig,2,dispq2,Mediaan (Q2),22,R019,17. Aantal dagen klantenkrediet,_Z,1,62.38,47.41,14.970000000000006,1.315756169584476
2013,1,C,Volledig,2,dispq2,Mediaan (Q2),23,R020,18. Aantal dagen leverancierskrediet,_Z,1,73.48,55.08,18.400000000000006,1.3340595497458243
2013,1,C,Volledig,2,dispq2,Mediaan (Q2),24,R021,19. Financiële onafhankelijkheidsgraad (%),_Z,1,30.55,37.25,-6.699999999999999,0.8201342281879195
2013,1,C,Volledig,2,dispq2,Mediaan (Q2),25,R022,20. Aanschaffingen van materiële vaste activa / Toegevoegde waarde (%),_Z,1,5.53,5.63,-0.09999999999999964,0.9822380106571936
2013,1,C,Volledig,2,dispq2,Mediaan (Q2),26,R023,21. Vernieuwingsgraad inzake materiële vaste activa (%),_Z,1,21.69,17.62,4.07,1.2309875141884223
2013,1,C,Volledig,3,dispnb,Aantal ondernemingen,1,R001,1. Brutoverkoopmarge (%),_Z,1,1684.0,21921.0,-20237.0,0.07682131289630947
2013,1,C,Volledig,3,dispnb,Aantal ondernemingen,2,R002,2. Nettoverkoopmarge (%),_Z,1,1684.0,21920.0,-20236.0,0.07682481751824817
2013,1,C,Volledig,3,dispnb,Aantal ondernemingen,3,R003,3. Toegevoegde waarde / Bedrijfsopbrengsten (%),_Z,1,1699.0,21961.0,-20262.0,0.07736441874231592
2013,1,C,Volledig,3,dispnb,Aantal ondernemingen,4,R004,4.Toegevoegde waarde per personeelslid (in EUR),EUR,1,1131.0,15823.0,-14692.0,0.07147822789610062
2013,1,C,Volledig,3,dispnb,Aantal ondernemingen,5,R005,5. Toegevoegde waarde / Bruto materiële vaste activa (%),_Z,1,1512.0,20140.0,-18628.0,0.07507447864945382
2013,1,C,Volledig,3,dispnb,Aantal ondernemingen,6,R006,6. Personeelskosten / Toegevoegde waarde (%),_Z,1,1160.0,16123.0,-14963.0,0.07194690814364572
2013,1,C,Volledig,3,dispnb,Aantal ondernemingen,7,R007,"7. Afschrijvingen, waardeverminderingen en voorzieningen voor risico's en kosten / Toegevoegde waarde (%)",_Z,1,1356.0,18494.0,-17138.0,0.07332107710608846
2013,1,C,Volledig,3,dispnb,Aantal ondernemingen,8,R008C,8. Kosten van de schulden / Toegevoegde waarde (%),_Z,1,1378.0,17488.0,-16110.0,0.07879688929551693
2013,1,C,Volledig,3,dispnb,Aantal ondernemingen,10,R009,"9. Nettorendabiliteit van het eigen vermogen, na belasting (%)",_Z,1,1674.0,21712.0,-20038.0,0.07710022107590273
2013,1,C,Volledig,3,dispnb,Aantal ondernemingen,11,R010,10. Cashflow / Eigen vermogen (%),_Z,1,1674.0,21712.0,-20038.0,0.07710022107590273
2013,1,C,Volledig,3,dispnb,Aantal ondernemingen,12,R011C,"11. Brutorendabiliteit van het totaal der activa, vóór belasting en kosten van schulden (%)",_Z,1,1850.0,23999.0,-22149.0,0.0770865452727197
2013,1,C,Volledig,3,dispnb,Aantal ondernemingen,14,R012C,"12. Nettorendabiliteit van het totaal der activa, vóór belasting en kosten van schulden (%)",_Z,1,1850.0,23998.0,-22148.0,0.07708975747978998
2013,1,C,Volledig,3,dispnb,Aantal ondernemingen,16,R013,13. Liquiditeit in ruime zin,_Z,1,1843.0,23825.0,-21982.0,0.07735571878279118
2013,1,C,Volledig,3,dispnb,Aantal ondernemingen,17,R014,14. Liquiditeit in enge zin,_Z,1,1835.0,23727.0,-21892.0,0.07733805369410376
2013,1,C,Volledig,3,dispnb,Aantal ondernemingen,18,R015,"15.1 Rotatie van de voorraad handelsgoederen, grond- en hulpstoffen (voor alle sectoren uitgezonderd de bouwnijverheid)",_Z,1,,7943.0,,
2013,1,C,Volledig,3,dispnb,Aantal ondernemingen,19,R016,"15.2 Rotatie van de voorraad handelsgoederen, grond- en hulpstoffen (enkel voor de sector van de bouwnijverheid)",_Z,1,824.0,824.0,0.0,1.0
2013,1,C,Volledig,3,dispnb,Aantal ondernemingen,20,R017,16.1 Rotatie van de voorraad goederen in bewerking en gereed product (voor alle sectoren uitgezonderd de bouwnijverheid),_Z,1,,2164.0,,
2013,1,C,Volledig,3,dispnb,Aantal ondernemingen,21,R018,16.2 Rotatie van de voorraad goederen in bewerking en gereed product (enkel voor de sector van de bouwnijverheid),_Z,1,736.0,736.0,0.0,1.0
2013,1,C,Volledig,3,dispnb,Aantal ondernemingen,22,R019,17. Aantal dagen klantenkrediet,_Z,1,1714.0,22082.0,-20368.0,0.07761978081695499
2013,1,C,Volledig,3,dispnb,Aantal ondernemingen,23,R020,18. Aantal dagen leverancierskrediet,_Z,1,1850.0,23857.0,-22007.0,0.07754537452320073
2013,1,C,Volledig,3,dispnb,Aantal ondernemingen,24,R021,19. Financiële onafhankelijkheidsgraad (%),_Z,1,1847.0,23972.0,-22125.0,0.07704822292674787
2013,1,C,Volledig,3,dispnb,Aantal ondernemingen,25,R022,20. Aanschaffingen van materiële vaste activa / Toegevoegde waarde (%),_Z,1,1142.0,15114.0,-13972.0,0.07555908429270874
2013,1,C,Volledig,3,dispnb,Aantal ondernemingen,26,R023,21. Vernieuwingsgraad inzake materiële vaste activa (%),_Z,1,1160.0,15316.0,-14156.0,0.07573779054583442
2013,2,A,Verkort,1,dispg,Gewogen gemiddelde,1,R001,1. Brutoverkoopmarge (%),_Z,1,9.27,10.48,-1.2100000000000009,0.8845419847328243
2013,2,A,Verkort,1,dispg,Gewogen gemiddelde,2,R002,2. Nettoverkoopmarge (%),_Z,1,4.29,5.14,-0.8499999999999996,0.8346303501945526
2013,2,A,Verkort,1,dispg,Gewogen gemiddelde,3,R003,3. Toegevoegde waarde / Bedrijfsopbrengsten (%),_Z,1,27.04,24.87,2.169999999999998,1.087253719340571
2013,2,A,Verkort,1,dispg,Gewogen gemiddelde,4,R004,4.Toegevoegde waarde per personeelslid (in EUR),EUR,1,58840.4,65162.07,-6321.669999999998,0.9029854330901398
2013,2,A,Verkort,1,dispg,Gewogen gemiddelde,5,R005,5. Toegevoegde waarde / Bruto materiële vaste activa (%),_Z,1,42.2,28.8,13.400000000000002,1.465277777777778
2013,2,A,Verkort,1,dispg,Gewogen gemiddelde,6,R006,6. Personeelskosten / Toegevoegde waarde (%),_Z,1,68.63,62.49,6.1399999999999935,1.0982557209153463
2013,2,A,Verkort,1,dispg,Gewogen gemiddelde,7,R007,"7. Afschrijvingen, waardeverminderingen en voorzieningen voor risico's en kosten / Toegevoegde waarde (%)",_Z,1,17.94,22.32,-4.379999999999999,0.8037634408602151
2013,2,A,Verkort,1,dispg,Gewogen gemiddelde,9,R008A,8. Financiële kosten / Toegevoegde waarde (%),_Z,1,6.91,9.85,-2.9399999999999995,0.701522842639594
2013,2,A,Verkort,1,dispg,Gewogen gemiddelde,10,R009,"9. Nettorendabiliteit van het eigen vermogen, na belasting (%)",_Z,1,8.34,8.3,0.03999999999999915,1.0048192771084337
2013,2,A,Verkort,1,dispg,Gewogen gemiddelde,11,R010,10. Cashflow / Eigen vermogen (%),_Z,1,23.57,17.55,6.02,1.343019943019943
2013,2,A,Verkort,1,dispg,Gewogen gemiddelde,13,R011A,"11. Brutorendabiliteit van het totaal der activa, vóór belasting en financiële kosten (%)",_Z,1,11.07,10.57,0.5,1.0473036896877956
2013,2,A,Verkort,1,dispg,Gewogen gemiddelde,15,R012A,"12. Nettorendabiliteit van het totaal der activa, vóór belasting en financiële kosten (%)",_Z,1,6.12,6.62,-0.5,0.9244712990936556
2013,2,A,Verkort,1,dispg,Gewogen gemiddelde,16,R013,13. Liquiditeit in ruime zin,_Z,1,1.33,1.21,0.1200000000000001,1.0991735537190084
2013,2,A,Verkort,1,dispg,Gewogen gemiddelde,17,R014,14. Liquiditeit in enge zin,_Z,1,0.92,0.98,-0.05999999999999994,0.9387755102040817
2013,2,A,Verkort,1,dispg,Gewogen gemiddelde,22,R019,17. Aantal dagen klantenkrediet,_Z,1,68.22,50.88,17.339999999999996,1.3408018867924527
2013,2,A,Verkort,1,dispg,Gewogen gemiddelde,23,R020,18. Aantal dagen leverancierskrediet,_Z,1,67.53,63.4,4.130000000000003,1.0651419558359623
2013,2,A,Verkort,1,dispg,Gewogen gemiddelde,24,R021,19. Financiële onafhankelijkheidsgraad (%),_Z,1,32.29,42.57,-10.280000000000001,0.7585153864223632
2013,2,A,Verkort,1,dispg,Gewogen gemiddelde,25,R022,20. Aanschaffingen van materiële vaste activa / Toegevoegde waarde (%),_Z,1,26.08,32.93,-6.850000000000001,0.7919829942301851
2013,2,A,Verkort,1,dispg,Gewogen gemiddelde,26,R023,21. Vernieuwingsgraad inzake materiële vaste activa (%),_Z,1,22.5,16.62,5.879999999999999,1.3537906137184115
2013,2,A,Verkort,2,dispq2,Mediaan (Q2),1,R001,1. Brutoverkoopmarge (%),_Z,1,8.66,10.65,-1.9900000000000002,0.8131455399061033
2013,2,A,Verkort,2,dispq2,Mediaan (Q2),2,R002,2. Nettoverkoopmarge (%),_Z,1,3.35,3.86,-0.5099999999999998,0.8678756476683939
2013,2,A,Verkort,2,dispq2,Mediaan (Q2),3,R003,3. Toegevoegde waarde / Bedrijfsopbrengsten (%),_Z,1,20.59,23.7,-3.1099999999999994,0.8687763713080169
2013,2,A,Verkort,2,dispq2,Mediaan (Q2),4,R004,4.Toegevoegde waarde per personeelslid (in EUR),EUR,1,56611.75,62213.16,-5601.4100000000035,0.9099642262183756
2013,2,A,Verkort,2,dispq2,Mediaan (Q2),5,R005,5. Toegevoegde waarde / Bruto materiële vaste activa (%),_Z,1,40.54,28.98,11.559999999999999,1.398895790200138
2013,2,A,Verkort,2,dispq2,Mediaan (Q2),6,R006,6. Personeelskosten / Toegevoegde waarde (%),_Z,1,64.64,58.12,6.520000000000003,1.1121816930488644
2013,2,A,Verkort,2,dispq2,Mediaan (Q2),7,R007,"7. Afschrijvingen, waardeverminderingen en voorzieningen voor risico's en kosten / Toegevoegde waarde (%)",_Z,1,23.35,25.94,-2.59,0.900154202004626
2013,2,A,Verkort,2,dispq2,Mediaan (Q2),9,R008A,8. Financiële kosten / Toegevoegde waarde (%),_Z,1,4.75,5.71,-0.96,0.8318739054290718
2013,2,A,Verkort,2,dispq2,Mediaan (Q2),10,R009,"9. Nettorendabiliteit van het eigen vermogen, na belasting (%)",_Z,1,8.53,9.31,-0.7800000000000011,0.9162191192266379
2013,2,A,Verkort,2,dispq2,Mediaan (Q2),11,R010,10. Cashflow / Eigen vermogen (%),_Z,1,30.78,27.89,2.8900000000000006,1.1036213696665471
2013,2,A,Verkort,2,dispq2,Mediaan (Q2),13,R011A,"11. Brutorendabiliteit van het totaal der activa, vóór belasting en financiële kosten (%)",_Z,1,13.52,12.46,1.0599999999999987,1.0850722311396468
2013,2,A,Verkort,2,dispq2,Mediaan (Q2),15,R012A,"12. Nettorendabiliteit van het totaal der activa, vóór belasting en financiële kosten (%)",_Z,1,5.51,5.63,-0.1200000000000001,0.9786856127886323
2013,2,A,Verkort,2,dispq2,Mediaan (Q2),16,R013,13. Liquiditeit in ruime zin,_Z,1,1.41,1.27,0.1399999999999999,1.110236220472441
2013,2,A,Verkort,2,dispq2,Mediaan (Q2),17,R014,14. Liquiditeit in enge zin,_Z,1,1.19,1.05,0.1399999999999999,1.1333333333333333
2013,2,A,Verkort,2,dispq2,Mediaan (Q2),22,R019,17. Aantal dagen klantenkrediet,_Z,1,46.21,24.6,21.61,1.8784552845528455
2013,2,A,Verkort,2,dispq2,Mediaan (Q2),23,R020,18. Aantal dagen leverancierskrediet,_Z,1,36.21,26.06,10.150000000000002,1.3894858019953953
2013,2,A,Verkort,2,dispq2,Mediaan (Q2),24,R021,19. Financiële onafhankelijkheidsgraad (%),_Z,1,33.43,33.65,-0.21999999999999886,0.9934621099554235
2013,2,A,Verkort,2,dispq2,Mediaan (Q2),25,R022,20. Aanschaffingen van materiële vaste activa / Toegevoegde waarde (%),_Z,1,15.68,14.12,1.5600000000000005,1.1104815864022664
2013,2,A,Verkort,2,dispq2,Mediaan (Q2),26,R023,21. Vernieuwingsgraad inzake materiële vaste activa (%),_Z,1,21.32,15.37,5.950000000000001,1.3871177618737802
2013,2,A,Verkort,3,dispnb,Aantal ondernemingen,1,R001,1. Brutoverkoopmarge (%),_Z,1,5457.0,39866.0,-34409.0,0.13688355992575127
2013,2,A,Verkort,3,dispnb,Aantal ondernemingen,2,R002,2. Nettoverkoopmarge (%),_Z,1,5457.0,39867.0,-34410.0,0.13688012642034766
2013,2,A,Verkort,3,dispnb,Aantal ondernemingen,3,R003,3. Toegevoegde waarde / Bedrijfsopbrengsten (%),_Z,1,5623.0,41318.0,-35695.0,0.1360908078803427
2013,2,A,Verkort,3,dispnb,Aantal ondernemingen,4,R004,4.Toegevoegde waarde per personeelslid (in EUR),EUR,1,20451.0,123901.0,-103450.0,0.16505920049071435
2013,2,A,Verkort,3,dispnb,Aantal ondernemingen,5,R005,5. Toegevoegde waarde / Bruto materiële vaste activa (%),_Z,1,42901.0,338070.0,-295169.0,0.12689975448871535
2013,2,A,Verkort,3,dispnb,Aantal ondernemingen,6,R006,6. Personeelskosten / Toegevoegde waarde (%),_Z,1,23072.0,138353.0,-115281.0,0.1667618338597645
2013,2,A,Verkort,3,dispnb,Aantal ondernemingen,7,R007,"7. Afschrijvingen, waardeverminderingen en voorzieningen voor risico's en kosten / Toegevoegde waarde (%)",_Z,1,38351.0,295050.0,-256699.0,0.12998135909167938
2013,2,A,Verkort,3,dispnb,Aantal ondernemingen,9,R008A,8. Financiële kosten / Toegevoegde waarde (%),_Z,1,39600.0,308751.0,-269151.0,0.12825869389896713
2013,2,A,Verkort,3,dispnb,Aantal ondernemingen,10,R009,"9. Nettorendabiliteit van het eigen vermogen, na belasting (%)",_Z,1,39746.0,304434.0,-264688.0,0.1305570337084557
2013,2,A,Verkort,3,dispnb,Aantal ondernemingen,11,R010,10. Cashflow / Eigen vermogen (%),_Z,1,39746.0,304431.0,-264685.0,0.13055832027618738
2013,2,A,Verkort,3,dispnb,Aantal ondernemingen,13,R011A,"11. Brutorendabiliteit van het totaal der activa, vóór belasting en financiële kosten (%)",_Z,1,45291.0,362783.0,-317492.0,0.12484322584024059
2013,2,A,Verkort,3,dispnb,Aantal ondernemingen,15,R012A,"12. Nettorendabiliteit van het totaal der activa, vóór belasting en financiële kosten (%)",_Z,1,45291.0,362784.0,-317493.0,0.12484288171473935
2013,2,A,Verkort,3,dispnb,Aantal ondernemingen,16,R013,13. Liquiditeit in ruime zin,_Z,1,45035.0,358975.0,-313940.0,0.12545441883139494
2013,2,A,Verkort,3,dispnb,Aantal ondernemingen,17,R014,14. Liquiditeit in enge zin,_Z,1,44957.0,357683.0,-312726.0,0.12568950718932687
2013,2,A,Verkort,3,dispnb,Aantal ondernemingen,22,R019,17. Aantal dagen klantenkrediet,_Z,1,5457.0,39870.0,-34413.0,0.13686982693754704
2013,2,A,Verkort,3,dispnb,Aantal ondernemingen,23,R020,18. Aantal dagen leverancierskrediet,_Z,1,5762.0,42531.0,-36769.0,0.13547765159530695
2013,2,A,Verkort,3,dispnb,Aantal ondernemingen,24,R021,19. Financiële onafhankelijkheidsgraad (%),_Z,1,45350.0,363343.0,-317993.0,0.12481319304348783
2013,2,A,Verkort,3,dispnb,Aantal ondernemingen,25,R022,20. Aanschaffingen van materiële vaste activa / Toegevoegde waarde (%),_Z,1,31913.0,224243.0,-192330.0,0.14231436432798347
2013,2,A,Verkort,3,dispnb,Aantal ondernemingen,26,R023,21. Vernieuwingsgraad inzake materiële vaste activa (%),_Z,1,31062.0,220657.0,-189595.0,0.1407705171374577
2013,4,T,Volledig + Verkort + Micro,1,dispg,Gewogen gemiddelde,1,R001,1. Brutoverkoopmarge (%),_Z,1,8.06,7.18,0.8800000000000008,1.1225626740947077
2013,4,T,Volledig + Verkort + Micro,1,dispg,Gewogen gemiddelde,2,R002,2. Nettoverkoopmarge (%),_Z,1,4.99,3.56,1.4300000000000002,1.401685393258427
2013,4,T,Volledig + Verkort + Micro,1,dispg,Gewogen gemiddelde,3,R003,3. Toegevoegde waarde / Bedrijfsopbrengsten (%),_Z,1,24.56,19.49,5.07,1.2601334017444843
2013,4,T,Volledig + Verkort + Micro,1,dispg,Gewogen gemiddelde,4,R004,4.Toegevoegde waarde per personeelslid (in EUR),EUR,1,67504.95,90314.02,-22809.070000000007,0.7474470741087595
2013,4,T,Volledig + Verkort + Micro,1,dispg,Gewogen gemiddelde,5,R005,5. Toegevoegde waarde / Bruto materiële vaste activa (%),_Z,1,24.88,33.02,-8.140000000000004,0.7534827377347061
2013,4,T,Volledig + Verkort + Micro,1,dispg,Gewogen gemiddelde,6,R006,6. Personeelskosten / Toegevoegde waarde (%),_Z,1,69.01,61.65,7.3600000000000065,1.1193836171938363
2013,4,T,Volledig + Verkort + Micro,1,dispg,Gewogen gemiddelde,7,R007,"7. Afschrijvingen, waardeverminderingen en voorzieningen voor risico's en kosten / Toegevoegde waarde (%)",_Z,1,17.97,19.79,-1.8200000000000003,0.9080343607882769
2013,4,T,Volledig + Verkort + Micro,1,dispg,Gewogen gemiddelde,9,R008A,8. Financiële kosten / Toegevoegde waarde (%),_Z,1,8.94,23.89,-14.950000000000001,0.3742151527835914
2013,4,T,Volledig + Verkort + Micro,1,dispg,Gewogen gemiddelde,10,R009,"9. Nettorendabiliteit van het eigen vermogen, na belasting (%)",_Z,1,4.18,4.65,-0.47000000000000064,0.8989247311827956
2013,4,T,Volledig + Verkort + Micro,1,dispg,Gewogen gemiddelde,11,R010,10. Cashflow / Eigen vermogen (%),_Z,1,10.01,8.34,1.67,1.2002398081534773
2013,4,T,Volledig + Verkort + Micro,1,dispg,Gewogen gemiddelde,13,R011A,"11. Brutorendabiliteit van het totaal der activa, vóór belasting en financiële kosten (%)",_Z,1,7.19,6.62,0.5700000000000003,1.0861027190332326
2013,4,T,Volledig + Verkort + Micro,1,dispg,Gewogen gemiddelde,15,R012A,"12. Nettorendabiliteit van het totaal der activa, vóór belasting en financiële kosten (%)",_Z,1,4.43,4.77,-0.33999999999999986,0.9287211740041929
2013,4,T,Volledig + Verkort + Micro,1,dispg,Gewogen gemiddelde,16,R013,13. Liquiditeit in ruime zin,_Z,1,1.35,1.37,-0.020000000000000018,0.9854014598540146
2013,4,T,Volledig + Verkort + Micro,1,dispg,Gewogen gemiddelde,17,R014,14. Liquiditeit in enge zin,_Z,1,0.98,1.24,-0.26,0.7903225806451613
2013,4,T,Volledig + Verkort + Micro,1,dispg,Gewogen gemiddelde,22,R019,17. Aantal dagen klantenkrediet,_Z,1,91.58,62.12,29.46,1.474243399871217
2013,4,T,Volledig + Verkort + Micro,1,dispg,Gewogen gemiddelde,23,R020,18. Aantal dagen leverancierskrediet,_Z,1,98.62,64.5,34.120000000000005,1.5289922480620155
2013,4,T,Volledig + Verkort + Micro,1,dispg,Gewogen gemiddelde,24,R021,19. Financiële onafhankelijkheidsgraad (%),_Z,1,49.17,50.26,-1.0899999999999963,0.9783127735773977
2013,4,T,Volledig + Verkort + Micro,1,dispg,Gewogen gemiddelde,25,R022,20. Aanschaffingen van materiële vaste activa / Toegevoegde waarde (%),_Z,1,33.63,26.84,6.790000000000003,1.2529806259314458
2013,4,T,Volledig + Verkort + Micro,1,dispg,Gewogen gemiddelde,26,R023,21. Vernieuwingsgraad inzake materiële vaste activa (%),_Z,1,16.02,18.94,-2.9200000000000017,0.8458289334741288
2013,4,T,Volledig + Verkort + Micro,2,dispq2,Mediaan (Q2),1,R001,1. Brutoverkoopmarge (%),_Z,1,8.05,8.79,-0.7399999999999984,0.9158134243458477
2013,4,T,Volledig + Verkort + Micro,2,dispq2,Mediaan (Q2),2,R002,2. Nettoverkoopmarge (%),_Z,1,3.37,3.63,-0.2599999999999998,0.928374655647383
2013,4,T,Volledig + Verkort + Micro,2,dispq2,Mediaan (Q2),3,R003,3. Toegevoegde waarde / Bedrijfsopbrengsten (%),_Z,1,22.77,25.18,-2.41,0.9042891183478952
2013,4,T,Volledig + Verkort + Micro,2,dispq2,Mediaan (Q2),4,R004,4.Toegevoegde waarde per personeelslid (in EUR),EUR,1,57043.61,64264.49,-7220.879999999997,0.8876381030955043
2013,4,T,Volledig + Verkort + Micro,2,dispq2,Mediaan (Q2),5,R005,5. Toegevoegde waarde / Bruto materiële vaste activa (%),_Z,1,41.48,30.16,11.319999999999997,1.3753315649867373
2013,4,T,Volledig + Verkort + Micro,2,dispq2,Mediaan (Q2),6,R006,6. Personeelskosten / Toegevoegde waarde (%),_Z,1,65.47,59.88,5.589999999999996,1.0933533734134935
2013,4,T,Volledig + Verkort + Micro,2,dispq2,Mediaan (Q2),7,R007,"7. Afschrijvingen, waardeverminderingen en voorzieningen voor risico's en kosten / Toegevoegde waarde (%)",_Z,1,22.65,24.77,-2.120000000000001,0.9144125958821154
2013,4,T,Volledig + Verkort + Micro,2,dispq2,Mediaan (Q2),9,R008A,8. Financiële kosten / Toegevoegde waarde (%),_Z,1,4.67,5.61,-0.9400000000000004,0.8324420677361853
2013,4,T,Volledig + Verkort + Micro,2,dispq2,Mediaan (Q2),10,R009,"9. Nettorendabiliteit van het eigen vermogen, na belasting (%)",_Z,1,8.39,8.93,-0.5399999999999991,0.9395296752519597
2013,4,T,Volledig + Verkort + Micro,2,dispq2,Mediaan (Q2),11,R010,10. Cashflow / Eigen vermogen (%),_Z,1,29.94,26.59,3.3500000000000014,1.1259872132380595
2013,4,T,Volledig + Verkort + Micro,2,dispq2,Mediaan (Q2),13,R011A,"11. Brutorendabiliteit van het totaal der activa, vóór belasting en financiële kosten (%)",_Z,1,13.16,12.01,1.1500000000000004,1.0957535387177353
2013,4,T,Volledig + Verkort + Micro,2,dispq2,Mediaan (Q2),15,R012A,"12. Nettorendabiliteit van het totaal der activa, vóór belasting en financiële kosten (%)",_Z,1,5.39,5.47,-0.08000000000000007,0.9853747714808043
2013,4,T,Volledig + Verkort + Micro,2,dispq2,Mediaan (Q2),16,R013,13. Liquiditeit in ruime zin,_Z,1,1.4,1.27,0.1299999999999999,1.1023622047244093
2013,4,T,Volledig + Verkort + Micro,2,dispq2,Mediaan (Q2),17,R014,14. Liquiditeit in enge zin,_Z,1,1.19,1.06,0.1299999999999999,1.1226415094339621
2013,4,T,Volledig + Verkort + Micro,2,dispq2,Mediaan (Q2),22,R019,17. Aantal dagen klantenkrediet,_Z,1,52.2,36.79,15.410000000000004,1.4188638216906768
2013,4,T,Volledig + Verkort + Micro,2,dispq2,Mediaan (Q2),23,R020,18. Aantal dagen leverancierskrediet,_Z,1,45.81,39.49,6.32,1.1600405165864776
2013,4,T,Volledig + Verkort + Micro,2,dispq2,Mediaan (Q2),24,R021,19. Financiële onafhankelijkheidsgraad (%),_Z,1,33.31,33.89,-0.5799999999999983,0.9828858070227207
2013,4,T,Volledig + Verkort + Micro,2,dispq2,Mediaan (Q2),25,R022,20. Aanschaffingen van materiële vaste activa / Toegevoegde waarde (%),_Z,1,15.06,13.25,1.8100000000000005,1.1366037735849057
2013,4,T,Volledig + Verkort + Micro,2,dispq2,Mediaan (Q2),26,R023,21. Vernieuwingsgraad inzake materiële vaste activa (%),_Z,1,21.33,15.55,5.779999999999998,1.3717041800643086
2013,4,T,Volledig + Verkort + Micro,3,dispnb,Aantal ondernemingen,1,R001,1. Brutoverkoopmarge (%),_Z,1,7034.0,60284.0,-53250.0,0.11668104306283592
2013,4,T,Volledig + Verkort + Micro,3,dispnb,Aantal ondernemingen,2,R002,2. Nettoverkoopmarge (%),_Z,1,7034.0,60285.0,-53251.0,0.1166791075723646
2013,4,T,Volledig + Verkort + Micro,3,dispnb,Aantal ondernemingen,3,R003,3. Toegevoegde waarde / Bedrijfsopbrengsten (%),_Z,1,7325.0,63286.0,-55961.0,0.11574439844515375
2013,4,T,Volledig + Verkort + Micro,3,dispnb,Aantal ondernemingen,4,R004,4.Toegevoegde waarde per personeelslid (in EUR),EUR,1,21582.0,139722.0,-118140.0,0.15446386395843173
2013,4,T,Volledig + Verkort + Micro,3,dispnb,Aantal ondernemingen,5,R005,5. Toegevoegde waarde / Bruto materiële vaste activa (%),_Z,1,44413.0,358211.0,-313798.0,0.12398558391562514
2013,4,T,Volledig + Verkort + Micro,3,dispnb,Aantal ondernemingen,6,R006,6. Personeelskosten / Toegevoegde waarde (%),_Z,1,24235.0,154518.0,-130283.0,0.15684256850334588
2013,4,T,Volledig + Verkort + Micro,3,dispnb,Aantal ondernemingen,7,R007,"7. Afschrijvingen, waardeverminderingen en voorzieningen voor risico's en kosten / Toegevoegde waarde (%)",_Z,1,39712.0,313591.0,-273879.0,0.12663628739345198
2013,4,T,Volledig + Verkort + Micro,3,dispnb,Aantal ondernemingen,9,R008A,8. Financiële kosten / Toegevoegde waarde (%),_Z,1,41126.0,328846.0,-287720.0,0.1250615789761773
2013,4,T,Volledig + Verkort + Micro,3,dispnb,Aantal ondernemingen,10,R009,"9. Nettorendabiliteit van het eigen vermogen, na belasting (%)",_Z,1,41420.0,326146.0,-284726.0,0.1269983381675691
2013,4,T,Volledig + Verkort + Micro,3,dispnb,Aantal ondernemingen,11,R010,10. Cashflow / Eigen vermogen (%),_Z,1,41420.0,326143.0,-284723.0,0.1269995063515084
2013,4,T,Volledig + Verkort + Micro,3,dispnb,Aantal ondernemingen,13,R011A,"11. Brutorendabiliteit van het totaal der activa, vóór belasting en financiële kosten (%)",_Z,1,47141.0,386782.0,-339641.0,0.12188002544068752
2013,4,T,Volledig + Verkort + Micro,3,dispnb,Aantal ondernemingen,15,R012A,"12. Nettorendabiliteit van het totaal der activa, vóór belasting en financiële kosten (%)",_Z,1,47141.0,386783.0,-339642.0,0.12187971032853047
2013,4,T,Volledig + Verkort + Micro,3,dispnb,Aantal ondernemingen,16,R013,13. Liquiditeit in ruime zin,_Z,1,46878.0,382801.0,-335923.0,0.12246049513977236
2013,4,T,Volledig + Verkort + Micro,3,dispnb,Aantal ondernemingen,17,R014,14. Liquiditeit in enge zin,_Z,1,46792.0,381411.0,-334619.0,0.12268130704148543
2013,4,T,Volledig + Verkort + Micro,3,dispnb,Aantal ondernemingen,22,R019,17. Aantal dagen klantenkrediet,_Z,1,7034.0,60287.0,-53253.0,0.11667523678404963
2013,4,T,Volledig + Verkort + Micro,3,dispnb,Aantal ondernemingen,23,R020,18. Aantal dagen leverancierskrediet,_Z,1,7611.0,66380.0,-58769.0,0.11465802952696595
2013,4,T,Volledig + Verkort + Micro,3,dispnb,Aantal ondernemingen,24,R021,19. Financiële onafhankelijkheidsgraad (%),_Z,1,47197.0,387316.0,-340119.0,0.12185657189478359
2013,4,T,Volledig + Verkort + Micro,3,dispnb,Aantal ondernemingen,25,R022,20. Aanschaffingen van materiële vaste activa / Toegevoegde waarde (%),_Z,1,33059.0,239401.0,-206342.0,0.1380904841667328
2013,4,T,Volledig + Verkort + Micro,3,dispnb,Aantal ondernemingen,26,R023,21. Vernieuwingsgraad inzake materiële vaste activa (%),_Z,1,32222.0,235973.0,-203751.0,0.13654952049598895
2014,1,C,Volledig,1,dispg,Gewogen gemiddelde,1,R001,1. Brutoverkoopmarge (%),_Z,1,7.46,6.85,0.6100000000000003,1.089051094890511
2014,1,C,Volledig,1,dispg,Gewogen gemiddelde,2,R002,2. Nettoverkoopmarge (%),_Z,1,5.01,3.33,1.6799999999999997,1.5045045045045045
2014,1,C,Volledig,1,dispg,Gewogen gemiddelde,3,R003,3. Toegevoegde waarde / Bedrijfsopbrengsten (%),_Z,1,23.38,19.05,4.329999999999998,1.2272965879265092
2014,1,C,Volledig,1,dispg,Gewogen gemiddelde,4,R004,4.Toegevoegde waarde per personeelslid (in EUR),EUR,1,76534.82,99996.96,-23462.14,0.7653714672926057
2014,1,C,Volledig,1,dispg,Gewogen gemiddelde,5,R005,5. Toegevoegde waarde / Bruto materiële vaste activa (%),_Z,1,16.22,32.44,-16.22,0.5
2014,1,C,Volledig,1,dispg,Gewogen gemiddelde,6,R006,6. Personeelskosten / Toegevoegde waarde (%),_Z,1,73.51,62.91,10.600000000000009,1.1684946749324434
2014,1,C,Volledig,1,dispg,Gewogen gemiddelde,7,R007,"7. Afschrijvingen, waardeverminderingen en voorzieningen voor risico's en kosten / Toegevoegde waarde (%)",_Z,1,18.59,19.21,-0.620000000000001,0.9677251431546069
2014,1,C,Volledig,1,dispg,Gewogen gemiddelde,8,R008C,8. Kosten van de schulden / Toegevoegde waarde (%),_Z,1,8.16,13.62,-5.459999999999999,0.5991189427312775
2014,1,C,Volledig,1,dispg,Gewogen gemiddelde,10,R009,"9. Nettorendabiliteit van het eigen vermogen, na belasting (%)",_Z,1,3.87,4.35,-0.47999999999999954,0.8896551724137932
2014,1,C,Volledig,1,dispg,Gewogen gemiddelde,11,R010,10. Cashflow / Eigen vermogen (%),_Z,1,7.21,7.47,-0.2599999999999998,0.965194109772423
2014,1,C,Volledig,1,dispg,Gewogen gemiddelde,12,R011C,"11. Brutorendabiliteit van het totaal der activa, vóór belasting en kosten van schulden (%)",_Z,1,5.02,5.06,-0.040000000000000036,0.9920948616600791
2014,1,C,Volledig,1,dispg,Gewogen gemiddelde,14,R012C,"12. Nettorendabiliteit van het totaal der activa, vóór belasting en kosten van schulden (%)",_Z,1,3.32,3.48,-0.16000000000000014,0.9540229885057471
2014,1,C,Volledig,1,dispg,Gewogen gemiddelde,16,R013,13. Liquiditeit in ruime zin,_Z,1,1.35,1.4,-0.04999999999999982,0.9642857142857144
2014,1,C,Volledig,1,dispg,Gewogen gemiddelde,17,R014,14. Liquiditeit in enge zin,_Z,1,1.04,1.29,-0.25,0.8062015503875969
2014,1,C,Volledig,1,dispg,Gewogen gemiddelde,18,R015,"15.1 Rotatie van de voorraad handelsgoederen, grond- en hulpstoffen (voor alle sectoren uitgezonderd de bouwnijverheid)",_Z,1,,10.73,,
2014,1,C,Volledig,1,dispg,Gewogen gemiddelde,19,R016,"15.2 Rotatie van de voorraad handelsgoederen, grond- en hulpstoffen (enkel voor de sector van de bouwnijverheid)",_Z,1,20.07,12.44,7.630000000000001,1.6133440514469455
2014,1,C,Volledig,1,dispg,Gewogen gemiddelde,20,R017,16.1 Rotatie van de voorraad goederen in bewerking en gereed product (voor alle sectoren uitgezonderd de bouwnijverheid),_Z,1,,37.72,,
2014,1,C,Volledig,1,dispg,Gewogen gemiddelde,21,R018,16.2 Rotatie van de voorraad goederen in bewerking en gereed product (enkel voor de sector van de bouwnijverheid),_Z,1,5.58,28.42,-22.840000000000003,0.19634060520760027
2014,1,C,Volledig,1,dispg,Gewogen gemiddelde,22,R019,17. Aantal dagen klantenkrediet,_Z,1,86.91,53.51,33.4,1.6241823958138666
2014,1,C,Volledig,1,dispg,Gewogen gemiddelde,23,R020,18. Aantal dagen leverancierskrediet,_Z,1,93.04,54.49,38.550000000000004,1.707469260414755
2014,1,C,Volledig,1,dispg,Gewogen gemiddelde,24,R021,19. Financiële onafhankelijkheidsgraad (%),_Z,1,51.09,50.83,0.2600000000000051,1.0051150895140666
2014,1,C,Volledig,1,dispg,Gewogen gemiddelde,25,R022,20. Aanschaffingen van materiële vaste activa / Toegevoegde waarde (%),_Z,1,34.89,23.79,11.100000000000001,1.4665825977301388
2014,1,C,Volledig,1,dispg,Gewogen gemiddelde,26,R023,21. Vernieuwingsgraad inzake materiële vaste activa (%),_Z,1,10.16,17.9,-7.739999999999998,0.5675977653631286
2014,1,C,Volledig,2,dispq2,Mediaan (Q2),1,R001,1. Brutoverkoopmarge (%),_Z,1,5.79,6.25,-0.45999999999999996,0.9264
2014,1,C,Volledig,2,dispq2,Mediaan (Q2),2,R002,2. Nettoverkoopmarge (%),_Z,1,3.04,3.26,-0.21999999999999975,0.9325153374233129
2014,1,C,Volledig,2,dispq2,Mediaan (Q2),3,R003,3. Toegevoegde waarde / Bedrijfsopbrengsten (%),_Z,1,28.15,28.56,-0.41000000000000014,0.9856442577030812
2014,1,C,Volledig,2,dispq2,Mediaan (Q2),4,R004,4.Toegevoegde waarde per personeelslid (in EUR),EUR,1,66309.41,81293.44,-14984.029999999999,0.8156797153620268
2014,1,C,Volledig,2,dispq2,Mediaan (Q2),5,R005,5. Toegevoegde waarde / Bruto materiële vaste activa (%),_Z,1,75.28,58.46,16.82,1.28771809784468
2014,1,C,Volledig,2,dispq2,Mediaan (Q2),6,R006,6. Personeelskosten / Toegevoegde waarde (%),_Z,1,79.22,72.06,7.159999999999997,1.0993616430752151
2014,1,C,Volledig,2,dispq2,Mediaan (Q2),7,R007,"7. Afschrijvingen, waardeverminderingen en voorzieningen voor risico's en kosten / Toegevoegde waarde (%)",_Z,1,8.21,10.48,-2.2699999999999996,0.7833969465648856
2014,1,C,Volledig,2,dispq2,Mediaan (Q2),8,R008C,8. Kosten van de schulden / Toegevoegde waarde (%),_Z,1,1.93,2.72,-0.7900000000000003,0.7095588235294117
2014,1,C,Volledig,2,dispq2,Mediaan (Q2),10,R009,"9. Nettorendabiliteit van het eigen vermogen, na belasting (%)",_Z,1,6.27,5.88,0.3899999999999997,1.066326530612245
2014,1,C,Volledig,2,dispq2,Mediaan (Q2),11,R010,10. Cashflow / Eigen vermogen (%),_Z,1,15.79,14.1,1.6899999999999995,1.1198581560283687
2014,1,C,Volledig,2,dispq2,Mediaan (Q2),12,R011C,"11. Brutorendabiliteit van het totaal der activa, vóór belasting en kosten van schulden (%)",_Z,1,5.97,6.64,-0.6699999999999999,0.8990963855421686
2014,1,C,Volledig,2,dispq2,Mediaan (Q2),14,R012C,"12. Nettorendabiliteit van het totaal der activa, vóór belasting en kosten van schulden (%)",_Z,1,3.26,3.52,-0.26000000000000023,0.9261363636363635
2014,1,C,Volledig,2,dispq2,Mediaan (Q2),16,R013,13. Liquiditeit in ruime zin,_Z,1,1.35,1.31,0.040000000000000036,1.0305343511450382
2014,1,C,Volledig,2,dispq2,Mediaan (Q2),17,R014,14. Liquiditeit in enge zin,_Z,1,1.08,1.09,-0.010000000000000009,0.9908256880733944
2014,1,C,Volledig,2,dispq2,Mediaan (Q2),18,R015,"15.1 Rotatie van de voorraad handelsgoederen, grond- en hulpstoffen (voor alle sectoren uitgezonderd de bouwnijverheid)",_Z,1,,7.31,,
2014,1,C,Volledig,2,dispq2,Mediaan (Q2),19,R016,"15.2 Rotatie van de voorraad handelsgoederen, grond- en hulpstoffen (enkel voor de sector van de bouwnijverheid)",_Z,1,30.82,30.82,0.0,1.0
2014,1,C,Volledig,2,dispq2,Mediaan (Q2),20,R017,16.1 Rotatie van de voorraad goederen in bewerking en gereed product (voor alle sectoren uitgezonderd de bouwnijverheid),_Z,1,,19.5,,
2014,1,C,Volledig,2,dispq2,Mediaan (Q2),21,R018,16.2 Rotatie van de voorraad goederen in bewerking en gereed product (enkel voor de sector van de bouwnijverheid),_Z,1,14.68,14.68,0.0,1.0
2014,1,C,Volledig,2,dispq2,Mediaan (Q2),22,R019,17. Aantal dagen klantenkrediet,_Z,1,64.22,46.57,17.65,1.3789993558084603
2014,1,C,Volledig,2,dispq2,Mediaan (Q2),23,R020,18. Aantal dagen leverancierskrediet,_Z,1,71.36,55.26,16.1,1.291349981903728
2014,1,C,Volledig,2,dispq2,Mediaan (Q2),24,R021,19. Financiële onafhankelijkheidsgraad (%),_Z,1,30.85,37.26,-6.409999999999997,0.8279656468062266
2014,1,C,Volledig,2,dispq2,Mediaan (Q2),25,R022,20. Aanschaffingen van materiële vaste activa / Toegevoegde waarde (%),_Z,1,5.6,5.85,-0.25,0.9572649572649573
2014,1,C,Volledig,2,dispq2,Mediaan (Q2),26,R023,21. Vernieuwingsgraad inzake materiële vaste activa (%),_Z,1,20.26,17.95,2.3100000000000023,1.128690807799443
2014,1,C,Volledig,3,dispnb,Aantal ondernemingen,1,R001,1. Brutoverkoopmarge (%),_Z,1,1773.0,22550.0,-20777.0,0.07862527716186253
2014,1,C,Volledig,3,dispnb,Aantal ondernemingen,2,R002,2. Nettoverkoopmarge (%),_Z,1,1771.0,22548.0,-20777.0,0.07854355153450417
2014,1,C,Volledig,3,dispnb,Aantal ondernemingen,3,R003,3. Toegevoegde waarde / Bedrijfsopbrengsten (%),_Z,1,1786.0,22592.0,-20806.0,0.07905453257790368
2014,1,C,Volledig,3,dispnb,Aantal ondernemingen,4,R004,4.Toegevoegde waarde per personeelslid (in EUR),EUR,1,1175.0,16088.0,-14913.0,0.07303580308304326
2014,1,C,Volledig,3,dispnb,Aantal ondernemingen,5,R005,5. Toegevoegde waarde / Bruto materiële vaste activa (%),_Z,1,1573.0,20640.0,-19067.0,0.07621124031007752
2014,1,C,Volledig,3,dispnb,Aantal ondernemingen,6,R006,6. Personeelskosten / Toegevoegde waarde (%),_Z,1,1203.0,16431.0,-15228.0,0.07321526383056418
2014,1,C,Volledig,3,dispnb,Aantal ondernemingen,7,R007,"7. Afschrijvingen, waardeverminderingen en voorzieningen voor risico's en kosten / Toegevoegde waarde (%)",_Z,1,1428.0,18985.0,-17557.0,0.07521727679747169
2014,1,C,Volledig,3,dispnb,Aantal ondernemingen,8,R008C,8. Kosten van de schulden / Toegevoegde waarde (%),_Z,1,1440.0,17919.0,-16479.0,0.0803616273229533
2014,1,C,Volledig,3,dispnb,Aantal ondernemingen,10,R009,"9. Nettorendabiliteit van het eigen vermogen, na belasting (%)",_Z,1,1737.0,22191.0,-20454.0,0.07827497634176017
2014,1,C,Volledig,3,dispnb,Aantal ondernemingen,11,R010,10. Cashflow / Eigen vermogen (%),_Z,1,1737.0,22190.0,-20453.0,0.0782785038305543
2014,1,C,Volledig,3,dispnb,Aantal ondernemingen,12,R011C,"11. Brutorendabiliteit van het totaal der activa, vóór belasting en kosten van schulden (%)",_Z,1,1926.0,24531.0,-22605.0,0.0785129020423138
2014,1,C,Volledig,3,dispnb,Aantal ondernemingen,14,R012C,"12. Nettorendabiliteit van het totaal der activa, vóór belasting en kosten van schulden (%)",_Z,1,1926.0,24530.0,-22604.0,0.07851610273134937
2014,1,C,Volledig,3,dispnb,Aantal ondernemingen,16,R013,13. Liquiditeit in ruime zin,_Z,1,1916.0,24396.0,-22480.0,0.07853746515822266
2014,1,C,Volledig,3,dispnb,Aantal ondernemingen,17,R014,14. Liquiditeit in enge zin,_Z,1,1910.0,24306.0,-22396.0,0.07858142022545873
2014,1,C,Volledig,3,dispnb,Aantal ondernemingen,18,R015,"15.1 Rotatie van de voorraad handelsgoederen, grond- en hulpstoffen (voor alle sectoren uitgezonderd de bouwnijverheid)",_Z,1,,8077.0,,
2014,1,C,Volledig,3,dispnb,Aantal ondernemingen,19,R016,"15.2 Rotatie van de voorraad handelsgoederen, grond- en hulpstoffen (enkel voor de sector van de bouwnijverheid)",_Z,1,846.0,846.0,0.0,1.0
2014,1,C,Volledig,3,dispnb,Aantal ondernemingen,20,R017,16.1 Rotatie van de voorraad goederen in bewerking en gereed product (voor alle sectoren uitgezonderd de bouwnijverheid),_Z,1,,2155.0,,
2014,1,C,Volledig,3,dispnb,Aantal ondernemingen,21,R018,16.2 Rotatie van de voorraad goederen in bewerking en gereed product (enkel voor de sector van de bouwnijverheid),_Z,1,762.0,762.0,0.0,1.0
2014,1,C,Volledig,3,dispnb,Aantal ondernemingen,22,R019,17. Aantal dagen klantenkrediet,_Z,1,1794.0,22707.0,-20913.0,0.07900647377460696
2014,1,C,Volledig,3,dispnb,Aantal ondernemingen,23,R020,18. Aantal dagen leverancierskrediet,_Z,1,1925.0,24391.0,-22466.0,0.07892255340084457
2014,1,C,Volledig,3,dispnb,Aantal ondernemingen,24,R021,19. Financiële onafhankelijkheidsgraad (%),_Z,1,1924.0,24511.0,-22587.0,0.07849536942597202
2014,1,C,Volledig,3,dispnb,Aantal ondernemingen,25,R022,20. Aanschaffingen van materiële vaste activa / Toegevoegde waarde (%),_Z,1,1193.0,15323.0,-14130.0,0.07785681655028388
2014,1,C,Volledig,3,dispnb,Aantal ondernemingen,26,R023,21. Vernieuwingsgraad inzake materiële vaste activa (%),_Z,1,1217.0,15536.0,-14319.0,0.07833419155509784
2014,2,A,Verkort,1,dispg,Gewogen gemiddelde,1,R001,1. Brutoverkoopmarge (%),_Z,1,9.15,10.55,-1.4000000000000004,0.8672985781990521
2014,2,A,Verkort,1,dispg,Gewogen gemiddelde,2,R002,2. Nettoverkoopmarge (%),_Z,1,4.48,5.24,-0.7599999999999998,0.8549618320610688
2014,2,A,Verkort,1,dispg,Gewogen gemiddelde,3,R003,3. Toegevoegde waarde / Bedrijfsopbrengsten (%),_Z,1,26.51,25.13,1.3800000000000026,1.05491444488659
2014,2,A,Verkort,1,dispg,Gewogen gemiddelde,4,R004,4.Toegevoegde waarde per personeelslid (in EUR),EUR,1,60771.91,66415.83,-5643.919999999998,0.9150214640094086
2014,2,A,Verkort,1,dispg,Gewogen gemiddelde,5,R005,5. Toegevoegde waarde / Bruto materiële vaste activa (%),_Z,1,41.24,28.12,13.120000000000001,1.4665718349928876
2014,2,A,Verkort,1,dispg,Gewogen gemiddelde,6,R006,6. Personeelskosten / Toegevoegde waarde (%),_Z,1,68.88,62.1,6.779999999999994,1.1091787439613525
2014,2,A,Verkort,1,dispg,Gewogen gemiddelde,7,R007,"7. Afschrijvingen, waardeverminderingen en voorzieningen voor risico's en kosten / Toegevoegde waarde (%)",_Z,1,17.48,22.14,-4.66,0.7895212285456188
2014,2,A,Verkort,1,dispg,Gewogen gemiddelde,9,R008A,8. Financiële kosten / Toegevoegde waarde (%),_Z,1,7.3,9.53,-2.2299999999999995,0.7660020986358868
2014,2,A,Verkort,1,dispg,Gewogen gemiddelde,10,R009,"9. Nettorendabiliteit van het eigen vermogen, na belasting (%)",_Z,1,8.25,8.3,-0.05000000000000071,0.9939759036144578
2014,2,A,Verkort,1,dispg,Gewogen gemiddelde,11,R010,10. Cashflow / Eigen vermogen (%),_Z,1,22.48,16.16,6.32,1.391089108910891
2014,2,A,Verkort,1,dispg,Gewogen gemiddelde,13,R011A,"11. Brutorendabiliteit van het totaal der activa, vóór belasting en financiële kosten (%)",_Z,1,11.13,10.32,0.8100000000000005,1.0784883720930234
2014,2,A,Verkort,1,dispg,Gewogen gemiddelde,15,R012A,"12. Nettorendabiliteit van het totaal der activa, vóór belasting en financiële kosten (%)",_Z,1,6.34,6.67,-0.33000000000000007,0.9505247376311844
2014,2,A,Verkort,1,dispg,Gewogen gemiddelde,16,R013,13. Liquiditeit in ruime zin,_Z,1,1.34,1.3,0.040000000000000036,1.0307692307692309
2014,2,A,Verkort,1,dispg,Gewogen gemiddelde,17,R014,14. Liquiditeit in enge zin,_Z,1,0.93,1.07,-0.14,0.8691588785046729
2014,2,A,Verkort,1,dispg,Gewogen gemiddelde,22,R019,17. Aantal dagen klantenkrediet,_Z,1,65.85,51.17,14.679999999999993,1.2868868477623605
2014,2,A,Verkort,1,dispg,Gewogen gemiddelde,23,R020,18. Aantal dagen leverancierskrediet,_Z,1,65.66,63.88,1.779999999999994,1.027864746399499
2014,2,A,Verkort,1,dispg,Gewogen gemiddelde,24,R021,19. Financiële onafhankelijkheidsgraad (%),_Z,1,33.52,46.52,-13.0,0.7205503009458297
2014,2,A,Verkort,1,dispg,Gewogen gemiddelde,25,R022,20. Aanschaffingen van materiële vaste activa / Toegevoegde waarde (%),_Z,1,25.28,32.77,-7.490000000000002,0.7714372902044553
2014,2,A,Verkort,1,dispg,Gewogen gemiddelde,26,R023,21. Vernieuwingsgraad inzake materiële vaste activa (%),_Z,1,21.95,16.36,5.59,1.3416870415647921
2014,2,A,Verkort,2,dispq2,Mediaan (Q2),1,R001,1. Brutoverkoopmarge (%),_Z,1,8.29,10.3,-2.0100000000000016,0.8048543689320387
2014,2,A,Verkort,2,dispq2,Mediaan (Q2),2,R002,2. Nettoverkoopmarge (%),_Z,1,3.38,3.76,-0.3799999999999999,0.898936170212766
2014,2,A,Verkort,2,dispq2,Mediaan (Q2),3,R003,3. Toegevoegde waarde / Bedrijfsopbrengsten (%),_Z,1,20.47,23.39,-2.9200000000000017,0.8751603249251816
2014,2,A,Verkort,2,dispq2,Mediaan (Q2),4,R004,4.Toegevoegde waarde per personeelslid (in EUR),EUR,1,59189.11,63332.8,-4143.690000000002,0.9345727648232827
2014,2,A,Verkort,2,dispq2,Mediaan (Q2),5,R005,5. Toegevoegde waarde / Bruto materiële vaste activa (%),_Z,1,39.68,28.36,11.32,1.3991537376586742
2014,2,A,Verkort,2,dispq2,Mediaan (Q2),6,R006,6. Personeelskosten / Toegevoegde waarde (%),_Z,1,64.35,58.1,6.249999999999993,1.1075731497418244
2014,2,A,Verkort,2,dispq2,Mediaan (Q2),7,R007,"7. Afschrijvingen, waardeverminderingen en voorzieningen voor risico's en kosten / Toegevoegde waarde (%)",_Z,1,23.01,25.8,-2.789999999999999,0.8918604651162791
2014,2,A,Verkort,2,dispq2,Mediaan (Q2),9,R008A,8. Financiële kosten / Toegevoegde waarde (%),_Z,1,4.59,5.47,-0.8799999999999999,0.8391224862888482
2014,2,A,Verkort,2,dispq2,Mediaan (Q2),10,R009,"9. Nettorendabiliteit van het eigen vermogen, na belasting (%)",_Z,1,8.86,9.11,-0.25,0.9725576289791438
2014,2,A,Verkort,2,dispq2,Mediaan (Q2),11,R010,10. Cashflow / Eigen vermogen (%),_Z,1,29.92,26.35,3.5700000000000003,1.135483870967742
2014,2,A,Verkort,2,dispq2,Mediaan (Q2),13,R011A,"11. Brutorendabiliteit van het totaal der activa, vóór belasting en financiële kosten (%)",_Z,1,13.78,12.48,1.299999999999999,1.1041666666666665
2014,2,A,Verkort,2,dispq2,Mediaan (Q2),15,R012A,"12. Nettorendabiliteit van het totaal der activa, vóór belasting en financiële kosten (%)",_Z,1,5.83,5.68,0.15000000000000036,1.0264084507042255
2014,2,A,Verkort,2,dispq2,Mediaan (Q2),16,R013,13. Liquiditeit in ruime zin,_Z,1,1.44,1.3,0.1399999999999999,1.1076923076923075
2014,2,A,Verkort,2,dispq2,Mediaan (Q2),17,R014,14. Liquiditeit in enge zin,_Z,1,1.23,1.08,0.1499999999999999,1.1388888888888888
2014,2,A,Verkort,2,dispq2,Mediaan (Q2),22,R019,17. Aantal dagen klantenkrediet,_Z,1,43.58,23.94,19.639999999999997,1.8203842940685044
2014,2,A,Verkort,2,dispq2,Mediaan (Q2),23,R020,18. Aantal dagen leverancierskrediet,_Z,1,34.31,25.4,8.910000000000004,1.3507874015748034
2014,2,A,Verkort,2,dispq2,Mediaan (Q2),24,R021,19. Financiële onafhankelijkheidsgraad (%),_Z,1,34.65,35.21,-0.5600000000000023,0.9840954274353876
2014,2,A,Verkort,2,dispq2,Mediaan (Q2),25,R022,20. Aanschaffingen van materiële vaste activa / Toegevoegde waarde (%),_Z,1,15.73,14.66,1.0700000000000003,1.072987721691678
2014,2,A,Verkort,2,dispq2,Mediaan (Q2),26,R023,21. Vernieuwingsgraad inzake materiële vaste activa (%),_Z,1,21.47,16.36,5.109999999999999,1.3123471882640587
2014,2,A,Verkort,3,dispnb,Aantal ondernemingen,1,R001,1. Brutoverkoopmarge (%),_Z,1,4812.0,34860.0,-30048.0,0.13803786574870913
2014,2,A,Verkort,3,dispnb,Aantal ondernemingen,2,R002,2. Nettoverkoopmarge (%),_Z,1,4812.0,34861.0,-30049.0,0.13803390608416283
2014,2,A,Verkort,3,dispnb,Aantal ondernemingen,3,R003,3. Toegevoegde waarde / Bedrijfsopbrengsten (%),_Z,1,4982.0,36258.0,-31276.0,0.1374041590821336
2014,2,A,Verkort,3,dispnb,Aantal ondernemingen,4,R004,4.Toegevoegde waarde per personeelslid (in EUR),EUR,1,20216.0,123389.0,-103173.0,0.16383956430475974
2014,2,A,Verkort,3,dispnb,Aantal ondernemingen,5,R005,5. Toegevoegde waarde / Bruto materiële vaste activa (%),_Z,1,43623.0,339386.0,-295763.0,0.12853506037373374
2014,2,A,Verkort,3,dispnb,Aantal ondernemingen,6,R006,6. Personeelskosten / Toegevoegde waarde (%),_Z,1,22895.0,138238.0,-115343.0,0.16562016232873739
2014,2,A,Verkort,3,dispnb,Aantal ondernemingen,7,R007,"7. Afschrijvingen, waardeverminderingen en voorzieningen voor risico's en kosten / Toegevoegde waarde (%)",_Z,1,38972.0,296555.0,-257583.0,0.131415757616631
2014,2,A,Verkort,3,dispnb,Aantal ondernemingen,9,R008A,8. Financiële kosten / Toegevoegde waarde (%),_Z,1,40423.0,311572.0,-271149.0,0.12973887255594213
2014,2,A,Verkort,3,dispnb,Aantal ondernemingen,10,R009,"9. Nettorendabiliteit van het eigen vermogen, na belasting (%)",_Z,1,40497.0,306864.0,-266367.0,0.1319705146253715
2014,2,A,Verkort,3,dispnb,Aantal ondernemingen,11,R010,10. Cashflow / Eigen vermogen (%),_Z,1,40498.0,306868.0,-266370.0,0.13197205313033616
2014,2,A,Verkort,3,dispnb,Aantal ondernemingen,13,R011A,"11. Brutorendabiliteit van het totaal der activa, vóór belasting en financiële kosten (%)",_Z,1,46156.0,365145.0,-318989.0,0.12640457900286187
2014,2,A,Verkort,3,dispnb,Aantal ondernemingen,15,R012A,"12. Nettorendabiliteit van het totaal der activa, vóór belasting en financiële kosten (%)",_Z,1,46154.0,365139.0,-318985.0,0.1264011787291963
2014,2,A,Verkort,3,dispnb,Aantal ondernemingen,16,R013,13. Liquiditeit in ruime zin,_Z,1,45903.0,361536.0,-315633.0,0.12696660913436006
2014,2,A,Verkort,3,dispnb,Aantal ondernemingen,17,R014,14. Liquiditeit in enge zin,_Z,1,45831.0,360326.0,-314495.0,0.12719315286712587
2014,2,A,Verkort,3,dispnb,Aantal ondernemingen,22,R019,17. Aantal dagen klantenkrediet,_Z,1,4813.0,34862.0,-30049.0,0.13805863117434455
2014,2,A,Verkort,3,dispnb,Aantal ondernemingen,23,R020,18. Aantal dagen leverancierskrediet,_Z,1,5129.0,37358.0,-32229.0,0.13729321698163713
2014,2,A,Verkort,3,dispnb,Aantal ondernemingen,24,R021,19. Financiële onafhankelijkheidsgraad (%),_Z,1,46222.0,365683.0,-319461.0,0.12639909429751997
2014,2,A,Verkort,3,dispnb,Aantal ondernemingen,25,R022,20. Aanschaffingen van materiële vaste activa / Toegevoegde waarde (%),_Z,1,30956.0,216645.0,-185689.0,0.1428881349673429
2014,2,A,Verkort,3,dispnb,Aantal ondernemingen,26,R023,21. Vernieuwingsgraad inzake materiële vaste activa (%),_Z,1,30107.0,213258.0,-183151.0,0.1411764154216958
2014,4,T,Volledig + Verkort + Micro,1,dispg,Gewogen gemiddelde,1,R001,1. Brutoverkoopmarge (%),_Z,1,7.81,7.21,0.5999999999999996,1.0832177531206657
2014,4,T,Volledig + Verkort + Micro,1,dispg,Gewogen gemiddelde,2,R002,2. Nettoverkoopmarge (%),_Z,1,5.22,3.58,1.6399999999999997,1.4581005586592177
2014,4,T,Volledig + Verkort + Micro,1,dispg,Gewogen gemiddelde,3,R003,3. Toegevoegde waarde / Bedrijfsopbrengsten (%),_Z,1,23.76,19.44,4.32,1.2222222222222223
2014,4,T,Volledig + Verkort + Micro,1,dispg,Gewogen gemiddelde,4,R004,4.Toegevoegde waarde per personeelslid (in EUR),EUR,1,67970.55,91274.79,-23304.23999999999,0.7446804314751094
2014,4,T,Volledig + Verkort + Micro,1,dispg,Gewogen gemiddelde,5,R005,5. Toegevoegde waarde / Bruto materiële vaste activa (%),_Z,1,23.56,31.62,-8.060000000000002,0.7450980392156862
2014,4,T,Volledig + Verkort + Micro,1,dispg,Gewogen gemiddelde,6,R006,6. Personeelskosten / Toegevoegde waarde (%),_Z,1,70.99,61.7,9.289999999999992,1.1505672609400324
2014,4,T,Volledig + Verkort + Micro,1,dispg,Gewogen gemiddelde,7,R007,"7. Afschrijvingen, waardeverminderingen en voorzieningen voor risico's en kosten / Toegevoegde waarde (%)",_Z,1,18.19,19.93,-1.7399999999999984,0.9126944305067738
2014,4,T,Volledig + Verkort + Micro,1,dispg,Gewogen gemiddelde,9,R008A,8. Financiële kosten / Toegevoegde waarde (%),_Z,1,9.55,24.9,-15.349999999999998,0.3835341365461848
2014,4,T,Volledig + Verkort + Micro,1,dispg,Gewogen gemiddelde,10,R009,"9. Nettorendabiliteit van het eigen vermogen, na belasting (%)",_Z,1,4.83,4.82,0.009999999999999787,1.0020746887966805
2014,4,T,Volledig + Verkort + Micro,1,dispg,Gewogen gemiddelde,11,R010,10. Cashflow / Eigen vermogen (%),_Z,1,10.5,8.25,2.25,1.2727272727272727
2014,4,T,Volledig + Verkort + Micro,1,dispg,Gewogen gemiddelde,13,R011A,"11. Brutorendabiliteit van het totaal der activa, vóór belasting en financiële kosten (%)",_Z,1,7.07,6.66,0.41000000000000014,1.0615615615615617
2014,4,T,Volledig + Verkort + Micro,1,dispg,Gewogen gemiddelde,15,R012A,"12. Nettorendabiliteit van het totaal der activa, vóór belasting en financiële kosten (%)",_Z,1,4.53,4.94,-0.41000000000000014,0.9170040485829959
2014,4,T,Volledig + Verkort + Micro,1,dispg,Gewogen gemiddelde,16,R013,13. Liquiditeit in ruime zin,_Z,1,1.35,1.38,-0.029999999999999805,0.9782608695652175
2014,4,T,Volledig + Verkort + Micro,1,dispg,Gewogen gemiddelde,17,R014,14. Liquiditeit in enge zin,_Z,1,0.99,1.25,-0.26,0.792
2014,4,T,Volledig + Verkort + Micro,1,dispg,Gewogen gemiddelde,22,R019,17. Aantal dagen klantenkrediet,_Z,1,95.48,60.85,34.63,1.5691043549712407
2014,4,T,Volledig + Verkort + Micro,1,dispg,Gewogen gemiddelde,23,R020,18. Aantal dagen leverancierskrediet,_Z,1,104.54,62.49,42.050000000000004,1.6729076652264363
2014,4,T,Volledig + Verkort + Micro,1,dispg,Gewogen gemiddelde,24,R021,19. Financiële onafhankelijkheidsgraad (%),_Z,1,45.82,50.26,-4.439999999999998,0.9116593712693992
2014,4,T,Volledig + Verkort + Micro,1,dispg,Gewogen gemiddelde,25,R022,20. Aanschaffingen van materiële vaste activa / Toegevoegde waarde (%),_Z,1,29.87,25.78,4.09,1.1586501163692784
2014,4,T,Volledig + Verkort + Micro,1,dispg,Gewogen gemiddelde,26,R023,21. Vernieuwingsgraad inzake materiële vaste activa (%),_Z,1,13.04,17.4,-4.359999999999999,0.7494252873563219
2014,4,T,Volledig + Verkort + Micro,2,dispq2,Mediaan (Q2),1,R001,1. Brutoverkoopmarge (%),_Z,1,7.74,8.63,-0.8900000000000006,0.8968713789107763
2014,4,T,Volledig + Verkort + Micro,2,dispq2,Mediaan (Q2),2,R002,2. Nettoverkoopmarge (%),_Z,1,3.34,3.64,-0.30000000000000027,0.9175824175824175
2014,4,T,Volledig + Verkort + Micro,2,dispq2,Mediaan (Q2),3,R003,3. Toegevoegde waarde / Bedrijfsopbrengsten (%),_Z,1,22.55,25.3,-2.75,0.8913043478260869
2014,4,T,Volledig + Verkort + Micro,2,dispq2,Mediaan (Q2),4,R004,4.Toegevoegde waarde per personeelslid (in EUR),EUR,1,59599.65,65368.2,-5768.549999999996,0.9117529624496316
2014,4,T,Volledig + Verkort + Micro,2,dispq2,Mediaan (Q2),5,R005,5. Toegevoegde waarde / Bruto materiële vaste activa (%),_Z,1,40.4,29.54,10.86,1.3676371022342586
2014,4,T,Volledig + Verkort + Micro,2,dispq2,Mediaan (Q2),6,R006,6. Personeelskosten / Toegevoegde waarde (%),_Z,1,65.2,59.76,5.440000000000005,1.0910307898259706
2014,4,T,Volledig + Verkort + Micro,2,dispq2,Mediaan (Q2),7,R007,"7. Afschrijvingen, waardeverminderingen en voorzieningen voor risico's en kosten / Toegevoegde waarde (%)",_Z,1,22.29,24.62,-2.330000000000002,0.9053614947197399
2014,4,T,Volledig + Verkort + Micro,2,dispq2,Mediaan (Q2),9,R008A,8. Financiële kosten / Toegevoegde waarde (%),_Z,1,4.51,5.37,-0.8600000000000003,0.839851024208566
2014,4,T,Volledig + Verkort + Micro,2,dispq2,Mediaan (Q2),10,R009,"9. Nettorendabiliteit van het eigen vermogen, na belasting (%)",_Z,1,8.73,8.81,-0.08000000000000007,0.9909194097616345
2014,4,T,Volledig + Verkort + Micro,2,dispq2,Mediaan (Q2),11,R010,10. Cashflow / Eigen vermogen (%),_Z,1,29.19,25.27,3.9200000000000017,1.1551246537396123
2014,4,T,Volledig + Verkort + Micro,2,dispq2,Mediaan (Q2),13,R011A,"11. Brutorendabiliteit van het totaal der activa, vóór belasting en financiële kosten (%)",_Z,1,13.44,12.05,1.3899999999999988,1.1153526970954355
2014,4,T,Volledig + Verkort + Micro,2,dispq2,Mediaan (Q2),15,R012A,"12. Nettorendabiliteit van het totaal der activa, vóór belasting en financiële kosten (%)",_Z,1,5.7,5.53,0.16999999999999993,1.030741410488246
2014,4,T,Volledig + Verkort + Micro,2,dispq2,Mediaan (Q2),16,R013,13. Liquiditeit in ruime zin,_Z,1,1.44,1.3,0.1399999999999999,1.1076923076923075
2014,4,T,Volledig + Verkort + Micro,2,dispq2,Mediaan (Q2),17,R014,14. Liquiditeit in enge zin,_Z,1,1.22,1.08,0.1399999999999999,1.1296296296296295
2014,4,T,Volledig + Verkort + Micro,2,dispq2,Mediaan (Q2),22,R019,17. Aantal dagen klantenkrediet,_Z,1,50.77,37.45,13.32,1.3556742323097464
2014,4,T,Volledig + Verkort + Micro,2,dispq2,Mediaan (Q2),23,R020,18. Aantal dagen leverancierskrediet,_Z,1,46.39,40.84,5.549999999999997,1.135896180215475
2014,4,T,Volledig + Verkort + Micro,2,dispq2,Mediaan (Q2),24,R021,19. Financiële onafhankelijkheidsgraad (%),_Z,1,34.45,35.35,-0.8999999999999986,0.9745403111739745
2014,4,T,Volledig + Verkort + Micro,2,dispq2,Mediaan (Q2),25,R022,20. Aanschaffingen van materiële vaste activa / Toegevoegde waarde (%),_Z,1,15.04,13.73,1.3099999999999987,1.095411507647487
2014,4,T,Volledig + Verkort + Micro,2,dispq2,Mediaan (Q2),26,R023,21. Vernieuwingsgraad inzake materiële vaste activa (%),_Z,1,21.4,16.49,4.91,1.2977562158884173
2014,4,T,Volledig + Verkort + Micro,3,dispnb,Aantal ondernemingen,1,R001,1. Brutoverkoopmarge (%),_Z,1,6474.0,55859.0,-49385.0,0.11589895988112928
2014,4,T,Volledig + Verkort + Micro,3,dispnb,Aantal ondernemingen,2,R002,2. Nettoverkoopmarge (%),_Z,1,6474.0,55860.0,-49386.0,0.1158968850698174
2014,4,T,Volledig + Verkort + Micro,3,dispnb,Aantal ondernemingen,3,R003,3. Toegevoegde waarde / Bedrijfsopbrengsten (%),_Z,1,6766.0,58840.0,-52074.0,0.11498980285520054
2014,4,T,Volledig + Verkort + Micro,3,dispnb,Aantal ondernemingen,4,R004,4.Toegevoegde waarde per personeelslid (in EUR),EUR,1,21391.0,139475.0,-118084.0,0.15336798709446137
2014,4,T,Volledig + Verkort + Micro,3,dispnb,Aantal ondernemingen,5,R005,5. Toegevoegde waarde / Bruto materiële vaste activa (%),_Z,1,45196.0,360026.0,-314830.0,0.12553537800047773
2014,4,T,Volledig + Verkort + Micro,3,dispnb,Aantal ondernemingen,6,R006,6. Personeelskosten / Toegevoegde waarde (%),_Z,1,24102.0,154731.0,-130629.0,0.1557671054927584
2014,4,T,Volledig + Verkort + Micro,3,dispnb,Aantal ondernemingen,7,R007,"7. Afschrijvingen, waardeverminderingen en voorzieningen voor risico's en kosten / Toegevoegde waarde (%)",_Z,1,40406.0,315616.0,-275210.0,0.1280226604481395
2014,4,T,Volledig + Verkort + Micro,3,dispnb,Aantal ondernemingen,9,R008A,8. Financiële kosten / Toegevoegde waarde (%),_Z,1,42031.0,332312.0,-290281.0,0.12648053636341752
2014,4,T,Volledig + Verkort + Micro,3,dispnb,Aantal ondernemingen,10,R009,"9. Nettorendabiliteit van het eigen vermogen, na belasting (%)",_Z,1,42234.0,329055.0,-286821.0,0.12834936408807038
2014,4,T,Volledig + Verkort + Micro,3,dispnb,Aantal ondernemingen,11,R010,10. Cashflow / Eigen vermogen (%),_Z,1,42235.0,329058.0,-286823.0,0.12835123291334657
2014,4,T,Volledig + Verkort + Micro,3,dispnb,Aantal ondernemingen,13,R011A,"11. Brutorendabiliteit van het totaal der activa, vóór belasting en financiële kosten (%)",_Z,1,48082.0,389676.0,-341594.0,0.12338968784323387
2014,4,T,Volledig + Verkort + Micro,3,dispnb,Aantal ondernemingen,15,R012A,"12. Nettorendabiliteit van het totaal der activa, vóór belasting en financiële kosten (%)",_Z,1,48080.0,389669.0,-341589.0,0.12338677184995471
2014,4,T,Volledig + Verkort + Micro,3,dispnb,Aantal ondernemingen,16,R013,13. Liquiditeit in ruime zin,_Z,1,47819.0,385932.0,-338113.0,0.12390524755656437
2014,4,T,Volledig + Verkort + Micro,3,dispnb,Aantal ondernemingen,17,R014,14. Liquiditeit in enge zin,_Z,1,47741.0,384632.0,-336891.0,0.12412123796252002
2014,4,T,Volledig + Verkort + Micro,3,dispnb,Aantal ondernemingen,22,R019,17. Aantal dagen klantenkrediet,_Z,1,6475.0,55858.0,-49383.0,0.11591893730530989
2014,4,T,Volledig + Verkort + Micro,3,dispnb,Aantal ondernemingen,23,R020,18. Aantal dagen leverancierskrediet,_Z,1,7053.0,61734.0,-54681.0,0.11424822626105549
2014,4,T,Volledig + Verkort + Micro,3,dispnb,Aantal ondernemingen,24,R021,19. Financiële onafhankelijkheidsgraad (%),_Z,1,48146.0,390194.0,-342048.0,0.123389903483908
2014,4,T,Volledig + Verkort + Micro,3,dispnb,Aantal ondernemingen,25,R022,20. Aanschaffingen van materiële vaste activa / Toegevoegde waarde (%),_Z,1,32154.0,232029.0,-199875.0,0.13857750539803215
2014,4,T,Volledig + Verkort + Micro,3,dispnb,Aantal ondernemingen,26,R023,21. Vernieuwingsgraad inzake materiële vaste activa (%),_Z,1,31324.0,228794.0,-197470.0,0.13690918468141647
2015,1,C,Volledig,1,dispg,Gewogen gemiddelde,1,R001,1. Brutoverkoopmarge (%),_Z,1,7.82,7.59,0.23000000000000043,1.0303030303030303
2015,1,C,Volledig,1,dispg,Gewogen gemiddelde,2,R002,2. Nettoverkoopmarge (%),_Z,1,4.9,3.77,1.1300000000000003,1.29973474801061
2015,1,C,Volledig,1,dispg,Gewogen gemiddelde,3,R003,3. Toegevoegde waarde / Bedrijfsopbrengsten (%),_Z,1,24.54,20.25,4.289999999999999,1.2118518518518517
2015,1,C,Volledig,1,dispg,Gewogen gemiddelde,4,R004,4.Toegevoegde waarde per personeelslid (in EUR),EUR,1,79261.57,102188.28,-22926.709999999992,0.7756424709369804
2015,1,C,Volledig,1,dispg,Gewogen gemiddelde,5,R005,5. Toegevoegde waarde / Bruto materiële vaste activa (%),_Z,1,37.34,32.92,4.420000000000002,1.1342648845686514
2015,1,C,Volledig,1,dispg,Gewogen gemiddelde,6,R006,6. Personeelskosten / Toegevoegde waarde (%),_Z,1,71.78,61.01,10.770000000000003,1.1765284379609902
2015,1,C,Volledig,1,dispg,Gewogen gemiddelde,7,R007,"7. Afschrijvingen, waardeverminderingen en voorzieningen voor risico's en kosten / Toegevoegde waarde (%)",_Z,1,11.81,20.17,-8.360000000000001,0.5855230540406544
2015,1,C,Volledig,1,dispg,Gewogen gemiddelde,8,R008C,8. Kosten van de schulden / Toegevoegde waarde (%),_Z,1,6.35,12.69,-6.34,0.5003940110323088
2015,1,C,Volledig,1,dispg,Gewogen gemiddelde,10,R009,"9. Nettorendabiliteit van het eigen vermogen, na belasting (%)",_Z,1,8.63,4.11,4.5200000000000005,2.099756690997567
2015,1,C,Volledig,1,dispg,Gewogen gemiddelde,11,R010,10. Cashflow / Eigen vermogen (%),_Z,1,15.91,7.79,8.120000000000001,2.042362002567394
2015,1,C,Volledig,1,dispg,Gewogen gemiddelde,12,R011C,"11. Brutorendabiliteit van het totaal der activa, vóór belasting en kosten van schulden (%)",_Z,1,7.58,5.22,2.3600000000000003,1.4521072796934866
2015,1,C,Volledig,1,dispg,Gewogen gemiddelde,14,R012C,"12. Nettorendabiliteit van het totaal der activa, vóór belasting en kosten van schulden (%)",_Z,1,4.94,3.37,1.5700000000000003,1.4658753709198813
2015,1,C,Volledig,1,dispg,Gewogen gemiddelde,16,R013,13. Liquiditeit in ruime zin,_Z,1,1.45,1.4,0.050000000000000044,1.0357142857142858
2015,1,C,Volledig,1,dispg,Gewogen gemiddelde,17,R014,14. Liquiditeit in enge zin,_Z,1,1.09,1.29,-0.19999999999999996,0.8449612403100776
2015,1,C,Volledig,1,dispg,Gewogen gemiddelde,18,R015,"15.1 Rotatie van de voorraad handelsgoederen, grond- en hulpstoffen (voor alle sectoren uitgezonderd de bouwnijverheid)",_Z,1,,9.83,,
2015,1,C,Volledig,1,dispg,Gewogen gemiddelde,19,R016,"15.2 Rotatie van de voorraad handelsgoederen, grond- en hulpstoffen (enkel voor de sector van de bouwnijverheid)",_Z,1,32.9,11.6,21.299999999999997,2.836206896551724
2015,1,C,Volledig,1,dispg,Gewogen gemiddelde,20,R017,16.1 Rotatie van de voorraad goederen in bewerking en gereed product (voor alle sectoren uitgezonderd de bouwnijverheid),_Z,1,,34.87,,
2015,1,C,Volledig,1,dispg,Gewogen gemiddelde,21,R018,16.2 Rotatie van de voorraad goederen in bewerking en gereed product (enkel voor de sector van de bouwnijverheid),_Z,1,4.43,25.78,-21.35,0.17183863460046545
2015,1,C,Volledig,1,dispg,Gewogen gemiddelde,22,R019,17. Aantal dagen klantenkrediet,_Z,1,86.87,55.48,31.390000000000008,1.5657894736842106
2015,1,C,Volledig,1,dispg,Gewogen gemiddelde,23,R020,18. Aantal dagen leverancierskrediet,_Z,1,90.01,58.44,31.570000000000007,1.540212183436003
2015,1,C,Volledig,1,dispg,Gewogen gemiddelde,24,R021,19. Financiële onafhankelijkheidsgraad (%),_Z,1,36.31,50.66,-14.349999999999994,0.7167390446111331
2015,1,C,Volledig,1,dispg,Gewogen gemiddelde,25,R022,20. Aanschaffingen van materiële vaste activa / Toegevoegde waarde (%),_Z,1,17.23,23.6,-6.370000000000001,0.7300847457627119
2015,1,C,Volledig,1,dispg,Gewogen gemiddelde,26,R023,21. Vernieuwingsgraad inzake materiële vaste activa (%),_Z,1,17.23,16.72,0.5100000000000016,1.0305023923444978
2015,1,C,Volledig,2,dispq2,Mediaan (Q2),1,R001,1. Brutoverkoopmarge (%),_Z,1,6.09,6.57,-0.4800000000000004,0.9269406392694063
2015,1,C,Volledig,2,dispq2,Mediaan (Q2),2,R002,2. Nettoverkoopmarge (%),_Z,1,3.26,3.52,-0.26000000000000023,0.9261363636363635
2015,1,C,Volledig,2,dispq2,Mediaan (Q2),3,R003,3. Toegevoegde waarde / Bedrijfsopbrengsten (%),_Z,1,27.81,28.68,-0.870000000000001,0.9696652719665272
2015,1,C,Volledig,2,dispq2,Mediaan (Q2),4,R004,4.Toegevoegde waarde per personeelslid (in EUR),EUR,1,66844.37,83127.23,-16282.86,0.8041212247779699
2015,1,C,Volledig,2,dispq2,Mediaan (Q2),5,R005,5. Toegevoegde waarde / Bruto materiële vaste activa (%),_Z,1,77.44,59.28,18.159999999999997,1.3063427800269904
2015,1,C,Volledig,2,dispq2,Mediaan (Q2),6,R006,6. Personeelskosten / Toegevoegde waarde (%),_Z,1,78.28,71.07,7.210000000000008,1.101449275362319
2015,1,C,Volledig,2,dispq2,Mediaan (Q2),7,R007,"7. Afschrijvingen, waardeverminderingen en voorzieningen voor risico's en kosten / Toegevoegde waarde (%)",_Z,1,7.83,10.42,-2.59,0.7514395393474088
2015,1,C,Volledig,2,dispq2,Mediaan (Q2),8,R008C,8. Kosten van de schulden / Toegevoegde waarde (%),_Z,1,1.78,2.43,-0.6500000000000001,0.7325102880658436
2015,1,C,Volledig,2,dispq2,Mediaan (Q2),10,R009,"9. Nettorendabiliteit van het eigen vermogen, na belasting (%)",_Z,1,5.99,5.95,0.040000000000000036,1.0067226890756302
2015,1,C,Volledig,2,dispq2,Mediaan (Q2),11,R010,10. Cashflow / Eigen vermogen (%),_Z,1,15.69,14.41,1.2799999999999994,1.08882720333102
2015,1,C,Volledig,2,dispq2,Mediaan (Q2),12,R011C,"11. Brutorendabiliteit van het totaal der activa, vóór belasting en kosten van schulden (%)",_Z,1,6.15,6.77,-0.6199999999999992,0.9084194977843428
2015,1,C,Volledig,2,dispq2,Mediaan (Q2),14,R012C,"12. Nettorendabiliteit van het totaal der activa, vóór belasting en kosten van schulden (%)",_Z,1,3.23,3.64,-0.41000000000000014,0.8873626373626373
2015,1,C,Volledig,2,dispq2,Mediaan (Q2),16,R013,13. Liquiditeit in ruime zin,_Z,1,1.36,1.32,0.040000000000000036,1.0303030303030303
2015,1,C,Volledig,2,dispq2,Mediaan (Q2),17,R014,14. Liquiditeit in enge zin,_Z,1,1.09,1.1,-0.010000000000000009,0.9909090909090909
2015,1,C,Volledig,2,dispq2,Mediaan (Q2),18,R015,"15.1 Rotatie van de voorraad handelsgoederen, grond- en hulpstoffen (voor alle sectoren uitgezonderd de bouwnijverheid)",_Z,1,,7.17,,
2015,1,C,Volledig,2,dispq2,Mediaan (Q2),19,R016,"15.2 Rotatie van de voorraad handelsgoederen, grond- en hulpstoffen (enkel voor de sector van de bouwnijverheid)",_Z,1,31.15,31.15,0.0,1.0
2015,1,C,Volledig,2,dispq2,Mediaan (Q2),20,R017,16.1 Rotatie van de voorraad goederen in bewerking en gereed product (voor alle sectoren uitgezonderd de bouwnijverheid),_Z,1,,18.97,,
2015,1,C,Volledig,2,dispq2,Mediaan (Q2),21,R018,16.2 Rotatie van de voorraad goederen in bewerking en gereed product (enkel voor de sector van de bouwnijverheid),_Z,1,13.55,13.55,0.0,1.0
2015,1,C,Volledig,2,dispq2,Mediaan (Q2),22,R019,17. Aantal dagen klantenkrediet,_Z,1,60.41,45.66,14.75,1.3230398598335524
2015,1,C,Volledig,2,dispq2,Mediaan (Q2),23,R020,18. Aantal dagen leverancierskrediet,_Z,1,72.4,55.01,17.390000000000008,1.316124341028904
2015,1,C,Volledig,2,dispq2,Mediaan (Q2),24,R021,19. Financiële onafhankelijkheidsgraad (%),_Z,1,31.09,37.61,-6.52,0.8266418505716565
2015,1,C,Volledig,2,dispq2,Mediaan (Q2),25,R022,20. Aanschaffingen van materiële vaste activa / Toegevoegde waarde (%),_Z,1,5.31,6.03,-0.7200000000000006,0.880597014925373
2015,1,C,Volledig,2,dispq2,Mediaan (Q2),26,R023,21. Vernieuwingsgraad inzake materiële vaste activa (%),_Z,1,22.1,19.17,2.9299999999999997,1.1528429838288994
2015,1,C,Volledig,3,dispnb,Aantal ondernemingen,1,R001,1. Brutoverkoopmarge (%),_Z,1,1822.0,22951.0,-21129.0,0.07938651910592132
2015,1,C,Volledig,3,dispnb,Aantal ondernemingen,2,R002,2. Nettoverkoopmarge (%),_Z,1,1820.0,22949.0,-21129.0,0.07930628785567999
2015,1,C,Volledig,3,dispnb,Aantal ondernemingen,3,R003,3. Toegevoegde waarde / Bedrijfsopbrengsten (%),_Z,1,1841.0,23005.0,-21164.0,0.0800260812866768
2015,1,C,Volledig,3,dispnb,Aantal ondernemingen,4,R004,4.Toegevoegde waarde per personeelslid (in EUR),EUR,1,1170.0,16179.0,-15009.0,0.07231596513999629
2015,1,C,Volledig,3,dispnb,Aantal ondernemingen,5,R005,5. Toegevoegde waarde / Bruto materiële vaste activa (%),_Z,1,1603.0,20927.0,-19324.0,0.07659960816170497
2015,1,C,Volledig,3,dispnb,Aantal ondernemingen,6,R006,6. Personeelskosten / Toegevoegde waarde (%),_Z,1,1214.0,16599.0,-15385.0,0.0731369359599976
2015,1,C,Volledig,3,dispnb,Aantal ondernemingen,7,R007,"7. Afschrijvingen, waardeverminderingen en voorzieningen voor risico's en kosten / Toegevoegde waarde (%)",_Z,1,1449.0,19298.0,-17849.0,0.07508550108819567
2015,1,C,Volledig,3,dispnb,Aantal ondernemingen,8,R008C,8. Kosten van de schulden / Toegevoegde waarde (%),_Z,1,1482.0,18249.0,-16767.0,0.08120992931119514
2015,1,C,Volledig,3,dispnb,Aantal ondernemingen,10,R009,"9. Nettorendabiliteit van het eigen vermogen, na belasting (%)",_Z,1,1820.0,22667.0,-20847.0,0.08029293686857546
2015,1,C,Volledig,3,dispnb,Aantal ondernemingen,11,R010,10. Cashflow / Eigen vermogen (%),_Z,1,1820.0,22665.0,-20845.0,0.08030002206044562
2015,1,C,Volledig,3,dispnb,Aantal ondernemingen,12,R011C,"11. Brutorendabiliteit van het totaal der activa, vóór belasting en kosten van schulden (%)",_Z,1,2000.0,24982.0,-22982.0,0.08005764150188135
2015,1,C,Volledig,3,dispnb,Aantal ondernemingen,14,R012C,"12. Nettorendabiliteit van het totaal der activa, vóór belasting en kosten van schulden (%)",_Z,1,2000.0,24982.0,-22982.0,0.08005764150188135
2015,1,C,Volledig,3,dispnb,Aantal ondernemingen,16,R013,13. Liquiditeit in ruime zin,_Z,1,1993.0,24816.0,-22823.0,0.08031108961960026
2015,1,C,Volledig,3,dispnb,Aantal ondernemingen,17,R014,14. Liquiditeit in enge zin,_Z,1,1988.0,24735.0,-22747.0,0.08037194259146958
2015,1,C,Volledig,3,dispnb,Aantal ondernemingen,18,R015,"15.1 Rotatie van de voorraad handelsgoederen, grond- en hulpstoffen (voor alle sectoren uitgezonderd de bouwnijverheid)",_Z,1,,8043.0,,
2015,1,C,Volledig,3,dispnb,Aantal ondernemingen,19,R016,"15.2 Rotatie van de voorraad handelsgoederen, grond- en hulpstoffen (enkel voor de sector van de bouwnijverheid)",_Z,1,854.0,854.0,0.0,1.0
2015,1,C,Volledig,3,dispnb,Aantal ondernemingen,20,R017,16.1 Rotatie van de voorraad goederen in bewerking en gereed product (voor alle sectoren uitgezonderd de bouwnijverheid),_Z,1,,2129.0,,
2015,1,C,Volledig,3,dispnb,Aantal ondernemingen,21,R018,16.2 Rotatie van de voorraad goederen in bewerking en gereed product (enkel voor de sector van de bouwnijverheid),_Z,1,754.0,754.0,0.0,1.0
2015,1,C,Volledig,3,dispnb,Aantal ondernemingen,22,R019,17. Aantal dagen klantenkrediet,_Z,1,1861.0,23131.0,-21270.0,0.08045480091651895
2015,1,C,Volledig,3,dispnb,Aantal ondernemingen,23,R020,18. Aantal dagen leverancierskrediet,_Z,1,2000.0,24853.0,-22853.0,0.08047318231199453
2015,1,C,Volledig,3,dispnb,Aantal ondernemingen,24,R021,19. Financiële onafhankelijkheidsgraad (%),_Z,1,1999.0,24964.0,-22965.0,0.0800753084441596
2015,1,C,Volledig,3,dispnb,Aantal ondernemingen,25,R022,20. Aanschaffingen van materiële vaste activa / Toegevoegde waarde (%),_Z,1,1169.0,15461.0,-14292.0,0.07560959834422094
2015,1,C,Volledig,3,dispnb,Aantal ondernemingen,26,R023,21. Vernieuwingsgraad inzake materiële vaste activa (%),_Z,1,1185.0,15584.0,-14399.0,0.07603952772073921
2015,2,A,Verkort,1,dispg,Gewogen gemiddelde,1,R001,1. Brutoverkoopmarge (%),_Z,1,9.03,10.91,-1.8800000000000008,0.8276810265811182
2015,2,A,Verkort,1,dispg,Gewogen gemiddelde,2,R002,2. Nettoverkoopmarge (%),_Z,1,4.51,5.49,-0.9800000000000004,0.8214936247723132
2015,2,A,Verkort,1,dispg,Gewogen gemiddelde,3,R003,3. Toegevoegde waarde / Bedrijfsopbrengsten (%),_Z,1,25.93,25.57,0.35999999999999943,1.01407899882675
2015,2,A,Verkort,1,dispg,Gewogen gemiddelde,4,R004,4.Toegevoegde waarde per personeelslid (in EUR),EUR,1,61604.7,67474.3,-5869.600000000006,0.91300984226587
2015,2,A,Verkort,1,dispg,Gewogen gemiddelde,5,R005,5. Toegevoegde waarde / Bruto materiële vaste activa (%),_Z,1,39.78,27.62,12.16,1.440260680666184
2015,2,A,Verkort,1,dispg,Gewogen gemiddelde,6,R006,6. Personeelskosten / Toegevoegde waarde (%),_Z,1,68.05,61.37,6.68,1.1088479713214925
2015,2,A,Verkort,1,dispg,Gewogen gemiddelde,7,R007,"7. Afschrijvingen, waardeverminderingen en voorzieningen voor risico's en kosten / Toegevoegde waarde (%)",_Z,1,17.79,22.04,-4.25,0.8071687840290381
2015,2,A,Verkort,1,dispg,Gewogen gemiddelde,9,R008A,8. Financiële kosten / Toegevoegde waarde (%),_Z,1,6.72,9.73,-3.0100000000000007,0.6906474820143884
2015,2,A,Verkort,1,dispg,Gewogen gemiddelde,10,R009,"9. Nettorendabiliteit van het eigen vermogen, na belasting (%)",_Z,1,8.54,8.18,0.35999999999999943,1.0440097799511001
2015,2,A,Verkort,1,dispg,Gewogen gemiddelde,11,R010,10. Cashflow / Eigen vermogen (%),_Z,1,22.63,16.4,6.23,1.3798780487804878
2015,2,A,Verkort,1,dispg,Gewogen gemiddelde,13,R011A,"11. Brutorendabiliteit van het totaal der activa, vóór belasting en financiële kosten (%)",_Z,1,11.28,10.48,0.7999999999999989,1.0763358778625953
2015,2,A,Verkort,1,dispg,Gewogen gemiddelde,15,R012A,"12. Nettorendabiliteit van het totaal der activa, vóór belasting en financiële kosten (%)",_Z,1,6.43,6.79,-0.3600000000000003,0.946980854197349
2015,2,A,Verkort,1,dispg,Gewogen gemiddelde,16,R013,13. Liquiditeit in ruime zin,_Z,1,1.36,1.26,0.10000000000000009,1.0793650793650795
2015,2,A,Verkort,1,dispg,Gewogen gemiddelde,17,R014,14. Liquiditeit in enge zin,_Z,1,0.93,1.03,-0.09999999999999998,0.9029126213592233
2015,2,A,Verkort,1,dispg,Gewogen gemiddelde,22,R019,17. Aantal dagen klantenkrediet,_Z,1,63.04,50.99,12.049999999999997,1.236320847224946
2015,2,A,Verkort,1,dispg,Gewogen gemiddelde,23,R020,18. Aantal dagen leverancierskrediet,_Z,1,65.48,68.26,-2.780000000000001,0.9592733665397011
2015,2,A,Verkort,1,dispg,Gewogen gemiddelde,24,R021,19. Financiële onafhankelijkheidsgraad (%),_Z,1,34.18,45.09,-10.910000000000004,0.7580394766023508
2015,2,A,Verkort,1,dispg,Gewogen gemiddelde,25,R022,20. Aanschaffingen van materiële vaste activa / Toegevoegde waarde (%),_Z,1,27.12,33.51,-6.389999999999997,0.8093106535362579
2015,2,A,Verkort,1,dispg,Gewogen gemiddelde,26,R023,21. Vernieuwingsgraad inzake materiële vaste activa (%),_Z,1,22.54,16.28,6.259999999999998,1.3845208845208843
2015,2,A,Verkort,2,dispq2,Mediaan (Q2),1,R001,1. Brutoverkoopmarge (%),_Z,1,8.25,10.37,-2.119999999999999,0.7955641272902604
2015,2,A,Verkort,2,dispq2,Mediaan (Q2),2,R002,2. Nettoverkoopmarge (%),_Z,1,3.51,3.89,-0.38000000000000034,0.9023136246786632
2015,2,A,Verkort,2,dispq2,Mediaan (Q2),3,R003,3. Toegevoegde waarde / Bedrijfsopbrengsten (%),_Z,1,19.35,23.32,-3.969999999999999,0.8297598627787307
2015,2,A,Verkort,2,dispq2,Mediaan (Q2),4,R004,4.Toegevoegde waarde per personeelslid (in EUR),EUR,1,59763.93,64310.47,-4546.540000000001,0.9293032689700448
2015,2,A,Verkort,2,dispq2,Mediaan (Q2),5,R005,5. Toegevoegde waarde / Bruto materiële vaste activa (%),_Z,1,38.22,28.14,10.079999999999998,1.3582089552238805
2015,2,A,Verkort,2,dispq2,Mediaan (Q2),6,R006,6. Personeelskosten / Toegevoegde waarde (%),_Z,1,63.78,57.46,6.32,1.109989557953359
2015,2,A,Verkort,2,dispq2,Mediaan (Q2),7,R007,"7. Afschrijvingen, waardeverminderingen en voorzieningen voor risico's en kosten / Toegevoegde waarde (%)",_Z,1,23.15,25.41,-2.2600000000000016,0.9110586383313656
2015,2,A,Verkort,2,dispq2,Mediaan (Q2),9,R008A,8. Financiële kosten / Toegevoegde waarde (%),_Z,1,4.29,5.07,-0.7800000000000002,0.8461538461538461
2015,2,A,Verkort,2,dispq2,Mediaan (Q2),10,R009,"9. Nettorendabiliteit van het eigen vermogen, na belasting (%)",_Z,1,8.54,8.86,-0.3200000000000003,0.963882618510158
2015,2,A,Verkort,2,dispq2,Mediaan (Q2),11,R010,10. Cashflow / Eigen vermogen (%),_Z,1,28.61,24.97,3.6400000000000006,1.145774929915899
2015,2,A,Verkort,2,dispq2,Mediaan (Q2),13,R011A,"11. Brutorendabiliteit van het totaal der activa, vóór belasting en financiële kosten (%)",_Z,1,13.57,12.52,1.0500000000000007,1.0838658146964857
2015,2,A,Verkort,2,dispq2,Mediaan (Q2),15,R012A,"12. Nettorendabiliteit van het totaal der activa, vóór belasting en financiële kosten (%)",_Z,1,5.82,5.82,0.0,1.0
2015,2,A,Verkort,2,dispq2,Mediaan (Q2),16,R013,13. Liquiditeit in ruime zin,_Z,1,1.49,1.35,0.1399999999999999,1.1037037037037036
2015,2,A,Verkort,2,dispq2,Mediaan (Q2),17,R014,14. Liquiditeit in enge zin,_Z,1,1.27,1.12,0.1499999999999999,1.1339285714285714
2015,2,A,Verkort,2,dispq2,Mediaan (Q2),22,R019,17. Aantal dagen klantenkrediet,_Z,1,43.98,24.05,19.929999999999996,1.8286902286902285
2015,2,A,Verkort,2,dispq2,Mediaan (Q2),23,R020,18. Aantal dagen leverancierskrediet,_Z,1,33.98,24.24,9.739999999999998,1.4018151815181519
2015,2,A,Verkort,2,dispq2,Mediaan (Q2),24,R021,19. Financiële onafhankelijkheidsgraad (%),_Z,1,35.92,37.09,-1.1700000000000017,0.9684551091938527
2015,2,A,Verkort,2,dispq2,Mediaan (Q2),25,R022,20. Aanschaffingen van materiële vaste activa / Toegevoegde waarde (%),_Z,1,16.95,15.47,1.4799999999999986,1.0956690368455073
2015,2,A,Verkort,2,dispq2,Mediaan (Q2),26,R023,21. Vernieuwingsgraad inzake materiële vaste activa (%),_Z,1,24.35,17.47,6.880000000000003,1.3938179736691474
2015,2,A,Verkort,3,dispnb,Aantal ondernemingen,1,R001,1. Brutoverkoopmarge (%),_Z,1,4502.0,31587.0,-27085.0,0.1425269889511508
2015,2,A,Verkort,3,dispnb,Aantal ondernemingen,2,R002,2. Nettoverkoopmarge (%),_Z,1,4502.0,31588.0,-27086.0,0.1425224768899582
2015,2,A,Verkort,3,dispnb,Aantal ondernemingen,3,R003,3. Toegevoegde waarde / Bedrijfsopbrengsten (%),_Z,1,4695.0,33049.0,-28354.0,0.14206178704348088
2015,2,A,Verkort,3,dispnb,Aantal ondernemingen,4,R004,4.Toegevoegde waarde per personeelslid (in EUR),EUR,1,19755.0,121924.0,-102169.0,0.16202716446310816
2015,2,A,Verkort,3,dispnb,Aantal ondernemingen,5,R005,5. Toegevoegde waarde / Bruto materiële vaste activa (%),_Z,1,43986.0,342023.0,-298037.0,0.12860538618747863
2015,2,A,Verkort,3,dispnb,Aantal ondernemingen,6,R006,6. Personeelskosten / Toegevoegde waarde (%),_Z,1,22502.0,136754.0,-114252.0,0.1645436330929991
2015,2,A,Verkort,3,dispnb,Aantal ondernemingen,7,R007,"7. Afschrijvingen, waardeverminderingen en voorzieningen voor risico's en kosten / Toegevoegde waarde (%)",_Z,1,39215.0,298106.0,-258891.0,0.13154716778595532
2015,2,A,Verkort,3,dispnb,Aantal ondernemingen,9,R008A,8. Financiële kosten / Toegevoegde waarde (%),_Z,1,40761.0,314181.0,-273420.0,0.12973731702426308
2015,2,A,Verkort,3,dispnb,Aantal ondernemingen,10,R009,"9. Nettorendabiliteit van het eigen vermogen, na belasting (%)",_Z,1,41167.0,312236.0,-271069.0,0.13184578331774682
2015,2,A,Verkort,3,dispnb,Aantal ondernemingen,11,R010,10. Cashflow / Eigen vermogen (%),_Z,1,41167.0,312235.0,-271068.0,0.13184620558233381
2015,2,A,Verkort,3,dispnb,Aantal ondernemingen,13,R011A,"11. Brutorendabiliteit van het totaal der activa, vóór belasting en financiële kosten (%)",_Z,1,46793.0,369405.0,-322612.0,0.1266712686617669
2015,2,A,Verkort,3,dispnb,Aantal ondernemingen,15,R012A,"12. Nettorendabiliteit van het totaal der activa, vóór belasting en financiële kosten (%)",_Z,1,46791.0,369401.0,-322610.0,0.12666722613095255
2015,2,A,Verkort,3,dispnb,Aantal ondernemingen,16,R013,13. Liquiditeit in ruime zin,_Z,1,46530.0,365911.0,-319381.0,0.12716206946497918
2015,2,A,Verkort,3,dispnb,Aantal ondernemingen,17,R014,14. Liquiditeit in enge zin,_Z,1,46462.0,364817.0,-318355.0,0.12735700364840455
2015,2,A,Verkort,3,dispnb,Aantal ondernemingen,22,R019,17. Aantal dagen klantenkrediet,_Z,1,4503.0,31594.0,-27091.0,0.1425270621003988
2015,2,A,Verkort,3,dispnb,Aantal ondernemingen,23,R020,18. Aantal dagen leverancierskrediet,_Z,1,4806.0,34058.0,-29252.0,0.14111222033002524
2015,2,A,Verkort,3,dispnb,Aantal ondernemingen,24,R021,19. Financiële onafhankelijkheidsgraad (%),_Z,1,46854.0,369929.0,-323075.0,0.1266567368332842
2015,2,A,Verkort,3,dispnb,Aantal ondernemingen,25,R022,20. Aanschaffingen van materiële vaste activa / Toegevoegde waarde (%),_Z,1,30419.0,213533.0,-183114.0,0.14245573283754737
2015,2,A,Verkort,3,dispnb,Aantal ondernemingen,26,R023,21. Vernieuwingsgraad inzake materiële vaste activa (%),_Z,1,29484.0,208633.0,-179149.0,0.1413199254192769
2015,4,T,Volledig + Verkort + Micro,1,dispg,Gewogen gemiddelde,1,R001,1. Brutoverkoopmarge (%),_Z,1,8.17,7.97,0.20000000000000018,1.0250941028858218
2015,4,T,Volledig + Verkort + Micro,1,dispg,Gewogen gemiddelde,2,R002,2. Nettoverkoopmarge (%),_Z,1,5.05,4.12,0.9299999999999997,1.2257281553398058
2015,4,T,Volledig + Verkort + Micro,1,dispg,Gewogen gemiddelde,3,R003,3. Toegevoegde waarde / Bedrijfsopbrengsten (%),_Z,1,24.72,20.62,4.099999999999998,1.1988360814742967
2015,4,T,Volledig + Verkort + Micro,1,dispg,Gewogen gemiddelde,4,R004,4.Toegevoegde waarde per personeelslid (in EUR),EUR,1,69735.91,93279.05,-23543.14,0.7476052768547707
2015,4,T,Volledig + Verkort + Micro,1,dispg,Gewogen gemiddelde,5,R005,5. Toegevoegde waarde / Bruto materiële vaste activa (%),_Z,1,38.64,31.8,6.84,1.2150943396226415
2015,4,T,Volledig + Verkort + Micro,1,dispg,Gewogen gemiddelde,6,R006,6. Personeelskosten / Toegevoegde waarde (%),_Z,1,69.8,60.55,9.25,1.152766308835673
2015,4,T,Volledig + Verkort + Micro,1,dispg,Gewogen gemiddelde,7,R007,"7. Afschrijvingen, waardeverminderingen en voorzieningen voor risico's en kosten / Toegevoegde waarde (%)",_Z,1,14.76,20.13,-5.369999999999999,0.7332339791356185
2015,4,T,Volledig + Verkort + Micro,1,dispg,Gewogen gemiddelde,9,R008A,8. Financiële kosten / Toegevoegde waarde (%),_Z,1,8.91,30.93,-22.02,0.2880698351115422
2015,4,T,Volledig + Verkort + Micro,1,dispg,Gewogen gemiddelde,10,R009,"9. Nettorendabiliteit van het eigen vermogen, na belasting (%)",_Z,1,8.6,4.59,4.01,1.8736383442265796
2015,4,T,Volledig + Verkort + Micro,1,dispg,Gewogen gemiddelde,11,R010,10. Cashflow / Eigen vermogen (%),_Z,1,17.99,8.49,9.499999999999998,2.1189634864546525
2015,4,T,Volledig + Verkort + Micro,1,dispg,Gewogen gemiddelde,13,R011A,"11. Brutorendabiliteit van het totaal der activa, vóór belasting en financiële kosten (%)",_Z,1,9.26,7.39,1.87,1.253044654939107
2015,4,T,Volledig + Verkort + Micro,1,dispg,Gewogen gemiddelde,15,R012A,"12. Nettorendabiliteit van het totaal der activa, vóór belasting en financiële kosten (%)",_Z,1,6.02,5.46,0.5599999999999996,1.1025641025641024
2015,4,T,Volledig + Verkort + Micro,1,dispg,Gewogen gemiddelde,16,R013,13. Liquiditeit in ruime zin,_Z,1,1.41,1.38,0.030000000000000027,1.0217391304347827
2015,4,T,Volledig + Verkort + Micro,1,dispg,Gewogen gemiddelde,17,R014,14. Liquiditeit in enge zin,_Z,1,1.02,1.25,-0.22999999999999998,0.8160000000000001
2015,4,T,Volledig + Verkort + Micro,1,dispg,Gewogen gemiddelde,22,R019,17. Aantal dagen klantenkrediet,_Z,1,94.94,63.77,31.169999999999995,1.4887878312686216
2015,4,T,Volledig + Verkort + Micro,1,dispg,Gewogen gemiddelde,23,R020,18. Aantal dagen leverancierskrediet,_Z,1,100.78,67.27,33.510000000000005,1.498141816560131
2015,4,T,Volledig + Verkort + Micro,1,dispg,Gewogen gemiddelde,24,R021,19. Financiële onafhankelijkheidsgraad (%),_Z,1,35.48,49.93,-14.450000000000003,0.7105948327658722
2015,4,T,Volledig + Verkort + Micro,1,dispg,Gewogen gemiddelde,25,R022,20. Aanschaffingen van materiële vaste activa / Toegevoegde waarde (%),_Z,1,22.16,25.8,-3.6400000000000006,0.8589147286821706
2015,4,T,Volledig + Verkort + Micro,1,dispg,Gewogen gemiddelde,26,R023,21. Vernieuwingsgraad inzake materiële vaste activa (%),_Z,1,20.18,16.58,3.6000000000000014,1.2171290711700846
2015,4,T,Volledig + Verkort + Micro,2,dispq2,Mediaan (Q2),1,R001,1. Brutoverkoopmarge (%),_Z,1,7.76,8.76,-1.0,0.8858447488584474
2015,4,T,Volledig + Verkort + Micro,2,dispq2,Mediaan (Q2),2,R002,2. Nettoverkoopmarge (%),_Z,1,3.51,3.82,-0.31000000000000005,0.918848167539267
2015,4,T,Volledig + Verkort + Micro,2,dispq2,Mediaan (Q2),3,R003,3. Toegevoegde waarde / Bedrijfsopbrengsten (%),_Z,1,21.84,25.39,-3.5500000000000007,0.8601811736904292
2015,4,T,Volledig + Verkort + Micro,2,dispq2,Mediaan (Q2),4,R004,4.Toegevoegde waarde per personeelslid (in EUR),EUR,1,60219.08,66522.73,-6303.649999999994,0.9052406598466419
2015,4,T,Volledig + Verkort + Micro,2,dispq2,Mediaan (Q2),5,R005,5. Toegevoegde waarde / Bruto materiële vaste activa (%),_Z,1,39.02,29.34,9.680000000000003,1.3299250170415815
2015,4,T,Volledig + Verkort + Micro,2,dispq2,Mediaan (Q2),6,R006,6. Personeelskosten / Toegevoegde waarde (%),_Z,1,64.55,59.11,5.439999999999998,1.0920318051091185
2015,4,T,Volledig + Verkort + Micro,2,dispq2,Mediaan (Q2),7,R007,"7. Afschrijvingen, waardeverminderingen en voorzieningen voor risico's en kosten / Toegevoegde waarde (%)",_Z,1,22.37,24.26,-1.8900000000000006,0.9220939818631492
2015,4,T,Volledig + Verkort + Micro,2,dispq2,Mediaan (Q2),9,R008A,8. Financiële kosten / Toegevoegde waarde (%),_Z,1,4.23,4.99,-0.7599999999999998,0.8476953907815632
2015,4,T,Volledig + Verkort + Micro,2,dispq2,Mediaan (Q2),10,R009,"9. Nettorendabiliteit van het eigen vermogen, na belasting (%)",_Z,1,8.43,8.61,-0.17999999999999972,0.9790940766550523
2015,4,T,Volledig + Verkort + Micro,2,dispq2,Mediaan (Q2),11,R010,10. Cashflow / Eigen vermogen (%),_Z,1,27.87,24.1,3.7699999999999996,1.1564315352697094
2015,4,T,Volledig + Verkort + Micro,2,dispq2,Mediaan (Q2),13,R011A,"11. Brutorendabiliteit van het totaal der activa, vóór belasting en financiële kosten (%)",_Z,1,13.23,12.1,1.1300000000000008,1.0933884297520662
2015,4,T,Volledig + Verkort + Micro,2,dispq2,Mediaan (Q2),15,R012A,"12. Nettorendabiliteit van het totaal der activa, vóór belasting en financiële kosten (%)",_Z,1,5.71,5.68,0.03000000000000025,1.005281690140845
2015,4,T,Volledig + Verkort + Micro,2,dispq2,Mediaan (Q2),16,R013,13. Liquiditeit in ruime zin,_Z,1,1.48,1.35,0.1299999999999999,1.096296296296296
2015,4,T,Volledig + Verkort + Micro,2,dispq2,Mediaan (Q2),17,R014,14. Liquiditeit in enge zin,_Z,1,1.26,1.12,0.1399999999999999,1.125
2015,4,T,Volledig + Verkort + Micro,2,dispq2,Mediaan (Q2),22,R019,17. Aantal dagen klantenkrediet,_Z,1,51.65,37.74,13.909999999999997,1.3685744568097509
2015,4,T,Volledig + Verkort + Micro,2,dispq2,Mediaan (Q2),23,R020,18. Aantal dagen leverancierskrediet,_Z,1,46.7,40.62,6.080000000000005,1.1496799606105368
2015,4,T,Volledig + Verkort + Micro,2,dispq2,Mediaan (Q2),24,R021,19. Financiële onafhankelijkheidsgraad (%),_Z,1,35.63,37.13,-1.5,0.9596014004847832
2015,4,T,Volledig + Verkort + Micro,2,dispq2,Mediaan (Q2),25,R022,20. Aanschaffingen van materiële vaste activa / Toegevoegde waarde (%),_Z,1,16.15,14.48,1.6699999999999982,1.115331491712707
2015,4,T,Volledig + Verkort + Micro,2,dispq2,Mediaan (Q2),26,R023,21. Vernieuwingsgraad inzake materiële vaste activa (%),_Z,1,24.22,17.61,6.609999999999999,1.3753549119818285
2015,4,T,Volledig + Verkort + Micro,3,dispnb,Aantal ondernemingen,1,R001,1. Brutoverkoopmarge (%),_Z,1,6214.0,53028.0,-46814.0,0.11718337482084937
2015,4,T,Volledig + Verkort + Micro,3,dispnb,Aantal ondernemingen,2,R002,2. Nettoverkoopmarge (%),_Z,1,6213.0,53029.0,-46816.0,0.11716230741669652
2015,4,T,Volledig + Verkort + Micro,3,dispnb,Aantal ondernemingen,3,R003,3. Toegevoegde waarde / Bedrijfsopbrengsten (%),_Z,1,6535.0,56056.0,-49521.0,0.11657984872270587
2015,4,T,Volledig + Verkort + Micro,3,dispnb,Aantal ondernemingen,4,R004,4.Toegevoegde waarde per personeelslid (in EUR),EUR,1,20925.0,138099.0,-117174.0,0.15152173440792474
2015,4,T,Volledig + Verkort + Micro,3,dispnb,Aantal ondernemingen,5,R005,5. Toegevoegde waarde / Bruto materiële vaste activa (%),_Z,1,45589.0,362950.0,-317361.0,0.12560683289709326
2015,4,T,Volledig + Verkort + Micro,3,dispnb,Aantal ondernemingen,6,R006,6. Personeelskosten / Toegevoegde waarde (%),_Z,1,23719.0,153414.0,-129695.0,0.1546077932913554
2015,4,T,Volledig + Verkort + Micro,3,dispnb,Aantal ondernemingen,7,R007,"7. Afschrijvingen, waardeverminderingen en voorzieningen voor risico's en kosten / Toegevoegde waarde (%)",_Z,1,40667.0,317474.0,-276807.0,0.12809552908269653
2015,4,T,Volledig + Verkort + Micro,3,dispnb,Aantal ondernemingen,9,R008A,8. Financiële kosten / Toegevoegde waarde (%),_Z,1,42405.0,335313.0,-292908.0,0.12646393071548076
2015,4,T,Volledig + Verkort + Micro,3,dispnb,Aantal ondernemingen,10,R009,"9. Nettorendabiliteit van het eigen vermogen, na belasting (%)",_Z,1,42987.0,334903.0,-291916.0,0.12835656891696998
2015,4,T,Volledig + Verkort + Micro,3,dispnb,Aantal ondernemingen,11,R010,10. Cashflow / Eigen vermogen (%),_Z,1,42987.0,334900.0,-291913.0,0.12835771872200658
2015,4,T,Volledig + Verkort + Micro,3,dispnb,Aantal ondernemingen,13,R011A,"11. Brutorendabiliteit van het totaal der activa, vóór belasting en financiële kosten (%)",_Z,1,48793.0,394386.0,-345593.0,0.12371889468693108
2015,4,T,Volledig + Verkort + Micro,3,dispnb,Aantal ondernemingen,15,R012A,"12. Nettorendabiliteit van het totaal der activa, vóór belasting en financiële kosten (%)",_Z,1,48791.0,394383.0,-345592.0,0.12371476458163765
2015,4,T,Volledig + Verkort + Micro,3,dispnb,Aantal ondernemingen,16,R013,13. Liquiditeit in ruime zin,_Z,1,48523.0,390727.0,-342204.0,0.12418645243354055
2015,4,T,Volledig + Verkort + Micro,3,dispnb,Aantal ondernemingen,17,R014,14. Liquiditeit in enge zin,_Z,1,48450.0,389552.0,-341102.0,0.12437363946276749
2015,4,T,Volledig + Verkort + Micro,3,dispnb,Aantal ondernemingen,22,R019,17. Aantal dagen klantenkrediet,_Z,1,6214.0,53032.0,-46818.0,0.11717453612912958
2015,4,T,Volledig + Verkort + Micro,3,dispnb,Aantal ondernemingen,23,R020,18. Aantal dagen leverancierskrediet,_Z,1,6804.0,58893.0,-52089.0,0.1155315572309103
2015,4,T,Volledig + Verkort + Micro,3,dispnb,Aantal ondernemingen,24,R021,19. Financiële onafhankelijkheidsgraad (%),_Z,1,48853.0,394893.0,-346040.0,0.12371199286895437
2015,4,T,Volledig + Verkort + Micro,3,dispnb,Aantal ondernemingen,25,R022,20. Aanschaffingen van materiële vaste activa / Toegevoegde waarde (%),_Z,1,31589.0,229050.0,-197461.0,0.13791311940624318
2015,4,T,Volledig + Verkort + Micro,3,dispnb,Aantal ondernemingen,26,R023,21. Vernieuwingsgraad inzake materiële vaste activa (%),_Z,1,30669.0,224217.0,-193548.0,0.1367826703595178
2016,1,C,Volledig,1,dispg,Gewogen gemiddelde,1,R001,1. Brutoverkoopmarge (%),_Z,1,6.77,8.13,-1.3600000000000012,0.8327183271832717
2016,1,C,Volledig,1,dispg,Gewogen gemiddelde,2,R002,2. Nettoverkoopmarge (%),_Z,1,3.99,3.87,0.1200000000000001,1.0310077519379846
2016,1,C,Volledig,1,dispg,Gewogen gemiddelde,3,R003,3. Toegevoegde waarde / Bedrijfsopbrengsten (%),_Z,1,23.06,20.32,2.7399999999999984,1.1348425196850394
2016,1,C,Volledig,1,dispg,Gewogen gemiddelde,4,R004,4.Toegevoegde waarde per personeelslid (in EUR),EUR,1,80597.75,107173.54,-26575.789999999994,0.752030305241387
2016,1,C,Volledig,1,dispg,Gewogen gemiddelde,5,R005,5. Toegevoegde waarde / Bruto materiële vaste activa (%),_Z,1,55.48,33.84,21.639999999999993,1.639479905437352
2016,1,C,Volledig,1,dispg,Gewogen gemiddelde,6,R006,6. Personeelskosten / Toegevoegde waarde (%),_Z,1,72.58,58.52,14.059999999999995,1.2402597402597402
2016,1,C,Volledig,1,dispg,Gewogen gemiddelde,7,R007,"7. Afschrijvingen, waardeverminderingen en voorzieningen voor risico's en kosten / Toegevoegde waarde (%)",_Z,1,12.2,21.8,-9.600000000000001,0.5596330275229358
2016,1,C,Volledig,1,dispg,Gewogen gemiddelde,8,R008C,8. Kosten van de schulden / Toegevoegde waarde (%),_Z,1,6.0,11.78,-5.779999999999999,0.5093378607809848
2016,1,C,Volledig,1,dispg,Gewogen gemiddelde,10,R009,"9. Nettorendabiliteit van het eigen vermogen, na belasting (%)",_Z,1,6.85,4.77,2.08,1.4360587002096437
2016,1,C,Volledig,1,dispg,Gewogen gemiddelde,11,R010,10. Cashflow / Eigen vermogen (%),_Z,1,13.27,8.97,4.299999999999999,1.4793756967670009
2016,1,C,Volledig,1,dispg,Gewogen gemiddelde,12,R011C,"11. Brutorendabiliteit van het totaal der activa, vóór belasting en kosten van schulden (%)",_Z,1,6.67,5.54,1.13,1.203971119133574
2016,1,C,Volledig,1,dispg,Gewogen gemiddelde,14,R012C,"12. Nettorendabiliteit van het totaal der activa, vóór belasting en kosten van schulden (%)",_Z,1,4.32,3.51,0.8100000000000005,1.2307692307692308
2016,1,C,Volledig,1,dispg,Gewogen gemiddelde,16,R013,13. Liquiditeit in ruime zin,_Z,1,1.46,1.32,0.1399999999999999,1.106060606060606
2016,1,C,Volledig,1,dispg,Gewogen gemiddelde,17,R014,14. Liquiditeit in enge zin,_Z,1,1.1,1.2,-0.09999999999999987,0.9166666666666667
2016,1,C,Volledig,1,dispg,Gewogen gemiddelde,18,R015,"15.1 Rotatie van de voorraad handelsgoederen, grond- en hulpstoffen (voor alle sectoren uitgezonderd de bouwnijverheid)",_Z,1,,7.56,,
2016,1,C,Volledig,1,dispg,Gewogen gemiddelde,19,R016,"15.2 Rotatie van de voorraad handelsgoederen, grond- en hulpstoffen (enkel voor de sector van de bouwnijverheid)",_Z,1,39.39,8.42,30.97,4.678147268408551
2016,1,C,Volledig,1,dispg,Gewogen gemiddelde,20,R017,16.1 Rotatie van de voorraad goederen in bewerking en gereed product (voor alle sectoren uitgezonderd de bouwnijverheid),_Z,1,,33.78,,
2016,1,C,Volledig,1,dispg,Gewogen gemiddelde,21,R018,16.2 Rotatie van de voorraad goederen in bewerking en gereed product (enkel voor de sector van de bouwnijverheid),_Z,1,5.04,26.03,-20.990000000000002,0.193622742988859
2016,1,C,Volledig,1,dispg,Gewogen gemiddelde,22,R019,17. Aantal dagen klantenkrediet,_Z,1,87.49,59.68,27.809999999999995,1.465985254691689
2016,1,C,Volledig,1,dispg,Gewogen gemiddelde,23,R020,18. Aantal dagen leverancierskrediet,_Z,1,95.27,68.29,26.97999999999999,1.3950798067066918
2016,1,C,Volledig,1,dispg,Gewogen gemiddelde,24,R021,19. Financiële onafhankelijkheidsgraad (%),_Z,1,36.68,46.1,-9.420000000000002,0.7956616052060738
2016,1,C,Volledig,1,dispg,Gewogen gemiddelde,25,R022,20. Aanschaffingen van materiële vaste activa / Toegevoegde waarde (%),_Z,1,16.13,24.3,-8.170000000000002,0.6637860082304526
2016,1,C,Volledig,1,dispg,Gewogen gemiddelde,26,R023,21. Vernieuwingsgraad inzake materiële vaste activa (%),_Z,1,17.23,17.96,-0.7300000000000004,0.9593541202672605
2016,1,C,Volledig,2,dispq2,Mediaan (Q2),1,R001,1. Brutoverkoopmarge (%),_Z,1,5.66,6.52,-0.8599999999999994,0.8680981595092025
2016,1,C,Volledig,2,dispq2,Mediaan (Q2),2,R002,2. Nettoverkoopmarge (%),_Z,1,3.53,3.65,-0.1200000000000001,0.9671232876712329
2016,1,C,Volledig,2,dispq2,Mediaan (Q2),3,R003,3. Toegevoegde waarde / Bedrijfsopbrengsten (%),_Z,1,26.7,27.47,-0.7699999999999996,0.9719694211867492
2016,1,C,Volledig,2,dispq2,Mediaan (Q2),4,R004,4.Toegevoegde waarde per personeelslid (in EUR),EUR,1,68941.14,85265.02,-16323.880000000005,0.8085512675655269
2016,1,C,Volledig,2,dispq2,Mediaan (Q2),5,R005,5. Toegevoegde waarde / Bruto materiële vaste activa (%),_Z,1,84.98,62.02,22.96,1.3702031602708804
2016,1,C,Volledig,2,dispq2,Mediaan (Q2),6,R006,6. Personeelskosten / Toegevoegde waarde (%),_Z,1,78.2,69.66,8.540000000000006,1.1225954636807352
2016,1,C,Volledig,2,dispq2,Mediaan (Q2),7,R007,"7. Afschrijvingen, waardeverminderingen en voorzieningen voor risico's en kosten / Toegevoegde waarde (%)",_Z,1,7.17,10.09,-2.92,0.7106045589692765
2016,1,C,Volledig,2,dispq2,Mediaan (Q2),8,R008C,8. Kosten van de schulden / Toegevoegde waarde (%),_Z,1,1.45,2.23,-0.78,0.6502242152466368
2016,1,C,Volledig,2,dispq2,Mediaan (Q2),10,R009,"9. Nettorendabiliteit van het eigen vermogen, na belasting (%)",_Z,1,6.59,6.13,0.45999999999999996,1.0750407830342577
2016,1,C,Volledig,2,dispq2,Mediaan (Q2),11,R010,10. Cashflow / Eigen vermogen (%),_Z,1,16.29,14.44,1.8499999999999996,1.1281163434903048
2016,1,C,Volledig,2,dispq2,Mediaan (Q2),12,R011C,"11. Brutorendabiliteit van het totaal der activa, vóór belasting en kosten van schulden (%)",_Z,1,6.36,6.99,-0.6299999999999999,0.9098712446351932
2016,1,C,Volledig,2,dispq2,Mediaan (Q2),14,R012C,"12. Nettorendabiliteit van het totaal der activa, vóór belasting en kosten van schulden (%)",_Z,1,3.41,3.74,-0.33000000000000007,0.9117647058823529
2016,1,C,Volledig,2,dispq2,Mediaan (Q2),16,R013,13. Liquiditeit in ruime zin,_Z,1,1.36,1.33,0.030000000000000027,1.0225563909774436
2016,1,C,Volledig,2,dispq2,Mediaan (Q2),17,R014,14. Liquiditeit in enge zin,_Z,1,1.1,1.1,0.0,1.0
2016,1,C,Volledig,2,dispq2,Mediaan (Q2),18,R015,"15.1 Rotatie van de voorraad handelsgoederen, grond- en hulpstoffen (voor alle sectoren uitgezonderd de bouwnijverheid)",_Z,1,,7.18,,
2016,1,C,Volledig,2,dispq2,Mediaan (Q2),19,R016,"15.2 Rotatie van de voorraad handelsgoederen, grond- en hulpstoffen (enkel voor de sector van de bouwnijverheid)",_Z,1,35.52,35.52,0.0,1.0
2016,1,C,Volledig,2,dispq2,Mediaan (Q2),20,R017,16.1 Rotatie van de voorraad goederen in bewerking en gereed product (voor alle sectoren uitgezonderd de bouwnijverheid),_Z,1,,19.04,,
2016,1,C,Volledig,2,dispq2,Mediaan (Q2),21,R018,16.2 Rotatie van de voorraad goederen in bewerking en gereed product (enkel voor de sector van de bouwnijverheid),_Z,1,13.1,13.1,0.0,1.0
2016,1,C,Volledig,2,dispq2,Mediaan (Q2),22,R019,17. Aantal dagen klantenkrediet,_Z,1,66.92,47.38,19.54,1.4124102997045167
2016,1,C,Volledig,2,dispq2,Mediaan (Q2),23,R020,18. Aantal dagen leverancierskrediet,_Z,1,70.96,55.59,15.36999999999999,1.2764885770822088
2016,1,C,Volledig,2,dispq2,Mediaan (Q2),24,R021,19. Financiële onafhankelijkheidsgraad (%),_Z,1,30.85,38.85,-8.0,0.7940797940797941
2016,1,C,Volledig,2,dispq2,Mediaan (Q2),25,R022,20. Aanschaffingen van materiële vaste activa / Toegevoegde waarde (%),_Z,1,5.39,6.29,-0.9000000000000004,0.8569157392686804
2016,1,C,Volledig,2,dispq2,Mediaan (Q2),26,R023,21. Vernieuwingsgraad inzake materiële vaste activa (%),_Z,1,26.54,20.68,5.859999999999999,1.2833655705996132
2016,1,C,Volledig,3,dispnb,Aantal ondernemingen,1,R001,1. Brutoverkoopmarge (%),_Z,1,1485.0,20213.0,-18728.0,0.07346757037550092
2016,1,C,Volledig,3,dispnb,Aantal ondernemingen,2,R002,2. Nettoverkoopmarge (%),_Z,1,1484.0,20210.0,-18726.0,0.07342899554675902
2016,1,C,Volledig,3,dispnb,Aantal ondernemingen,3,R003,3. Toegevoegde waarde / Bedrijfsopbrengsten (%),_Z,1,1503.0,20255.0,-18752.0,0.07420390027153789
2016,1,C,Volledig,3,dispnb,Aantal ondernemingen,4,R004,4.Toegevoegde waarde per personeelslid (in EUR),EUR,1,1022.0,14540.0,-13518.0,0.0702888583218707
2016,1,C,Volledig,3,dispnb,Aantal ondernemingen,5,R005,5. Toegevoegde waarde / Bruto materiële vaste activa (%),_Z,1,1317.0,18402.0,-17085.0,0.07156830779263124
2016,1,C,Volledig,3,dispnb,Aantal ondernemingen,6,R006,6. Personeelskosten / Toegevoegde waarde (%),_Z,1,1052.0,14989.0,-13937.0,0.0701848021882714
2016,1,C,Volledig,3,dispnb,Aantal ondernemingen,7,R007,"7. Afschrijvingen, waardeverminderingen en voorzieningen voor risico's en kosten / Toegevoegde waarde (%)",_Z,1,1209.0,17087.0,-15878.0,0.0707555451512846
2016,1,C,Volledig,3,dispnb,Aantal ondernemingen,8,R008C,8. Kosten van de schulden / Toegevoegde waarde (%),_Z,1,1205.0,16080.0,-14875.0,0.07493781094527363
2016,1,C,Volledig,3,dispnb,Aantal ondernemingen,10,R009,"9. Nettorendabiliteit van het eigen vermogen, na belasting (%)",_Z,1,1477.0,20149.0,-18672.0,0.07330388604893544
2016,1,C,Volledig,3,dispnb,Aantal ondernemingen,11,R010,10. Cashflow / Eigen vermogen (%),_Z,1,1477.0,20149.0,-18672.0,0.07330388604893544
2016,1,C,Volledig,3,dispnb,Aantal ondernemingen,12,R011C,"11. Brutorendabiliteit van het totaal der activa, vóór belasting en kosten van schulden (%)",_Z,1,1597.0,21910.0,-20313.0,0.07288909173893199
2016,1,C,Volledig,3,dispnb,Aantal ondernemingen,14,R012C,"12. Nettorendabiliteit van het totaal der activa, vóór belasting en kosten van schulden (%)",_Z,1,1597.0,21910.0,-20313.0,0.07288909173893199
2016,1,C,Volledig,3,dispnb,Aantal ondernemingen,16,R013,13. Liquiditeit in ruime zin,_Z,1,1592.0,21762.0,-20170.0,0.07315504089697639
2016,1,C,Volledig,3,dispnb,Aantal ondernemingen,17,R014,14. Liquiditeit in enge zin,_Z,1,1590.0,21687.0,-20097.0,0.07331581131553465
2016,1,C,Volledig,3,dispnb,Aantal ondernemingen,18,R015,"15.1 Rotatie van de voorraad handelsgoederen, grond- en hulpstoffen (voor alle sectoren uitgezonderd de bouwnijverheid)",_Z,1,,7318.0,,
2016,1,C,Volledig,3,dispnb,Aantal ondernemingen,19,R016,"15.2 Rotatie van de voorraad handelsgoederen, grond- en hulpstoffen (enkel voor de sector van de bouwnijverheid)",_Z,1,738.0,738.0,0.0,1.0
2016,1,C,Volledig,3,dispnb,Aantal ondernemingen,20,R017,16.1 Rotatie van de voorraad goederen in bewerking en gereed product (voor alle sectoren uitgezonderd de bouwnijverheid),_Z,1,,2000.0,,
2016,1,C,Volledig,3,dispnb,Aantal ondernemingen,21,R018,16.2 Rotatie van de voorraad goederen in bewerking en gereed product (enkel voor de sector van de bouwnijverheid),_Z,1,658.0,658.0,0.0,1.0
2016,1,C,Volledig,3,dispnb,Aantal ondernemingen,22,R019,17. Aantal dagen klantenkrediet,_Z,1,1516.0,20353.0,-18837.0,0.0744853338574166
2016,1,C,Volledig,3,dispnb,Aantal ondernemingen,23,R020,18. Aantal dagen leverancierskrediet,_Z,1,1597.0,21803.0,-20206.0,0.07324680089895885
2016,1,C,Volledig,3,dispnb,Aantal ondernemingen,24,R021,19. Financiële onafhankelijkheidsgraad (%),_Z,1,1597.0,21896.0,-20299.0,0.07293569601753745
2016,1,C,Volledig,3,dispnb,Aantal ondernemingen,25,R022,20. Aanschaffingen van materiële vaste activa / Toegevoegde waarde (%),_Z,1,1002.0,13943.0,-12941.0,0.07186401778670301
2016,1,C,Volledig,3,dispnb,Aantal ondernemingen,26,R023,21. Vernieuwingsgraad inzake materiële vaste activa (%),_Z,1,1014.0,14100.0,-13086.0,0.07191489361702127
2016,2,A,Verkort,1,dispg,Gewogen gemiddelde,1,R001,1. Brutoverkoopmarge (%),_Z,1,8.67,10.6,-1.9299999999999997,0.8179245283018868
2016,2,A,Verkort,1,dispg,Gewogen gemiddelde,2,R002,2. Nettoverkoopmarge (%),_Z,1,4.29,5.09,-0.7999999999999998,0.8428290766208252
2016,2,A,Verkort,1,dispg,Gewogen gemiddelde,3,R003,3. Toegevoegde waarde / Bedrijfsopbrengsten (%),_Z,1,24.79,26.01,-1.2200000000000024,0.9530949634755862
2016,2,A,Verkort,1,dispg,Gewogen gemiddelde,4,R004,4.Toegevoegde waarde per personeelslid (in EUR),EUR,1,64483.1,69646.39,-5163.290000000001,0.9258642120575094
2016,2,A,Verkort,1,dispg,Gewogen gemiddelde,5,R005,5. Toegevoegde waarde / Bruto materiële vaste activa (%),_Z,1,41.24,29.32,11.920000000000002,1.4065484311050478
2016,2,A,Verkort,1,dispg,Gewogen gemiddelde,6,R006,6. Personeelskosten / Toegevoegde waarde (%),_Z,1,67.88,61.9,5.979999999999997,1.0966074313408722
2016,2,A,Verkort,1,dispg,Gewogen gemiddelde,7,R007,"7. Afschrijvingen, waardeverminderingen en voorzieningen voor risico's en kosten / Toegevoegde waarde (%)",_Z,1,16.51,20.75,-4.239999999999998,0.7956626506024097
2016,2,A,Verkort,1,dispg,Gewogen gemiddelde,9,R008A,8. Financiële kosten / Toegevoegde waarde (%),_Z,1,6.15,8.82,-2.67,0.6972789115646258
2016,2,A,Verkort,1,dispg,Gewogen gemiddelde,10,R009,"9. Nettorendabiliteit van het eigen vermogen, na belasting (%)",_Z,1,9.16,7.84,1.3200000000000003,1.1683673469387756
2016,2,A,Verkort,1,dispg,Gewogen gemiddelde,11,R010,10. Cashflow / Eigen vermogen (%),_Z,1,21.88,15.37,6.51,1.4235523747560181
2016,2,A,Verkort,1,dispg,Gewogen gemiddelde,13,R011A,"11. Brutorendabiliteit van het totaal der activa, vóór belasting en financiële kosten (%)",_Z,1,10.63,9.69,0.9400000000000013,1.0970072239422086
2016,2,A,Verkort,1,dispg,Gewogen gemiddelde,15,R012A,"12. Nettorendabiliteit van het totaal der activa, vóór belasting en financiële kosten (%)",_Z,1,6.31,6.29,0.019999999999999574,1.0031796502384738
2016,2,A,Verkort,1,dispg,Gewogen gemiddelde,16,R013,13. Liquiditeit in ruime zin,_Z,1,1.36,1.26,0.10000000000000009,1.0793650793650795
2016,2,A,Verkort,1,dispg,Gewogen gemiddelde,17,R014,14. Liquiditeit in enge zin,_Z,1,0.89,1.03,-0.14,0.8640776699029126
2016,2,A,Verkort,1,dispg,Gewogen gemiddelde,22,R019,17. Aantal dagen klantenkrediet,_Z,1,65.3,53.55,11.75,1.219421101774043
2016,2,A,Verkort,1,dispg,Gewogen gemiddelde,23,R020,18. Aantal dagen leverancierskrediet,_Z,1,67.2,66.07,1.1300000000000097,1.017103072498865
2016,2,A,Verkort,1,dispg,Gewogen gemiddelde,24,R021,19. Financiële onafhankelijkheidsgraad (%),_Z,1,33.6,45.11,-11.509999999999998,0.744845932165817
2016,2,A,Verkort,1,dispg,Gewogen gemiddelde,25,R022,20. Aanschaffingen van materiële vaste activa / Toegevoegde waarde (%),_Z,1,28.67,34.37,-5.699999999999996,0.8341576956648241
2016,2,A,Verkort,1,dispg,Gewogen gemiddelde,26,R023,21. Vernieuwingsgraad inzake materiële vaste activa (%),_Z,1,22.92,16.92,6.0,1.3546099290780143
2016,2,A,Verkort,2,dispq2,Mediaan (Q2),1,R001,1. Brutoverkoopmarge (%),_Z,1,7.86,9.81,-1.9500000000000002,0.8012232415902141
2016,2,A,Verkort,2,dispq2,Mediaan (Q2),2,R002,2. Nettoverkoopmarge (%),_Z,1,3.32,3.76,-0.43999999999999995,0.8829787234042553
2016,2,A,Verkort,2,dispq2,Mediaan (Q2),3,R003,3. Toegevoegde waarde / Bedrijfsopbrengsten (%),_Z,1,18.5,23.87,-5.370000000000001,0.7750314201927104
2016,2,A,Verkort,2,dispq2,Mediaan (Q2),4,R004,4.Toegevoegde waarde per personeelslid (in EUR),EUR,1,61894.13,67623.33,-5729.200000000004,0.915277759909191
2016,2,A,Verkort,2,dispq2,Mediaan (Q2),5,R005,5. Toegevoegde waarde / Bruto materiële vaste activa (%),_Z,1,43.46,30.76,12.7,1.4128738621586476
2016,2,A,Verkort,2,dispq2,Mediaan (Q2),6,R006,6. Personeelskosten / Toegevoegde waarde (%),_Z,1,64.74,58.34,6.3999999999999915,1.1097017483716145
2016,2,A,Verkort,2,dispq2,Mediaan (Q2),7,R007,"7. Afschrijvingen, waardeverminderingen en voorzieningen voor risico's en kosten / Toegevoegde waarde (%)",_Z,1,19.84,22.95,-3.1099999999999994,0.8644880174291939
2016,2,A,Verkort,2,dispq2,Mediaan (Q2),9,R008A,8. Financiële kosten / Toegevoegde waarde (%),_Z,1,3.76,4.58,-0.8200000000000003,0.8209606986899562
2016,2,A,Verkort,2,dispq2,Mediaan (Q2),10,R009,"9. Nettorendabiliteit van het eigen vermogen, na belasting (%)",_Z,1,8.9,8.68,0.22000000000000064,1.0253456221198158
2016,2,A,Verkort,2,dispq2,Mediaan (Q2),11,R010,10. Cashflow / Eigen vermogen (%),_Z,1,28.09,23.95,4.140000000000001,1.1728601252609603
2016,2,A,Verkort,2,dispq2,Mediaan (Q2),13,R011A,"11. Brutorendabiliteit van het totaal der activa, vóór belasting en financiële kosten (%)",_Z,1,12.65,11.5,1.1500000000000004,1.1
2016,2,A,Verkort,2,dispq2,Mediaan (Q2),15,R012A,"12. Nettorendabiliteit van het totaal der activa, vóór belasting en financiële kosten (%)",_Z,1,5.67,5.49,0.17999999999999972,1.0327868852459017
2016,2,A,Verkort,2,dispq2,Mediaan (Q2),16,R013,13. Liquiditeit in ruime zin,_Z,1,1.46,1.33,0.1299999999999999,1.0977443609022555
2016,2,A,Verkort,2,dispq2,Mediaan (Q2),17,R014,14. Liquiditeit in enge zin,_Z,1,1.23,1.1,0.1299999999999999,1.1181818181818182
2016,2,A,Verkort,2,dispq2,Mediaan (Q2),22,R019,17. Aantal dagen klantenkrediet,_Z,1,45.68,27.16,18.52,1.6818851251840943
2016,2,A,Verkort,2,dispq2,Mediaan (Q2),23,R020,18. Aantal dagen leverancierskrediet,_Z,1,37.67,28.0,9.670000000000002,1.345357142857143
2016,2,A,Verkort,2,dispq2,Mediaan (Q2),24,R021,19. Financiële onafhankelijkheidsgraad (%),_Z,1,34.24,36.3,-2.059999999999995,0.9432506887052343
2016,2,A,Verkort,2,dispq2,Mediaan (Q2),25,R022,20. Aanschaffingen van materiële vaste activa / Toegevoegde waarde (%),_Z,1,16.52,15.13,1.3899999999999988,1.0918704560475876
2016,2,A,Verkort,2,dispq2,Mediaan (Q2),26,R023,21. Vernieuwingsgraad inzake materiële vaste activa (%),_Z,1,25.41,17.86,7.550000000000001,1.4227323628219486
2016,2,A,Verkort,3,dispnb,Aantal ondernemingen,1,R001,1. Brutoverkoopmarge (%),_Z,1,3162.0,22204.0,-19042.0,0.14240677355431453
2016,2,A,Verkort,3,dispnb,Aantal ondernemingen,2,R002,2. Nettoverkoopmarge (%),_Z,1,3163.0,22205.0,-19042.0,0.14244539518126548
2016,2,A,Verkort,3,dispnb,Aantal ondernemingen,3,R003,3. Toegevoegde waarde / Bedrijfsopbrengsten (%),_Z,1,3306.0,23572.0,-20266.0,0.14025114542677752
2016,2,A,Verkort,3,dispnb,Aantal ondernemingen,4,R004,4.Toegevoegde waarde per personeelslid (in EUR),EUR,1,12770.0,84567.0,-71797.0,0.15100452895337424
2016,2,A,Verkort,3,dispnb,Aantal ondernemingen,5,R005,5. Toegevoegde waarde / Bruto materiële vaste activa (%),_Z,1,26631.0,214476.0,-187845.0,0.12416773904772561
2016,2,A,Verkort,3,dispnb,Aantal ondernemingen,6,R006,6. Personeelskosten / Toegevoegde waarde (%),_Z,1,14910.0,98191.0,-83281.0,0.15184691061298897
2016,2,A,Verkort,3,dispnb,Aantal ondernemingen,7,R007,"7. Afschrijvingen, waardeverminderingen en voorzieningen voor risico's en kosten / Toegevoegde waarde (%)",_Z,1,23950.0,188568.0,-164618.0,0.12700988502821264
2016,2,A,Verkort,3,dispnb,Aantal ondernemingen,9,R008A,8. Financiële kosten / Toegevoegde waarde (%),_Z,1,25107.0,200051.0,-174944.0,0.12550299673583237
2016,2,A,Verkort,3,dispnb,Aantal ondernemingen,10,R009,"9. Nettorendabiliteit van het eigen vermogen, na belasting (%)",_Z,1,25791.0,202537.0,-176746.0,0.12733969595678815
2016,2,A,Verkort,3,dispnb,Aantal ondernemingen,11,R010,10. Cashflow / Eigen vermogen (%),_Z,1,25792.0,202540.0,-176748.0,0.12734274711168164
2016,2,A,Verkort,3,dispnb,Aantal ondernemingen,13,R011A,"11. Brutorendabiliteit van het totaal der activa, vóór belasting en financiële kosten (%)",_Z,1,28889.0,235151.0,-206262.0,0.12285297532223975
2016,2,A,Verkort,3,dispnb,Aantal ondernemingen,15,R012A,"12. Nettorendabiliteit van het totaal der activa, vóór belasting en financiële kosten (%)",_Z,1,28888.0,235146.0,-206258.0,0.1228513349153292
2016,2,A,Verkort,3,dispnb,Aantal ondernemingen,16,R013,13. Liquiditeit in ruime zin,_Z,1,28720.0,232937.0,-204217.0,0.1232951398876091
2016,2,A,Verkort,3,dispnb,Aantal ondernemingen,17,R014,14. Liquiditeit in enge zin,_Z,1,28676.0,232251.0,-203575.0,0.12346986665288846
2016,2,A,Verkort,3,dispnb,Aantal ondernemingen,22,R019,17. Aantal dagen klantenkrediet,_Z,1,3162.0,22205.0,-19043.0,0.1424003602792164
2016,2,A,Verkort,3,dispnb,Aantal ondernemingen,23,R020,18. Aantal dagen leverancierskrediet,_Z,1,3399.0,24496.0,-21097.0,0.1387573481384716
2016,2,A,Verkort,3,dispnb,Aantal ondernemingen,24,R021,19. Financiële onafhankelijkheidsgraad (%),_Z,1,28919.0,235504.0,-206585.0,0.12279621577552823
2016,2,A,Verkort,3,dispnb,Aantal ondernemingen,25,R022,20. Aanschaffingen van materiële vaste activa / Toegevoegde waarde (%),_Z,1,18984.0,138133.0,-119149.0,0.13743276407520288
2016,2,A,Verkort,3,dispnb,Aantal ondernemingen,26,R023,21. Vernieuwingsgraad inzake materiële vaste activa (%),_Z,1,17818.0,130648.0,-112830.0,0.13638172800195947
2016,3,M,Micro,1,dispg,Gewogen gemiddelde,1,R001,1. Brutoverkoopmarge (%),_Z,1,9.35,13.27,-3.92,0.7045968349660889
2016,3,M,Micro,1,dispg,Gewogen gemiddelde,2,R002,2. Nettoverkoopmarge (%),_Z,1,4.21,6.71,-2.5,0.6274217585692996
2016,3,M,Micro,1,dispg,Gewogen gemiddelde,3,R003,3. Toegevoegde waarde / Bedrijfsopbrengsten (%),_Z,1,22.43,24.58,-2.1499999999999986,0.9125305126118797
2016,3,M,Micro,1,dispg,Gewogen gemiddelde,4,R004,4.Toegevoegde waarde per personeelslid (in EUR),EUR,1,54484.88,58954.36,-4469.480000000003,0.9241874561949277
2016,3,M,Micro,1,dispg,Gewogen gemiddelde,5,R005,5. Toegevoegde waarde / Bruto materiële vaste activa (%),_Z,1,29.8,21.0,8.8,1.4190476190476191
2016,3,M,Micro,1,dispg,Gewogen gemiddelde,6,R006,6. Personeelskosten / Toegevoegde waarde (%),_Z,1,63.7,56.69,7.010000000000005,1.123654965602399
2016,3,M,Micro,1,dispg,Gewogen gemiddelde,7,R007,"7. Afschrijvingen, waardeverminderingen en voorzieningen voor risico's en kosten / Toegevoegde waarde (%)",_Z,1,24.8,28.12,-3.3200000000000003,0.8819345661450925
2016,3,M,Micro,1,dispg,Gewogen gemiddelde,9,R008A,8. Financiële kosten / Toegevoegde waarde (%),_Z,1,6.95,9.0,-2.05,0.7722222222222223
2016,3,M,Micro,1,dispg,Gewogen gemiddelde,10,R009,"9. Nettorendabiliteit van het eigen vermogen, na belasting (%)",_Z,1,7.87,8.85,-0.9799999999999995,0.8892655367231639
2016,3,M,Micro,1,dispg,Gewogen gemiddelde,11,R010,10. Cashflow / Eigen vermogen (%),_Z,1,24.68,19.97,4.710000000000001,1.2358537806710066
2016,3,M,Micro,1,dispg,Gewogen gemiddelde,13,R011A,"11. Brutorendabiliteit van het totaal der activa, vóór belasting en financiële kosten (%)",_Z,1,12.47,12.17,0.3000000000000007,1.0246507806080527
2016,3,M,Micro,1,dispg,Gewogen gemiddelde,15,R012A,"12. Nettorendabiliteit van het totaal der activa, vóór belasting en financiële kosten (%)",_Z,1,6.45,7.46,-1.0099999999999998,0.8646112600536193
2016,3,M,Micro,1,dispg,Gewogen gemiddelde,16,R013,13. Liquiditeit in ruime zin,_Z,1,1.43,1.3,0.1299999999999999,1.0999999999999999
2016,3,M,Micro,1,dispg,Gewogen gemiddelde,17,R014,14. Liquiditeit in enge zin,_Z,1,1.07,1.11,-0.040000000000000036,0.9639639639639639
2016,3,M,Micro,1,dispg,Gewogen gemiddelde,22,R019,17. Aantal dagen klantenkrediet,_Z,1,62.09,48.69,13.400000000000006,1.2752105155062643
2016,3,M,Micro,1,dispg,Gewogen gemiddelde,23,R020,18. Aantal dagen leverancierskrediet,_Z,1,53.22,55.26,-2.039999999999999,0.9630836047774158
2016,3,M,Micro,1,dispg,Gewogen gemiddelde,24,R021,19. Financiële onafhankelijkheidsgraad (%),_Z,1,35.92,42.41,-6.489999999999995,0.8469700542324925
2016,3,M,Micro,1,dispg,Gewogen gemiddelde,25,R022,20. Aanschaffingen van materiële vaste activa / Toegevoegde waarde (%),_Z,1,34.6,41.33,-6.729999999999997,0.8371642874425358
2016,3,M,Micro,1,dispg,Gewogen gemiddelde,26,R023,21. Vernieuwingsgraad inzake materiële vaste activa (%),_Z,1,23.5,16.23,7.27,1.447935921133703
2016,3,M,Micro,2,dispq2,Mediaan (Q2),1,R001,1. Brutoverkoopmarge (%),_Z,1,9.01,11.04,-2.0299999999999994,0.8161231884057971
2016,3,M,Micro,2,dispq2,Mediaan (Q2),2,R002,2. Nettoverkoopmarge (%),_Z,1,3.66,4.05,-0.3899999999999997,0.9037037037037038
2016,3,M,Micro,2,dispq2,Mediaan (Q2),3,R003,3. Toegevoegde waarde / Bedrijfsopbrengsten (%),_Z,1,17.92,22.41,-4.489999999999998,0.7996430165104864
2016,3,M,Micro,2,dispq2,Mediaan (Q2),4,R004,4.Toegevoegde waarde per personeelslid (in EUR),EUR,1,56490.91,58634.82,-2143.909999999996,0.963436231235979
2016,3,M,Micro,2,dispq2,Mediaan (Q2),5,R005,5. Toegevoegde waarde / Bruto materiële vaste activa (%),_Z,1,31.2,24.88,6.32,1.2540192926045017
2016,3,M,Micro,2,dispq2,Mediaan (Q2),6,R006,6. Personeelskosten / Toegevoegde waarde (%),_Z,1,59.2,53.03,6.170000000000002,1.1163492362813503
2016,3,M,Micro,2,dispq2,Mediaan (Q2),7,R007,"7. Afschrijvingen, waardeverminderingen en voorzieningen voor risico's en kosten / Toegevoegde waarde (%)",_Z,1,27.08,28.27,-1.1900000000000013,0.9579059073222497
2016,3,M,Micro,2,dispq2,Mediaan (Q2),9,R008A,8. Financiële kosten / Toegevoegde waarde (%),_Z,1,4.31,4.46,-0.15000000000000036,0.9663677130044842
2016,3,M,Micro,2,dispq2,Mediaan (Q2),10,R009,"9. Nettorendabiliteit van het eigen vermogen, na belasting (%)",_Z,1,8.17,9.2,-1.0299999999999994,0.8880434782608696
2016,3,M,Micro,2,dispq2,Mediaan (Q2),11,R010,10. Cashflow / Eigen vermogen (%),_Z,1,27.53,24.84,2.6900000000000013,1.10829307568438
2016,3,M,Micro,2,dispq2,Mediaan (Q2),13,R011A,"11. Brutorendabiliteit van het totaal der activa, vóór belasting en financiële kosten (%)",_Z,1,14.11,13.49,0.6199999999999992,1.0459599703484062
2016,3,M,Micro,2,dispq2,Mediaan (Q2),15,R012A,"12. Nettorendabiliteit van het totaal der activa, vóór belasting en financiële kosten (%)",_Z,1,5.86,6.11,-0.25,0.9590834697217676
2016,3,M,Micro,2,dispq2,Mediaan (Q2),16,R013,13. Liquiditeit in ruime zin,_Z,1,1.56,1.44,0.1200000000000001,1.0833333333333335
2016,3,M,Micro,2,dispq2,Mediaan (Q2),17,R014,14. Liquiditeit in enge zin,_Z,1,1.35,1.24,0.1100000000000001,1.088709677419355
2016,3,M,Micro,2,dispq2,Mediaan (Q2),22,R019,17. Aantal dagen klantenkrediet,_Z,1,43.16,21.9,21.259999999999998,1.9707762557077626
2016,3,M,Micro,2,dispq2,Mediaan (Q2),23,R020,18. Aantal dagen leverancierskrediet,_Z,1,29.27,21.06,8.21,1.3898385565052231
2016,3,M,Micro,2,dispq2,Mediaan (Q2),24,R021,19. Financiële onafhankelijkheidsgraad (%),_Z,1,39.08,40.59,-1.5100000000000051,0.9627987188962798
2016,3,M,Micro,2,dispq2,Mediaan (Q2),25,R022,20. Aanschaffingen van materiële vaste activa / Toegevoegde waarde (%),_Z,1,20.35,18.35,2.0,1.108991825613079
2016,3,M,Micro,2,dispq2,Mediaan (Q2),26,R023,21. Vernieuwingsgraad inzake materiële vaste activa (%),_Z,1,29.54,20.07,9.469999999999999,1.4718485301444941
2016,3,M,Micro,3,dispnb,Aantal ondernemingen,1,R001,1. Brutoverkoopmarge (%),_Z,1,1466.0,9670.0,-8204.0,0.1516028955532575
2016,3,M,Micro,3,dispnb,Aantal ondernemingen,2,R002,2. Nettoverkoopmarge (%),_Z,1,1466.0,9670.0,-8204.0,0.1516028955532575
2016,3,M,Micro,3,dispnb,Aantal ondernemingen,3,R003,3. Toegevoegde waarde / Bedrijfsopbrengsten (%),_Z,1,1571.0,10378.0,-8807.0,0.15137791481981114
2016,3,M,Micro,3,dispnb,Aantal ondernemingen,4,R004,4.Toegevoegde waarde per personeelslid (in EUR),EUR,1,7013.0,38356.0,-31343.0,0.182839712170195
2016,3,M,Micro,3,dispnb,Aantal ondernemingen,5,R005,5. Toegevoegde waarde / Bruto materiële vaste activa (%),_Z,1,19425.0,143985.0,-124560.0,0.13490988644650484
2016,3,M,Micro,3,dispnb,Aantal ondernemingen,6,R006,6. Personeelskosten / Toegevoegde waarde (%),_Z,1,8787.0,47455.0,-38668.0,0.1851648930565799
2016,3,M,Micro,3,dispnb,Aantal ondernemingen,7,R007,"7. Afschrijvingen, waardeverminderingen en voorzieningen voor risico's en kosten / Toegevoegde waarde (%)",_Z,1,16915.0,122645.0,-105730.0,0.13791838232296466
2016,3,M,Micro,3,dispnb,Aantal ondernemingen,9,R008A,8. Financiële kosten / Toegevoegde waarde (%),_Z,1,17591.0,129081.0,-111490.0,0.1362787706943702
2016,3,M,Micro,3,dispnb,Aantal ondernemingen,10,R009,"9. Nettorendabiliteit van het eigen vermogen, na belasting (%)",_Z,1,17708.0,127516.0,-109808.0,0.13886884783086045
2016,3,M,Micro,3,dispnb,Aantal ondernemingen,11,R010,10. Cashflow / Eigen vermogen (%),_Z,1,17708.0,127515.0,-109807.0,0.13886993687017213
2016,3,M,Micro,3,dispnb,Aantal ondernemingen,13,R011A,"11. Brutorendabiliteit van het totaal der activa, vóór belasting en financiële kosten (%)",_Z,1,20421.0,154129.0,-133708.0,0.13249291178168937
2016,3,M,Micro,3,dispnb,Aantal ondernemingen,15,R012A,"12. Nettorendabiliteit van het totaal der activa, vóór belasting en financiële kosten (%)",_Z,1,20421.0,154128.0,-133707.0,0.13249377141077545
2016,3,M,Micro,3,dispnb,Aantal ondernemingen,16,R013,13. Liquiditeit in ruime zin,_Z,1,20315.0,152669.0,-132354.0,0.13306565183501562
2016,3,M,Micro,3,dispnb,Aantal ondernemingen,17,R014,14. Liquiditeit in enge zin,_Z,1,20293.0,152213.0,-131920.0,0.13331975586842124
2016,3,M,Micro,3,dispnb,Aantal ondernemingen,22,R019,17. Aantal dagen klantenkrediet,_Z,1,1466.0,9671.0,-8205.0,0.1515872195222831
2016,3,M,Micro,3,dispnb,Aantal ondernemingen,23,R020,18. Aantal dagen leverancierskrediet,_Z,1,1623.0,10763.0,-9140.0,0.1507943881817337
2016,3,M,Micro,3,dispnb,Aantal ondernemingen,24,R021,19. Financiële onafhankelijkheidsgraad (%),_Z,1,20456.0,154444.0,-133988.0,0.1324493020123799
2016,3,M,Micro,3,dispnb,Aantal ondernemingen,25,R022,20. Aanschaffingen van materiële vaste activa / Toegevoegde waarde (%),_Z,1,12551.0,83387.0,-70836.0,0.15051506829601735
2016,3,M,Micro,3,dispnb,Aantal ondernemingen,26,R023,21. Vernieuwingsgraad inzake materiële vaste activa (%),_Z,1,12611.0,83561.0,-70950.0,0.15091968741398498
2016,4,T,Volledig + Verkort + Micro,1,dispg,Gewogen gemiddelde,1,R001,1. Brutoverkoopmarge (%),_Z,1,7.07,8.55,-1.4800000000000004,0.8269005847953216
2016,4,T,Volledig + Verkort + Micro,1,dispg,Gewogen gemiddelde,2,R002,2. Nettoverkoopmarge (%),_Z,1,4.05,3.86,0.18999999999999995,1.049222797927461
2016,4,T,Volledig + Verkort + Micro,1,dispg,Gewogen gemiddelde,3,R003,3. Toegevoegde waarde / Bedrijfsopbrengsten (%),_Z,1,23.24,20.7,2.539999999999999,1.122705314009662
2016,4,T,Volledig + Verkort + Micro,1,dispg,Gewogen gemiddelde,4,R004,4.Toegevoegde waarde per personeelslid (in EUR),EUR,1,70693.26,96345.12,-25651.86,0.7337502926977516
2016,4,T,Volledig + Verkort + Micro,1,dispg,Gewogen gemiddelde,5,R005,5. Toegevoegde waarde / Bruto materiële vaste activa (%),_Z,1,45.2,32.26,12.940000000000005,1.4011159330440175
2016,4,T,Volledig + Verkort + Micro,1,dispg,Gewogen gemiddelde,6,R006,6. Personeelskosten / Toegevoegde waarde (%),_Z,1,69.7,58.38,11.32,1.1939020212401508
2016,4,T,Volledig + Verkort + Micro,1,dispg,Gewogen gemiddelde,7,R007,"7. Afschrijvingen, waardeverminderingen en voorzieningen voor risico's en kosten / Toegevoegde waarde (%)",_Z,1,15.2,21.64,-6.440000000000001,0.7024029574861367
2016,4,T,Volledig + Verkort + Micro,1,dispg,Gewogen gemiddelde,9,R008A,8. Financiële kosten / Toegevoegde waarde (%),_Z,1,8.37,23.76,-15.390000000000002,0.35227272727272724
2016,4,T,Volledig + Verkort + Micro,1,dispg,Gewogen gemiddelde,10,R009,"9. Nettorendabiliteit van het eigen vermogen, na belasting (%)",_Z,1,7.7,5.22,2.4800000000000004,1.475095785440613
2016,4,T,Volledig + Verkort + Micro,1,dispg,Gewogen gemiddelde,11,R010,10. Cashflow / Eigen vermogen (%),_Z,1,16.9,9.66,7.239999999999998,1.7494824016563146
2016,4,T,Volledig + Verkort + Micro,1,dispg,Gewogen gemiddelde,13,R011A,"11. Brutorendabiliteit van het totaal der activa, vóór belasting en financiële kosten (%)",_Z,1,8.93,7.06,1.87,1.2648725212464589
2016,4,T,Volledig + Verkort + Micro,1,dispg,Gewogen gemiddelde,15,R012A,"12. Nettorendabiliteit van het totaal der activa, vóór belasting en financiële kosten (%)",_Z,1,5.65,4.94,0.71,1.1437246963562753
2016,4,T,Volledig + Verkort + Micro,1,dispg,Gewogen gemiddelde,16,R013,13. Liquiditeit in ruime zin,_Z,1,1.42,1.31,0.10999999999999988,1.0839694656488548
2016,4,T,Volledig + Verkort + Micro,1,dispg,Gewogen gemiddelde,17,R014,14. Liquiditeit in enge zin,_Z,1,1.02,1.18,-0.15999999999999992,0.864406779661017
2016,4,T,Volledig + Verkort + Micro,1,dispg,Gewogen gemiddelde,22,R019,17. Aantal dagen klantenkrediet,_Z,1,96.62,67.67,28.950000000000003,1.427811437860204
2016,4,T,Volledig + Verkort + Micro,1,dispg,Gewogen gemiddelde,23,R020,18. Aantal dagen leverancierskrediet,_Z,1,104.97,79.75,25.22,1.3162382445141065
2016,4,T,Volledig + Verkort + Micro,1,dispg,Gewogen gemiddelde,24,R021,19. Financiële onafhankelijkheidsgraad (%),_Z,1,35.51,45.91,-10.399999999999999,0.7734698322805489
2016,4,T,Volledig + Verkort + Micro,1,dispg,Gewogen gemiddelde,25,R022,20. Aanschaffingen van materiële vaste activa / Toegevoegde waarde (%),_Z,1,23.33,26.98,-3.650000000000002,0.8647146034099332
2016,4,T,Volledig + Verkort + Micro,1,dispg,Gewogen gemiddelde,26,R023,21. Vernieuwingsgraad inzake materiële vaste activa (%),_Z,1,20.78,17.55,3.2300000000000004,1.1840455840455841
2016,4,T,Volledig + Verkort + Micro,2,dispq2,Mediaan (Q2),1,R001,1. Brutoverkoopmarge (%),_Z,1,7.69,8.74,-1.0499999999999998,0.879862700228833
2016,4,T,Volledig + Verkort + Micro,2,dispq2,Mediaan (Q2),2,R002,2. Nettoverkoopmarge (%),_Z,1,3.49,3.82,-0.3299999999999996,0.9136125654450262
2016,4,T,Volledig + Verkort + Micro,2,dispq2,Mediaan (Q2),3,R003,3. Toegevoegde waarde / Bedrijfsopbrengsten (%),_Z,1,20.56,24.98,-4.420000000000002,0.8230584467574059
2016,4,T,Volledig + Verkort + Micro,2,dispq2,Mediaan (Q2),4,R004,4.Toegevoegde waarde per personeelslid (in EUR),EUR,1,60610.14,67336.82,-6726.680000000008,0.9001039847144547
2016,4,T,Volledig + Verkort + Micro,2,dispq2,Mediaan (Q2),5,R005,5. Toegevoegde waarde / Bruto materiële vaste activa (%),_Z,1,38.54,29.38,9.16,1.311776718856365
2016,4,T,Volledig + Verkort + Micro,2,dispq2,Mediaan (Q2),6,R006,6. Personeelskosten / Toegevoegde waarde (%),_Z,1,63.58,58.18,5.399999999999999,1.092815400481265
2016,4,T,Volledig + Verkort + Micro,2,dispq2,Mediaan (Q2),7,R007,"7. Afschrijvingen, waardeverminderingen en voorzieningen voor risico's en kosten / Toegevoegde waarde (%)",_Z,1,22.11,23.94,-1.8300000000000018,0.9235588972431077
2016,4,T,Volledig + Verkort + Micro,2,dispq2,Mediaan (Q2),9,R008A,8. Financiële kosten / Toegevoegde waarde (%),_Z,1,3.92,4.48,-0.5600000000000005,0.8749999999999999
2016,4,T,Volledig + Verkort + Micro,2,dispq2,Mediaan (Q2),10,R009,"9. Nettorendabiliteit van het eigen vermogen, na belasting (%)",_Z,1,8.54,8.65,-0.11000000000000121,0.9872832369942195
2016,4,T,Volledig + Verkort + Micro,2,dispq2,Mediaan (Q2),11,R010,10. Cashflow / Eigen vermogen (%),_Z,1,27.41,23.59,3.8200000000000003,1.1619330224671471
2016,4,T,Volledig + Verkort + Micro,2,dispq2,Mediaan (Q2),13,R011A,"11. Brutorendabiliteit van het totaal der activa, vóór belasting en financiële kosten (%)",_Z,1,12.94,11.86,1.08,1.09106239460371
2016,4,T,Volledig + Verkort + Micro,2,dispq2,Mediaan (Q2),15,R012A,"12. Nettorendabiliteit van het totaal der activa, vóór belasting en financiële kosten (%)",_Z,1,5.65,5.6,0.05000000000000071,1.0089285714285716
2016,4,T,Volledig + Verkort + Micro,2,dispq2,Mediaan (Q2),16,R013,13. Liquiditeit in ruime zin,_Z,1,1.49,1.37,0.11999999999999988,1.0875912408759123
2016,4,T,Volledig + Verkort + Micro,2,dispq2,Mediaan (Q2),17,R014,14. Liquiditeit in enge zin,_Z,1,1.27,1.15,0.1200000000000001,1.1043478260869566
2016,4,T,Volledig + Verkort + Micro,2,dispq2,Mediaan (Q2),22,R019,17. Aantal dagen klantenkrediet,_Z,1,51.57,38.84,12.729999999999997,1.3277548918640576
2016,4,T,Volledig + Verkort + Micro,2,dispq2,Mediaan (Q2),23,R020,18. Aantal dagen leverancierskrediet,_Z,1,45.08,40.59,4.489999999999995,1.1106183789110617
2016,4,T,Volledig + Verkort + Micro,2,dispq2,Mediaan (Q2),24,R021,19. Financiële onafhankelijkheidsgraad (%),_Z,1,35.89,37.92,-2.030000000000001,0.9464662447257384
2016,4,T,Volledig + Verkort + Micro,2,dispq2,Mediaan (Q2),25,R022,20. Aanschaffingen van materiële vaste activa / Toegevoegde waarde (%),_Z,1,17.24,15.33,1.9099999999999984,1.1245923026744944
2016,4,T,Volledig + Verkort + Micro,2,dispq2,Mediaan (Q2),26,R023,21. Vernieuwingsgraad inzake materiële vaste activa (%),_Z,1,26.95,18.83,8.120000000000001,1.4312267657992566
2016,4,T,Volledig + Verkort + Micro,3,dispnb,Aantal ondernemingen,1,R001,1. Brutoverkoopmarge (%),_Z,1,6046.0,50887.0,-44841.0,0.11881227032444436
2016,4,T,Volledig + Verkort + Micro,3,dispnb,Aantal ondernemingen,2,R002,2. Nettoverkoopmarge (%),_Z,1,6045.0,50885.0,-44840.0,0.11879728800235825
2016,4,T,Volledig + Verkort + Micro,3,dispnb,Aantal ondernemingen,3,R003,3. Toegevoegde waarde / Bedrijfsopbrengsten (%),_Z,1,6381.0,54204.0,-47823.0,0.11772193934027009
2016,4,T,Volledig + Verkort + Micro,3,dispnb,Aantal ondernemingen,4,R004,4.Toegevoegde waarde per personeelslid (in EUR),EUR,1,20613.0,135976.0,-115363.0,0.1515929281637936
2016,4,T,Volledig + Verkort + Micro,3,dispnb,Aantal ondernemingen,5,R005,5. Toegevoegde waarde / Bruto materiële vaste activa (%),_Z,1,47374.0,376863.0,-329489.0,0.12570615847138084
2016,4,T,Volledig + Verkort + Micro,3,dispnb,Aantal ondernemingen,6,R006,6. Personeelskosten / Toegevoegde waarde (%),_Z,1,24752.0,160695.0,-135943.0,0.15403092815582314
2016,4,T,Volledig + Verkort + Micro,3,dispnb,Aantal ondernemingen,7,R007,"7. Afschrijvingen, waardeverminderingen en voorzieningen voor risico's en kosten / Toegevoegde waarde (%)",_Z,1,42077.0,328369.0,-286292.0,0.12813937978310985
2016,4,T,Volledig + Verkort + Micro,3,dispnb,Aantal ondernemingen,9,R008A,8. Financiële kosten / Toegevoegde waarde (%),_Z,1,44057.0,347762.0,-303705.0,0.1266872171197543
2016,4,T,Volledig + Verkort + Micro,3,dispnb,Aantal ondernemingen,10,R009,"9. Nettorendabiliteit van het eigen vermogen, na belasting (%)",_Z,1,44976.0,350202.0,-305226.0,0.12842873541556016
2016,4,T,Volledig + Verkort + Micro,3,dispnb,Aantal ondernemingen,11,R010,10. Cashflow / Eigen vermogen (%),_Z,1,44977.0,350204.0,-305227.0,0.12843085744309032
2016,4,T,Volledig + Verkort + Micro,3,dispnb,Aantal ondernemingen,13,R011A,"11. Brutorendabiliteit van het totaal der activa, vóór belasting en financiële kosten (%)",_Z,1,50908.0,411191.0,-360283.0,0.12380621171183222
2016,4,T,Volledig + Verkort + Micro,3,dispnb,Aantal ondernemingen,15,R012A,"12. Nettorendabiliteit van het totaal der activa, vóór belasting en financiële kosten (%)",_Z,1,50907.0,411185.0,-360278.0,0.12380558629327432
2016,4,T,Volledig + Verkort + Micro,3,dispnb,Aantal ondernemingen,16,R013,13. Liquiditeit in ruime zin,_Z,1,50628.0,407369.0,-356741.0,0.12428044352908542
2016,4,T,Volledig + Verkort + Micro,3,dispnb,Aantal ondernemingen,17,R014,14. Liquiditeit in enge zin,_Z,1,50560.0,406152.0,-355592.0,0.12448541432764089
2016,4,T,Volledig + Verkort + Micro,3,dispnb,Aantal ondernemingen,22,R019,17. Aantal dagen klantenkrediet,_Z,1,6043.0,50888.0,-44845.0,0.11875098254991354
2016,4,T,Volledig + Verkort + Micro,3,dispnb,Aantal ondernemingen,23,R020,18. Aantal dagen leverancierskrediet,_Z,1,6618.0,57046.0,-50428.0,0.11601163972934124
2016,4,T,Volledig + Verkort + Micro,3,dispnb,Aantal ondernemingen,24,R021,19. Financiële onafhankelijkheidsgraad (%),_Z,1,50973.0,411845.0,-360872.0,0.12376743677839964
2016,4,T,Volledig + Verkort + Micro,3,dispnb,Aantal ondernemingen,25,R022,20. Aanschaffingen van materiële vaste activa / Toegevoegde waarde (%),_Z,1,32541.0,235521.0,-202980.0,0.13816602341192505
2016,4,T,Volledig + Verkort + Micro,3,dispnb,Aantal ondernemingen,26,R023,21. Vernieuwingsgraad inzake materiële vaste activa (%),_Z,1,31444.0,228310.0,-196866.0,0.1377250229950506
2017,1,C,Volledig,1,dispg,Gewogen gemiddelde,1,R001,1. Brutoverkoopmarge (%),_Z,1,6.45,7.88,-1.4299999999999997,0.8185279187817259
2017,1,C,Volledig,1,dispg,Gewogen gemiddelde,2,R002,2. Nettoverkoopmarge (%),_Z,1,4.0,3.88,0.1200000000000001,1.0309278350515465
2017,1,C,Volledig,1,dispg,Gewogen gemiddelde,3,R003,3. Toegevoegde waarde / Bedrijfsopbrengsten (%),_Z,1,22.83,19.75,3.0799999999999983,1.1559493670886074
2017,1,C,Volledig,1,dispg,Gewogen gemiddelde,4,R004,4.Toegevoegde waarde per personeelslid (in EUR),EUR,1,80360.24,109559.48,-29199.23999999999,0.7334850439231732
2017,1,C,Volledig,1,dispg,Gewogen gemiddelde,5,R005,5. Toegevoegde waarde / Bruto materiële vaste activa (%),_Z,1,37.46,33.38,4.079999999999998,1.122228879568604
2017,1,C,Volledig,1,dispg,Gewogen gemiddelde,6,R006,6. Personeelskosten / Toegevoegde waarde (%),_Z,1,72.54,58.4,14.140000000000008,1.242123287671233
2017,1,C,Volledig,1,dispg,Gewogen gemiddelde,7,R007,"7. Afschrijvingen, waardeverminderingen en voorzieningen voor risico's en kosten / Toegevoegde waarde (%)",_Z,1,11.19,21.24,-10.049999999999999,0.5268361581920904
2017,1,C,Volledig,1,dispg,Gewogen gemiddelde,8,R008C,8. Kosten van de schulden / Toegevoegde waarde (%),_Z,1,5.71,11.13,-5.420000000000001,0.5130278526504941
2017,1,C,Volledig,1,dispg,Gewogen gemiddelde,10,R009,"9. Nettorendabiliteit van het eigen vermogen, na belasting (%)",_Z,1,6.46,4.23,2.2299999999999995,1.5271867612293142
2017,1,C,Volledig,1,dispg,Gewogen gemiddelde,11,R010,10. Cashflow / Eigen vermogen (%),_Z,1,12.21,8.18,4.030000000000001,1.4926650366748169
2017,1,C,Volledig,1,dispg,Gewogen gemiddelde,12,R011C,"11. Brutorendabiliteit van het totaal der activa, vóór belasting en kosten van schulden (%)",_Z,1,6.38,5.08,1.2999999999999998,1.2559055118110236
2017,1,C,Volledig,1,dispg,Gewogen gemiddelde,14,R012C,"12. Nettorendabiliteit van het totaal der activa, vóór belasting en kosten van schulden (%)",_Z,1,4.2,3.25,0.9500000000000002,1.2923076923076924
2017,1,C,Volledig,1,dispg,Gewogen gemiddelde,16,R013,13. Liquiditeit in ruime zin,_Z,1,1.42,1.34,0.07999999999999985,1.0597014925373134
2017,1,C,Volledig,1,dispg,Gewogen gemiddelde,17,R014,14. Liquiditeit in enge zin,_Z,1,1.1,1.21,-0.10999999999999988,0.9090909090909092
2017,1,C,Volledig,1,dispg,Gewogen gemiddelde,18,R015,"15.1 Rotatie van de voorraad handelsgoederen, grond- en hulpstoffen (voor alle sectoren uitgezonderd de bouwnijverheid)",_Z,1,,8.3,,
2017,1,C,Volledig,1,dispg,Gewogen gemiddelde,19,R016,"15.2 Rotatie van de voorraad handelsgoederen, grond- en hulpstoffen (enkel voor de sector van de bouwnijverheid)",_Z,1,36.26,9.23,27.029999999999998,3.9284940411700973
2017,1,C,Volledig,1,dispg,Gewogen gemiddelde,20,R017,16.1 Rotatie van de voorraad goederen in bewerking en gereed product (voor alle sectoren uitgezonderd de bouwnijverheid),_Z,1,,35.9,,
2017,1,C,Volledig,1,dispg,Gewogen gemiddelde,21,R018,16.2 Rotatie van de voorraad goederen in bewerking en gereed product (enkel voor de sector van de bouwnijverheid),_Z,1,6.29,27.8,-21.51,0.2262589928057554
2017,1,C,Volledig,1,dispg,Gewogen gemiddelde,22,R019,17. Aantal dagen klantenkrediet,_Z,1,86.8,58.44,28.36,1.485284052019165
2017,1,C,Volledig,1,dispg,Gewogen gemiddelde,23,R020,18. Aantal dagen leverancierskrediet,_Z,1,90.37,66.17,24.200000000000003,1.3657246486323107
2017,1,C,Volledig,1,dispg,Gewogen gemiddelde,24,R021,19. Financiële onafhankelijkheidsgraad (%),_Z,1,37.91,46.64,-8.730000000000004,0.8128216123499141
2017,1,C,Volledig,1,dispg,Gewogen gemiddelde,25,R022,20. Aanschaffingen van materiële vaste activa / Toegevoegde waarde (%),_Z,1,16.5,23.54,-7.039999999999999,0.7009345794392524
2017,1,C,Volledig,1,dispg,Gewogen gemiddelde,26,R023,21. Vernieuwingsgraad inzake materiële vaste activa (%),_Z,1,20.18,17.96,2.219999999999999,1.123608017817372
2017,1,C,Volledig,2,dispq2,Mediaan (Q2),1,R001,1. Brutoverkoopmarge (%),_Z,1,5.64,6.41,-0.7700000000000005,0.8798751950078002
2017,1,C,Volledig,2,dispq2,Mediaan (Q2),2,R002,2. Nettoverkoopmarge (%),_Z,1,3.3,3.54,-0.2400000000000002,0.9322033898305084
2017,1,C,Volledig,2,dispq2,Mediaan (Q2),3,R003,3. Toegevoegde waarde / Bedrijfsopbrengsten (%),_Z,1,25.87,26.88,-1.009999999999998,0.9624255952380953
2017,1,C,Volledig,2,dispq2,Mediaan (Q2),4,R004,4.Toegevoegde waarde per personeelslid (in EUR),EUR,1,69759.19,87289.58,-17530.39,0.7991697290787744
2017,1,C,Volledig,2,dispq2,Mediaan (Q2),5,R005,5. Toegevoegde waarde / Bruto materiële vaste activa (%),_Z,1,87.78,61.62,26.160000000000004,1.4245374878286272
2017,1,C,Volledig,2,dispq2,Mediaan (Q2),6,R006,6. Personeelskosten / Toegevoegde waarde (%),_Z,1,77.89,69.45,8.439999999999998,1.1215262778977682
2017,1,C,Volledig,2,dispq2,Mediaan (Q2),7,R007,"7. Afschrijvingen, waardeverminderingen en voorzieningen voor risico's en kosten / Toegevoegde waarde (%)",_Z,1,7.01,10.21,-3.200000000000001,0.6865817825661116
2017,1,C,Volledig,2,dispq2,Mediaan (Q2),8,R008C,8. Kosten van de schulden / Toegevoegde waarde (%),_Z,1,1.34,2.12,-0.78,0.6320754716981132
2017,1,C,Volledig,2,dispq2,Mediaan (Q2),10,R009,"9. Nettorendabiliteit van het eigen vermogen, na belasting (%)",_Z,1,6.95,6.12,0.8300000000000001,1.1356209150326797
2017,1,C,Volledig,2,dispq2,Mediaan (Q2),11,R010,10. Cashflow / Eigen vermogen (%),_Z,1,16.77,14.19,2.58,1.1818181818181819
2017,1,C,Volledig,2,dispq2,Mediaan (Q2),12,R011C,"11. Brutorendabiliteit van het totaal der activa, vóór belasting en kosten van schulden (%)",_Z,1,6.43,6.86,-0.4300000000000006,0.9373177842565596
2017,1,C,Volledig,2,dispq2,Mediaan (Q2),14,R012C,"12. Nettorendabiliteit van het totaal der activa, vóór belasting en kosten van schulden (%)",_Z,1,3.68,3.76,-0.07999999999999963,0.9787234042553192
2017,1,C,Volledig,2,dispq2,Mediaan (Q2),16,R013,13. Liquiditeit in ruime zin,_Z,1,1.35,1.33,0.020000000000000018,1.0150375939849625
2017,1,C,Volledig,2,dispq2,Mediaan (Q2),17,R014,14. Liquiditeit in enge zin,_Z,1,1.11,1.1,0.010000000000000009,1.009090909090909
2017,1,C,Volledig,2,dispq2,Mediaan (Q2),18,R015,"15.1 Rotatie van de voorraad handelsgoederen, grond- en hulpstoffen (voor alle sectoren uitgezonderd de bouwnijverheid)",_Z,1,,7.03,,
2017,1,C,Volledig,2,dispq2,Mediaan (Q2),19,R016,"15.2 Rotatie van de voorraad handelsgoederen, grond- en hulpstoffen (enkel voor de sector van de bouwnijverheid)",_Z,1,34.86,34.86,0.0,1.0
2017,1,C,Volledig,2,dispq2,Mediaan (Q2),20,R017,16.1 Rotatie van de voorraad goederen in bewerking en gereed product (voor alle sectoren uitgezonderd de bouwnijverheid),_Z,1,,19.51,,
2017,1,C,Volledig,2,dispq2,Mediaan (Q2),21,R018,16.2 Rotatie van de voorraad goederen in bewerking en gereed product (enkel voor de sector van de bouwnijverheid),_Z,1,14.76,14.76,0.0,1.0
2017,1,C,Volledig,2,dispq2,Mediaan (Q2),22,R019,17. Aantal dagen klantenkrediet,_Z,1,67.78,48.44,19.340000000000003,1.3992568125516103
2017,1,C,Volledig,2,dispq2,Mediaan (Q2),23,R020,18. Aantal dagen leverancierskrediet,_Z,1,72.85,55.77,17.07999999999999,1.306257844719383
2017,1,C,Volledig,2,dispq2,Mediaan (Q2),24,R021,19. Financiële onafhankelijkheidsgraad (%),_Z,1,30.63,39.21,-8.580000000000002,0.781178270849273
2017,1,C,Volledig,2,dispq2,Mediaan (Q2),25,R022,20. Aanschaffingen van materiële vaste activa / Toegevoegde waarde (%),_Z,1,5.71,6.64,-0.9299999999999997,0.8599397590361446
2017,1,C,Volledig,2,dispq2,Mediaan (Q2),26,R023,21. Vernieuwingsgraad inzake materiële vaste activa (%),_Z,1,25.9,20.42,5.479999999999997,1.2683643486777667
2017,1,C,Volledig,3,dispnb,Aantal ondernemingen,1,R001,1. Brutoverkoopmarge (%),_Z,1,1342.0,18425.0,-17083.0,0.07283582089552239
2017,1,C,Volledig,3,dispnb,Aantal ondernemingen,2,R002,2. Nettoverkoopmarge (%),_Z,1,1342.0,18424.0,-17082.0,0.07283977420755536
2017,1,C,Volledig,3,dispnb,Aantal ondernemingen,3,R003,3. Toegevoegde waarde / Bedrijfsopbrengsten (%),_Z,1,1359.0,18454.0,-17095.0,0.07364257071637585
2017,1,C,Volledig,3,dispnb,Aantal ondernemingen,4,R004,4.Toegevoegde waarde per personeelslid (in EUR),EUR,1,936.0,13434.0,-12498.0,0.06967396158999553
2017,1,C,Volledig,3,dispnb,Aantal ondernemingen,5,R005,5. Toegevoegde waarde / Bruto materiële vaste activa (%),_Z,1,1186.0,16733.0,-15547.0,0.07087790593438116
2017,1,C,Volledig,3,dispnb,Aantal ondernemingen,6,R006,6. Personeelskosten / Toegevoegde waarde (%),_Z,1,964.0,13818.0,-12854.0,0.0697640758431032
2017,1,C,Volledig,3,dispnb,Aantal ondernemingen,7,R007,"7. Afschrijvingen, waardeverminderingen en voorzieningen voor risico's en kosten / Toegevoegde waarde (%)",_Z,1,1108.0,15606.0,-14498.0,0.07099833397411252
2017,1,C,Volledig,3,dispnb,Aantal ondernemingen,8,R008C,8. Kosten van de schulden / Toegevoegde waarde (%),_Z,1,1108.0,14722.0,-13614.0,0.07526151338133406
2017,1,C,Volledig,3,dispnb,Aantal ondernemingen,10,R009,"9. Nettorendabiliteit van het eigen vermogen, na belasting (%)",_Z,1,1343.0,18493.0,-17150.0,0.07262207321689287
2017,1,C,Volledig,3,dispnb,Aantal ondernemingen,11,R010,10. Cashflow / Eigen vermogen (%),_Z,1,1343.0,18492.0,-17149.0,0.0726260004326195
2017,1,C,Volledig,3,dispnb,Aantal ondernemingen,12,R011C,"11. Brutorendabiliteit van het totaal der activa, vóór belasting en kosten van schulden (%)",_Z,1,1442.0,19901.0,-18459.0,0.07245867041857193
2017,1,C,Volledig,3,dispnb,Aantal ondernemingen,14,R012C,"12. Nettorendabiliteit van het totaal der activa, vóór belasting en kosten van schulden (%)",_Z,1,1442.0,19901.0,-18459.0,0.07245867041857193
2017,1,C,Volledig,3,dispnb,Aantal ondernemingen,16,R013,13. Liquiditeit in ruime zin,_Z,1,1433.0,19750.0,-18317.0,0.07255696202531646
2017,1,C,Volledig,3,dispnb,Aantal ondernemingen,17,R014,14. Liquiditeit in enge zin,_Z,1,1431.0,19684.0,-18253.0,0.07269863848811217
2017,1,C,Volledig,3,dispnb,Aantal ondernemingen,18,R015,"15.1 Rotatie van de voorraad handelsgoederen, grond- en hulpstoffen (voor alle sectoren uitgezonderd de bouwnijverheid)",_Z,1,,6808.0,,
2017,1,C,Volledig,3,dispnb,Aantal ondernemingen,19,R016,"15.2 Rotatie van de voorraad handelsgoederen, grond- en hulpstoffen (enkel voor de sector van de bouwnijverheid)",_Z,1,690.0,690.0,0.0,1.0
2017,1,C,Volledig,3,dispnb,Aantal ondernemingen,20,R017,16.1 Rotatie van de voorraad goederen in bewerking en gereed product (voor alle sectoren uitgezonderd de bouwnijverheid),_Z,1,,1925.0,,
2017,1,C,Volledig,3,dispnb,Aantal ondernemingen,21,R018,16.2 Rotatie van de voorraad goederen in bewerking en gereed product (enkel voor de sector van de bouwnijverheid),_Z,1,600.0,600.0,0.0,1.0
2017,1,C,Volledig,3,dispnb,Aantal ondernemingen,22,R019,17. Aantal dagen klantenkrediet,_Z,1,1368.0,18533.0,-17165.0,0.07381427723520208
2017,1,C,Volledig,3,dispnb,Aantal ondernemingen,23,R020,18. Aantal dagen leverancierskrediet,_Z,1,1442.0,19809.0,-18367.0,0.07279519410369024
2017,1,C,Volledig,3,dispnb,Aantal ondernemingen,24,R021,19. Financiële onafhankelijkheidsgraad (%),_Z,1,1442.0,19881.0,-18439.0,0.07253156279865199
2017,1,C,Volledig,3,dispnb,Aantal ondernemingen,25,R022,20. Aanschaffingen van materiële vaste activa / Toegevoegde waarde (%),_Z,1,931.0,12821.0,-11890.0,0.0726152406208564
2017,1,C,Volledig,3,dispnb,Aantal ondernemingen,26,R023,21. Vernieuwingsgraad inzake materiële vaste activa (%),_Z,1,946.0,12989.0,-12043.0,0.07283085687889752
2017,2,A,Verkort,1,dispg,Gewogen gemiddelde,1,R001,1. Brutoverkoopmarge (%),_Z,1,8.72,9.82,-1.0999999999999996,0.8879837067209776
2017,2,A,Verkort,1,dispg,Gewogen gemiddelde,2,R002,2. Nettoverkoopmarge (%),_Z,1,4.24,4.75,-0.5099999999999998,0.8926315789473684
2017,2,A,Verkort,1,dispg,Gewogen gemiddelde,3,R003,3. Toegevoegde waarde / Bedrijfsopbrengsten (%),_Z,1,25.28,26.54,-1.259999999999998,0.9525244913338358
2017,2,A,Verkort,1,dispg,Gewogen gemiddelde,4,R004,4.Toegevoegde waarde per personeelslid (in EUR),EUR,1,66711.9,70689.18,-3977.279999999999,0.9437356608182469
2017,2,A,Verkort,1,dispg,Gewogen gemiddelde,5,R005,5. Toegevoegde waarde / Bruto materiële vaste activa (%),_Z,1,42.4,30.54,11.86,1.3883431565160445
2017,2,A,Verkort,1,dispg,Gewogen gemiddelde,6,R006,6. Personeelskosten / Toegevoegde waarde (%),_Z,1,68.09,63.24,4.850000000000001,1.0766919671094244
2017,2,A,Verkort,1,dispg,Gewogen gemiddelde,7,R007,"7. Afschrijvingen, waardeverminderingen en voorzieningen voor risico's en kosten / Toegevoegde waarde (%)",_Z,1,15.05,19.6,-4.550000000000001,0.7678571428571428
2017,2,A,Verkort,1,dispg,Gewogen gemiddelde,9,R008A,8. Financiële kosten / Toegevoegde waarde (%),_Z,1,5.78,7.93,-2.1499999999999995,0.7288776796973518
2017,2,A,Verkort,1,dispg,Gewogen gemiddelde,10,R009,"9. Nettorendabiliteit van het eigen vermogen, na belasting (%)",_Z,1,9.33,8.3,1.0299999999999994,1.1240963855421686
2017,2,A,Verkort,1,dispg,Gewogen gemiddelde,11,R010,10. Cashflow / Eigen vermogen (%),_Z,1,20.41,15.23,5.18,1.3401181877872619
2017,2,A,Verkort,1,dispg,Gewogen gemiddelde,13,R011A,"11. Brutorendabiliteit van het totaal der activa, vóór belasting en financiële kosten (%)",_Z,1,9.84,9.42,0.41999999999999993,1.0445859872611465
2017,2,A,Verkort,1,dispg,Gewogen gemiddelde,15,R012A,"12. Nettorendabiliteit van het totaal der activa, vóór belasting en financiële kosten (%)",_Z,1,6.1,6.27,-0.16999999999999993,0.9728867623604466
2017,2,A,Verkort,1,dispg,Gewogen gemiddelde,16,R013,13. Liquiditeit in ruime zin,_Z,1,1.37,1.28,0.09000000000000008,1.0703125
2017,2,A,Verkort,1,dispg,Gewogen gemiddelde,17,R014,14. Liquiditeit in enge zin,_Z,1,0.88,1.05,-0.17000000000000004,0.8380952380952381
2017,2,A,Verkort,1,dispg,Gewogen gemiddelde,22,R019,17. Aantal dagen klantenkrediet,_Z,1,69.2,56.25,12.950000000000003,1.2302222222222223
2017,2,A,Verkort,1,dispg,Gewogen gemiddelde,23,R020,18. Aantal dagen leverancierskrediet,_Z,1,68.62,66.58,2.0400000000000063,1.030639831781316
2017,2,A,Verkort,1,dispg,Gewogen gemiddelde,24,R021,19. Financiële onafhankelijkheidsgraad (%),_Z,1,34.12,45.87,-11.75,0.7438412906038805
2017,2,A,Verkort,1,dispg,Gewogen gemiddelde,25,R022,20. Aanschaffingen van materiële vaste activa / Toegevoegde waarde (%),_Z,1,25.29,31.81,-6.52,0.7950330084878969
2017,2,A,Verkort,1,dispg,Gewogen gemiddelde,26,R023,21. Vernieuwingsgraad inzake materiële vaste activa (%),_Z,1,21.94,17.57,4.370000000000001,1.248719408081958
2017,2,A,Verkort,2,dispq2,Mediaan (Q2),1,R001,1. Brutoverkoopmarge (%),_Z,1,7.31,8.9,-1.5900000000000007,0.8213483146067415
2017,2,A,Verkort,2,dispq2,Mediaan (Q2),2,R002,2. Nettoverkoopmarge (%),_Z,1,3.24,3.41,-0.16999999999999993,0.9501466275659824
2017,2,A,Verkort,2,dispq2,Mediaan (Q2),3,R003,3. Toegevoegde waarde / Bedrijfsopbrengsten (%),_Z,1,19.05,24.04,-4.989999999999998,0.7924292845257904
2017,2,A,Verkort,2,dispq2,Mediaan (Q2),4,R004,4.Toegevoegde waarde per personeelslid (in EUR),EUR,1,62892.62,69237.85,-6345.230000000003,0.9083560509172367
2017,2,A,Verkort,2,dispq2,Mediaan (Q2),5,R005,5. Toegevoegde waarde / Bruto materiële vaste activa (%),_Z,1,46.52,32.58,13.940000000000005,1.4278698588090855
2017,2,A,Verkort,2,dispq2,Mediaan (Q2),6,R006,6. Personeelskosten / Toegevoegde waarde (%),_Z,1,67.87,60.74,7.130000000000003,1.117385577872901
2017,2,A,Verkort,2,dispq2,Mediaan (Q2),7,R007,"7. Afschrijvingen, waardeverminderingen en voorzieningen voor risico's en kosten / Toegevoegde waarde (%)",_Z,1,16.35,20.45,-4.099999999999998,0.7995110024449879
2017,2,A,Verkort,2,dispq2,Mediaan (Q2),9,R008A,8. Financiële kosten / Toegevoegde waarde (%),_Z,1,3.32,4.21,-0.8900000000000001,0.7885985748218527
2017,2,A,Verkort,2,dispq2,Mediaan (Q2),10,R009,"9. Nettorendabiliteit van het eigen vermogen, na belasting (%)",_Z,1,7.98,7.64,0.34000000000000075,1.0445026178010473
2017,2,A,Verkort,2,dispq2,Mediaan (Q2),11,R010,10. Cashflow / Eigen vermogen (%),_Z,1,24.51,21.49,3.020000000000003,1.1405304792926945
2017,2,A,Verkort,2,dispq2,Mediaan (Q2),13,R011A,"11. Brutorendabiliteit van het totaal der activa, vóór belasting en financiële kosten (%)",_Z,1,11.23,10.33,0.9000000000000004,1.0871248789932237
2017,2,A,Verkort,2,dispq2,Mediaan (Q2),15,R012A,"12. Nettorendabiliteit van het totaal der activa, vóór belasting en financiële kosten (%)",_Z,1,5.15,4.93,0.22000000000000064,1.0446247464503045
2017,2,A,Verkort,2,dispq2,Mediaan (Q2),16,R013,13. Liquiditeit in ruime zin,_Z,1,1.45,1.32,0.1299999999999999,1.0984848484848484
2017,2,A,Verkort,2,dispq2,Mediaan (Q2),17,R014,14. Liquiditeit in enge zin,_Z,1,1.19,1.07,0.11999999999999988,1.1121495327102802
2017,2,A,Verkort,2,dispq2,Mediaan (Q2),22,R019,17. Aantal dagen klantenkrediet,_Z,1,47.78,28.58,19.200000000000003,1.6717984604618616
2017,2,A,Verkort,2,dispq2,Mediaan (Q2),23,R020,18. Aantal dagen leverancierskrediet,_Z,1,37.67,30.19,7.48,1.247764160317986
2017,2,A,Verkort,2,dispq2,Mediaan (Q2),24,R021,19. Financiële onafhankelijkheidsgraad (%),_Z,1,34.03,36.05,-2.019999999999996,0.9439667128987519
2017,2,A,Verkort,2,dispq2,Mediaan (Q2),25,R022,20. Aanschaffingen van materiële vaste activa / Toegevoegde waarde (%),_Z,1,13.32,13.04,0.28000000000000114,1.021472392638037
2017,2,A,Verkort,2,dispq2,Mediaan (Q2),26,R023,21. Vernieuwingsgraad inzake materiële vaste activa (%),_Z,1,25.92,18.25,7.670000000000002,1.4202739726027398
2017,2,A,Verkort,3,dispnb,Aantal ondernemingen,1,R001,1. Brutoverkoopmarge (%),_Z,1,2139.0,16004.0,-13865.0,0.1336540864783804
2017,2,A,Verkort,3,dispnb,Aantal ondernemingen,2,R002,2. Nettoverkoopmarge (%),_Z,1,2139.0,16004.0,-13865.0,0.1336540864783804
2017,2,A,Verkort,3,dispnb,Aantal ondernemingen,3,R003,3. Toegevoegde waarde / Bedrijfsopbrengsten (%),_Z,1,2258.0,17088.0,-14830.0,0.13213951310861424
2017,2,A,Verkort,3,dispnb,Aantal ondernemingen,4,R004,4.Toegevoegde waarde per personeelslid (in EUR),EUR,1,9700.0,68167.0,-58467.0,0.14229759267680842
2017,2,A,Verkort,3,dispnb,Aantal ondernemingen,5,R005,5. Toegevoegde waarde / Bruto materiële vaste activa (%),_Z,1,17413.0,143582.0,-126169.0,0.12127564736526862
2017,2,A,Verkort,3,dispnb,Aantal ondernemingen,6,R006,6. Personeelskosten / Toegevoegde waarde (%),_Z,1,11075.0,77568.0,-66493.0,0.14277794966996699
2017,2,A,Verkort,3,dispnb,Aantal ondernemingen,7,R007,"7. Afschrijvingen, waardeverminderingen en voorzieningen voor risico's en kosten / Toegevoegde waarde (%)",_Z,1,15664.0,126857.0,-111193.0,0.12347761652884744
2017,2,A,Verkort,3,dispnb,Aantal ondernemingen,9,R008A,8. Financiële kosten / Toegevoegde waarde (%),_Z,1,16637.0,135654.0,-119017.0,0.1226429003199316
2017,2,A,Verkort,3,dispnb,Aantal ondernemingen,10,R009,"9. Nettorendabiliteit van het eigen vermogen, na belasting (%)",_Z,1,17190.0,138705.0,-121515.0,0.12393208608197254
2017,2,A,Verkort,3,dispnb,Aantal ondernemingen,11,R010,10. Cashflow / Eigen vermogen (%),_Z,1,17190.0,138708.0,-121518.0,0.12392940565792888
2017,2,A,Verkort,3,dispnb,Aantal ondernemingen,13,R011A,"11. Brutorendabiliteit van het totaal der activa, vóór belasting en financiële kosten (%)",_Z,1,19130.0,158662.0,-139532.0,0.12057077308996483
2017,2,A,Verkort,3,dispnb,Aantal ondernemingen,15,R012A,"12. Nettorendabiliteit van het totaal der activa, vóór belasting en financiële kosten (%)",_Z,1,19130.0,158657.0,-139527.0,0.12057457282061303
2017,2,A,Verkort,3,dispnb,Aantal ondernemingen,16,R013,13. Liquiditeit in ruime zin,_Z,1,19036.0,157306.0,-138270.0,0.12101254879025593
2017,2,A,Verkort,3,dispnb,Aantal ondernemingen,17,R014,14. Liquiditeit in enge zin,_Z,1,19001.0,156886.0,-137885.0,0.12111341993549456
2017,2,A,Verkort,3,dispnb,Aantal ondernemingen,22,R019,17. Aantal dagen klantenkrediet,_Z,1,2139.0,16004.0,-13865.0,0.1336540864783804
2017,2,A,Verkort,3,dispnb,Aantal ondernemingen,23,R020,18. Aantal dagen leverancierskrediet,_Z,1,2330.0,17831.0,-15501.0,0.1306713027872806
2017,2,A,Verkort,3,dispnb,Aantal ondernemingen,24,R021,19. Financiële onafhankelijkheidsgraad (%),_Z,1,19145.0,158923.0,-139778.0,0.12046714446618803
2017,2,A,Verkort,3,dispnb,Aantal ondernemingen,25,R022,20. Aanschaffingen van materiële vaste activa / Toegevoegde waarde (%),_Z,1,12522.0,93941.0,-81419.0,0.13329643073844222
2017,2,A,Verkort,3,dispnb,Aantal ondernemingen,26,R023,21. Vernieuwingsgraad inzake materiële vaste activa (%),_Z,1,12219.0,91778.0,-79559.0,0.13313648150973
2017,3,M,Micro,1,dispg,Gewogen gemiddelde,1,R001,1. Brutoverkoopmarge (%),_Z,1,9.77,13.21,-3.4400000000000013,0.7395912187736562
2017,3,M,Micro,1,dispg,Gewogen gemiddelde,2,R002,2. Nettoverkoopmarge (%),_Z,1,4.95,6.67,-1.7199999999999998,0.7421289355322339
2017,3,M,Micro,1,dispg,Gewogen gemiddelde,3,R003,3. Toegevoegde waarde / Bedrijfsopbrengsten (%),_Z,1,21.26,24.33,-3.0699999999999967,0.8738183312782575
2017,3,M,Micro,1,dispg,Gewogen gemiddelde,4,R004,4.Toegevoegde waarde per personeelslid (in EUR),EUR,1,58549.91,60789.17,-2239.2599999999948,0.9631635042886751
2017,3,M,Micro,1,dispg,Gewogen gemiddelde,5,R005,5. Toegevoegde waarde / Bruto materiële vaste activa (%),_Z,1,27.96,19.92,8.04,1.4036144578313252
2017,3,M,Micro,1,dispg,Gewogen gemiddelde,6,R006,6. Personeelskosten / Toegevoegde waarde (%),_Z,1,62.66,56.65,6.009999999999998,1.106090026478376
2017,3,M,Micro,1,dispg,Gewogen gemiddelde,7,R007,"7. Afschrijvingen, waardeverminderingen en voorzieningen voor risico's en kosten / Toegevoegde waarde (%)",_Z,1,26.01,28.76,-2.75,0.9043810848400556
2017,3,M,Micro,1,dispg,Gewogen gemiddelde,9,R008A,8. Financiële kosten / Toegevoegde waarde (%),_Z,1,7.01,9.46,-2.450000000000001,0.741014799154334
2017,3,M,Micro,1,dispg,Gewogen gemiddelde,10,R009,"9. Nettorendabiliteit van het eigen vermogen, na belasting (%)",_Z,1,7.45,8.65,-1.2000000000000002,0.861271676300578
2017,3,M,Micro,1,dispg,Gewogen gemiddelde,11,R010,10. Cashflow / Eigen vermogen (%),_Z,1,23.42,18.95,4.470000000000002,1.2358839050131927
2017,3,M,Micro,1,dispg,Gewogen gemiddelde,13,R011A,"11. Brutorendabiliteit van het totaal der activa, vóór belasting en financiële kosten (%)",_Z,1,11.69,11.78,-0.08999999999999986,0.9923599320882852
2017,3,M,Micro,1,dispg,Gewogen gemiddelde,15,R012A,"12. Nettorendabiliteit van het totaal der activa, vóór belasting en financiële kosten (%)",_Z,1,6.01,7.37,-1.3600000000000003,0.8154681139755766
2017,3,M,Micro,1,dispg,Gewogen gemiddelde,16,R013,13. Liquiditeit in ruime zin,_Z,1,1.4,1.32,0.07999999999999985,1.0606060606060606
2017,3,M,Micro,1,dispg,Gewogen gemiddelde,17,R014,14. Liquiditeit in enge zin,_Z,1,1.06,1.14,-0.07999999999999985,0.9298245614035089
2017,3,M,Micro,1,dispg,Gewogen gemiddelde,22,R019,17. Aantal dagen klantenkrediet,_Z,1,57.93,45.77,12.159999999999997,1.2656762071225693
2017,3,M,Micro,1,dispg,Gewogen gemiddelde,23,R020,18. Aantal dagen leverancierskrediet,_Z,1,54.68,55.85,-1.1700000000000017,0.9790510295434198
2017,3,M,Micro,1,dispg,Gewogen gemiddelde,24,R021,19. Financiële onafhankelijkheidsgraad (%),_Z,1,35.18,42.56,-7.380000000000003,0.8265977443609022
2017,3,M,Micro,1,dispg,Gewogen gemiddelde,25,R022,20. Aanschaffingen van materiële vaste activa / Toegevoegde waarde (%),_Z,1,40.82,46.18,-5.359999999999999,0.8839324382849718
2017,3,M,Micro,1,dispg,Gewogen gemiddelde,26,R023,21. Vernieuwingsgraad inzake materiële vaste activa (%),_Z,1,24.08,15.86,8.219999999999999,1.5182849936948297
2017,3,M,Micro,2,dispq2,Mediaan (Q2),1,R001,1. Brutoverkoopmarge (%),_Z,1,8.18,10.78,-2.5999999999999996,0.7588126159554731
2017,3,M,Micro,2,dispq2,Mediaan (Q2),2,R002,2. Nettoverkoopmarge (%),_Z,1,3.28,4.01,-0.73,0.8179551122194514
2017,3,M,Micro,2,dispq2,Mediaan (Q2),3,R003,3. Toegevoegde waarde / Bedrijfsopbrengsten (%),_Z,1,16.38,21.21,-4.830000000000002,0.7722772277227722
2017,3,M,Micro,2,dispq2,Mediaan (Q2),4,R004,4.Toegevoegde waarde per personeelslid (in EUR),EUR,1,59758.0,60762.5,-1004.5,0.9834684221353631
2017,3,M,Micro,2,dispq2,Mediaan (Q2),5,R005,5. Toegevoegde waarde / Bruto materiële vaste activa (%),_Z,1,30.64,23.86,6.780000000000001,1.2841575859178542
2017,3,M,Micro,2,dispq2,Mediaan (Q2),6,R006,6. Personeelskosten / Toegevoegde waarde (%),_Z,1,58.05,52.87,5.18,1.097976167959145
2017,3,M,Micro,2,dispq2,Mediaan (Q2),7,R007,"7. Afschrijvingen, waardeverminderingen en voorzieningen voor risico's en kosten / Toegevoegde waarde (%)",_Z,1,28.12,28.76,-0.6400000000000006,0.9777468706536857
2017,3,M,Micro,2,dispq2,Mediaan (Q2),9,R008A,8. Financiële kosten / Toegevoegde waarde (%),_Z,1,4.09,4.3,-0.20999999999999996,0.9511627906976744
2017,3,M,Micro,2,dispq2,Mediaan (Q2),10,R009,"9. Nettorendabiliteit van het eigen vermogen, na belasting (%)",_Z,1,8.26,8.78,-0.5199999999999996,0.9407744874715263
2017,3,M,Micro,2,dispq2,Mediaan (Q2),11,R010,10. Cashflow / Eigen vermogen (%),_Z,1,27.76,23.82,3.9400000000000013,1.165407220822838
2017,3,M,Micro,2,dispq2,Mediaan (Q2),13,R011A,"11. Brutorendabiliteit van het totaal der activa, vóór belasting en financiële kosten (%)",_Z,1,13.72,12.85,0.870000000000001,1.067704280155642
2017,3,M,Micro,2,dispq2,Mediaan (Q2),15,R012A,"12. Nettorendabiliteit van het totaal der activa, vóór belasting en financiële kosten (%)",_Z,1,5.69,5.8,-0.10999999999999943,0.9810344827586208
2017,3,M,Micro,2,dispq2,Mediaan (Q2),16,R013,13. Liquiditeit in ruime zin,_Z,1,1.55,1.45,0.10000000000000009,1.0689655172413794
2017,3,M,Micro,2,dispq2,Mediaan (Q2),17,R014,14. Liquiditeit in enge zin,_Z,1,1.35,1.26,0.09000000000000008,1.0714285714285714
2017,3,M,Micro,2,dispq2,Mediaan (Q2),22,R019,17. Aantal dagen klantenkrediet,_Z,1,40.44,22.92,17.519999999999996,1.764397905759162
2017,3,M,Micro,2,dispq2,Mediaan (Q2),23,R020,18. Aantal dagen leverancierskrediet,_Z,1,26.85,19.45,7.400000000000002,1.3804627249357329
2017,3,M,Micro,2,dispq2,Mediaan (Q2),24,R021,19. Financiële onafhankelijkheidsgraad (%),_Z,1,38.51,40.9,-2.3900000000000006,0.9415647921760391
2017,3,M,Micro,2,dispq2,Mediaan (Q2),25,R022,20. Aanschaffingen van materiële vaste activa / Toegevoegde waarde (%),_Z,1,24.25,20.46,3.789999999999999,1.1852394916911047
2017,3,M,Micro,2,dispq2,Mediaan (Q2),26,R023,21. Vernieuwingsgraad inzake materiële vaste activa (%),_Z,1,29.22,20.06,9.16,1.456630109670987
2017,3,M,Micro,3,dispnb,Aantal ondernemingen,1,R001,1. Brutoverkoopmarge (%),_Z,1,2075.0,13215.0,-11140.0,0.15701853953840333
2017,3,M,Micro,3,dispnb,Aantal ondernemingen,2,R002,2. Nettoverkoopmarge (%),_Z,1,2075.0,13215.0,-11140.0,0.15701853953840333
2017,3,M,Micro,3,dispnb,Aantal ondernemingen,3,R003,3. Toegevoegde waarde / Bedrijfsopbrengsten (%),_Z,1,2214.0,14196.0,-11982.0,0.15595942519019443
2017,3,M,Micro,3,dispnb,Aantal ondernemingen,4,R004,4.Toegevoegde waarde per personeelslid (in EUR),EUR,1,9185.0,50671.0,-41486.0,0.1812673916046654
2017,3,M,Micro,3,dispnb,Aantal ondernemingen,5,R005,5. Toegevoegde waarde / Bruto materiële vaste activa (%),_Z,1,28634.0,215553.0,-186919.0,0.13283971923378474
2017,3,M,Micro,3,dispnb,Aantal ondernemingen,6,R006,6. Personeelskosten / Toegevoegde waarde (%),_Z,1,12168.0,66381.0,-54213.0,0.18330546391286665
2017,3,M,Micro,3,dispnb,Aantal ondernemingen,7,R007,"7. Afschrijvingen, waardeverminderingen en voorzieningen voor risico's en kosten / Toegevoegde waarde (%)",_Z,1,24766.0,182170.0,-157404.0,0.13594993687215237
2017,3,M,Micro,3,dispnb,Aantal ondernemingen,9,R008A,8. Financiële kosten / Toegevoegde waarde (%),_Z,1,25965.0,193577.0,-167612.0,0.13413267072017854
2017,3,M,Micro,3,dispnb,Aantal ondernemingen,10,R009,"9. Nettorendabiliteit van het eigen vermogen, na belasting (%)",_Z,1,26575.0,194187.0,-167612.0,0.13685262144221808
2017,3,M,Micro,3,dispnb,Aantal ondernemingen,11,R010,10. Cashflow / Eigen vermogen (%),_Z,1,26575.0,194189.0,-167614.0,0.13685121196360248
2017,3,M,Micro,3,dispnb,Aantal ondernemingen,13,R011A,"11. Brutorendabiliteit van het totaal der activa, vóór belasting en financiële kosten (%)",_Z,1,30447.0,232709.0,-202262.0,0.13083722589156413
2017,3,M,Micro,3,dispnb,Aantal ondernemingen,15,R012A,"12. Nettorendabiliteit van het totaal der activa, vóór belasting en financiële kosten (%)",_Z,1,30447.0,232708.0,-202261.0,0.13083778812932945
2017,3,M,Micro,3,dispnb,Aantal ondernemingen,16,R013,13. Liquiditeit in ruime zin,_Z,1,30264.0,230384.0,-200120.0,0.1313632891172998
2017,3,M,Micro,3,dispnb,Aantal ondernemingen,17,R014,14. Liquiditeit in enge zin,_Z,1,30228.0,229766.0,-199538.0,0.13155993489027967
2017,3,M,Micro,3,dispnb,Aantal ondernemingen,22,R019,17. Aantal dagen klantenkrediet,_Z,1,2075.0,13216.0,-11141.0,0.15700665859564164
2017,3,M,Micro,3,dispnb,Aantal ondernemingen,23,R020,18. Aantal dagen leverancierskrediet,_Z,1,2292.0,14872.0,-12580.0,0.1541151156535772
2017,3,M,Micro,3,dispnb,Aantal ondernemingen,24,R021,19. Financiële onafhankelijkheidsgraad (%),_Z,1,30507.0,233179.0,-202672.0,0.13083082095729032
2017,3,M,Micro,3,dispnb,Aantal ondernemingen,25,R022,20. Aanschaffingen van materiële vaste activa / Toegevoegde waarde (%),_Z,1,18439.0,124209.0,-105770.0,0.14845140046212432
2017,3,M,Micro,3,dispnb,Aantal ondernemingen,26,R023,21. Vernieuwingsgraad inzake materiële vaste activa (%),_Z,1,17639.0,119895.0,-102256.0,0.14712039701405397
2017,4,T,Volledig + Verkort + Micro,1,dispg,Gewogen gemiddelde,1,R001,1. Brutoverkoopmarge (%),_Z,1,6.77,8.26,-1.4900000000000002,0.8196125907990315
2017,4,T,Volledig + Verkort + Micro,1,dispg,Gewogen gemiddelde,2,R002,2. Nettoverkoopmarge (%),_Z,1,4.09,3.9,0.18999999999999995,1.0487179487179488
2017,4,T,Volledig + Verkort + Micro,1,dispg,Gewogen gemiddelde,3,R003,3. Toegevoegde waarde / Bedrijfsopbrengsten (%),_Z,1,23.0,20.15,2.8500000000000014,1.141439205955335
2017,4,T,Volledig + Verkort + Micro,1,dispg,Gewogen gemiddelde,4,R004,4.Toegevoegde waarde per personeelslid (in EUR),EUR,1,71861.92,98154.4,-26292.479999999996,0.7321314174402778
2017,4,T,Volledig + Verkort + Micro,1,dispg,Gewogen gemiddelde,5,R005,5. Toegevoegde waarde / Bruto materiële vaste activa (%),_Z,1,37.72,31.82,5.899999999999999,1.1854179761156505
2017,4,T,Volledig + Verkort + Micro,1,dispg,Gewogen gemiddelde,6,R006,6. Personeelskosten / Toegevoegde waarde (%),_Z,1,69.53,58.5,11.030000000000001,1.1885470085470087
2017,4,T,Volledig + Verkort + Micro,1,dispg,Gewogen gemiddelde,7,R007,"7. Afschrijvingen, waardeverminderingen en voorzieningen voor risico's en kosten / Toegevoegde waarde (%)",_Z,1,14.65,21.13,-6.479999999999999,0.6933270231897776
2017,4,T,Volledig + Verkort + Micro,1,dispg,Gewogen gemiddelde,9,R008A,8. Financiële kosten / Toegevoegde waarde (%),_Z,1,7.98,20.55,-12.57,0.3883211678832117
2017,4,T,Volledig + Verkort + Micro,1,dispg,Gewogen gemiddelde,10,R009,"9. Nettorendabiliteit van het eigen vermogen, na belasting (%)",_Z,1,7.44,4.84,2.6000000000000005,1.5371900826446283
2017,4,T,Volledig + Verkort + Micro,1,dispg,Gewogen gemiddelde,11,R010,10. Cashflow / Eigen vermogen (%),_Z,1,15.88,9.14,6.74,1.737417943107221
2017,4,T,Volledig + Verkort + Micro,1,dispg,Gewogen gemiddelde,13,R011A,"11. Brutorendabiliteit van het totaal der activa, vóór belasting en financiële kosten (%)",_Z,1,8.53,6.64,1.8899999999999997,1.2846385542168675
2017,4,T,Volledig + Verkort + Micro,1,dispg,Gewogen gemiddelde,15,R012A,"12. Nettorendabiliteit van het totaal der activa, vóór belasting en financiële kosten (%)",_Z,1,5.47,4.65,0.8199999999999994,1.1763440860215053
2017,4,T,Volledig + Verkort + Micro,1,dispg,Gewogen gemiddelde,16,R013,13. Liquiditeit in ruime zin,_Z,1,1.4,1.33,0.06999999999999984,1.0526315789473684
2017,4,T,Volledig + Verkort + Micro,1,dispg,Gewogen gemiddelde,17,R014,14. Liquiditeit in enge zin,_Z,1,1.01,1.18,-0.16999999999999993,0.8559322033898306
2017,4,T,Volledig + Verkort + Micro,1,dispg,Gewogen gemiddelde,22,R019,17. Aantal dagen klantenkrediet,_Z,1,94.64,67.01,27.629999999999995,1.412326518430085
2017,4,T,Volledig + Verkort + Micro,1,dispg,Gewogen gemiddelde,23,R020,18. Aantal dagen leverancierskrediet,_Z,1,101.07,75.23,25.83999999999999,1.343479994682972
2017,4,T,Volledig + Verkort + Micro,1,dispg,Gewogen gemiddelde,24,R021,19. Financiële onafhankelijkheidsgraad (%),_Z,1,36.33,46.4,-10.07,0.7829741379310344
2017,4,T,Volledig + Verkort + Micro,1,dispg,Gewogen gemiddelde,25,R022,20. Aanschaffingen van materiële vaste activa / Toegevoegde waarde (%),_Z,1,23.23,26.38,-3.1499999999999986,0.8805913570887036
2017,4,T,Volledig + Verkort + Micro,1,dispg,Gewogen gemiddelde,26,R023,21. Vernieuwingsgraad inzake materiële vaste activa (%),_Z,1,21.71,17.62,4.09,1.2321225879682178
2017,4,T,Volledig + Verkort + Micro,2,dispq2,Mediaan (Q2),1,R001,1. Brutoverkoopmarge (%),_Z,1,7.28,8.38,-1.1000000000000005,0.8687350835322195
2017,4,T,Volledig + Verkort + Micro,2,dispq2,Mediaan (Q2),2,R002,2. Nettoverkoopmarge (%),_Z,1,3.29,3.67,-0.3799999999999999,0.896457765667575
2017,4,T,Volledig + Verkort + Micro,2,dispq2,Mediaan (Q2),3,R003,3. Toegevoegde waarde / Bedrijfsopbrengsten (%),_Z,1,19.94,24.34,-4.399999999999999,0.819227608874281
2017,4,T,Volledig + Verkort + Micro,2,dispq2,Mediaan (Q2),4,R004,4.Toegevoegde waarde per personeelslid (in EUR),EUR,1,62024.93,67930.46,-5905.530000000006,0.9130650668345245
2017,4,T,Volledig + Verkort + Micro,2,dispq2,Mediaan (Q2),5,R005,5. Toegevoegde waarde / Bruto materiële vaste activa (%),_Z,1,36.92,28.32,8.600000000000001,1.3036723163841808
2017,4,T,Volledig + Verkort + Micro,2,dispq2,Mediaan (Q2),6,R006,6. Personeelskosten / Toegevoegde waarde (%),_Z,1,63.57,58.73,4.840000000000003,1.082411033543334
2017,4,T,Volledig + Verkort + Micro,2,dispq2,Mediaan (Q2),7,R007,"7. Afschrijvingen, waardeverminderingen en voorzieningen voor risico's en kosten / Toegevoegde waarde (%)",_Z,1,22.39,24.11,-1.7199999999999989,0.9286603069265865
2017,4,T,Volledig + Verkort + Micro,2,dispq2,Mediaan (Q2),9,R008A,8. Financiële kosten / Toegevoegde waarde (%),_Z,1,3.71,4.22,-0.5099999999999998,0.8791469194312796
2017,4,T,Volledig + Verkort + Micro,2,dispq2,Mediaan (Q2),10,R009,"9. Nettorendabiliteit van het eigen vermogen, na belasting (%)",_Z,1,8.11,8.11,0.0,1.0
2017,4,T,Volledig + Verkort + Micro,2,dispq2,Mediaan (Q2),11,R010,10. Cashflow / Eigen vermogen (%),_Z,1,26.03,22.28,3.75,1.1683123877917414
2017,4,T,Volledig + Verkort + Micro,2,dispq2,Mediaan (Q2),13,R011A,"11. Brutorendabiliteit van het totaal der activa, vóór belasting en financiële kosten (%)",_Z,1,12.42,11.39,1.0299999999999994,1.0904302019315188
2017,4,T,Volledig + Verkort + Micro,2,dispq2,Mediaan (Q2),15,R012A,"12. Nettorendabiliteit van het totaal der activa, vóór belasting en financiële kosten (%)",_Z,1,5.38,5.3,0.08000000000000007,1.0150943396226415
2017,4,T,Volledig + Verkort + Micro,2,dispq2,Mediaan (Q2),16,R013,13. Liquiditeit in ruime zin,_Z,1,1.5,1.38,0.1200000000000001,1.0869565217391306
2017,4,T,Volledig + Verkort + Micro,2,dispq2,Mediaan (Q2),17,R014,14. Liquiditeit in enge zin,_Z,1,1.27,1.17,0.10000000000000009,1.0854700854700856
2017,4,T,Volledig + Verkort + Micro,2,dispq2,Mediaan (Q2),22,R019,17. Aantal dagen klantenkrediet,_Z,1,50.99,38.98,12.010000000000005,1.3081067213955877
2017,4,T,Volledig + Verkort + Micro,2,dispq2,Mediaan (Q2),23,R020,18. Aantal dagen leverancierskrediet,_Z,1,42.54,39.93,2.6099999999999994,1.0653643876784373
2017,4,T,Volledig + Verkort + Micro,2,dispq2,Mediaan (Q2),24,R021,19. Financiële onafhankelijkheidsgraad (%),_Z,1,36.41,38.77,-2.3600000000000065,0.9391281919009542
2017,4,T,Volledig + Verkort + Micro,2,dispq2,Mediaan (Q2),25,R022,20. Aanschaffingen van materiële vaste activa / Toegevoegde waarde (%),_Z,1,18.12,15.84,2.280000000000001,1.143939393939394
2017,4,T,Volledig + Verkort + Micro,2,dispq2,Mediaan (Q2),26,R023,21. Vernieuwingsgraad inzake materiële vaste activa (%),_Z,1,27.58,19.3,8.279999999999998,1.4290155440414507
2017,4,T,Volledig + Verkort + Micro,3,dispnb,Aantal ondernemingen,1,R001,1. Brutoverkoopmarge (%),_Z,1,5489.0,46544.0,-41055.0,0.11793141973186662
2017,4,T,Volledig + Verkort + Micro,3,dispnb,Aantal ondernemingen,2,R002,2. Nettoverkoopmarge (%),_Z,1,5489.0,46544.0,-41055.0,0.11793141973186662
2017,4,T,Volledig + Verkort + Micro,3,dispnb,Aantal ondernemingen,3,R003,3. Toegevoegde waarde / Bedrijfsopbrengsten (%),_Z,1,5831.0,49736.0,-43905.0,0.11723902203635193
2017,4,T,Volledig + Verkort + Micro,3,dispnb,Aantal ondernemingen,4,R004,4.Toegevoegde waarde per personeelslid (in EUR),EUR,1,19769.0,131694.0,-111925.0,0.15011314106944887
2017,4,T,Volledig + Verkort + Micro,3,dispnb,Aantal ondernemingen,5,R005,5. Toegevoegde waarde / Bruto materiële vaste activa (%),_Z,1,47233.0,375868.0,-328635.0,0.12566379686485682
2017,4,T,Volledig + Verkort + Micro,3,dispnb,Aantal ondernemingen,6,R006,6. Personeelskosten / Toegevoegde waarde (%),_Z,1,24209.0,157823.0,-133614.0,0.15339335838249177
2017,4,T,Volledig + Verkort + Micro,3,dispnb,Aantal ondernemingen,7,R007,"7. Afschrijvingen, waardeverminderingen en voorzieningen voor risico's en kosten / Toegevoegde waarde (%)",_Z,1,41540.0,324694.0,-283154.0,0.12793584113041817
2017,4,T,Volledig + Verkort + Micro,3,dispnb,Aantal ondernemingen,9,R008A,8. Financiële kosten / Toegevoegde waarde (%),_Z,1,43838.0,346270.0,-302432.0,0.12660062956652324
2017,4,T,Volledig + Verkort + Micro,3,dispnb,Aantal ondernemingen,10,R009,"9. Nettorendabiliteit van het eigen vermogen, na belasting (%)",_Z,1,45108.0,351385.0,-306277.0,0.1283720136033126
2017,4,T,Volledig + Verkort + Micro,3,dispnb,Aantal ondernemingen,11,R010,10. Cashflow / Eigen vermogen (%),_Z,1,45108.0,351389.0,-306281.0,0.12837055229389652
2017,4,T,Volledig + Verkort + Micro,3,dispnb,Aantal ondernemingen,13,R011A,"11. Brutorendabiliteit van het totaal der activa, vóór belasting en financiële kosten (%)",_Z,1,51019.0,411272.0,-360253.0,0.12405172246104768
2017,4,T,Volledig + Verkort + Micro,3,dispnb,Aantal ondernemingen,15,R012A,"12. Nettorendabiliteit van het totaal der activa, vóór belasting en financiële kosten (%)",_Z,1,51019.0,411266.0,-360247.0,0.12405353226379034
2017,4,T,Volledig + Verkort + Micro,3,dispnb,Aantal ondernemingen,16,R013,13. Liquiditeit in ruime zin,_Z,1,50733.0,407440.0,-356707.0,0.12451649322599646
2017,4,T,Volledig + Verkort + Micro,3,dispnb,Aantal ondernemingen,17,R014,14. Liquiditeit in enge zin,_Z,1,50660.0,406336.0,-355676.0,0.12467514569223499
2017,4,T,Volledig + Verkort + Micro,3,dispnb,Aantal ondernemingen,22,R019,17. Aantal dagen klantenkrediet,_Z,1,5489.0,46544.0,-41055.0,0.11793141973186662
2017,4,T,Volledig + Verkort + Micro,3,dispnb,Aantal ondernemingen,23,R020,18. Aantal dagen leverancierskrediet,_Z,1,6064.0,52498.0,-46434.0,0.11550916225380015
2017,4,T,Volledig + Verkort + Micro,3,dispnb,Aantal ondernemingen,24,R021,19. Financiële onafhankelijkheidsgraad (%),_Z,1,51094.0,411983.0,-360889.0,0.1240196804237068
2017,4,T,Volledig + Verkort + Micro,3,dispnb,Aantal ondernemingen,25,R022,20. Aanschaffingen van materiële vaste activa / Toegevoegde waarde (%),_Z,1,31894.0,231023.0,-199129.0,0.13805551828172952
2017,4,T,Volledig + Verkort + Micro,3,dispnb,Aantal ondernemingen,26,R023,21. Vernieuwingsgraad inzake materiële vaste activa (%),_Z,1,30804.0,224662.0,-193858.0,0.1371126403219058
2018,1,C,Volledig,1,dispg,Gewogen gemiddelde,1,R001,1. Brutoverkoopmarge (%),_Z,1,6.34,7.28,-0.9400000000000004,0.8708791208791208
2018,1,C,Volledig,1,dispg,Gewogen gemiddelde,2,R002,2. Nettoverkoopmarge (%),_Z,1,3.25,3.48,-0.22999999999999998,0.9339080459770115
2018,1,C,Volledig,1,dispg,Gewogen gemiddelde,3,R003,3. Toegevoegde waarde / Bedrijfsopbrengsten (%),_Z,1,22.17,18.58,3.5900000000000034,1.1932185145317549
2018,1,C,Volledig,1,dispg,Gewogen gemiddelde,4,R004,4.Toegevoegde waarde per personeelslid (in EUR),EUR,1,81106.2,109761.24,-28655.040000000008,0.738932978526846
2018,1,C,Volledig,1,dispg,Gewogen gemiddelde,5,R005,5. Toegevoegde waarde / Bruto materiële vaste activa (%),_Z,1,37.84,32.88,4.960000000000001,1.1508515815085159
2018,1,C,Volledig,1,dispg,Gewogen gemiddelde,6,R006,6. Personeelskosten / Toegevoegde waarde (%),_Z,1,74.24,58.8,15.439999999999998,1.2625850340136053
2018,1,C,Volledig,1,dispg,Gewogen gemiddelde,7,R007,"7. Afschrijvingen, waardeverminderingen en voorzieningen voor risico's en kosten / Toegevoegde waarde (%)",_Z,1,13.82,21.56,-7.739999999999998,0.6410018552875696
2018,1,C,Volledig,1,dispg,Gewogen gemiddelde,8,R008C,8. Kosten van de schulden / Toegevoegde waarde (%),_Z,1,5.76,10.25,-4.49,0.5619512195121951
2018,1,C,Volledig,1,dispg,Gewogen gemiddelde,10,R009,"9. Nettorendabiliteit van het eigen vermogen, na belasting (%)",_Z,1,9.73,7.46,2.2700000000000005,1.304289544235925
2018,1,C,Volledig,1,dispg,Gewogen gemiddelde,11,R010,10. Cashflow / Eigen vermogen (%),_Z,1,16.47,12.79,3.6799999999999997,1.287724784988272
2018,1,C,Volledig,1,dispg,Gewogen gemiddelde,12,R011C,"11. Brutorendabiliteit van het totaal der activa, vóór belasting en kosten van schulden (%)",_Z,1,7.85,7.21,0.6399999999999997,1.08876560332871
2018,1,C,Volledig,1,dispg,Gewogen gemiddelde,14,R012C,"12. Nettorendabiliteit van het totaal der activa, vóór belasting en kosten van schulden (%)",_Z,1,5.39,4.73,0.6599999999999993,1.13953488372093
2018,1,C,Volledig,1,dispg,Gewogen gemiddelde,16,R013,13. Liquiditeit in ruime zin,_Z,1,1.39,1.28,0.10999999999999988,1.0859375
2018,1,C,Volledig,1,dispg,Gewogen gemiddelde,17,R014,14. Liquiditeit in enge zin,_Z,1,1.07,1.13,-0.05999999999999983,0.9469026548672568
2018,1,C,Volledig,1,dispg,Gewogen gemiddelde,18,R015,"15.1 Rotatie van de voorraad handelsgoederen, grond- en hulpstoffen (voor alle sectoren uitgezonderd de bouwnijverheid)",_Z,1,,8.11,,
2018,1,C,Volledig,1,dispg,Gewogen gemiddelde,19,R016,"15.2 Rotatie van de voorraad handelsgoederen, grond- en hulpstoffen (enkel voor de sector van de bouwnijverheid)",_Z,1,33.79,8.91,24.88,3.7923681257014588
2018,1,C,Volledig,1,dispg,Gewogen gemiddelde,20,R017,16.1 Rotatie van de voorraad goederen in bewerking en gereed product (voor alle sectoren uitgezonderd de bouwnijverheid),_Z,1,,36.2,,
2018,1,C,Volledig,1,dispg,Gewogen gemiddelde,21,R018,16.2 Rotatie van de voorraad goederen in bewerking en gereed product (enkel voor de sector van de bouwnijverheid),_Z,1,5.8,28.4,-22.599999999999998,0.20422535211267606
2018,1,C,Volledig,1,dispg,Gewogen gemiddelde,22,R019,17. Aantal dagen klantenkrediet,_Z,1,91.54,57.05,34.49000000000001,1.6045574057843999
2018,1,C,Volledig,1,dispg,Gewogen gemiddelde,23,R020,18. Aantal dagen leverancierskrediet,_Z,1,92.42,66.58,25.840000000000003,1.3881045358966657
2018,1,C,Volledig,1,dispg,Gewogen gemiddelde,24,R021,19. Financiële onafhankelijkheidsgraad (%),_Z,1,36.41,46.49,-10.080000000000005,0.7831791783179177
2018,1,C,Volledig,1,dispg,Gewogen gemiddelde,25,R022,20. Aanschaffingen van materiële vaste activa / Toegevoegde waarde (%),_Z,1,20.2,25.81,-5.609999999999999,0.7826423866718326
2018,1,C,Volledig,1,dispg,Gewogen gemiddelde,26,R023,21. Vernieuwingsgraad inzake materiële vaste activa (%),_Z,1,25.65,19.39,6.259999999999998,1.3228468282619905
2018,1,C,Volledig,2,dispq2,Mediaan (Q2),1,R001,1. Brutoverkoopmarge (%),_Z,1,5.77,6.36,-0.5900000000000007,0.9072327044025156
2018,1,C,Volledig,2,dispq2,Mediaan (Q2),2,R002,2. Nettoverkoopmarge (%),_Z,1,3.38,3.45,-0.07000000000000028,0.9797101449275362
2018,1,C,Volledig,2,dispq2,Mediaan (Q2),3,R003,3. Toegevoegde waarde / Bedrijfsopbrengsten (%),_Z,1,24.87,26.98,-2.1099999999999994,0.9217939214232765
2018,1,C,Volledig,2,dispq2,Mediaan (Q2),4,R004,4.Toegevoegde waarde per personeelslid (in EUR),EUR,1,72751.56,88482.97,-15731.410000000003,0.8222097427335452
2018,1,C,Volledig,2,dispq2,Mediaan (Q2),5,R005,5. Toegevoegde waarde / Bruto materiële vaste activa (%),_Z,1,89.35,61.22,28.129999999999995,1.4594903626265925
2018,1,C,Volledig,2,dispq2,Mediaan (Q2),6,R006,6. Personeelskosten / Toegevoegde waarde (%),_Z,1,77.33,69.59,7.739999999999995,1.111222876850122
2018,1,C,Volledig,2,dispq2,Mediaan (Q2),7,R007,"7. Afschrijvingen, waardeverminderingen en voorzieningen voor risico's en kosten / Toegevoegde waarde (%)",_Z,1,7.06,10.24,-3.1800000000000006,0.689453125
2018,1,C,Volledig,2,dispq2,Mediaan (Q2),8,R008C,8. Kosten van de schulden / Toegevoegde waarde (%),_Z,1,1.32,2.03,-0.7099999999999997,0.6502463054187193
2018,1,C,Volledig,2,dispq2,Mediaan (Q2),10,R009,"9. Nettorendabiliteit van het eigen vermogen, na belasting (%)",_Z,1,8.4,6.29,2.1100000000000003,1.3354531001589827
2018,1,C,Volledig,2,dispq2,Mediaan (Q2),11,R010,10. Cashflow / Eigen vermogen (%),_Z,1,17.32,14.6,2.7200000000000006,1.1863013698630138
2018,1,C,Volledig,2,dispq2,Mediaan (Q2),12,R011C,"11. Brutorendabiliteit van het totaal der activa, vóór belasting en kosten van schulden (%)",_Z,1,6.59,6.85,-0.2599999999999998,0.962043795620438
2018,1,C,Volledig,2,dispq2,Mediaan (Q2),14,R012C,"12. Nettorendabiliteit van het totaal der activa, vóór belasting en kosten van schulden (%)",_Z,1,3.72,3.65,0.07000000000000028,1.0191780821917809
2018,1,C,Volledig,2,dispq2,Mediaan (Q2),16,R013,13. Liquiditeit in ruime zin,_Z,1,1.34,1.31,0.030000000000000027,1.0229007633587786
2018,1,C,Volledig,2,dispq2,Mediaan (Q2),17,R014,14. Liquiditeit in enge zin,_Z,1,1.09,1.08,0.010000000000000009,1.0092592592592593
2018,1,C,Volledig,2,dispq2,Mediaan (Q2),18,R015,"15.1 Rotatie van de voorraad handelsgoederen, grond- en hulpstoffen (voor alle sectoren uitgezonderd de bouwnijverheid)",_Z,1,,6.91,,
2018,1,C,Volledig,2,dispq2,Mediaan (Q2),19,R016,"15.2 Rotatie van de voorraad handelsgoederen, grond- en hulpstoffen (enkel voor de sector van de bouwnijverheid)",_Z,1,36.8,36.8,0.0,1.0
2018,1,C,Volledig,2,dispq2,Mediaan (Q2),20,R017,16.1 Rotatie van de voorraad goederen in bewerking en gereed product (voor alle sectoren uitgezonderd de bouwnijverheid),_Z,1,,19.15,,
2018,1,C,Volledig,2,dispq2,Mediaan (Q2),21,R018,16.2 Rotatie van de voorraad goederen in bewerking en gereed product (enkel voor de sector van de bouwnijverheid),_Z,1,14.39,14.39,0.0,1.0
2018,1,C,Volledig,2,dispq2,Mediaan (Q2),22,R019,17. Aantal dagen klantenkrediet,_Z,1,67.38,48.38,18.999999999999993,1.3927242662257129
2018,1,C,Volledig,2,dispq2,Mediaan (Q2),23,R020,18. Aantal dagen leverancierskrediet,_Z,1,72.31,56.1,16.21,1.2889483065953655
2018,1,C,Volledig,2,dispq2,Mediaan (Q2),24,R021,19. Financiële onafhankelijkheidsgraad (%),_Z,1,30.35,39.28,-8.93,0.7726578411405296
2018,1,C,Volledig,2,dispq2,Mediaan (Q2),25,R022,20. Aanschaffingen van materiële vaste activa / Toegevoegde waarde (%),_Z,1,6.0,6.8,-0.7999999999999998,0.8823529411764706
2018,1,C,Volledig,2,dispq2,Mediaan (Q2),26,R023,21. Vernieuwingsgraad inzake materiële vaste activa (%),_Z,1,25.99,20.95,5.039999999999999,1.2405727923627685
2018,1,C,Volledig,3,dispnb,Aantal ondernemingen,1,R001,1. Brutoverkoopmarge (%),_Z,1,1332.0,17920.0,-16588.0,0.07433035714285714
2018,1,C,Volledig,3,dispnb,Aantal ondernemingen,2,R002,2. Nettoverkoopmarge (%),_Z,1,1332.0,17918.0,-16586.0,0.07433865386761915
2018,1,C,Volledig,3,dispnb,Aantal ondernemingen,3,R003,3. Toegevoegde waarde / Bedrijfsopbrengsten (%),_Z,1,1346.0,17948.0,-16602.0,0.07499442834856251
2018,1,C,Volledig,3,dispnb,Aantal ondernemingen,4,R004,4.Toegevoegde waarde per personeelslid (in EUR),EUR,1,942.0,13213.0,-12271.0,0.07129342314387346
2018,1,C,Volledig,3,dispnb,Aantal ondernemingen,5,R005,5. Toegevoegde waarde / Bruto materiële vaste activa (%),_Z,1,1160.0,16290.0,-15130.0,0.07120933087783916
2018,1,C,Volledig,3,dispnb,Aantal ondernemingen,6,R006,6. Personeelskosten / Toegevoegde waarde (%),_Z,1,959.0,13514.0,-12555.0,0.07096344531596863
2018,1,C,Volledig,3,dispnb,Aantal ondernemingen,7,R007,"7. Afschrijvingen, waardeverminderingen en voorzieningen voor risico's en kosten / Toegevoegde waarde (%)",_Z,1,1082.0,15135.0,-14053.0,0.07148992401717873
2018,1,C,Volledig,3,dispnb,Aantal ondernemingen,8,R008C,8. Kosten van de schulden / Toegevoegde waarde (%),_Z,1,1094.0,14331.0,-13237.0,0.07633800851301374
2018,1,C,Volledig,3,dispnb,Aantal ondernemingen,10,R009,"9. Nettorendabiliteit van het eigen vermogen, na belasting (%)",_Z,1,1322.0,17952.0,-16630.0,0.07364081996434937
2018,1,C,Volledig,3,dispnb,Aantal ondernemingen,11,R010,10. Cashflow / Eigen vermogen (%),_Z,1,1322.0,17951.0,-16629.0,0.0736449222884519
2018,1,C,Volledig,3,dispnb,Aantal ondernemingen,12,R011C,"11. Brutorendabiliteit van het totaal der activa, vóór belasting en kosten van schulden (%)",_Z,1,1422.0,19318.0,-17896.0,0.07361010456569003
2018,1,C,Volledig,3,dispnb,Aantal ondernemingen,14,R012C,"12. Nettorendabiliteit van het totaal der activa, vóór belasting en kosten van schulden (%)",_Z,1,1422.0,19318.0,-17896.0,0.07361010456569003
2018,1,C,Volledig,3,dispnb,Aantal ondernemingen,16,R013,13. Liquiditeit in ruime zin,_Z,1,1418.0,19194.0,-17776.0,0.07387725330832552
2018,1,C,Volledig,3,dispnb,Aantal ondernemingen,17,R014,14. Liquiditeit in enge zin,_Z,1,1415.0,19136.0,-17721.0,0.07394439799331104
2018,1,C,Volledig,3,dispnb,Aantal ondernemingen,18,R015,"15.1 Rotatie van de voorraad handelsgoederen, grond- en hulpstoffen (voor alle sectoren uitgezonderd de bouwnijverheid)",_Z,1,,6620.0,,
2018,1,C,Volledig,3,dispnb,Aantal ondernemingen,19,R016,"15.2 Rotatie van de voorraad handelsgoederen, grond- en hulpstoffen (enkel voor de sector van de bouwnijverheid)",_Z,1,670.0,670.0,0.0,1.0
2018,1,C,Volledig,3,dispnb,Aantal ondernemingen,20,R017,16.1 Rotatie van de voorraad goederen in bewerking en gereed product (voor alle sectoren uitgezonderd de bouwnijverheid),_Z,1,,1907.0,,
2018,1,C,Volledig,3,dispnb,Aantal ondernemingen,21,R018,16.2 Rotatie van de voorraad goederen in bewerking en gereed product (enkel voor de sector van de bouwnijverheid),_Z,1,591.0,591.0,0.0,1.0
2018,1,C,Volledig,3,dispnb,Aantal ondernemingen,22,R019,17. Aantal dagen klantenkrediet,_Z,1,1359.0,18040.0,-16681.0,0.07533259423503326
2018,1,C,Volledig,3,dispnb,Aantal ondernemingen,23,R020,18. Aantal dagen leverancierskrediet,_Z,1,1420.0,19215.0,-17795.0,0.07390059849076243
2018,1,C,Volledig,3,dispnb,Aantal ondernemingen,24,R021,19. Financiële onafhankelijkheidsgraad (%),_Z,1,1421.0,19301.0,-17880.0,0.07362312833531941
2018,1,C,Volledig,3,dispnb,Aantal ondernemingen,25,R022,20. Aanschaffingen van materiële vaste activa / Toegevoegde waarde (%),_Z,1,936.0,12501.0,-11565.0,0.07487401007919367
2018,1,C,Volledig,3,dispnb,Aantal ondernemingen,26,R023,21. Vernieuwingsgraad inzake materiële vaste activa (%),_Z,1,940.0,12662.0,-11722.0,0.07423787711262043
2018,2,A,Verkort,1,dispg,Gewogen gemiddelde,1,R001,1. Brutoverkoopmarge (%),_Z,1,9.48,9.7,-0.21999999999999886,0.9773195876288661
2018,2,A,Verkort,1,dispg,Gewogen gemiddelde,2,R002,2. Nettoverkoopmarge (%),_Z,1,5.15,4.51,0.6400000000000006,1.1419068736141909
2018,2,A,Verkort,1,dispg,Gewogen gemiddelde,3,R003,3. Toegevoegde waarde / Bedrijfsopbrengsten (%),_Z,1,25.66,26.61,-0.9499999999999993,0.9642991356632845
2018,2,A,Verkort,1,dispg,Gewogen gemiddelde,4,R004,4.Toegevoegde waarde per personeelslid (in EUR),EUR,1,70680.59,72942.71,-2262.12000000001,0.9689877165243791
2018,2,A,Verkort,1,dispg,Gewogen gemiddelde,5,R005,5. Toegevoegde waarde / Bruto materiële vaste activa (%),_Z,1,43.16,30.66,12.499999999999996,1.4076973255055445
2018,2,A,Verkort,1,dispg,Gewogen gemiddelde,6,R006,6. Personeelskosten / Toegevoegde waarde (%),_Z,1,67.08,63.13,3.9499999999999957,1.0625693014414699
2018,2,A,Verkort,1,dispg,Gewogen gemiddelde,7,R007,"7. Afschrijvingen, waardeverminderingen en voorzieningen voor risico's en kosten / Toegevoegde waarde (%)",_Z,1,15.07,19.21,-4.140000000000001,0.784487246225924
2018,2,A,Verkort,1,dispg,Gewogen gemiddelde,9,R008A,8. Financiële kosten / Toegevoegde waarde (%),_Z,1,5.59,8.31,-2.7200000000000006,0.6726835138387485
2018,2,A,Verkort,1,dispg,Gewogen gemiddelde,10,R009,"9. Nettorendabiliteit van het eigen vermogen, na belasting (%)",_Z,1,11.51,7.54,3.9699999999999998,1.526525198938992
2018,2,A,Verkort,1,dispg,Gewogen gemiddelde,11,R010,10. Cashflow / Eigen vermogen (%),_Z,1,22.7,14.43,8.27,1.573111573111573
2018,2,A,Verkort,1,dispg,Gewogen gemiddelde,13,R011A,"11. Brutorendabiliteit van het totaal der activa, vóór belasting en financiële kosten (%)",_Z,1,10.65,9.07,1.58,1.1742006615214995
2018,2,A,Verkort,1,dispg,Gewogen gemiddelde,15,R012A,"12. Nettorendabiliteit van het totaal der activa, vóór belasting en financiële kosten (%)",_Z,1,6.85,5.93,0.9199999999999999,1.1551433389544687
2018,2,A,Verkort,1,dispg,Gewogen gemiddelde,16,R013,13. Liquiditeit in ruime zin,_Z,1,1.34,1.3,0.040000000000000036,1.0307692307692309
2018,2,A,Verkort,1,dispg,Gewogen gemiddelde,17,R014,14. Liquiditeit in enge zin,_Z,1,0.86,1.06,-0.20000000000000007,0.8113207547169811
2018,2,A,Verkort,1,dispg,Gewogen gemiddelde,22,R019,17. Aantal dagen klantenkrediet,_Z,1,69.79,57.12,12.670000000000009,1.2218137254901962
2018,2,A,Verkort,1,dispg,Gewogen gemiddelde,23,R020,18. Aantal dagen leverancierskrediet,_Z,1,69.86,70.19,-0.3299999999999983,0.99529847556632
2018,2,A,Verkort,1,dispg,Gewogen gemiddelde,24,R021,19. Financiële onafhankelijkheidsgraad (%),_Z,1,33.78,45.76,-11.979999999999997,0.7381993006993007
2018,2,A,Verkort,1,dispg,Gewogen gemiddelde,25,R022,20. Aanschaffingen van materiële vaste activa / Toegevoegde waarde (%),_Z,1,27.12,32.28,-5.16,0.8401486988847584
2018,2,A,Verkort,1,dispg,Gewogen gemiddelde,26,R023,21. Vernieuwingsgraad inzake materiële vaste activa (%),_Z,1,24.27,17.96,6.309999999999999,1.351336302895323
2018,2,A,Verkort,2,dispq2,Mediaan (Q2),1,R001,1. Brutoverkoopmarge (%),_Z,1,7.58,8.77,-1.1899999999999995,0.8643101482326112
2018,2,A,Verkort,2,dispq2,Mediaan (Q2),2,R002,2. Nettoverkoopmarge (%),_Z,1,3.56,3.41,0.1499999999999999,1.0439882697947214
2018,2,A,Verkort,2,dispq2,Mediaan (Q2),3,R003,3. Toegevoegde waarde / Bedrijfsopbrengsten (%),_Z,1,19.53,24.82,-5.289999999999999,0.7868654311039485
2018,2,A,Verkort,2,dispq2,Mediaan (Q2),4,R004,4.Toegevoegde waarde per personeelslid (in EUR),EUR,1,66341.51,71663.18,-5321.669999999998,0.9257405267251607
2018,2,A,Verkort,2,dispq2,Mediaan (Q2),5,R005,5. Toegevoegde waarde / Bruto materiële vaste activa (%),_Z,1,46.86,33.04,13.82,1.4182808716707023
2018,2,A,Verkort,2,dispq2,Mediaan (Q2),6,R006,6. Personeelskosten / Toegevoegde waarde (%),_Z,1,67.28,60.99,6.289999999999999,1.103131660928021
2018,2,A,Verkort,2,dispq2,Mediaan (Q2),7,R007,"7. Afschrijvingen, waardeverminderingen en voorzieningen voor risico's en kosten / Toegevoegde waarde (%)",_Z,1,15.31,19.44,-4.130000000000001,0.7875514403292181
2018,2,A,Verkort,2,dispq2,Mediaan (Q2),9,R008A,8. Financiële kosten / Toegevoegde waarde (%),_Z,1,3.14,3.97,-0.8300000000000001,0.7909319899244333
2018,2,A,Verkort,2,dispq2,Mediaan (Q2),10,R009,"9. Nettorendabiliteit van het eigen vermogen, na belasting (%)",_Z,1,9.27,8.51,0.7599999999999998,1.0893066980023502
2018,2,A,Verkort,2,dispq2,Mediaan (Q2),11,R010,10. Cashflow / Eigen vermogen (%),_Z,1,25.37,21.84,3.530000000000001,1.1616300366300367
2018,2,A,Verkort,2,dispq2,Mediaan (Q2),13,R011A,"11. Brutorendabiliteit van het totaal der activa, vóór belasting en financiële kosten (%)",_Z,1,11.23,10.27,0.9600000000000009,1.0934761441090557
2018,2,A,Verkort,2,dispq2,Mediaan (Q2),15,R012A,"12. Nettorendabiliteit van het totaal der activa, vóór belasting en financiële kosten (%)",_Z,1,5.3,5.06,0.2400000000000002,1.0474308300395256
2018,2,A,Verkort,2,dispq2,Mediaan (Q2),16,R013,13. Liquiditeit in ruime zin,_Z,1,1.46,1.33,0.1299999999999999,1.0977443609022555
2018,2,A,Verkort,2,dispq2,Mediaan (Q2),17,R014,14. Liquiditeit in enge zin,_Z,1,1.18,1.08,0.09999999999999987,1.0925925925925926
2018,2,A,Verkort,2,dispq2,Mediaan (Q2),22,R019,17. Aantal dagen klantenkrediet,_Z,1,48.97,29.16,19.81,1.679355281207133
2018,2,A,Verkort,2,dispq2,Mediaan (Q2),23,R020,18. Aantal dagen leverancierskrediet,_Z,1,41.16,31.46,9.699999999999996,1.3083280356007627
2018,2,A,Verkort,2,dispq2,Mediaan (Q2),24,R021,19. Financiële onafhankelijkheidsgraad (%),_Z,1,33.87,36.56,-2.690000000000005,0.9264223194748358
2018,2,A,Verkort,2,dispq2,Mediaan (Q2),25,R022,20. Aanschaffingen van materiële vaste activa / Toegevoegde waarde (%),_Z,1,12.09,11.94,0.15000000000000036,1.0125628140703518
2018,2,A,Verkort,2,dispq2,Mediaan (Q2),26,R023,21. Vernieuwingsgraad inzake materiële vaste activa (%),_Z,1,23.54,17.42,6.119999999999997,1.351320321469575
2018,2,A,Verkort,3,dispnb,Aantal ondernemingen,1,R001,1. Brutoverkoopmarge (%),_Z,1,1750.0,13204.0,-11454.0,0.13253559527415934
2018,2,A,Verkort,3,dispnb,Aantal ondernemingen,2,R002,2. Nettoverkoopmarge (%),_Z,1,1750.0,13204.0,-11454.0,0.13253559527415934
2018,2,A,Verkort,3,dispnb,Aantal ondernemingen,3,R003,3. Toegevoegde waarde / Bedrijfsopbrengsten (%),_Z,1,1881.0,14256.0,-12375.0,0.13194444444444445
2018,2,A,Verkort,3,dispnb,Aantal ondernemingen,4,R004,4.Toegevoegde waarde per personeelslid (in EUR),EUR,1,9166.0,65058.0,-55892.0,0.14088966768114605
2018,2,A,Verkort,3,dispnb,Aantal ondernemingen,5,R005,5. Toegevoegde waarde / Bruto materiële vaste activa (%),_Z,1,15979.0,132667.0,-116688.0,0.1204444209939171
2018,2,A,Verkort,3,dispnb,Aantal ondernemingen,6,R006,6. Personeelskosten / Toegevoegde waarde (%),_Z,1,10367.0,73332.0,-62965.0,0.14137075219549447
2018,2,A,Verkort,3,dispnb,Aantal ondernemingen,7,R007,"7. Afschrijvingen, waardeverminderingen en voorzieningen voor risico's en kosten / Toegevoegde waarde (%)",_Z,1,14452.0,117435.0,-102983.0,0.12306382254012858
2018,2,A,Verkort,3,dispnb,Aantal ondernemingen,9,R008A,8. Financiële kosten / Toegevoegde waarde (%),_Z,1,15459.0,126217.0,-110758.0,0.12247953920628758
2018,2,A,Verkort,3,dispnb,Aantal ondernemingen,10,R009,"9. Nettorendabiliteit van het eigen vermogen, na belasting (%)",_Z,1,15991.0,129434.0,-113443.0,0.12354559080303475
2018,2,A,Verkort,3,dispnb,Aantal ondernemingen,11,R010,10. Cashflow / Eigen vermogen (%),_Z,1,15992.0,129436.0,-113444.0,0.1235514076454773
2018,2,A,Verkort,3,dispnb,Aantal ondernemingen,13,R011A,"11. Brutorendabiliteit van het totaal der activa, vóór belasting en financiële kosten (%)",_Z,1,17717.0,147056.0,-129339.0,0.12047791317593298
2018,2,A,Verkort,3,dispnb,Aantal ondernemingen,15,R012A,"12. Nettorendabiliteit van het totaal der activa, vóór belasting en financiële kosten (%)",_Z,1,17716.0,147053.0,-129337.0,0.12047357075340183
2018,2,A,Verkort,3,dispnb,Aantal ondernemingen,16,R013,13. Liquiditeit in ruime zin,_Z,1,17637.0,145882.0,-128245.0,0.12089908282036166
2018,2,A,Verkort,3,dispnb,Aantal ondernemingen,17,R014,14. Liquiditeit in enge zin,_Z,1,17604.0,145491.0,-127887.0,0.12099717508299482
2018,2,A,Verkort,3,dispnb,Aantal ondernemingen,22,R019,17. Aantal dagen klantenkrediet,_Z,1,1750.0,13204.0,-11454.0,0.13253559527415934
2018,2,A,Verkort,3,dispnb,Aantal ondernemingen,23,R020,18. Aantal dagen leverancierskrediet,_Z,1,1962.0,14890.0,-12928.0,0.13176628609805238
2018,2,A,Verkort,3,dispnb,Aantal ondernemingen,24,R021,19. Financiële onafhankelijkheidsgraad (%),_Z,1,17736.0,147239.0,-129503.0,0.12045721581917834
2018,2,A,Verkort,3,dispnb,Aantal ondernemingen,25,R022,20. Aanschaffingen van materiële vaste activa / Toegevoegde waarde (%),_Z,1,11595.0,87177.0,-75582.0,0.13300526515021163
2018,2,A,Verkort,3,dispnb,Aantal ondernemingen,26,R023,21. Vernieuwingsgraad inzake materiële vaste activa (%),_Z,1,11379.0,85719.0,-74340.0,0.1327476988765618
2018,3,M,Micro,1,dispg,Gewogen gemiddelde,1,R001,1. Brutoverkoopmarge (%),_Z,1,8.98,13.3,-4.32,0.675187969924812
2018,3,M,Micro,1,dispg,Gewogen gemiddelde,2,R002,2. Nettoverkoopmarge (%),_Z,1,4.62,6.88,-2.26,0.6715116279069767
2018,3,M,Micro,1,dispg,Gewogen gemiddelde,3,R003,3. Toegevoegde waarde / Bedrijfsopbrengsten (%),_Z,1,19.32,23.99,-4.669999999999998,0.8053355564818675
2018,3,M,Micro,1,dispg,Gewogen gemiddelde,4,R004,4.Toegevoegde waarde per personeelslid (in EUR),EUR,1,62632.71,63883.71,-1251.0,0.9804175430637951
2018,3,M,Micro,1,dispg,Gewogen gemiddelde,5,R005,5. Toegevoegde waarde / Bruto materiële vaste activa (%),_Z,1,28.22,20.34,7.879999999999999,1.3874139626352016
2018,3,M,Micro,1,dispg,Gewogen gemiddelde,6,R006,6. Personeelskosten / Toegevoegde waarde (%),_Z,1,61.24,55.25,5.990000000000002,1.1084162895927603
2018,3,M,Micro,1,dispg,Gewogen gemiddelde,7,R007,"7. Afschrijvingen, waardeverminderingen en voorzieningen voor risico's en kosten / Toegevoegde waarde (%)",_Z,1,23.96,27.68,-3.719999999999999,0.865606936416185
2018,3,M,Micro,1,dispg,Gewogen gemiddelde,9,R008A,8. Financiële kosten / Toegevoegde waarde (%),_Z,1,6.42,8.48,-2.0600000000000005,0.7570754716981132
2018,3,M,Micro,1,dispg,Gewogen gemiddelde,10,R009,"9. Nettorendabiliteit van het eigen vermogen, na belasting (%)",_Z,1,10.32,9.83,0.4900000000000002,1.0498474059003051
2018,3,M,Micro,1,dispg,Gewogen gemiddelde,11,R010,10. Cashflow / Eigen vermogen (%),_Z,1,25.25,19.88,5.370000000000001,1.2701207243460766
2018,3,M,Micro,1,dispg,Gewogen gemiddelde,13,R011A,"11. Brutorendabiliteit van het totaal der activa, vóór belasting en financiële kosten (%)",_Z,1,12.19,12.06,0.129999999999999,1.0107794361525704
2018,3,M,Micro,1,dispg,Gewogen gemiddelde,15,R012A,"12. Nettorendabiliteit van het totaal der activa, vóór belasting en financiële kosten (%)",_Z,1,6.93,7.71,-0.7800000000000002,0.8988326848249026
2018,3,M,Micro,1,dispg,Gewogen gemiddelde,16,R013,13. Liquiditeit in ruime zin,_Z,1,1.39,1.34,0.04999999999999982,1.0373134328358207
2018,3,M,Micro,1,dispg,Gewogen gemiddelde,17,R014,14. Liquiditeit in enge zin,_Z,1,1.04,1.15,-0.10999999999999988,0.9043478260869566
2018,3,M,Micro,1,dispg,Gewogen gemiddelde,22,R019,17. Aantal dagen klantenkrediet,_Z,1,57.85,44.42,13.43,1.3023412877082394
2018,3,M,Micro,1,dispg,Gewogen gemiddelde,23,R020,18. Aantal dagen leverancierskrediet,_Z,1,48.87,48.73,0.14000000000000057,1.0028729735276012
2018,3,M,Micro,1,dispg,Gewogen gemiddelde,24,R021,19. Financiële onafhankelijkheidsgraad (%),_Z,1,34.72,43.13,-8.410000000000004,0.8050081150011592
2018,3,M,Micro,1,dispg,Gewogen gemiddelde,25,R022,20. Aanschaffingen van materiële vaste activa / Toegevoegde waarde (%),_Z,1,40.99,45.48,-4.489999999999995,0.9012752858399298
2018,3,M,Micro,1,dispg,Gewogen gemiddelde,26,R023,21. Vernieuwingsgraad inzake materiële vaste activa (%),_Z,1,23.71,15.81,7.9,1.4996837444655282
2018,3,M,Micro,2,dispq2,Mediaan (Q2),1,R001,1. Brutoverkoopmarge (%),_Z,1,7.99,10.4,-2.41,0.7682692307692308
2018,3,M,Micro,2,dispq2,Mediaan (Q2),2,R002,2. Nettoverkoopmarge (%),_Z,1,3.23,3.72,-0.4900000000000002,0.868279569892473
2018,3,M,Micro,2,dispq2,Mediaan (Q2),3,R003,3. Toegevoegde waarde / Bedrijfsopbrengsten (%),_Z,1,14.67,20.47,-5.799999999999999,0.7166585246702492
2018,3,M,Micro,2,dispq2,Mediaan (Q2),4,R004,4.Toegevoegde waarde per personeelslid (in EUR),EUR,1,62629.63,62865.81,-236.1800000000003,0.9962431089331387
2018,3,M,Micro,2,dispq2,Mediaan (Q2),5,R005,5. Toegevoegde waarde / Bruto materiële vaste activa (%),_Z,1,31.42,24.78,6.640000000000001,1.267958030669895
2018,3,M,Micro,2,dispq2,Mediaan (Q2),6,R006,6. Personeelskosten / Toegevoegde waarde (%),_Z,1,56.41,51.63,4.779999999999994,1.0925818322680612
2018,3,M,Micro,2,dispq2,Mediaan (Q2),7,R007,"7. Afschrijvingen, waardeverminderingen en voorzieningen voor risico's en kosten / Toegevoegde waarde (%)",_Z,1,27.11,27.34,-0.23000000000000043,0.9915874177029993
2018,3,M,Micro,2,dispq2,Mediaan (Q2),9,R008A,8. Financiële kosten / Toegevoegde waarde (%),_Z,1,3.81,3.92,-0.10999999999999988,0.9719387755102041
2018,3,M,Micro,2,dispq2,Mediaan (Q2),10,R009,"9. Nettorendabiliteit van het eigen vermogen, na belasting (%)",_Z,1,9.86,10.2,-0.33999999999999986,0.9666666666666667
2018,3,M,Micro,2,dispq2,Mediaan (Q2),11,R010,10. Cashflow / Eigen vermogen (%),_Z,1,28.52,24.7,3.8200000000000003,1.1546558704453442
2018,3,M,Micro,2,dispq2,Mediaan (Q2),13,R011A,"11. Brutorendabiliteit van het totaal der activa, vóór belasting en financiële kosten (%)",_Z,1,14.05,13.18,0.870000000000001,1.0660091047040972
2018,3,M,Micro,2,dispq2,Mediaan (Q2),15,R012A,"12. Nettorendabiliteit van het totaal der activa, vóór belasting en financiële kosten (%)",_Z,1,6.23,6.24,-0.009999999999999787,0.9983974358974359
2018,3,M,Micro,2,dispq2,Mediaan (Q2),16,R013,13. Liquiditeit in ruime zin,_Z,1,1.56,1.49,0.07000000000000006,1.0469798657718121
2018,3,M,Micro,2,dispq2,Mediaan (Q2),17,R014,14. Liquiditeit in enge zin,_Z,1,1.36,1.3,0.06000000000000005,1.0461538461538462
2018,3,M,Micro,2,dispq2,Mediaan (Q2),22,R019,17. Aantal dagen klantenkrediet,_Z,1,40.44,22.92,17.519999999999996,1.764397905759162
2018,3,M,Micro,2,dispq2,Mediaan (Q2),23,R020,18. Aantal dagen leverancierskrediet,_Z,1,27.32,19.02,8.3,1.4363827549947423
2018,3,M,Micro,2,dispq2,Mediaan (Q2),24,R021,19. Financiële onafhankelijkheidsgraad (%),_Z,1,38.99,42.43,-3.4399999999999977,0.9189252887108179
2018,3,M,Micro,2,dispq2,Mediaan (Q2),25,R022,20. Aanschaffingen van materiële vaste activa / Toegevoegde waarde (%),_Z,1,23.36,19.06,4.300000000000001,1.2256033578174188
2018,3,M,Micro,2,dispq2,Mediaan (Q2),26,R023,21. Vernieuwingsgraad inzake materiële vaste activa (%),_Z,1,27.93,19.26,8.669999999999998,1.4501557632398752
2018,3,M,Micro,3,dispnb,Aantal ondernemingen,1,R001,1. Brutoverkoopmarge (%),_Z,1,2118.0,12979.0,-10861.0,0.16318668618537638
2018,3,M,Micro,3,dispnb,Aantal ondernemingen,2,R002,2. Nettoverkoopmarge (%),_Z,1,2118.0,12979.0,-10861.0,0.16318668618537638
2018,3,M,Micro,3,dispnb,Aantal ondernemingen,3,R003,3. Toegevoegde waarde / Bedrijfsopbrengsten (%),_Z,1,2310.0,14081.0,-11771.0,0.16405084866131667
2018,3,M,Micro,3,dispnb,Aantal ondernemingen,4,R004,4.Toegevoegde waarde per personeelslid (in EUR),EUR,1,9088.0,50419.0,-41331.0,0.1802495091136278
2018,3,M,Micro,3,dispnb,Aantal ondernemingen,5,R005,5. Toegevoegde waarde / Bruto materiële vaste activa (%),_Z,1,30351.0,226886.0,-196535.0,0.13377202648025882
2018,3,M,Micro,3,dispnb,Aantal ondernemingen,6,R006,6. Personeelskosten / Toegevoegde waarde (%),_Z,1,12384.0,67528.0,-55144.0,0.18339059353157208
2018,3,M,Micro,3,dispnb,Aantal ondernemingen,7,R007,"7. Afschrijvingen, waardeverminderingen en voorzieningen voor risico's en kosten / Toegevoegde waarde (%)",_Z,1,26170.0,190773.0,-164603.0,0.13717874122648382
2018,3,M,Micro,3,dispnb,Aantal ondernemingen,9,R008A,8. Financiële kosten / Toegevoegde waarde (%),_Z,1,27565.0,203839.0,-176274.0,0.1352292740839584
2018,3,M,Micro,3,dispnb,Aantal ondernemingen,10,R009,"9. Nettorendabiliteit van het eigen vermogen, na belasting (%)",_Z,1,28408.0,206673.0,-178265.0,0.13745385222065776
2018,3,M,Micro,3,dispnb,Aantal ondernemingen,11,R010,10. Cashflow / Eigen vermogen (%),_Z,1,28408.0,206673.0,-178265.0,0.13745385222065776
2018,3,M,Micro,3,dispnb,Aantal ondernemingen,13,R011A,"11. Brutorendabiliteit van het totaal der activa, vóór belasting en financiële kosten (%)",_Z,1,32390.0,246115.0,-213725.0,0.13160514393677752
2018,3,M,Micro,3,dispnb,Aantal ondernemingen,15,R012A,"12. Nettorendabiliteit van het totaal der activa, vóór belasting en financiële kosten (%)",_Z,1,32390.0,246114.0,-213724.0,0.1316056786692346
2018,3,M,Micro,3,dispnb,Aantal ondernemingen,16,R013,13. Liquiditeit in ruime zin,_Z,1,32185.0,243799.0,-211614.0,0.13201448734408264
2018,3,M,Micro,3,dispnb,Aantal ondernemingen,17,R014,14. Liquiditeit in enge zin,_Z,1,32143.0,243093.0,-210950.0,0.13222511549077925
2018,3,M,Micro,3,dispnb,Aantal ondernemingen,22,R019,17. Aantal dagen klantenkrediet,_Z,1,2119.0,12982.0,-10863.0,0.1632260052380219
2018,3,M,Micro,3,dispnb,Aantal ondernemingen,23,R020,18. Aantal dagen leverancierskrediet,_Z,1,2400.0,14776.0,-12376.0,0.16242555495397942
2018,3,M,Micro,3,dispnb,Aantal ondernemingen,24,R021,19. Financiële onafhankelijkheidsgraad (%),_Z,1,32454.0,246724.0,-214270.0,0.13153969617872602
2018,3,M,Micro,3,dispnb,Aantal ondernemingen,25,R022,20. Aanschaffingen van materiële vaste activa / Toegevoegde waarde (%),_Z,1,19406.0,129940.0,-110534.0,0.14934585193166078
2018,3,M,Micro,3,dispnb,Aantal ondernemingen,26,R023,21. Vernieuwingsgraad inzake materiële vaste activa (%),_Z,1,18109.0,123384.0,-105275.0,0.14676943525902872
2018,4,T,Volledig + Verkort + Micro,1,dispg,Gewogen gemiddelde,1,R001,1. Brutoverkoopmarge (%),_Z,1,6.79,7.62,-0.8300000000000001,0.8910761154855643
2018,4,T,Volledig + Verkort + Micro,1,dispg,Gewogen gemiddelde,2,R002,2. Nettoverkoopmarge (%),_Z,1,3.44,3.45,-0.010000000000000231,0.9971014492753623
2018,4,T,Volledig + Verkort + Micro,1,dispg,Gewogen gemiddelde,3,R003,3. Toegevoegde waarde / Bedrijfsopbrengsten (%),_Z,1,22.35,18.97,3.3800000000000026,1.1781760674749606
2018,4,T,Volledig + Verkort + Micro,1,dispg,Gewogen gemiddelde,4,R004,4.Toegevoegde waarde per personeelslid (in EUR),EUR,1,74592.89,99238.59,-24645.699999999997,0.7516520539036277
2018,4,T,Volledig + Verkort + Micro,1,dispg,Gewogen gemiddelde,5,R005,5. Toegevoegde waarde / Bruto materiële vaste activa (%),_Z,1,38.16,31.54,6.619999999999997,1.209892200380469
2018,4,T,Volledig + Verkort + Micro,1,dispg,Gewogen gemiddelde,6,R006,6. Personeelskosten / Toegevoegde waarde (%),_Z,1,69.73,58.82,10.910000000000004,1.185481128867732
2018,4,T,Volledig + Verkort + Micro,1,dispg,Gewogen gemiddelde,7,R007,"7. Afschrijvingen, waardeverminderingen en voorzieningen voor risico's en kosten / Toegevoegde waarde (%)",_Z,1,15.65,21.12,-5.470000000000001,0.7410037878787878
2018,4,T,Volledig + Verkort + Micro,1,dispg,Gewogen gemiddelde,9,R008A,8. Financiële kosten / Toegevoegde waarde (%),_Z,1,7.38,18.87,-11.490000000000002,0.39109697933227344
2018,4,T,Volledig + Verkort + Micro,1,dispg,Gewogen gemiddelde,10,R009,"9. Nettorendabiliteit van het eigen vermogen, na belasting (%)",_Z,1,10.36,7.56,2.8,1.3703703703703705
2018,4,T,Volledig + Verkort + Micro,1,dispg,Gewogen gemiddelde,11,R010,10. Cashflow / Eigen vermogen (%),_Z,1,18.91,12.73,6.18,1.4854673998428907
2018,4,T,Volledig + Verkort + Micro,1,dispg,Gewogen gemiddelde,13,R011A,"11. Brutorendabiliteit van het totaal der activa, vóór belasting en financiële kosten (%)",_Z,1,9.42,8.26,1.1600000000000001,1.1404358353510895
2018,4,T,Volledig + Verkort + Micro,1,dispg,Gewogen gemiddelde,15,R012A,"12. Nettorendabiliteit van het totaal der activa, vóór belasting en financiële kosten (%)",_Z,1,6.38,5.87,0.5099999999999998,1.0868824531516184
2018,4,T,Volledig + Verkort + Micro,1,dispg,Gewogen gemiddelde,16,R013,13. Liquiditeit in ruime zin,_Z,1,1.38,1.29,0.08999999999999986,1.069767441860465
2018,4,T,Volledig + Verkort + Micro,1,dispg,Gewogen gemiddelde,17,R014,14. Liquiditeit in enge zin,_Z,1,0.99,1.12,-0.13000000000000012,0.8839285714285713
2018,4,T,Volledig + Verkort + Micro,1,dispg,Gewogen gemiddelde,22,R019,17. Aantal dagen klantenkrediet,_Z,1,101.43,65.15,36.28,1.5568687643898695
2018,4,T,Volledig + Verkort + Micro,1,dispg,Gewogen gemiddelde,23,R020,18. Aantal dagen leverancierskrediet,_Z,1,103.84,75.96,27.88000000000001,1.367035281727225
2018,4,T,Volledig + Verkort + Micro,1,dispg,Gewogen gemiddelde,24,R021,19. Financiële onafhankelijkheidsgraad (%),_Z,1,35.34,46.27,-10.93,0.7637778258050573
2018,4,T,Volledig + Verkort + Micro,1,dispg,Gewogen gemiddelde,25,R022,20. Aanschaffingen van materiële vaste activa / Toegevoegde waarde (%),_Z,1,25.74,28.13,-2.3900000000000006,0.915037326697476
2018,4,T,Volledig + Verkort + Micro,1,dispg,Gewogen gemiddelde,26,R023,21. Vernieuwingsgraad inzake materiële vaste activa (%),_Z,1,24.66,18.64,6.02,1.3229613733905579
2018,4,T,Volledig + Verkort + Micro,2,dispq2,Mediaan (Q2),1,R001,1. Brutoverkoopmarge (%),_Z,1,7.24,8.2,-0.9599999999999991,0.8829268292682928
2018,4,T,Volledig + Verkort + Micro,2,dispq2,Mediaan (Q2),2,R002,2. Nettoverkoopmarge (%),_Z,1,3.42,3.56,-0.14000000000000012,0.9606741573033708
2018,4,T,Volledig + Verkort + Micro,2,dispq2,Mediaan (Q2),3,R003,3. Toegevoegde waarde / Bedrijfsopbrengsten (%),_Z,1,18.97,24.35,-5.380000000000003,0.7790554414784393
2018,4,T,Volledig + Verkort + Micro,2,dispq2,Mediaan (Q2),4,R004,4.Toegevoegde waarde per personeelslid (in EUR),EUR,1,65210.0,70293.89,-5083.889999999999,0.9276766444423548
2018,4,T,Volledig + Verkort + Micro,2,dispq2,Mediaan (Q2),5,R005,5. Toegevoegde waarde / Bruto materiële vaste activa (%),_Z,1,37.18,28.84,8.34,1.2891816920943135
2018,4,T,Volledig + Verkort + Micro,2,dispq2,Mediaan (Q2),6,R006,6. Personeelskosten / Toegevoegde waarde (%),_Z,1,62.84,58.2,4.640000000000001,1.0797250859106529
2018,4,T,Volledig + Verkort + Micro,2,dispq2,Mediaan (Q2),7,R007,"7. Afschrijvingen, waardeverminderingen en voorzieningen voor risico's en kosten / Toegevoegde waarde (%)",_Z,1,21.72,23.11,-1.3900000000000006,0.9398528775421895
2018,4,T,Volledig + Verkort + Micro,2,dispq2,Mediaan (Q2),9,R008A,8. Financiële kosten / Toegevoegde waarde (%),_Z,1,3.52,3.9,-0.3799999999999999,0.9025641025641026
2018,4,T,Volledig + Verkort + Micro,2,dispq2,Mediaan (Q2),10,R009,"9. Nettorendabiliteit van het eigen vermogen, na belasting (%)",_Z,1,9.57,9.24,0.33000000000000007,1.0357142857142858
2018,4,T,Volledig + Verkort + Micro,2,dispq2,Mediaan (Q2),11,R010,10. Cashflow / Eigen vermogen (%),_Z,1,27.0,23.04,3.960000000000001,1.171875
2018,4,T,Volledig + Verkort + Micro,2,dispq2,Mediaan (Q2),13,R011A,"11. Brutorendabiliteit van het totaal der activa, vóór belasting en financiële kosten (%)",_Z,1,12.64,11.61,1.0300000000000011,1.0887166236003447
2018,4,T,Volledig + Verkort + Micro,2,dispq2,Mediaan (Q2),15,R012A,"12. Nettorendabiliteit van het totaal der activa, vóór belasting en financiële kosten (%)",_Z,1,5.78,5.58,0.20000000000000018,1.0358422939068102
2018,4,T,Volledig + Verkort + Micro,2,dispq2,Mediaan (Q2),16,R013,13. Liquiditeit in ruime zin,_Z,1,1.51,1.41,0.10000000000000009,1.070921985815603
2018,4,T,Volledig + Verkort + Micro,2,dispq2,Mediaan (Q2),17,R014,14. Liquiditeit in enge zin,_Z,1,1.28,1.19,0.09000000000000008,1.0756302521008405
2018,4,T,Volledig + Verkort + Micro,2,dispq2,Mediaan (Q2),22,R019,17. Aantal dagen klantenkrediet,_Z,1,52.93,39.75,13.18,1.3315723270440252
2018,4,T,Volledig + Verkort + Micro,2,dispq2,Mediaan (Q2),23,R020,18. Aantal dagen leverancierskrediet,_Z,1,44.49,41.14,3.3500000000000014,1.0814292659212446
2018,4,T,Volledig + Verkort + Micro,2,dispq2,Mediaan (Q2),24,R021,19. Financiële onafhankelijkheidsgraad (%),_Z,1,36.81,39.95,-3.1400000000000006,0.9214017521902378
2018,4,T,Volledig + Verkort + Micro,2,dispq2,Mediaan (Q2),25,R022,20. Aanschaffingen van materiële vaste activa / Toegevoegde waarde (%),_Z,1,17.58,15.02,2.5599999999999987,1.1704394141145138
2018,4,T,Volledig + Verkort + Micro,2,dispq2,Mediaan (Q2),26,R023,21. Vernieuwingsgraad inzake materiële vaste activa (%),_Z,1,26.2,18.62,7.579999999999998,1.4070891514500536
2018,4,T,Volledig + Verkort + Micro,3,dispnb,Aantal ondernemingen,1,R001,1. Brutoverkoopmarge (%),_Z,1,5133.0,43063.0,-37930.0,0.11919745489167034
2018,4,T,Volledig + Verkort + Micro,3,dispnb,Aantal ondernemingen,2,R002,2. Nettoverkoopmarge (%),_Z,1,5133.0,43063.0,-37930.0,0.11919745489167034
2018,4,T,Volledig + Verkort + Micro,3,dispnb,Aantal ondernemingen,3,R003,3. Toegevoegde waarde / Bedrijfsopbrengsten (%),_Z,1,5534.0,46278.0,-40744.0,0.11958165867150698
2018,4,T,Volledig + Verkort + Micro,3,dispnb,Aantal ondernemingen,4,R004,4.Toegevoegde waarde per personeelslid (in EUR),EUR,1,19131.0,128187.0,-109056.0,0.14924290294647663
2018,4,T,Volledig + Verkort + Micro,3,dispnb,Aantal ondernemingen,5,R005,5. Toegevoegde waarde / Bruto materiële vaste activa (%),_Z,1,47490.0,375843.0,-328353.0,0.12635595182030795
2018,4,T,Volledig + Verkort + Micro,3,dispnb,Aantal ondernemingen,6,R006,6. Personeelskosten / Toegevoegde waarde (%),_Z,1,23712.0,154435.0,-130723.0,0.15354032440832713
2018,4,T,Volledig + Verkort + Micro,3,dispnb,Aantal ondernemingen,7,R007,"7. Afschrijvingen, waardeverminderingen en voorzieningen voor risico's en kosten / Toegevoegde waarde (%)",_Z,1,41705.0,323405.0,-281700.0,0.12895595306195018
2018,4,T,Volledig + Verkort + Micro,3,dispnb,Aantal ondernemingen,9,R008A,8. Financiële kosten / Toegevoegde waarde (%),_Z,1,44244.0,346640.0,-302396.0,0.12763674128779137
2018,4,T,Volledig + Verkort + Micro,3,dispnb,Aantal ondernemingen,10,R009,"9. Nettorendabiliteit van het eigen vermogen, na belasting (%)",_Z,1,45721.0,354059.0,-308338.0,0.12913384492415106
2018,4,T,Volledig + Verkort + Micro,3,dispnb,Aantal ondernemingen,11,R010,10. Cashflow / Eigen vermogen (%),_Z,1,45722.0,354060.0,-308338.0,0.12913630458114445
2018,4,T,Volledig + Verkort + Micro,3,dispnb,Aantal ondernemingen,13,R011A,"11. Brutorendabiliteit van het totaal der activa, vóór belasting en financiële kosten (%)",_Z,1,51529.0,412489.0,-360960.0,0.12492211913529816
2018,4,T,Volledig + Verkort + Micro,3,dispnb,Aantal ondernemingen,15,R012A,"12. Nettorendabiliteit van het totaal der activa, vóór belasting en financiële kosten (%)",_Z,1,51528.0,412485.0,-360957.0,0.12492090621477145
2018,4,T,Volledig + Verkort + Micro,3,dispnb,Aantal ondernemingen,16,R013,13. Liquiditeit in ruime zin,_Z,1,51240.0,408875.0,-357635.0,0.12531947416692144
2018,4,T,Volledig + Verkort + Micro,3,dispnb,Aantal ondernemingen,17,R014,14. Liquiditeit in enge zin,_Z,1,51162.0,407720.0,-356558.0,0.12548317472775433
2018,4,T,Volledig + Verkort + Micro,3,dispnb,Aantal ondernemingen,22,R019,17. Aantal dagen klantenkrediet,_Z,1,5134.0,43064.0,-37930.0,0.11921790822961174
2018,4,T,Volledig + Verkort + Micro,3,dispnb,Aantal ondernemingen,23,R020,18. Aantal dagen leverancierskrediet,_Z,1,5779.0,48870.0,-43091.0,0.1182525066502967
2018,4,T,Volledig + Verkort + Micro,3,dispnb,Aantal ondernemingen,24,R021,19. Financiële onafhankelijkheidsgraad (%),_Z,1,51611.0,413264.0,-361653.0,0.12488627124549924
2018,4,T,Volledig + Verkort + Micro,3,dispnb,Aantal ondernemingen,25,R022,20. Aanschaffingen van materiële vaste activa / Toegevoegde waarde (%),_Z,1,31938.0,229674.0,-197736.0,0.1390579691214504
2018,4,T,Volledig + Verkort + Micro,3,dispnb,Aantal ondernemingen,26,R023,21. Vernieuwingsgraad inzake materiële vaste activa (%),_Z,1,30428.0,221765.0,-191337.0,0.1372083060897797
2019,1,C,Volledig,1,dispg,Gewogen gemiddelde,1,R001,1. Brutoverkoopmarge (%),_Z,1,5.93,7.41,-1.4800000000000004,0.8002699055330633
2019,1,C,Volledig,1,dispg,Gewogen gemiddelde,2,R002,2. Nettoverkoopmarge (%),_Z,1,3.91,3.59,0.3200000000000003,1.0891364902506964
2019,1,C,Volledig,1,dispg,Gewogen gemiddelde,3,R003,3. Toegevoegde waarde / Bedrijfsopbrengsten (%),_Z,1,21.66,18.87,2.789999999999999,1.1478537360890302
2019,1,C,Volledig,1,dispg,Gewogen gemiddelde,4,R004,4.Toegevoegde waarde per personeelslid (in EUR),EUR,1,82640.39,114274.48,-31634.089999999997,0.7231745005534044
2019,1,C,Volledig,1,dispg,Gewogen gemiddelde,5,R005,5. Toegevoegde waarde / Bruto materiële vaste activa (%),_Z,1,45.67,33.23,12.440000000000005,1.3743605176045743
2019,1,C,Volledig,1,dispg,Gewogen gemiddelde,6,R006,6. Personeelskosten / Toegevoegde waarde (%),_Z,1,73.84,58.11,15.730000000000004,1.2706935123042506
2019,1,C,Volledig,1,dispg,Gewogen gemiddelde,7,R007,"7. Afschrijvingen, waardeverminderingen en voorzieningen voor risico's en kosten / Toegevoegde waarde (%)",_Z,1,9.26,21.11,-11.85,0.4386546660350545
2019,1,C,Volledig,1,dispg,Gewogen gemiddelde,8,R008C,8. Kosten van de schulden / Toegevoegde waarde (%),_Z,1,4.8,9.04,-4.239999999999999,0.5309734513274337
2019,1,C,Volledig,1,dispg,Gewogen gemiddelde,10,R009,"9. Nettorendabiliteit van het eigen vermogen, na belasting (%)",_Z,1,7.66,7.66,0.0,1.0
2019,1,C,Volledig,1,dispg,Gewogen gemiddelde,11,R010,10. Cashflow / Eigen vermogen (%),_Z,1,14.0,12.78,1.2200000000000006,1.0954616588419406
2019,1,C,Volledig,1,dispg,Gewogen gemiddelde,12,R011C,"11. Brutorendabiliteit van het totaal der activa, vóór belasting en kosten van schulden (%)",_Z,1,6.88,7.13,-0.25,0.9649368863955119
2019,1,C,Volledig,1,dispg,Gewogen gemiddelde,14,R012C,"12. Nettorendabiliteit van het totaal der activa, vóór belasting en kosten van schulden (%)",_Z,1,4.55,4.75,-0.20000000000000018,0.9578947368421052
2019,1,C,Volledig,1,dispg,Gewogen gemiddelde,16,R013,13. Liquiditeit in ruime zin,_Z,1,1.43,1.27,0.15999999999999992,1.125984251968504
2019,1,C,Volledig,1,dispg,Gewogen gemiddelde,17,R014,14. Liquiditeit in enge zin,_Z,1,1.16,1.11,0.04999999999999982,1.0450450450450448
2019,1,C,Volledig,1,dispg,Gewogen gemiddelde,18,R015,"15.1 Rotatie van de voorraad handelsgoederen, grond- en hulpstoffen (voor alle sectoren uitgezonderd de bouwnijverheid)",_Z,1,0.89,7.76,-6.87,0.11469072164948454
2019,1,C,Volledig,1,dispg,Gewogen gemiddelde,19,R016,"15.2 Rotatie van de voorraad handelsgoederen, grond- en hulpstoffen (enkel voor de sector van de bouwnijverheid)",_Z,1,36.18,8.53,27.65,4.241500586166471
2019,1,C,Volledig,1,dispg,Gewogen gemiddelde,20,R017,16.1 Rotatie van de voorraad goederen in bewerking en gereed product (voor alle sectoren uitgezonderd de bouwnijverheid),_Z,1,4.15,36.22,-32.07,0.11457758144671454
2019,1,C,Volledig,1,dispg,Gewogen gemiddelde,21,R018,16.2 Rotatie van de voorraad goederen in bewerking en gereed product (enkel voor de sector van de bouwnijverheid),_Z,1,5.67,28.25,-22.58,0.2007079646017699
2019,1,C,Volledig,1,dispg,Gewogen gemiddelde,22,R019,17. Aantal dagen klantenkrediet,_Z,1,85.65,56.5,29.150000000000006,1.515929203539823
2019,1,C,Volledig,1,dispg,Gewogen gemiddelde,23,R020,18. Aantal dagen leverancierskrediet,_Z,1,86.54,63.89,22.650000000000006,1.3545155736421977
2019,1,C,Volledig,1,dispg,Gewogen gemiddelde,24,R021,19. Financiële onafhankelijkheidsgraad (%),_Z,1,36.22,46.66,-10.439999999999998,0.7762537505357908
2019,1,C,Volledig,1,dispg,Gewogen gemiddelde,25,R022,20. Aanschaffingen van materiële vaste activa / Toegevoegde waarde (%),_Z,1,17.29,24.45,-7.16,0.7071574642126789
2019,1,C,Volledig,1,dispg,Gewogen gemiddelde,26,R023,21. Vernieuwingsgraad inzake materiële vaste activa (%),_Z,1,19.77,18.46,1.3099999999999987,1.070964247020585
2019,1,C,Volledig,2,dispq2,Mediaan (Q2),1,R001,1. Brutoverkoopmarge (%),_Z,1,5.54,6.37,-0.8300000000000001,0.869701726844584
2019,1,C,Volledig,2,dispq2,Mediaan (Q2),2,R002,2. Nettoverkoopmarge (%),_Z,1,3.22,3.35,-0.1299999999999999,0.9611940298507463
2019,1,C,Volledig,2,dispq2,Mediaan (Q2),3,R003,3. Toegevoegde waarde / Bedrijfsopbrengsten (%),_Z,1,24.5,26.48,-1.9800000000000004,0.925226586102719
2019,1,C,Volledig,2,dispq2,Mediaan (Q2),4,R004,4.Toegevoegde waarde per personeelslid (in EUR),EUR,1,74200.45,90050.15,-15849.699999999997,0.8239902987390915
2019,1,C,Volledig,2,dispq2,Mediaan (Q2),5,R005,5. Toegevoegde waarde / Bruto materiële vaste activa (%),_Z,1,88.7,61.83,26.870000000000005,1.4345786834869805
2019,1,C,Volledig,2,dispq2,Mediaan (Q2),6,R006,6. Personeelskosten / Toegevoegde waarde (%),_Z,1,77.58,69.67,7.909999999999997,1.1135352375484426
2019,1,C,Volledig,2,dispq2,Mediaan (Q2),7,R007,"7. Afschrijvingen, waardeverminderingen en voorzieningen voor risico's en kosten / Toegevoegde waarde (%)",_Z,1,7.05,10.29,-3.2399999999999993,0.685131195335277
2019,1,C,Volledig,2,dispq2,Mediaan (Q2),8,R008C,8. Kosten van de schulden / Toegevoegde waarde (%),_Z,1,1.29,1.96,-0.6699999999999999,0.6581632653061225
2019,1,C,Volledig,2,dispq2,Mediaan (Q2),10,R009,"9. Nettorendabiliteit van het eigen vermogen, na belasting (%)",_Z,1,8.17,6.63,1.54,1.2322775263951735
2019,1,C,Volledig,2,dispq2,Mediaan (Q2),11,R010,10. Cashflow / Eigen vermogen (%),_Z,1,17.55,15.05,2.5,1.1661129568106312
2019,1,C,Volledig,2,dispq2,Mediaan (Q2),12,R011C,"11. Brutorendabiliteit van het totaal der activa, vóór belasting en kosten van schulden (%)",_Z,1,6.53,7.16,-0.6299999999999999,0.9120111731843575
2019,1,C,Volledig,2,dispq2,Mediaan (Q2),14,R012C,"12. Nettorendabiliteit van het totaal der activa, vóór belasting en kosten van schulden (%)",_Z,1,3.85,3.87,-0.020000000000000018,0.9948320413436692
2019,1,C,Volledig,2,dispq2,Mediaan (Q2),16,R013,13. Liquiditeit in ruime zin,_Z,1,1.35,1.33,0.020000000000000018,1.0150375939849625
2019,1,C,Volledig,2,dispq2,Mediaan (Q2),17,R014,14. Liquiditeit in enge zin,_Z,1,1.09,1.1,-0.010000000000000009,0.9909090909090909
2019,1,C,Volledig,2,dispq2,Mediaan (Q2),18,R015,"15.1 Rotatie van de voorraad handelsgoederen, grond- en hulpstoffen (voor alle sectoren uitgezonderd de bouwnijverheid)",_Z,1,0.0,6.86,-6.86,0.0
2019,1,C,Volledig,2,dispq2,Mediaan (Q2),19,R016,"15.2 Rotatie van de voorraad handelsgoederen, grond- en hulpstoffen (enkel voor de sector van de bouwnijverheid)",_Z,1,38.59,38.59,0.0,1.0
2019,1,C,Volledig,2,dispq2,Mediaan (Q2),20,R017,16.1 Rotatie van de voorraad goederen in bewerking en gereed product (voor alle sectoren uitgezonderd de bouwnijverheid),_Z,1,0.0,18.96,-18.96,0.0
2019,1,C,Volledig,2,dispq2,Mediaan (Q2),21,R018,16.2 Rotatie van de voorraad goederen in bewerking en gereed product (enkel voor de sector van de bouwnijverheid),_Z,1,14.61,14.61,0.0,1.0
2019,1,C,Volledig,2,dispq2,Mediaan (Q2),22,R019,17. Aantal dagen klantenkrediet,_Z,1,65.99,47.52,18.46999999999999,1.388678451178451
2019,1,C,Volledig,2,dispq2,Mediaan (Q2),23,R020,18. Aantal dagen leverancierskrediet,_Z,1,70.83,55.31,15.519999999999996,1.280600253118785
2019,1,C,Volledig,2,dispq2,Mediaan (Q2),24,R021,19. Financiële onafhankelijkheidsgraad (%),_Z,1,30.87,40.42,-9.55,0.7637308263236021
2019,1,C,Volledig,2,dispq2,Mediaan (Q2),25,R022,20. Aanschaffingen van materiële vaste activa / Toegevoegde waarde (%),_Z,1,6.04,6.67,-0.6299999999999999,0.9055472263868066
2019,1,C,Volledig,2,dispq2,Mediaan (Q2),26,R023,21. Vernieuwingsgraad inzake materiële vaste activa (%),_Z,1,24.27,20.61,3.66,1.1775836972343523
2019,1,C,Volledig,3,dispnb,Aantal ondernemingen,1,R001,1. Brutoverkoopmarge (%),_Z,1,1308.0,17067.0,-15759.0,0.07663912814202847
2019,1,C,Volledig,3,dispnb,Aantal ondernemingen,2,R002,2. Nettoverkoopmarge (%),_Z,1,1308.0,17066.0,-15758.0,0.07664361889136294
2019,1,C,Volledig,3,dispnb,Aantal ondernemingen,3,R003,3. Toegevoegde waarde / Bedrijfsopbrengsten (%),_Z,1,1326.0,17099.0,-15773.0,0.07754839464296158
2019,1,C,Volledig,3,dispnb,Aantal ondernemingen,4,R004,4.Toegevoegde waarde per personeelslid (in EUR),EUR,1,919.0,12728.0,-11809.0,0.07220301697045883
2019,1,C,Volledig,3,dispnb,Aantal ondernemingen,5,R005,5. Toegevoegde waarde / Bruto materiële vaste activa (%),_Z,1,1142.0,15481.0,-14339.0,0.07376784445449261
2019,1,C,Volledig,3,dispnb,Aantal ondernemingen,6,R006,6. Personeelskosten / Toegevoegde waarde (%),_Z,1,936.0,12977.0,-12041.0,0.07212761038760884
2019,1,C,Volledig,3,dispnb,Aantal ondernemingen,7,R007,"7. Afschrijvingen, waardeverminderingen en voorzieningen voor risico's en kosten / Toegevoegde waarde (%)",_Z,1,1063.0,14410.0,-13347.0,0.07376821651630812
2019,1,C,Volledig,3,dispnb,Aantal ondernemingen,8,R008C,8. Kosten van de schulden / Toegevoegde waarde (%),_Z,1,1080.0,13769.0,-12689.0,0.07843706877768901
2019,1,C,Volledig,3,dispnb,Aantal ondernemingen,10,R009,"9. Nettorendabiliteit van het eigen vermogen, na belasting (%)",_Z,1,1312.0,17018.0,-15706.0,0.0770948407568457
2019,1,C,Volledig,3,dispnb,Aantal ondernemingen,11,R010,10. Cashflow / Eigen vermogen (%),_Z,1,1312.0,17062.0,-15750.0,0.0768960262571797
2019,1,C,Volledig,3,dispnb,Aantal ondernemingen,12,R011C,"11. Brutorendabiliteit van het totaal der activa, vóór belasting en kosten van schulden (%)",_Z,1,1397.0,18259.0,-16862.0,0.07651021414097157
2019,1,C,Volledig,3,dispnb,Aantal ondernemingen,14,R012C,"12. Nettorendabiliteit van het totaal der activa, vóór belasting en kosten van schulden (%)",_Z,1,1396.0,18251.0,-16855.0,0.07648895950906799
2019,1,C,Volledig,3,dispnb,Aantal ondernemingen,16,R013,13. Liquiditeit in ruime zin,_Z,1,1391.0,18169.0,-16778.0,0.07655897407672409
2019,1,C,Volledig,3,dispnb,Aantal ondernemingen,17,R014,14. Liquiditeit in enge zin,_Z,1,1389.0,18136.0,-16747.0,0.07658800176444641
2019,1,C,Volledig,3,dispnb,Aantal ondernemingen,18,R015,"15.1 Rotatie van de voorraad handelsgoederen, grond- en hulpstoffen (voor alle sectoren uitgezonderd de bouwnijverheid)",_Z,1,0.0,6351.0,-6351.0,0.0
2019,1,C,Volledig,3,dispnb,Aantal ondernemingen,19,R016,"15.2 Rotatie van de voorraad handelsgoederen, grond- en hulpstoffen (enkel voor de sector van de bouwnijverheid)",_Z,1,656.0,656.0,0.0,1.0
2019,1,C,Volledig,3,dispnb,Aantal ondernemingen,20,R017,16.1 Rotatie van de voorraad goederen in bewerking en gereed product (voor alle sectoren uitgezonderd de bouwnijverheid),_Z,1,0.0,1843.0,-1843.0,0.0
2019,1,C,Volledig,3,dispnb,Aantal ondernemingen,21,R018,16.2 Rotatie van de voorraad goederen in bewerking en gereed product (enkel voor de sector van de bouwnijverheid),_Z,1,588.0,588.0,0.0,1.0
2019,1,C,Volledig,3,dispnb,Aantal ondernemingen,22,R019,17. Aantal dagen klantenkrediet,_Z,1,1342.0,17190.0,-15848.0,0.07806864456079116
2019,1,C,Volledig,3,dispnb,Aantal ondernemingen,23,R020,18. Aantal dagen leverancierskrediet,_Z,1,1395.0,18185.0,-16790.0,0.076711575474292
2019,1,C,Volledig,3,dispnb,Aantal ondernemingen,24,R021,19. Financiële onafhankelijkheidsgraad (%),_Z,1,1397.0,18250.0,-16853.0,0.07654794520547945
2019,1,C,Volledig,3,dispnb,Aantal ondernemingen,25,R022,20. Aanschaffingen van materiële vaste activa / Toegevoegde waarde (%),_Z,1,912.0,11995.0,-11083.0,0.0760316798666111
2019,1,C,Volledig,3,dispnb,Aantal ondernemingen,26,R023,21. Vernieuwingsgraad inzake materiële vaste activa (%),_Z,1,913.0,12200.0,-11287.0,0.0748360655737705
2019,2,A,Verkort,1,dispg,Gewogen gemiddelde,1,R001,1. Brutoverkoopmarge (%),_Z,1,9.79,10.06,-0.27000000000000135,0.9731610337972165
2019,2,A,Verkort,1,dispg,Gewogen gemiddelde,2,R002,2. Nettoverkoopmarge (%),_Z,1,5.82,4.76,1.0600000000000005,1.2226890756302522
2019,2,A,Verkort,1,dispg,Gewogen gemiddelde,3,R003,3. Toegevoegde waarde / Bedrijfsopbrengsten (%),_Z,1,25.44,27.98,-2.539999999999999,0.9092208720514654
2019,2,A,Verkort,1,dispg,Gewogen gemiddelde,4,R004,4.Toegevoegde waarde per personeelslid (in EUR),EUR,1,74871.66,75099.41,-227.75,0.9969673530058358
2019,2,A,Verkort,1,dispg,Gewogen gemiddelde,5,R005,5. Toegevoegde waarde / Bruto materiële vaste activa (%),_Z,1,42.9,30.71,12.189999999999998,1.396939107782481
2019,2,A,Verkort,1,dispg,Gewogen gemiddelde,6,R006,6. Personeelskosten / Toegevoegde waarde (%),_Z,1,65.35,62.92,2.4299999999999926,1.0386204704386521
2019,2,A,Verkort,1,dispg,Gewogen gemiddelde,7,R007,"7. Afschrijvingen, waardeverminderingen en voorzieningen voor risico's en kosten / Toegevoegde waarde (%)",_Z,1,14.97,19.17,-4.200000000000001,0.7809076682316118
2019,2,A,Verkort,1,dispg,Gewogen gemiddelde,9,R008A,8. Financiële kosten / Toegevoegde waarde (%),_Z,1,5.2,7.16,-1.96,0.7262569832402235
2019,2,A,Verkort,1,dispg,Gewogen gemiddelde,10,R009,"9. Nettorendabiliteit van het eigen vermogen, na belasting (%)",_Z,1,11.63,8.97,2.66,1.2965440356744704
2019,2,A,Verkort,1,dispg,Gewogen gemiddelde,11,R010,10. Cashflow / Eigen vermogen (%),_Z,1,22.65,15.93,6.719999999999999,1.4218455743879472
2019,2,A,Verkort,1,dispg,Gewogen gemiddelde,13,R011A,"11. Brutorendabiliteit van het totaal der activa, vóór belasting en financiële kosten (%)",_Z,1,10.68,9.58,1.0999999999999996,1.11482254697286
2019,2,A,Verkort,1,dispg,Gewogen gemiddelde,15,R012A,"12. Nettorendabiliteit van het totaal der activa, vóór belasting en financiële kosten (%)",_Z,1,6.89,6.4,0.4899999999999993,1.0765624999999999
2019,2,A,Verkort,1,dispg,Gewogen gemiddelde,16,R013,13. Liquiditeit in ruime zin,_Z,1,1.39,1.32,0.06999999999999984,1.053030303030303
2019,2,A,Verkort,1,dispg,Gewogen gemiddelde,17,R014,14. Liquiditeit in enge zin,_Z,1,0.89,1.09,-0.20000000000000007,0.8165137614678899
2019,2,A,Verkort,1,dispg,Gewogen gemiddelde,22,R019,17. Aantal dagen klantenkrediet,_Z,1,68.93,59.11,9.820000000000007,1.1661309423109458
2019,2,A,Verkort,1,dispg,Gewogen gemiddelde,23,R020,18. Aantal dagen leverancierskrediet,_Z,1,67.26,76.92,-9.659999999999997,0.874414976599064
2019,2,A,Verkort,1,dispg,Gewogen gemiddelde,24,R021,19. Financiële onafhankelijkheidsgraad (%),_Z,1,34.16,46.02,-11.860000000000007,0.7422859626249455
2019,2,A,Verkort,1,dispg,Gewogen gemiddelde,25,R022,20. Aanschaffingen van materiële vaste activa / Toegevoegde waarde (%),_Z,1,26.14,33.29,-7.149999999999999,0.7852207870231301
2019,2,A,Verkort,1,dispg,Gewogen gemiddelde,26,R023,21. Vernieuwingsgraad inzake materiële vaste activa (%),_Z,1,22.69,18.59,4.100000000000001,1.2205486820871436
2019,2,A,Verkort,2,dispq2,Mediaan (Q2),1,R001,1. Brutoverkoopmarge (%),_Z,1,7.95,9.28,-1.3299999999999992,0.8566810344827587
2019,2,A,Verkort,2,dispq2,Mediaan (Q2),2,R002,2. Nettoverkoopmarge (%),_Z,1,4.02,3.82,0.19999999999999973,1.0523560209424083
2019,2,A,Verkort,2,dispq2,Mediaan (Q2),3,R003,3. Toegevoegde waarde / Bedrijfsopbrengsten (%),_Z,1,18.31,26.01,-7.700000000000003,0.7039600153787005
2019,2,A,Verkort,2,dispq2,Mediaan (Q2),4,R004,4.Toegevoegde waarde per personeelslid (in EUR),EUR,1,70722.5,74312.66,-3590.1600000000035,0.9516884471636461
2019,2,A,Verkort,2,dispq2,Mediaan (Q2),5,R005,5. Toegevoegde waarde / Bruto materiële vaste activa (%),_Z,1,47.34,33.84,13.5,1.3989361702127658
2019,2,A,Verkort,2,dispq2,Mediaan (Q2),6,R006,6. Personeelskosten / Toegevoegde waarde (%),_Z,1,65.65,60.54,5.1100000000000065,1.084407003633961
2019,2,A,Verkort,2,dispq2,Mediaan (Q2),7,R007,"7. Afschrijvingen, waardeverminderingen en voorzieningen voor risico's en kosten / Toegevoegde waarde (%)",_Z,1,14.97,18.68,-3.709999999999999,0.8013918629550322
2019,2,A,Verkort,2,dispq2,Mediaan (Q2),9,R008A,8. Financiële kosten / Toegevoegde waarde (%),_Z,1,2.97,3.62,-0.6499999999999999,0.8204419889502763
2019,2,A,Verkort,2,dispq2,Mediaan (Q2),10,R009,"9. Nettorendabiliteit van het eigen vermogen, na belasting (%)",_Z,1,10.41,9.24,1.17,1.1266233766233766
2019,2,A,Verkort,2,dispq2,Mediaan (Q2),11,R010,10. Cashflow / Eigen vermogen (%),_Z,1,26.1,22.01,4.09,1.185824625170377
2019,2,A,Verkort,2,dispq2,Mediaan (Q2),13,R011A,"11. Brutorendabiliteit van het totaal der activa, vóór belasting en financiële kosten (%)",_Z,1,11.64,10.39,1.25,1.120307988450433
2019,2,A,Verkort,2,dispq2,Mediaan (Q2),15,R012A,"12. Nettorendabiliteit van het totaal der activa, vóór belasting en financiële kosten (%)",_Z,1,5.74,5.24,0.5,1.0954198473282444
2019,2,A,Verkort,2,dispq2,Mediaan (Q2),16,R013,13. Liquiditeit in ruime zin,_Z,1,1.48,1.35,0.1299999999999999,1.096296296296296
2019,2,A,Verkort,2,dispq2,Mediaan (Q2),17,R014,14. Liquiditeit in enge zin,_Z,1,1.21,1.1,0.10999999999999988,1.0999999999999999
2019,2,A,Verkort,2,dispq2,Mediaan (Q2),22,R019,17. Aantal dagen klantenkrediet,_Z,1,48.23,30.42,17.809999999999995,1.5854700854700854
2019,2,A,Verkort,2,dispq2,Mediaan (Q2),23,R020,18. Aantal dagen leverancierskrediet,_Z,1,42.56,33.99,8.57,1.25213298028832
2019,2,A,Verkort,2,dispq2,Mediaan (Q2),24,R021,19. Financiële onafhankelijkheidsgraad (%),_Z,1,34.41,37.51,-3.1000000000000014,0.9173553719008264
2019,2,A,Verkort,2,dispq2,Mediaan (Q2),25,R022,20. Aanschaffingen van materiële vaste activa / Toegevoegde waarde (%),_Z,1,12.63,11.97,0.6600000000000001,1.055137844611529
2019,2,A,Verkort,2,dispq2,Mediaan (Q2),26,R023,21. Vernieuwingsgraad inzake materiële vaste activa (%),_Z,1,24.66,18.23,6.43,1.3527153044432254
2019,2,A,Verkort,3,dispnb,Aantal ondernemingen,1,R001,1. Brutoverkoopmarge (%),_Z,1,1489.0,10947.0,-9458.0,0.1360190006394446
2019,2,A,Verkort,3,dispnb,Aantal ondernemingen,2,R002,2. Nettoverkoopmarge (%),_Z,1,1489.0,10946.0,-9457.0,0.13603142700529874
2019,2,A,Verkort,3,dispnb,Aantal ondernemingen,3,R003,3. Toegevoegde waarde / Bedrijfsopbrengsten (%),_Z,1,1583.0,11731.0,-10148.0,0.1349416077060779
2019,2,A,Verkort,3,dispnb,Aantal ondernemingen,4,R004,4.Toegevoegde waarde per personeelslid (in EUR),EUR,1,8969.0,63302.0,-54333.0,0.14168588670184196
2019,2,A,Verkort,3,dispnb,Aantal ondernemingen,5,R005,5. Toegevoegde waarde / Bruto materiële vaste activa (%),_Z,1,15359.0,125953.0,-110594.0,0.12194231181472454
2019,2,A,Verkort,3,dispnb,Aantal ondernemingen,6,R006,6. Personeelskosten / Toegevoegde waarde (%),_Z,1,10046.0,70825.0,-60779.0,0.14184256971408402
2019,2,A,Verkort,3,dispnb,Aantal ondernemingen,7,R007,"7. Afschrijvingen, waardeverminderingen en voorzieningen voor risico's en kosten / Toegevoegde waarde (%)",_Z,1,13891.0,111619.0,-97728.0,0.12445013841729455
2019,2,A,Verkort,3,dispnb,Aantal ondernemingen,9,R008A,8. Financiële kosten / Toegevoegde waarde (%),_Z,1,14876.0,120542.0,-105666.0,0.12340926813890594
2019,2,A,Verkort,3,dispnb,Aantal ondernemingen,10,R009,"9. Nettorendabiliteit van het eigen vermogen, na belasting (%)",_Z,1,15411.0,123580.0,-108169.0,0.124704644764525
2019,2,A,Verkort,3,dispnb,Aantal ondernemingen,11,R010,10. Cashflow / Eigen vermogen (%),_Z,1,15416.0,123657.0,-108241.0,0.12466742683390346
2019,2,A,Verkort,3,dispnb,Aantal ondernemingen,13,R011A,"11. Brutorendabiliteit van het totaal der activa, vóór belasting en financiële kosten (%)",_Z,1,17042.0,139911.0,-122869.0,0.12180600524619223
2019,2,A,Verkort,3,dispnb,Aantal ondernemingen,15,R012A,"12. Nettorendabiliteit van het totaal der activa, vóór belasting en financiële kosten (%)",_Z,1,17042.0,139902.0,-122860.0,0.12181384111735358
2019,2,A,Verkort,3,dispnb,Aantal ondernemingen,16,R013,13. Liquiditeit in ruime zin,_Z,1,16960.0,138861.0,-121901.0,0.12213652501422285
2019,2,A,Verkort,3,dispnb,Aantal ondernemingen,17,R014,14. Liquiditeit in enge zin,_Z,1,16930.0,138504.0,-121574.0,0.12223473690290533
2019,2,A,Verkort,3,dispnb,Aantal ondernemingen,22,R019,17. Aantal dagen klantenkrediet,_Z,1,1489.0,10948.0,-9459.0,0.13600657654366094
2019,2,A,Verkort,3,dispnb,Aantal ondernemingen,23,R020,18. Aantal dagen leverancierskrediet,_Z,1,1645.0,12238.0,-10593.0,0.13441738846216703
2019,2,A,Verkort,3,dispnb,Aantal ondernemingen,24,R021,19. Financiële onafhankelijkheidsgraad (%),_Z,1,17054.0,140044.0,-122990.0,0.12177601325297764
2019,2,A,Verkort,3,dispnb,Aantal ondernemingen,25,R022,20. Aanschaffingen van materiële vaste activa / Toegevoegde waarde (%),_Z,1,11217.0,83178.0,-71961.0,0.13485537041044507
2019,2,A,Verkort,3,dispnb,Aantal ondernemingen,26,R023,21. Vernieuwingsgraad inzake materiële vaste activa (%),_Z,1,11022.0,82332.0,-71310.0,0.13387261332167322
2019,3,M,Micro,1,dispg,Gewogen gemiddelde,1,R001,1. Brutoverkoopmarge (%),_Z,1,9.13,12.86,-3.7299999999999986,0.7099533437013997
2019,3,M,Micro,1,dispg,Gewogen gemiddelde,2,R002,2. Nettoverkoopmarge (%),_Z,1,5.06,6.92,-1.8600000000000003,0.7312138728323699
2019,3,M,Micro,1,dispg,Gewogen gemiddelde,3,R003,3. Toegevoegde waarde / Bedrijfsopbrengsten (%),_Z,1,18.28,25.72,-7.439999999999998,0.7107309486780716
2019,3,M,Micro,1,dispg,Gewogen gemiddelde,4,R004,4.Toegevoegde waarde per personeelslid (in EUR),EUR,1,65300.55,65227.52,73.03000000000611,1.0011196194489689
2019,3,M,Micro,1,dispg,Gewogen gemiddelde,5,R005,5. Toegevoegde waarde / Bruto materiële vaste activa (%),_Z,1,28.32,20.88,7.440000000000001,1.35632183908046
2019,3,M,Micro,1,dispg,Gewogen gemiddelde,6,R006,6. Personeelskosten / Toegevoegde waarde (%),_Z,1,59.85,55.16,4.690000000000005,1.08502538071066
2019,3,M,Micro,1,dispg,Gewogen gemiddelde,7,R007,"7. Afschrijvingen, waardeverminderingen en voorzieningen voor risico's en kosten / Toegevoegde waarde (%)",_Z,1,24.24,26.57,-2.330000000000002,0.9123071132856605
2019,3,M,Micro,1,dispg,Gewogen gemiddelde,9,R008A,8. Financiële kosten / Toegevoegde waarde (%),_Z,1,5.93,7.37,-1.4400000000000004,0.8046132971506106
2019,3,M,Micro,1,dispg,Gewogen gemiddelde,10,R009,"9. Nettorendabiliteit van het eigen vermogen, na belasting (%)",_Z,1,11.34,10.58,0.7599999999999998,1.0718336483931947
2019,3,M,Micro,1,dispg,Gewogen gemiddelde,11,R010,10. Cashflow / Eigen vermogen (%),_Z,1,26.16,20.47,5.690000000000001,1.2779677576941868
2019,3,M,Micro,1,dispg,Gewogen gemiddelde,13,R011A,"11. Brutorendabiliteit van het totaal der activa, vóór belasting en financiële kosten (%)",_Z,1,12.52,12.34,0.17999999999999972,1.0145867098865478
2019,3,M,Micro,1,dispg,Gewogen gemiddelde,15,R012A,"12. Nettorendabiliteit van het totaal der activa, vóór belasting en financiële kosten (%)",_Z,1,7.23,8.01,-0.7799999999999994,0.902621722846442
2019,3,M,Micro,1,dispg,Gewogen gemiddelde,16,R013,13. Liquiditeit in ruime zin,_Z,1,1.42,1.37,0.04999999999999982,1.0364963503649633
2019,3,M,Micro,1,dispg,Gewogen gemiddelde,17,R014,14. Liquiditeit in enge zin,_Z,1,1.05,1.18,-0.1299999999999999,0.8898305084745763
2019,3,M,Micro,1,dispg,Gewogen gemiddelde,22,R019,17. Aantal dagen klantenkrediet,_Z,1,58.01,49.17,8.839999999999996,1.1797844213951596
2019,3,M,Micro,1,dispg,Gewogen gemiddelde,23,R020,18. Aantal dagen leverancierskrediet,_Z,1,50.03,53.0,-2.969999999999999,0.9439622641509434
2019,3,M,Micro,1,dispg,Gewogen gemiddelde,24,R021,19. Financiële onafhankelijkheidsgraad (%),_Z,1,35.2,43.5,-8.299999999999997,0.8091954022988507
2019,3,M,Micro,1,dispg,Gewogen gemiddelde,25,R022,20. Aanschaffingen van materiële vaste activa / Toegevoegde waarde (%),_Z,1,43.51,44.02,-0.5100000000000051,0.9884143571104043
2019,3,M,Micro,1,dispg,Gewogen gemiddelde,26,R023,21. Vernieuwingsgraad inzake materiële vaste activa (%),_Z,1,25.34,15.95,9.39,1.5887147335423197
2019,3,M,Micro,2,dispq2,Mediaan (Q2),1,R001,1. Brutoverkoopmarge (%),_Z,1,8.63,10.84,-2.209999999999999,0.7961254612546126
2019,3,M,Micro,2,dispq2,Mediaan (Q2),2,R002,2. Nettoverkoopmarge (%),_Z,1,4.0,4.34,-0.33999999999999986,0.9216589861751152
2019,3,M,Micro,2,dispq2,Mediaan (Q2),3,R003,3. Toegevoegde waarde / Bedrijfsopbrengsten (%),_Z,1,14.48,20.92,-6.440000000000001,0.6921606118546845
2019,3,M,Micro,2,dispq2,Mediaan (Q2),4,R004,4.Toegevoegde waarde per personeelslid (in EUR),EUR,1,65345.42,64679.19,666.2299999999959,1.010300530974491
2019,3,M,Micro,2,dispq2,Mediaan (Q2),5,R005,5. Toegevoegde waarde / Bruto materiële vaste activa (%),_Z,1,32.35,25.77,6.580000000000002,1.2553356616220412
2019,3,M,Micro,2,dispq2,Mediaan (Q2),6,R006,6. Personeelskosten / Toegevoegde waarde (%),_Z,1,54.88,50.48,4.400000000000006,1.08716323296355
2019,3,M,Micro,2,dispq2,Mediaan (Q2),7,R007,"7. Afschrijvingen, waardeverminderingen en voorzieningen voor risico's en kosten / Toegevoegde waarde (%)",_Z,1,26.41,26.22,0.19000000000000128,1.0072463768115942
2019,3,M,Micro,2,dispq2,Mediaan (Q2),9,R008A,8. Financiële kosten / Toegevoegde waarde (%),_Z,1,3.59,3.5,0.08999999999999986,1.0257142857142856
2019,3,M,Micro,2,dispq2,Mediaan (Q2),10,R009,"9. Nettorendabiliteit van het eigen vermogen, na belasting (%)",_Z,1,11.4,11.43,-0.02999999999999936,0.9973753280839895
2019,3,M,Micro,2,dispq2,Mediaan (Q2),11,R010,10. Cashflow / Eigen vermogen (%),_Z,1,30.1,25.34,4.760000000000002,1.1878453038674033
2019,3,M,Micro,2,dispq2,Mediaan (Q2),13,R011A,"11. Brutorendabiliteit van het totaal der activa, vóór belasting en financiële kosten (%)",_Z,1,14.78,13.72,1.0599999999999987,1.0772594752186588
2019,3,M,Micro,2,dispq2,Mediaan (Q2),15,R012A,"12. Nettorendabiliteit van het totaal der activa, vóór belasting en financiële kosten (%)",_Z,1,6.87,6.8,0.07000000000000028,1.0102941176470588
2019,3,M,Micro,2,dispq2,Mediaan (Q2),16,R013,13. Liquiditeit in ruime zin,_Z,1,1.6,1.56,0.040000000000000036,1.0256410256410258
2019,3,M,Micro,2,dispq2,Mediaan (Q2),17,R014,14. Liquiditeit in enge zin,_Z,1,1.4,1.36,0.039999999999999813,1.0294117647058822
2019,3,M,Micro,2,dispq2,Mediaan (Q2),22,R019,17. Aantal dagen klantenkrediet,_Z,1,40.13,23.14,16.990000000000002,1.7342264477095939
2019,3,M,Micro,2,dispq2,Mediaan (Q2),23,R020,18. Aantal dagen leverancierskrediet,_Z,1,25.75,18.7,7.050000000000001,1.3770053475935828
2019,3,M,Micro,2,dispq2,Mediaan (Q2),24,R021,19. Financiële onafhankelijkheidsgraad (%),_Z,1,40.4,44.36,-3.960000000000001,0.9107303877366997
2019,3,M,Micro,2,dispq2,Mediaan (Q2),25,R022,20. Aanschaffingen van materiële vaste activa / Toegevoegde waarde (%),_Z,1,25.26,18.95,6.310000000000002,1.3329815303430081
2019,3,M,Micro,2,dispq2,Mediaan (Q2),26,R023,21. Vernieuwingsgraad inzake materiële vaste activa (%),_Z,1,30.85,20.47,10.380000000000003,1.507083536883244
2019,3,M,Micro,3,dispnb,Aantal ondernemingen,1,R001,1. Brutoverkoopmarge (%),_Z,1,2161.0,12901.0,-10740.0,0.16750639485311217
2019,3,M,Micro,3,dispnb,Aantal ondernemingen,2,R002,2. Nettoverkoopmarge (%),_Z,1,2161.0,12901.0,-10740.0,0.16750639485311217
2019,3,M,Micro,3,dispnb,Aantal ondernemingen,3,R003,3. Toegevoegde waarde / Bedrijfsopbrengsten (%),_Z,1,2375.0,14091.0,-11716.0,0.16854729969484067
2019,3,M,Micro,3,dispnb,Aantal ondernemingen,4,R004,4.Toegevoegde waarde per personeelslid (in EUR),EUR,1,8775.0,49369.0,-40594.0,0.17774311815106647
2019,3,M,Micro,3,dispnb,Aantal ondernemingen,5,R005,5. Toegevoegde waarde / Bruto materiële vaste activa (%),_Z,1,30740.0,228451.0,-197711.0,0.13455839545460516
2019,3,M,Micro,3,dispnb,Aantal ondernemingen,6,R006,6. Personeelskosten / Toegevoegde waarde (%),_Z,1,12078.0,66626.0,-54548.0,0.18128058115450424
2019,3,M,Micro,3,dispnb,Aantal ondernemingen,7,R007,"7. Afschrijvingen, waardeverminderingen en voorzieningen voor risico's en kosten / Toegevoegde waarde (%)",_Z,1,26504.0,192534.0,-166030.0,0.1376588031204878
2019,3,M,Micro,3,dispnb,Aantal ondernemingen,9,R008A,8. Financiële kosten / Toegevoegde waarde (%),_Z,1,28079.0,206519.0,-178440.0,0.13596327698662108
2019,3,M,Micro,3,dispnb,Aantal ondernemingen,10,R009,"9. Nettorendabiliteit van het eigen vermogen, na belasting (%)",_Z,1,28885.0,209264.0,-180379.0,0.13803138619160485
2019,3,M,Micro,3,dispnb,Aantal ondernemingen,11,R010,10. Cashflow / Eigen vermogen (%),_Z,1,28888.0,209310.0,-180422.0,0.13801538388036882
2019,3,M,Micro,3,dispnb,Aantal ondernemingen,13,R011A,"11. Brutorendabiliteit van het totaal der activa, vóór belasting en financiële kosten (%)",_Z,1,32875.0,247916.0,-215041.0,0.13260539860275256
2019,3,M,Micro,3,dispnb,Aantal ondernemingen,15,R012A,"12. Nettorendabiliteit van het totaal der activa, vóór belasting en financiële kosten (%)",_Z,1,32875.0,247911.0,-215036.0,0.13260807305847663
2019,3,M,Micro,3,dispnb,Aantal ondernemingen,16,R013,13. Liquiditeit in ruime zin,_Z,1,32679.0,245655.0,-212976.0,0.13302802711119252
2019,3,M,Micro,3,dispnb,Aantal ondernemingen,17,R014,14. Liquiditeit in enge zin,_Z,1,32630.0,245029.0,-212399.0,0.1331679107370964
2019,3,M,Micro,3,dispnb,Aantal ondernemingen,22,R019,17. Aantal dagen klantenkrediet,_Z,1,2162.0,12903.0,-10741.0,0.16755793226381463
2019,3,M,Micro,3,dispnb,Aantal ondernemingen,23,R020,18. Aantal dagen leverancierskrediet,_Z,1,2471.0,14798.0,-12327.0,0.16698202459791864
2019,3,M,Micro,3,dispnb,Aantal ondernemingen,24,R021,19. Financiële onafhankelijkheidsgraad (%),_Z,1,32918.0,248388.0,-215470.0,0.13252653107235454
2019,3,M,Micro,3,dispnb,Aantal ondernemingen,25,R022,20. Aanschaffingen van materiële vaste activa / Toegevoegde waarde (%),_Z,1,19627.0,131494.0,-111867.0,0.14926156326524403
2019,3,M,Micro,3,dispnb,Aantal ondernemingen,26,R023,21. Vernieuwingsgraad inzake materiële vaste activa (%),_Z,1,18354.0,125161.0,-106807.0,0.14664312365673013
2019,4,T,Volledig + Verkort + Micro,1,dispg,Gewogen gemiddelde,1,R001,1. Brutoverkoopmarge (%),_Z,1,6.32,7.77,-1.4499999999999993,0.8133848133848135
2019,4,T,Volledig + Verkort + Micro,1,dispg,Gewogen gemiddelde,2,R002,2. Nettoverkoopmarge (%),_Z,1,4.05,3.59,0.45999999999999996,1.128133704735376
2019,4,T,Volledig + Verkort + Micro,1,dispg,Gewogen gemiddelde,3,R003,3. Toegevoegde waarde / Bedrijfsopbrengsten (%),_Z,1,21.85,19.25,2.6000000000000014,1.135064935064935
2019,4,T,Volledig + Verkort + Micro,1,dispg,Gewogen gemiddelde,4,R004,4.Toegevoegde waarde per personeelslid (in EUR),EUR,1,78005.69,102905.87,-24900.179999999993,0.7580295468081656
2019,4,T,Volledig + Verkort + Micro,1,dispg,Gewogen gemiddelde,5,R005,5. Toegevoegde waarde / Bruto materiële vaste activa (%),_Z,1,41.41,31.84,9.569999999999997,1.3005653266331658
2019,4,T,Volledig + Verkort + Micro,1,dispg,Gewogen gemiddelde,6,R006,6. Personeelskosten / Toegevoegde waarde (%),_Z,1,68.65,58.06,10.590000000000003,1.1823975198070962
2019,4,T,Volledig + Verkort + Micro,1,dispg,Gewogen gemiddelde,7,R007,"7. Afschrijvingen, waardeverminderingen en voorzieningen voor risico's en kosten / Toegevoegde waarde (%)",_Z,1,13.61,20.92,-7.310000000000002,0.6505736137667303
2019,4,T,Volledig + Verkort + Micro,1,dispg,Gewogen gemiddelde,9,R008A,8. Financiële kosten / Toegevoegde waarde (%),_Z,1,6.38,13.39,-7.010000000000001,0.47647498132935023
2019,4,T,Volledig + Verkort + Micro,1,dispg,Gewogen gemiddelde,10,R009,"9. Nettorendabiliteit van het eigen vermogen, na belasting (%)",_Z,1,9.38,7.93,1.450000000000001,1.1828499369482977
2019,4,T,Volledig + Verkort + Micro,1,dispg,Gewogen gemiddelde,11,R010,10. Cashflow / Eigen vermogen (%),_Z,1,18.18,13.11,5.07,1.3867276887871853
2019,4,T,Volledig + Verkort + Micro,1,dispg,Gewogen gemiddelde,13,R011A,"11. Brutorendabiliteit van het totaal der activa, vóór belasting en financiële kosten (%)",_Z,1,9.07,7.96,1.1100000000000003,1.1394472361809045
2019,4,T,Volledig + Verkort + Micro,1,dispg,Gewogen gemiddelde,15,R012A,"12. Nettorendabiliteit van het totaal der activa, vóór belasting en financiële kosten (%)",_Z,1,5.91,5.56,0.35000000000000053,1.0629496402877698
2019,4,T,Volledig + Verkort + Micro,1,dispg,Gewogen gemiddelde,16,R013,13. Liquiditeit in ruime zin,_Z,1,1.42,1.28,0.1399999999999999,1.109375
2019,4,T,Volledig + Verkort + Micro,1,dispg,Gewogen gemiddelde,17,R014,14. Liquiditeit in enge zin,_Z,1,1.06,1.11,-0.050000000000000044,0.954954954954955
2019,4,T,Volledig + Verkort + Micro,1,dispg,Gewogen gemiddelde,22,R019,17. Aantal dagen klantenkrediet,_Z,1,95.02,65.24,29.78,1.4564684242795831
2019,4,T,Volledig + Verkort + Micro,1,dispg,Gewogen gemiddelde,23,R020,18. Aantal dagen leverancierskrediet,_Z,1,96.77,72.9,23.86999999999999,1.327434842249657
2019,4,T,Volledig + Verkort + Micro,1,dispg,Gewogen gemiddelde,24,R021,19. Financiële onafhankelijkheidsgraad (%),_Z,1,35.46,46.45,-10.990000000000002,0.7634015069967707
2019,4,T,Volledig + Verkort + Micro,1,dispg,Gewogen gemiddelde,25,R022,20. Aanschaffingen van materiële vaste activa / Toegevoegde waarde (%),_Z,1,24.36,27.29,-2.9299999999999997,0.8926346647123489
2019,4,T,Volledig + Verkort + Micro,1,dispg,Gewogen gemiddelde,26,R023,21. Vernieuwingsgraad inzake materiële vaste activa (%),_Z,1,22.18,18.2,3.9800000000000004,1.2186813186813188
2019,4,T,Volledig + Verkort + Micro,2,dispq2,Mediaan (Q2),1,R001,1. Brutoverkoopmarge (%),_Z,1,7.69,8.43,-0.7399999999999993,0.9122182680901543
2019,4,T,Volledig + Verkort + Micro,2,dispq2,Mediaan (Q2),2,R002,2. Nettoverkoopmarge (%),_Z,1,3.88,3.82,0.06000000000000005,1.0157068062827226
2019,4,T,Volledig + Verkort + Micro,2,dispq2,Mediaan (Q2),3,R003,3. Toegevoegde waarde / Bedrijfsopbrengsten (%),_Z,1,18.05,24.59,-6.539999999999999,0.7340382269215129
2019,4,T,Volledig + Verkort + Micro,2,dispq2,Mediaan (Q2),4,R004,4.Toegevoegde waarde per personeelslid (in EUR),EUR,1,68391.56,72380.04,-3988.479999999996,0.9448953053908232
2019,4,T,Volledig + Verkort + Micro,2,dispq2,Mediaan (Q2),5,R005,5. Toegevoegde waarde / Bruto materiële vaste activa (%),_Z,1,37.79,29.54,8.25,1.2792823290453623
2019,4,T,Volledig + Verkort + Micro,2,dispq2,Mediaan (Q2),6,R006,6. Personeelskosten / Toegevoegde waarde (%),_Z,1,60.99,57.6,3.3900000000000006,1.0588541666666667
2019,4,T,Volledig + Verkort + Micro,2,dispq2,Mediaan (Q2),7,R007,"7. Afschrijvingen, waardeverminderingen en voorzieningen voor risico's en kosten / Toegevoegde waarde (%)",_Z,1,21.1,22.32,-1.2199999999999989,0.9453405017921147
2019,4,T,Volledig + Verkort + Micro,2,dispq2,Mediaan (Q2),9,R008A,8. Financiële kosten / Toegevoegde waarde (%),_Z,1,3.34,3.51,-0.16999999999999993,0.9515669515669516
2019,4,T,Volledig + Verkort + Micro,2,dispq2,Mediaan (Q2),10,R009,"9. Nettorendabiliteit van het eigen vermogen, na belasting (%)",_Z,1,10.94,10.29,0.6500000000000004,1.0631681243926143
2019,4,T,Volledig + Verkort + Micro,2,dispq2,Mediaan (Q2),11,R010,10. Cashflow / Eigen vermogen (%),_Z,1,28.1,23.51,4.59,1.19523606975755
2019,4,T,Volledig + Verkort + Micro,2,dispq2,Mediaan (Q2),13,R011A,"11. Brutorendabiliteit van het totaal der activa, vóór belasting en financiële kosten (%)",_Z,1,13.3,12.02,1.2800000000000011,1.1064891846921798
2019,4,T,Volledig + Verkort + Micro,2,dispq2,Mediaan (Q2),15,R012A,"12. Nettorendabiliteit van het totaal der activa, vóór belasting en financiële kosten (%)",_Z,1,6.32,5.97,0.35000000000000053,1.0586264656616415
2019,4,T,Volledig + Verkort + Micro,2,dispq2,Mediaan (Q2),16,R013,13. Liquiditeit in ruime zin,_Z,1,1.55,1.46,0.09000000000000008,1.0616438356164384
2019,4,T,Volledig + Verkort + Micro,2,dispq2,Mediaan (Q2),17,R014,14. Liquiditeit in enge zin,_Z,1,1.31,1.24,0.07000000000000006,1.0564516129032258
2019,4,T,Volledig + Verkort + Micro,2,dispq2,Mediaan (Q2),22,R019,17. Aantal dagen klantenkrediet,_Z,1,51.61,39.68,11.93,1.3006552419354838
2019,4,T,Volledig + Verkort + Micro,2,dispq2,Mediaan (Q2),23,R020,18. Aantal dagen leverancierskrediet,_Z,1,43.91,41.22,2.6899999999999977,1.0652595827268316
2019,4,T,Volledig + Verkort + Micro,2,dispq2,Mediaan (Q2),24,R021,19. Financiële onafhankelijkheidsgraad (%),_Z,1,37.96,41.57,-3.6099999999999994,0.9131585277844599
2019,4,T,Volledig + Verkort + Micro,2,dispq2,Mediaan (Q2),25,R022,20. Aanschaffingen van materiële vaste activa / Toegevoegde waarde (%),_Z,1,18.59,15.03,3.5600000000000005,1.2368596141051231
2019,4,T,Volledig + Verkort + Micro,2,dispq2,Mediaan (Q2),26,R023,21. Vernieuwingsgraad inzake materiële vaste activa (%),_Z,1,27.88,19.59,8.29,1.4231750893312913
2019,4,T,Volledig + Verkort + Micro,3,dispnb,Aantal ondernemingen,1,R001,1. Brutoverkoopmarge (%),_Z,1,4889.0,39955.0,-35066.0,0.12236265799023902
2019,4,T,Volledig + Verkort + Micro,3,dispnb,Aantal ondernemingen,2,R002,2. Nettoverkoopmarge (%),_Z,1,4889.0,39954.0,-35065.0,0.12236572057866546
2019,4,T,Volledig + Verkort + Micro,3,dispnb,Aantal ondernemingen,3,R003,3. Toegevoegde waarde / Bedrijfsopbrengsten (%),_Z,1,5284.0,42937.0,-37653.0,0.12306402403521438
2019,4,T,Volledig + Verkort + Micro,3,dispnb,Aantal ondernemingen,4,R004,4.Toegevoegde waarde per personeelslid (in EUR),EUR,1,18702.0,125536.0,-106834.0,0.1489771858271731
2019,4,T,Volledig + Verkort + Micro,3,dispnb,Aantal ondernemingen,5,R005,5. Toegevoegde waarde / Bruto materiële vaste activa (%),_Z,1,47314.0,370627.0,-323313.0,0.1276593448399604
2019,4,T,Volledig + Verkort + Micro,3,dispnb,Aantal ondernemingen,6,R006,6. Personeelskosten / Toegevoegde waarde (%),_Z,1,23062.0,150484.0,-127422.0,0.15325217298849048
2019,4,T,Volledig + Verkort + Micro,3,dispnb,Aantal ondernemingen,7,R007,"7. Afschrijvingen, waardeverminderingen en voorzieningen voor risico's en kosten / Toegevoegde waarde (%)",_Z,1,41460.0,318621.0,-277161.0,0.1301232498799514
2019,4,T,Volledig + Verkort + Micro,3,dispnb,Aantal ondernemingen,9,R008A,8. Financiële kosten / Toegevoegde waarde (%),_Z,1,44148.0,342861.0,-298713.0,0.12876355141004664
2019,4,T,Volledig + Verkort + Micro,3,dispnb,Aantal ondernemingen,10,R009,"9. Nettorendabiliteit van het eigen vermogen, na belasting (%)",_Z,1,45608.0,349862.0,-304254.0,0.13035997050265533
2019,4,T,Volledig + Verkort + Micro,3,dispnb,Aantal ondernemingen,11,R010,10. Cashflow / Eigen vermogen (%),_Z,1,45616.0,350026.0,-304410.0,0.13032174752732653
2019,4,T,Volledig + Verkort + Micro,3,dispnb,Aantal ondernemingen,13,R011A,"11. Brutorendabiliteit van het totaal der activa, vóór belasting en financiële kosten (%)",_Z,1,51314.0,406094.0,-354780.0,0.12635990681960335
2019,4,T,Volledig + Verkort + Micro,3,dispnb,Aantal ondernemingen,15,R012A,"12. Nettorendabiliteit van het totaal der activa, vóór belasting en financiële kosten (%)",_Z,1,51314.0,406080.0,-354766.0,0.12636426319936958
2019,4,T,Volledig + Verkort + Micro,3,dispnb,Aantal ondernemingen,16,R013,13. Liquiditeit in ruime zin,_Z,1,51030.0,402685.0,-351655.0,0.12672436271527374
2019,4,T,Volledig + Verkort + Micro,3,dispnb,Aantal ondernemingen,17,R014,14. Liquiditeit in enge zin,_Z,1,50949.0,401669.0,-350720.0,0.12684324655375445
2019,4,T,Volledig + Verkort + Micro,3,dispnb,Aantal ondernemingen,22,R019,17. Aantal dagen klantenkrediet,_Z,1,4889.0,39957.0,-35068.0,0.12235653327326876
2019,4,T,Volledig + Verkort + Micro,3,dispnb,Aantal ondernemingen,23,R020,18. Aantal dagen leverancierskrediet,_Z,1,5511.0,45213.0,-39702.0,0.12188972198261562
2019,4,T,Volledig + Verkort + Micro,3,dispnb,Aantal ondernemingen,24,R021,19. Financiële onafhankelijkheidsgraad (%),_Z,1,51369.0,406682.0,-355313.0,0.12631245051416093
2019,4,T,Volledig + Verkort + Micro,3,dispnb,Aantal ondernemingen,25,R022,20. Aanschaffingen van materiële vaste activa / Toegevoegde waarde (%),_Z,1,31757.0,226716.0,-194959.0,0.14007392508689284
2019,4,T,Volledig + Verkort + Micro,3,dispnb,Aantal ondernemingen,26,R023,21. Vernieuwingsgraad inzake materiële vaste activa (%),_Z,1,30289.0,219693.0,-189404.0,0.13786966357599012
2020,1,C,Volledig,1,dispg,Gewogen gemiddelde,1,R001,1. Brutoverkoopmarge (%),_Z,1,6.06,7.66,-1.6000000000000005,0.7911227154046997
2020,1,C,Volledig,1,dispg,Gewogen gemiddelde,2,R002,2. Nettoverkoopmarge (%),_Z,1,3.53,3.29,0.23999999999999977,1.0729483282674772
2020,1,C,Volledig,1,dispg,Gewogen gemiddelde,3,R003,3. Toegevoegde waarde / Bedrijfsopbrengsten (%),_Z,1,21.91,20.07,1.8399999999999999,1.0916791230692575
2020,1,C,Volledig,1,dispg,Gewogen gemiddelde,4,R004,4.Toegevoegde waarde per personeelslid (in EUR),EUR,1,80752.45,109983.04,-29230.589999999997,0.7342263861773597
2020,1,C,Volledig,1,dispg,Gewogen gemiddelde,5,R005,5. Toegevoegde waarde / Bruto materiële vaste activa (%),_Z,1,52.34,31.06,21.280000000000005,1.685125563425628
2020,1,C,Volledig,1,dispg,Gewogen gemiddelde,6,R006,6. Personeelskosten / Toegevoegde waarde (%),_Z,1,74.69,59.72,14.969999999999999,1.250669792364367
2020,1,C,Volledig,1,dispg,Gewogen gemiddelde,7,R007,"7. Afschrijvingen, waardeverminderingen en voorzieningen voor risico's en kosten / Toegevoegde waarde (%)",_Z,1,11.59,22.74,-11.149999999999999,0.509674582233949
2020,1,C,Volledig,1,dispg,Gewogen gemiddelde,8,R008C,8. Kosten van de schulden / Toegevoegde waarde (%),_Z,1,4.97,8.78,-3.8099999999999996,0.5660592255125285
2020,1,C,Volledig,1,dispg,Gewogen gemiddelde,10,R009,"9. Nettorendabiliteit van het eigen vermogen, na belasting (%)",_Z,1,7.56,3.35,4.209999999999999,2.2567164179104475
2020,1,C,Volledig,1,dispg,Gewogen gemiddelde,11,R010,10. Cashflow / Eigen vermogen (%),_Z,1,13.41,9.43,3.9800000000000004,1.4220572640509015
2020,1,C,Volledig,1,dispg,Gewogen gemiddelde,12,R011C,"11. Brutorendabiliteit van het totaal der activa, vóór belasting en kosten van schulden (%)",_Z,1,6.63,5.54,1.0899999999999999,1.1967509025270757
2020,1,C,Volledig,1,dispg,Gewogen gemiddelde,14,R012C,"12. Nettorendabiliteit van het totaal der activa, vóór belasting en kosten van schulden (%)",_Z,1,4.45,2.65,1.8000000000000003,1.679245283018868
2020,1,C,Volledig,1,dispg,Gewogen gemiddelde,16,R013,13. Liquiditeit in ruime zin,_Z,1,1.44,1.28,0.15999999999999992,1.125
2020,1,C,Volledig,1,dispg,Gewogen gemiddelde,17,R014,14. Liquiditeit in enge zin,_Z,1,1.09,1.13,-0.039999999999999813,0.9646017699115046
2020,1,C,Volledig,1,dispg,Gewogen gemiddelde,18,R015,"15.1 Rotatie van de voorraad handelsgoederen, grond- en hulpstoffen (voor alle sectoren uitgezonderd de bouwnijverheid)",_Z,1,0.7,7.23,-6.53,0.09681881051175656
2020,1,C,Volledig,1,dispg,Gewogen gemiddelde,19,R016,"15.2 Rotatie van de voorraad handelsgoederen, grond- en hulpstoffen (enkel voor de sector van de bouwnijverheid)",_Z,1,30.27,8.07,22.2,3.7509293680297398
2020,1,C,Volledig,1,dispg,Gewogen gemiddelde,20,R017,16.1 Rotatie van de voorraad goederen in bewerking en gereed product (voor alle sectoren uitgezonderd de bouwnijverheid),_Z,1,3.42,32.96,-29.54,0.10376213592233009
2020,1,C,Volledig,1,dispg,Gewogen gemiddelde,21,R018,16.2 Rotatie van de voorraad goederen in bewerking en gereed product (enkel voor de sector van de bouwnijverheid),_Z,1,5.11,25.28,-20.17,0.20213607594936708
2020,1,C,Volledig,1,dispg,Gewogen gemiddelde,22,R019,17. Aantal dagen klantenkrediet,_Z,1,83.95,58.39,25.560000000000002,1.437746189415996
2020,1,C,Volledig,1,dispg,Gewogen gemiddelde,23,R020,18. Aantal dagen leverancierskrediet,_Z,1,88.63,69.86,18.769999999999996,1.2686802175780132
2020,1,C,Volledig,1,dispg,Gewogen gemiddelde,24,R021,19. Financiële onafhankelijkheidsgraad (%),_Z,1,37.36,47.47,-10.11,0.7870233831893828
2020,1,C,Volledig,1,dispg,Gewogen gemiddelde,25,R022,20. Aanschaffingen van materiële vaste activa / Toegevoegde waarde (%),_Z,1,15.55,22.65,-7.099999999999998,0.6865342163355409
2020,1,C,Volledig,1,dispg,Gewogen gemiddelde,26,R023,21. Vernieuwingsgraad inzake materiële vaste activa (%),_Z,1,17.78,15.67,2.110000000000001,1.1346522016592215
2020,1,C,Volledig,2,dispq2,Mediaan (Q2),1,R001,1. Brutoverkoopmarge (%),_Z,1,6.14,6.52,-0.3799999999999999,0.941717791411043
2020,1,C,Volledig,2,dispq2,Mediaan (Q2),2,R002,2. Nettoverkoopmarge (%),_Z,1,3.6,3.34,0.26000000000000023,1.0778443113772456
2020,1,C,Volledig,2,dispq2,Mediaan (Q2),3,R003,3. Toegevoegde waarde / Bedrijfsopbrengsten (%),_Z,1,24.81,26.83,-2.0199999999999996,0.9247111442415207
2020,1,C,Volledig,2,dispq2,Mediaan (Q2),4,R004,4.Toegevoegde waarde per personeelslid (in EUR),EUR,1,72376.8,88018.07,-15641.270000000004,0.8222947856048195
2020,1,C,Volledig,2,dispq2,Mediaan (Q2),5,R005,5. Toegevoegde waarde / Bruto materiële vaste activa (%),_Z,1,82.3,58.37,23.93,1.4099708754497173
2020,1,C,Volledig,2,dispq2,Mediaan (Q2),6,R006,6. Personeelskosten / Toegevoegde waarde (%),_Z,1,77.22,69.46,7.760000000000005,1.1117189749496115
2020,1,C,Volledig,2,dispq2,Mediaan (Q2),7,R007,"7. Afschrijvingen, waardeverminderingen en voorzieningen voor risico's en kosten / Toegevoegde waarde (%)",_Z,1,7.84,10.94,-3.0999999999999996,0.716636197440585
2020,1,C,Volledig,2,dispq2,Mediaan (Q2),8,R008C,8. Kosten van de schulden / Toegevoegde waarde (%),_Z,1,1.38,1.91,-0.53,0.7225130890052356
2020,1,C,Volledig,2,dispq2,Mediaan (Q2),10,R009,"9. Nettorendabiliteit van het eigen vermogen, na belasting (%)",_Z,1,6.8,5.74,1.0599999999999996,1.1846689895470381
2020,1,C,Volledig,2,dispq2,Mediaan (Q2),11,R010,10. Cashflow / Eigen vermogen (%),_Z,1,16.33,13.72,2.6099999999999977,1.1902332361516033
2020,1,C,Volledig,2,dispq2,Mediaan (Q2),12,R011C,"11. Brutorendabiliteit van het totaal der activa, vóór belasting en kosten van schulden (%)",_Z,1,6.3,6.52,-0.21999999999999975,0.9662576687116565
2020,1,C,Volledig,2,dispq2,Mediaan (Q2),14,R012C,"12. Nettorendabiliteit van het totaal der activa, vóór belasting en kosten van schulden (%)",_Z,1,3.37,3.31,0.06000000000000005,1.0181268882175227
2020,1,C,Volledig,2,dispq2,Mediaan (Q2),16,R013,13. Liquiditeit in ruime zin,_Z,1,1.39,1.37,0.019999999999999796,1.0145985401459852
2020,1,C,Volledig,2,dispq2,Mediaan (Q2),17,R014,14. Liquiditeit in enge zin,_Z,1,1.11,1.13,-0.019999999999999796,0.9823008849557524
2020,1,C,Volledig,2,dispq2,Mediaan (Q2),18,R015,"15.1 Rotatie van de voorraad handelsgoederen, grond- en hulpstoffen (voor alle sectoren uitgezonderd de bouwnijverheid)",_Z,1,0.0,6.39,-6.39,0.0
2020,1,C,Volledig,2,dispq2,Mediaan (Q2),19,R016,"15.2 Rotatie van de voorraad handelsgoederen, grond- en hulpstoffen (enkel voor de sector van de bouwnijverheid)",_Z,1,33.33,33.33,0.0,1.0
2020,1,C,Volledig,2,dispq2,Mediaan (Q2),20,R017,16.1 Rotatie van de voorraad goederen in bewerking en gereed product (voor alle sectoren uitgezonderd de bouwnijverheid),_Z,1,0.0,18.13,-18.13,0.0
2020,1,C,Volledig,2,dispq2,Mediaan (Q2),21,R018,16.2 Rotatie van de voorraad goederen in bewerking en gereed product (enkel voor de sector van de bouwnijverheid),_Z,1,13.82,13.82,0.0,1.0
2020,1,C,Volledig,2,dispq2,Mediaan (Q2),22,R019,17. Aantal dagen klantenkrediet,_Z,1,65.08,47.07,18.009999999999998,1.382621627363501
2020,1,C,Volledig,2,dispq2,Mediaan (Q2),23,R020,18. Aantal dagen leverancierskrediet,_Z,1,70.5,55.84,14.659999999999997,1.2625358166189111
2020,1,C,Volledig,2,dispq2,Mediaan (Q2),24,R021,19. Financiële onafhankelijkheidsgraad (%),_Z,1,31.18,41.53,-10.350000000000001,0.7507825668191669
2020,1,C,Volledig,2,dispq2,Mediaan (Q2),25,R022,20. Aanschaffingen van materiële vaste activa / Toegevoegde waarde (%),_Z,1,5.77,6.09,-0.3200000000000003,0.9474548440065681
2020,1,C,Volledig,2,dispq2,Mediaan (Q2),26,R023,21. Vernieuwingsgraad inzake materiële vaste activa (%),_Z,1,22.1,17.2,4.900000000000002,1.2848837209302326
2020,1,C,Volledig,3,dispnb,Aantal ondernemingen,1,R001,1. Brutoverkoopmarge (%),_Z,1,1332.0,17065.0,-15733.0,0.07805449750952241
2020,1,C,Volledig,3,dispnb,Aantal ondernemingen,2,R002,2. Nettoverkoopmarge (%),_Z,1,1332.0,17063.0,-15731.0,0.07806364648654984
2020,1,C,Volledig,3,dispnb,Aantal ondernemingen,3,R003,3. Toegevoegde waarde / Bedrijfsopbrengsten (%),_Z,1,1357.0,17106.0,-15749.0,0.07932889044779609
2020,1,C,Volledig,3,dispnb,Aantal ondernemingen,4,R004,4.Toegevoegde waarde per personeelslid (in EUR),EUR,1,926.0,12712.0,-11786.0,0.07284455632473254
2020,1,C,Volledig,3,dispnb,Aantal ondernemingen,5,R005,5. Toegevoegde waarde / Bruto materiële vaste activa (%),_Z,1,1143.0,15420.0,-14277.0,0.07412451361867704
2020,1,C,Volledig,3,dispnb,Aantal ondernemingen,6,R006,6. Personeelskosten / Toegevoegde waarde (%),_Z,1,940.0,12885.0,-11945.0,0.07295304617772604
2020,1,C,Volledig,3,dispnb,Aantal ondernemingen,7,R007,"7. Afschrijvingen, waardeverminderingen en voorzieningen voor risico's en kosten / Toegevoegde waarde (%)",_Z,1,1071.0,14356.0,-13285.0,0.07460295346893285
2020,1,C,Volledig,3,dispnb,Aantal ondernemingen,8,R008C,8. Kosten van de schulden / Toegevoegde waarde (%),_Z,1,1100.0,13708.0,-12608.0,0.08024511234315727
2020,1,C,Volledig,3,dispnb,Aantal ondernemingen,10,R009,"9. Nettorendabiliteit van het eigen vermogen, na belasting (%)",_Z,1,1345.0,17032.0,-15687.0,0.07896899953029592
2020,1,C,Volledig,3,dispnb,Aantal ondernemingen,11,R010,10. Cashflow / Eigen vermogen (%),_Z,1,1345.0,17076.0,-15731.0,0.07876551885687515
2020,1,C,Volledig,3,dispnb,Aantal ondernemingen,12,R011C,"11. Brutorendabiliteit van het totaal der activa, vóór belasting en kosten van schulden (%)",_Z,1,1433.0,18313.0,-16880.0,0.07825042319663628
2020,1,C,Volledig,3,dispnb,Aantal ondernemingen,14,R012C,"12. Nettorendabiliteit van het totaal der activa, vóór belasting en kosten van schulden (%)",_Z,1,1432.0,18305.0,-16873.0,0.07822999180551762
2020,1,C,Volledig,3,dispnb,Aantal ondernemingen,16,R013,13. Liquiditeit in ruime zin,_Z,1,1431.0,18236.0,-16805.0,0.07847115595525335
2020,1,C,Volledig,3,dispnb,Aantal ondernemingen,17,R014,14. Liquiditeit in enge zin,_Z,1,1429.0,18209.0,-16780.0,0.07847767587456753
2020,1,C,Volledig,3,dispnb,Aantal ondernemingen,18,R015,"15.1 Rotatie van de voorraad handelsgoederen, grond- en hulpstoffen (voor alle sectoren uitgezonderd de bouwnijverheid)",_Z,1,0.0,6349.0,-6349.0,0.0
2020,1,C,Volledig,3,dispnb,Aantal ondernemingen,19,R016,"15.2 Rotatie van de voorraad handelsgoederen, grond- en hulpstoffen (enkel voor de sector van de bouwnijverheid)",_Z,1,668.0,668.0,0.0,1.0
2020,1,C,Volledig,3,dispnb,Aantal ondernemingen,20,R017,16.1 Rotatie van de voorraad goederen in bewerking en gereed product (voor alle sectoren uitgezonderd de bouwnijverheid),_Z,1,0.0,1869.0,-1869.0,0.0
2020,1,C,Volledig,3,dispnb,Aantal ondernemingen,21,R018,16.2 Rotatie van de voorraad goederen in bewerking en gereed product (enkel voor de sector van de bouwnijverheid),_Z,1,594.0,594.0,0.0,1.0
2020,1,C,Volledig,3,dispnb,Aantal ondernemingen,22,R019,17. Aantal dagen klantenkrediet,_Z,1,1369.0,17199.0,-15830.0,0.07959765102622246
2020,1,C,Volledig,3,dispnb,Aantal ondernemingen,23,R020,18. Aantal dagen leverancierskrediet,_Z,1,1431.0,18240.0,-16809.0,0.07845394736842105
2020,1,C,Volledig,3,dispnb,Aantal ondernemingen,24,R021,19. Financiële onafhankelijkheidsgraad (%),_Z,1,1433.0,18308.0,-16875.0,0.07827179375136552
2020,1,C,Volledig,3,dispnb,Aantal ondernemingen,25,R022,20. Aanschaffingen van materiële vaste activa / Toegevoegde waarde (%),_Z,1,923.0,11879.0,-10956.0,0.07770014310968937
2020,1,C,Volledig,3,dispnb,Aantal ondernemingen,26,R023,21. Vernieuwingsgraad inzake materiële vaste activa (%),_Z,1,947.0,12165.0,-11218.0,0.07784628031237156
2020,2,A,Verkort,1,dispg,Gewogen gemiddelde,1,R001,1. Brutoverkoopmarge (%),_Z,1,10.11,11.2,-1.0899999999999999,0.9026785714285714
2020,2,A,Verkort,1,dispg,Gewogen gemiddelde,2,R002,2. Nettoverkoopmarge (%),_Z,1,5.76,5.5,0.2599999999999998,1.0472727272727271
2020,2,A,Verkort,1,dispg,Gewogen gemiddelde,3,R003,3. Toegevoegde waarde / Bedrijfsopbrengsten (%),_Z,1,25.08,29.7,-4.620000000000001,0.8444444444444444
2020,2,A,Verkort,1,dispg,Gewogen gemiddelde,4,R004,4.Toegevoegde waarde per personeelslid (in EUR),EUR,1,73169.63,73962.43,-792.7999999999884,0.9892810444437806
2020,2,A,Verkort,1,dispg,Gewogen gemiddelde,5,R005,5. Toegevoegde waarde / Bruto materiële vaste activa (%),_Z,1,39.1,28.41,10.690000000000001,1.3762759591693066
2020,2,A,Verkort,1,dispg,Gewogen gemiddelde,6,R006,6. Personeelskosten / Toegevoegde waarde (%),_Z,1,64.67,61.33,3.3400000000000034,1.0544594814935595
2020,2,A,Verkort,1,dispg,Gewogen gemiddelde,7,R007,"7. Afschrijvingen, waardeverminderingen en voorzieningen voor risico's en kosten / Toegevoegde waarde (%)",_Z,1,14.59,19.31,-4.719999999999999,0.7555670636975661
2020,2,A,Verkort,1,dispg,Gewogen gemiddelde,9,R008A,8. Financiële kosten / Toegevoegde waarde (%),_Z,1,5.46,8.89,-3.4300000000000006,0.6141732283464566
2020,2,A,Verkort,1,dispg,Gewogen gemiddelde,10,R009,"9. Nettorendabiliteit van het eigen vermogen, na belasting (%)",_Z,1,11.45,6.55,4.8999999999999995,1.748091603053435
2020,2,A,Verkort,1,dispg,Gewogen gemiddelde,11,R010,10. Cashflow / Eigen vermogen (%),_Z,1,20.83,13.86,6.969999999999999,1.5028860028860027
2020,2,A,Verkort,1,dispg,Gewogen gemiddelde,13,R011A,"11. Brutorendabiliteit van het totaal der activa, vóór belasting en financiële kosten (%)",_Z,1,9.96,8.82,1.1400000000000006,1.1292517006802723
2020,2,A,Verkort,1,dispg,Gewogen gemiddelde,15,R012A,"12. Nettorendabiliteit van het totaal der activa, vóór belasting en financiële kosten (%)",_Z,1,6.69,5.43,1.2600000000000007,1.2320441988950277
2020,2,A,Verkort,1,dispg,Gewogen gemiddelde,16,R013,13. Liquiditeit in ruime zin,_Z,1,1.42,1.35,0.06999999999999984,1.0518518518518518
2020,2,A,Verkort,1,dispg,Gewogen gemiddelde,17,R014,14. Liquiditeit in enge zin,_Z,1,0.89,1.12,-0.2300000000000001,0.7946428571428571
2020,2,A,Verkort,1,dispg,Gewogen gemiddelde,22,R019,17. Aantal dagen klantenkrediet,_Z,1,69.81,67.15,2.6599999999999966,1.0396128071481756
2020,2,A,Verkort,1,dispg,Gewogen gemiddelde,23,R020,18. Aantal dagen leverancierskrediet,_Z,1,71.9,86.87,-14.969999999999999,0.8276735351674916
2020,2,A,Verkort,1,dispg,Gewogen gemiddelde,24,R021,19. Financiële onafhankelijkheidsgraad (%),_Z,1,34.75,46.67,-11.920000000000002,0.7445896721662738
2020,2,A,Verkort,1,dispg,Gewogen gemiddelde,25,R022,20. Aanschaffingen van materiële vaste activa / Toegevoegde waarde (%),_Z,1,28.56,33.05,-4.489999999999998,0.8641452344931921
2020,2,A,Verkort,1,dispg,Gewogen gemiddelde,26,R023,21. Vernieuwingsgraad inzake materiële vaste activa (%),_Z,1,21.51,16.5,5.010000000000002,1.3036363636363637
2020,2,A,Verkort,2,dispq2,Mediaan (Q2),1,R001,1. Brutoverkoopmarge (%),_Z,1,7.93,10.15,-2.2200000000000006,0.7812807881773398
2020,2,A,Verkort,2,dispq2,Mediaan (Q2),2,R002,2. Nettoverkoopmarge (%),_Z,1,4.41,4.42,-0.009999999999999787,0.997737556561086
2020,2,A,Verkort,2,dispq2,Mediaan (Q2),3,R003,3. Toegevoegde waarde / Bedrijfsopbrengsten (%),_Z,1,18.64,26.81,-8.169999999999998,0.6952629615814995
2020,2,A,Verkort,2,dispq2,Mediaan (Q2),4,R004,4.Toegevoegde waarde per personeelslid (in EUR),EUR,1,70148.79,73803.82,-3655.0300000000134,0.9504764116545728
2020,2,A,Verkort,2,dispq2,Mediaan (Q2),5,R005,5. Toegevoegde waarde / Bruto materiële vaste activa (%),_Z,1,45.31,31.6,13.71,1.433860759493671
2020,2,A,Verkort,2,dispq2,Mediaan (Q2),6,R006,6. Personeelskosten / Toegevoegde waarde (%),_Z,1,64.72,57.91,6.810000000000002,1.1175962700742532
2020,2,A,Verkort,2,dispq2,Mediaan (Q2),7,R007,"7. Afschrijvingen, waardeverminderingen en voorzieningen voor risico's en kosten / Toegevoegde waarde (%)",_Z,1,13.74,17.79,-4.049999999999999,0.7723440134907251
2020,2,A,Verkort,2,dispq2,Mediaan (Q2),9,R008A,8. Financiële kosten / Toegevoegde waarde (%),_Z,1,2.92,3.61,-0.69,0.8088642659279779
2020,2,A,Verkort,2,dispq2,Mediaan (Q2),10,R009,"9. Nettorendabiliteit van het eigen vermogen, na belasting (%)",_Z,1,11.27,10.01,1.2599999999999998,1.1258741258741258
2020,2,A,Verkort,2,dispq2,Mediaan (Q2),11,R010,10. Cashflow / Eigen vermogen (%),_Z,1,24.92,21.32,3.6000000000000014,1.1688555347091933
2020,2,A,Verkort,2,dispq2,Mediaan (Q2),13,R011A,"11. Brutorendabiliteit van het totaal der activa, vóór belasting en financiële kosten (%)",_Z,1,11.09,10.01,1.08,1.1078921078921078
2020,2,A,Verkort,2,dispq2,Mediaan (Q2),15,R012A,"12. Nettorendabiliteit van het totaal der activa, vóór belasting en financiële kosten (%)",_Z,1,5.97,5.38,0.5899999999999999,1.1096654275092936
2020,2,A,Verkort,2,dispq2,Mediaan (Q2),16,R013,13. Liquiditeit in ruime zin,_Z,1,1.51,1.39,0.1200000000000001,1.0863309352517987
2020,2,A,Verkort,2,dispq2,Mediaan (Q2),17,R014,14. Liquiditeit in enge zin,_Z,1,1.23,1.14,0.09000000000000008,1.0789473684210527
2020,2,A,Verkort,2,dispq2,Mediaan (Q2),22,R019,17. Aantal dagen klantenkrediet,_Z,1,49.47,33.29,16.18,1.486031841393812
2020,2,A,Verkort,2,dispq2,Mediaan (Q2),23,R020,18. Aantal dagen leverancierskrediet,_Z,1,42.71,37.6,5.109999999999999,1.135904255319149
2020,2,A,Verkort,2,dispq2,Mediaan (Q2),24,R021,19. Financiële onafhankelijkheidsgraad (%),_Z,1,35.69,38.94,-3.25,0.9165382639958911
2020,2,A,Verkort,2,dispq2,Mediaan (Q2),25,R022,20. Aanschaffingen van materiële vaste activa / Toegevoegde waarde (%),_Z,1,11.86,11.27,0.5899999999999999,1.0523513753327418
2020,2,A,Verkort,2,dispq2,Mediaan (Q2),26,R023,21. Vernieuwingsgraad inzake materiële vaste activa (%),_Z,1,21.58,15.76,5.8199999999999985,1.3692893401015227
2020,2,A,Verkort,3,dispnb,Aantal ondernemingen,1,R001,1. Brutoverkoopmarge (%),_Z,1,1346.0,10031.0,-8685.0,0.13418402950852357
2020,2,A,Verkort,3,dispnb,Aantal ondernemingen,2,R002,2. Nettoverkoopmarge (%),_Z,1,1346.0,10031.0,-8685.0,0.13418402950852357
2020,2,A,Verkort,3,dispnb,Aantal ondernemingen,3,R003,3. Toegevoegde waarde / Bedrijfsopbrengsten (%),_Z,1,1438.0,10794.0,-9356.0,0.13322216045951454
2020,2,A,Verkort,3,dispnb,Aantal ondernemingen,4,R004,4.Toegevoegde waarde per personeelslid (in EUR),EUR,1,8986.0,63325.0,-54339.0,0.1419028819581524
2020,2,A,Verkort,3,dispnb,Aantal ondernemingen,5,R005,5. Toegevoegde waarde / Bruto materiële vaste activa (%),_Z,1,15325.0,126027.0,-110702.0,0.12160092678553008
2020,2,A,Verkort,3,dispnb,Aantal ondernemingen,6,R006,6. Personeelskosten / Toegevoegde waarde (%),_Z,1,9992.0,70091.0,-60099.0,0.1425575323508011
2020,2,A,Verkort,3,dispnb,Aantal ondernemingen,7,R007,"7. Afschrijvingen, waardeverminderingen en voorzieningen voor risico's en kosten / Toegevoegde waarde (%)",_Z,1,13750.0,110779.0,-97029.0,0.12412099766201175
2020,2,A,Verkort,3,dispnb,Aantal ondernemingen,9,R008A,8. Financiële kosten / Toegevoegde waarde (%),_Z,1,14880.0,119803.0,-104923.0,0.12420390140480622
2020,2,A,Verkort,3,dispnb,Aantal ondernemingen,10,R009,"9. Nettorendabiliteit van het eigen vermogen, na belasting (%)",_Z,1,15593.0,124968.0,-109375.0,0.12477594264131618
2020,2,A,Verkort,3,dispnb,Aantal ondernemingen,11,R010,10. Cashflow / Eigen vermogen (%),_Z,1,15595.0,125029.0,-109434.0,0.1247310623935247
2020,2,A,Verkort,3,dispnb,Aantal ondernemingen,13,R011A,"11. Brutorendabiliteit van het totaal der activa, vóór belasting en financiële kosten (%)",_Z,1,17248.0,141343.0,-124095.0,0.12202938949930311
2020,2,A,Verkort,3,dispnb,Aantal ondernemingen,15,R012A,"12. Nettorendabiliteit van het totaal der activa, vóór belasting en financiële kosten (%)",_Z,1,17247.0,141336.0,-124089.0,0.12202835795551027
2020,2,A,Verkort,3,dispnb,Aantal ondernemingen,16,R013,13. Liquiditeit in ruime zin,_Z,1,17176.0,140294.0,-123118.0,0.1224286141959029
2020,2,A,Verkort,3,dispnb,Aantal ondernemingen,17,R014,14. Liquiditeit in enge zin,_Z,1,17146.0,139979.0,-122833.0,0.12248980204173483
2020,2,A,Verkort,3,dispnb,Aantal ondernemingen,22,R019,17. Aantal dagen klantenkrediet,_Z,1,1346.0,10032.0,-8686.0,0.13417065390749602
2020,2,A,Verkort,3,dispnb,Aantal ondernemingen,23,R020,18. Aantal dagen leverancierskrediet,_Z,1,1497.0,11335.0,-9838.0,0.13206881340979268
2020,2,A,Verkort,3,dispnb,Aantal ondernemingen,24,R021,19. Financiële onafhankelijkheidsgraad (%),_Z,1,17271.0,141490.0,-124219.0,0.12206516361580323
2020,2,A,Verkort,3,dispnb,Aantal ondernemingen,25,R022,20. Aanschaffingen van materiële vaste activa / Toegevoegde waarde (%),_Z,1,11173.0,82709.0,-71536.0,0.1350880798945701
2020,2,A,Verkort,3,dispnb,Aantal ondernemingen,26,R023,21. Vernieuwingsgraad inzake materiële vaste activa (%),_Z,1,11068.0,82315.0,-71247.0,0.1344590900807872
2020,3,M,Micro,1,dispg,Gewogen gemiddelde,1,R001,1. Brutoverkoopmarge (%),_Z,1,9.23,12.67,-3.4399999999999995,0.728492501973165
2020,3,M,Micro,1,dispg,Gewogen gemiddelde,2,R002,2. Nettoverkoopmarge (%),_Z,1,5.84,7.16,-1.3200000000000003,0.8156424581005586
2020,3,M,Micro,1,dispg,Gewogen gemiddelde,3,R003,3. Toegevoegde waarde / Bedrijfsopbrengsten (%),_Z,1,17.75,23.17,-5.420000000000002,0.7660768234786361
2020,3,M,Micro,1,dispg,Gewogen gemiddelde,4,R004,4.Toegevoegde waarde per personeelslid (in EUR),EUR,1,64499.7,62685.2,1814.5,1.0289462265415121
2020,3,M,Micro,1,dispg,Gewogen gemiddelde,5,R005,5. Toegevoegde waarde / Bruto materiële vaste activa (%),_Z,1,28.06,20.39,7.669999999999998,1.3761647866601274
2020,3,M,Micro,1,dispg,Gewogen gemiddelde,6,R006,6. Personeelskosten / Toegevoegde waarde (%),_Z,1,57.27,51.49,5.780000000000001,1.112254806758594
2020,3,M,Micro,1,dispg,Gewogen gemiddelde,7,R007,"7. Afschrijvingen, waardeverminderingen en voorzieningen voor risico's en kosten / Toegevoegde waarde (%)",_Z,1,22.23,25.42,-3.1900000000000013,0.8745082612116444
2020,3,M,Micro,1,dispg,Gewogen gemiddelde,9,R008A,8. Financiële kosten / Toegevoegde waarde (%),_Z,1,5.88,7.08,-1.2000000000000002,0.8305084745762712
2020,3,M,Micro,1,dispg,Gewogen gemiddelde,10,R009,"9. Nettorendabiliteit van het eigen vermogen, na belasting (%)",_Z,1,12.8,10.93,1.870000000000001,1.171088746569076
2020,3,M,Micro,1,dispg,Gewogen gemiddelde,11,R010,10. Cashflow / Eigen vermogen (%),_Z,1,25.51,19.23,6.280000000000001,1.326573062922517
2020,3,M,Micro,1,dispg,Gewogen gemiddelde,13,R011A,"11. Brutorendabiliteit van het totaal der activa, vóór belasting en financiële kosten (%)",_Z,1,12.45,12.05,0.3999999999999986,1.0331950207468878
2020,3,M,Micro,1,dispg,Gewogen gemiddelde,15,R012A,"12. Nettorendabiliteit van het totaal der activa, vóór belasting en financiële kosten (%)",_Z,1,7.82,8.23,-0.41000000000000014,0.9501822600243013
2020,3,M,Micro,1,dispg,Gewogen gemiddelde,16,R013,13. Liquiditeit in ruime zin,_Z,1,1.44,1.41,0.030000000000000027,1.0212765957446808
2020,3,M,Micro,1,dispg,Gewogen gemiddelde,17,R014,14. Liquiditeit in enge zin,_Z,1,1.07,1.22,-0.1499999999999999,0.8770491803278689
2020,3,M,Micro,1,dispg,Gewogen gemiddelde,22,R019,17. Aantal dagen klantenkrediet,_Z,1,57.7,45.38,12.32,1.2714852357866901
2020,3,M,Micro,1,dispg,Gewogen gemiddelde,23,R020,18. Aantal dagen leverancierskrediet,_Z,1,52.49,54.57,-2.0799999999999983,0.96188381894814
2020,3,M,Micro,1,dispg,Gewogen gemiddelde,24,R021,19. Financiële onafhankelijkheidsgraad (%),_Z,1,35.81,45.77,-9.96,0.7823902119292113
2020,3,M,Micro,1,dispg,Gewogen gemiddelde,25,R022,20. Aanschaffingen van materiële vaste activa / Toegevoegde waarde (%),_Z,1,43.82,45.47,-1.6499999999999986,0.9637123378051463
2020,3,M,Micro,1,dispg,Gewogen gemiddelde,26,R023,21. Vernieuwingsgraad inzake materiële vaste activa (%),_Z,1,23.82,15.64,8.18,1.5230179028132993
2020,3,M,Micro,2,dispq2,Mediaan (Q2),1,R001,1. Brutoverkoopmarge (%),_Z,1,8.16,10.36,-2.1999999999999993,0.7876447876447877
2020,3,M,Micro,2,dispq2,Mediaan (Q2),2,R002,2. Nettoverkoopmarge (%),_Z,1,4.31,4.46,-0.15000000000000036,0.9663677130044842
2020,3,M,Micro,2,dispq2,Mediaan (Q2),3,R003,3. Toegevoegde waarde / Bedrijfsopbrengsten (%),_Z,1,13.98,19.8,-5.82,0.706060606060606
2020,3,M,Micro,2,dispq2,Mediaan (Q2),4,R004,4.Toegevoegde waarde per personeelslid (in EUR),EUR,1,64960.0,63062.9,1897.0999999999985,1.0300826634994584
2020,3,M,Micro,2,dispq2,Mediaan (Q2),5,R005,5. Toegevoegde waarde / Bruto materiële vaste activa (%),_Z,1,33.61,26.77,6.84,1.2555098991408293
2020,3,M,Micro,2,dispq2,Mediaan (Q2),6,R006,6. Personeelskosten / Toegevoegde waarde (%),_Z,1,50.72,45.22,5.5,1.1216275984077841
2020,3,M,Micro,2,dispq2,Mediaan (Q2),7,R007,"7. Afschrijvingen, waardeverminderingen en voorzieningen voor risico's en kosten / Toegevoegde waarde (%)",_Z,1,22.45,22.55,-0.10000000000000142,0.9955654101995565
2020,3,M,Micro,2,dispq2,Mediaan (Q2),9,R008A,8. Financiële kosten / Toegevoegde waarde (%),_Z,1,3.28,3.14,0.13999999999999968,1.0445859872611465
2020,3,M,Micro,2,dispq2,Mediaan (Q2),10,R009,"9. Nettorendabiliteit van het eigen vermogen, na belasting (%)",_Z,1,14.42,14.16,0.2599999999999998,1.018361581920904
2020,3,M,Micro,2,dispq2,Mediaan (Q2),11,R010,10. Cashflow / Eigen vermogen (%),_Z,1,30.79,26.67,4.119999999999997,1.1544806899137607
2020,3,M,Micro,2,dispq2,Mediaan (Q2),13,R011A,"11. Brutorendabiliteit van het totaal der activa, vóór belasting en financiële kosten (%)",_Z,1,15.0,14.13,0.8699999999999992,1.0615711252653928
2020,3,M,Micro,2,dispq2,Mediaan (Q2),15,R012A,"12. Nettorendabiliteit van het totaal der activa, vóór belasting en financiële kosten (%)",_Z,1,7.98,7.96,0.020000000000000462,1.0025125628140703
2020,3,M,Micro,2,dispq2,Mediaan (Q2),16,R013,13. Liquiditeit in ruime zin,_Z,1,1.63,1.61,0.019999999999999796,1.012422360248447
2020,3,M,Micro,2,dispq2,Mediaan (Q2),17,R014,14. Liquiditeit in enge zin,_Z,1,1.43,1.42,0.010000000000000009,1.0070422535211268
2020,3,M,Micro,2,dispq2,Mediaan (Q2),22,R019,17. Aantal dagen klantenkrediet,_Z,1,38.33,21.05,17.279999999999998,1.8209026128266033
2020,3,M,Micro,2,dispq2,Mediaan (Q2),23,R020,18. Aantal dagen leverancierskrediet,_Z,1,26.55,20.97,5.580000000000002,1.2660944206008584
2020,3,M,Micro,2,dispq2,Mediaan (Q2),24,R021,19. Financiële onafhankelijkheidsgraad (%),_Z,1,41.5,45.71,-4.210000000000001,0.9078976154014439
2020,3,M,Micro,2,dispq2,Mediaan (Q2),25,R022,20. Aanschaffingen van materiële vaste activa / Toegevoegde waarde (%),_Z,1,24.31,18.08,6.23,1.344579646017699
2020,3,M,Micro,2,dispq2,Mediaan (Q2),26,R023,21. Vernieuwingsgraad inzake materiële vaste activa (%),_Z,1,30.18,20.17,10.009999999999998,1.4962816063460584
2020,3,M,Micro,3,dispnb,Aantal ondernemingen,1,R001,1. Brutoverkoopmarge (%),_Z,1,2696.0,15599.0,-12903.0,0.17283159176870314
2020,3,M,Micro,3,dispnb,Aantal ondernemingen,2,R002,2. Nettoverkoopmarge (%),_Z,1,2696.0,15596.0,-12900.0,0.17286483713772763
2020,3,M,Micro,3,dispnb,Aantal ondernemingen,3,R003,3. Toegevoegde waarde / Bedrijfsopbrengsten (%),_Z,1,2990.0,17412.0,-14422.0,0.1717206524236159
2020,3,M,Micro,3,dispnb,Aantal ondernemingen,4,R004,4.Toegevoegde waarde per personeelslid (in EUR),EUR,1,8969.0,50696.0,-41727.0,0.17691731103045605
2020,3,M,Micro,3,dispnb,Aantal ondernemingen,5,R005,5. Toegevoegde waarde / Bruto materiële vaste activa (%),_Z,1,34694.0,258082.0,-223388.0,0.13443014235785525
2020,3,M,Micro,3,dispnb,Aantal ondernemingen,6,R006,6. Personeelskosten / Toegevoegde waarde (%),_Z,1,13184.0,72613.0,-59429.0,0.18156528445319708
2020,3,M,Micro,3,dispnb,Aantal ondernemingen,7,R007,"7. Afschrijvingen, waardeverminderingen en voorzieningen voor risico's en kosten / Toegevoegde waarde (%)",_Z,1,29732.0,215559.0,-185827.0,0.1379297547307234
2020,3,M,Micro,3,dispnb,Aantal ondernemingen,9,R008A,8. Financiële kosten / Toegevoegde waarde (%),_Z,1,31618.0,232087.0,-200469.0,0.13623339523540742
2020,3,M,Micro,3,dispnb,Aantal ondernemingen,10,R009,"9. Nettorendabiliteit van het eigen vermogen, na belasting (%)",_Z,1,33139.0,240255.0,-207116.0,0.13793261326507253
2020,3,M,Micro,3,dispnb,Aantal ondernemingen,11,R010,10. Cashflow / Eigen vermogen (%),_Z,1,33144.0,240317.0,-207173.0,0.13791783352821482
2020,3,M,Micro,3,dispnb,Aantal ondernemingen,13,R011A,"11. Brutorendabiliteit van het totaal der activa, vóór belasting en financiële kosten (%)",_Z,1,37587.0,283738.0,-246151.0,0.13247080052724697
2020,3,M,Micro,3,dispnb,Aantal ondernemingen,15,R012A,"12. Nettorendabiliteit van het totaal der activa, vóór belasting en financiële kosten (%)",_Z,1,37585.0,283730.0,-246145.0,0.13246748669509745
2020,3,M,Micro,3,dispnb,Aantal ondernemingen,16,R013,13. Liquiditeit in ruime zin,_Z,1,37392.0,281527.0,-244135.0,0.13281852184692766
2020,3,M,Micro,3,dispnb,Aantal ondernemingen,17,R014,14. Liquiditeit in enge zin,_Z,1,37343.0,280763.0,-243420.0,0.1330054173804953
2020,3,M,Micro,3,dispnb,Aantal ondernemingen,22,R019,17. Aantal dagen klantenkrediet,_Z,1,2696.0,15602.0,-12906.0,0.17279835918471992
2020,3,M,Micro,3,dispnb,Aantal ondernemingen,23,R020,18. Aantal dagen leverancierskrediet,_Z,1,3101.0,18227.0,-15126.0,0.17013222142974707
2020,3,M,Micro,3,dispnb,Aantal ondernemingen,24,R021,19. Financiële onafhankelijkheidsgraad (%),_Z,1,37662.0,284501.0,-246839.0,0.1323791480522037
2020,3,M,Micro,3,dispnb,Aantal ondernemingen,25,R022,20. Aanschaffingen van materiële vaste activa / Toegevoegde waarde (%),_Z,1,22240.0,148787.0,-126547.0,0.1494754246002675
2020,3,M,Micro,3,dispnb,Aantal ondernemingen,26,R023,21. Vernieuwingsgraad inzake materiële vaste activa (%),_Z,1,20211.0,138457.0,-118246.0,0.14597311800775692
2020,4,T,Volledig + Verkort + Micro,1,dispg,Gewogen gemiddelde,1,R001,1. Brutoverkoopmarge (%),_Z,1,6.46,8.07,-1.6100000000000003,0.8004956629491945
2020,4,T,Volledig + Verkort + Micro,1,dispg,Gewogen gemiddelde,2,R002,2. Nettoverkoopmarge (%),_Z,1,3.73,3.3,0.43000000000000016,1.1303030303030304
2020,4,T,Volledig + Verkort + Micro,1,dispg,Gewogen gemiddelde,3,R003,3. Toegevoegde waarde / Bedrijfsopbrengsten (%),_Z,1,22.07,20.53,1.5399999999999991,1.07501217730151
2020,4,T,Volledig + Verkort + Micro,1,dispg,Gewogen gemiddelde,4,R004,4.Toegevoegde waarde per personeelslid (in EUR),EUR,1,77028.71,100775.93,-23747.219999999987,0.7643562306991363
2020,4,T,Volledig + Verkort + Micro,1,dispg,Gewogen gemiddelde,5,R005,5. Toegevoegde waarde / Bruto materiële vaste activa (%),_Z,1,41.62,29.73,11.889999999999997,1.399932727884292
2020,4,T,Volledig + Verkort + Micro,1,dispg,Gewogen gemiddelde,6,R006,6. Personeelskosten / Toegevoegde waarde (%),_Z,1,68.33,58.79,9.54,1.1622724953223338
2020,4,T,Volledig + Verkort + Micro,1,dispg,Gewogen gemiddelde,7,R007,"7. Afschrijvingen, waardeverminderingen en voorzieningen voor risico's en kosten / Toegevoegde waarde (%)",_Z,1,14.34,21.97,-7.629999999999999,0.6527082385070551
2020,4,T,Volledig + Verkort + Micro,1,dispg,Gewogen gemiddelde,9,R008A,8. Financiële kosten / Toegevoegde waarde (%),_Z,1,7.05,15.7,-8.649999999999999,0.44904458598726116
2020,4,T,Volledig + Verkort + Micro,1,dispg,Gewogen gemiddelde,10,R009,"9. Nettorendabiliteit van het eigen vermogen, na belasting (%)",_Z,1,9.5,4.12,5.38,2.3058252427184467
2020,4,T,Volledig + Verkort + Micro,1,dispg,Gewogen gemiddelde,11,R010,10. Cashflow / Eigen vermogen (%),_Z,1,17.19,10.13,7.0600000000000005,1.696939782823297
2020,4,T,Volledig + Verkort + Micro,1,dispg,Gewogen gemiddelde,13,R011A,"11. Brutorendabiliteit van het totaal der activa, vóór belasting en financiële kosten (%)",_Z,1,8.78,6.8,1.9799999999999995,1.2911764705882351
2020,4,T,Volledig + Verkort + Micro,1,dispg,Gewogen gemiddelde,15,R012A,"12. Nettorendabiliteit van het totaal der activa, vóór belasting en financiële kosten (%)",_Z,1,5.98,3.97,2.0100000000000002,1.5062972292191437
2020,4,T,Volledig + Verkort + Micro,1,dispg,Gewogen gemiddelde,16,R013,13. Liquiditeit in ruime zin,_Z,1,1.43,1.3,0.1299999999999999,1.0999999999999999
2020,4,T,Volledig + Verkort + Micro,1,dispg,Gewogen gemiddelde,17,R014,14. Liquiditeit in enge zin,_Z,1,1.02,1.13,-0.10999999999999988,0.9026548672566372
2020,4,T,Volledig + Verkort + Micro,1,dispg,Gewogen gemiddelde,22,R019,17. Aantal dagen klantenkrediet,_Z,1,94.01,68.18,25.83,1.3788501026694044
2020,4,T,Volledig + Verkort + Micro,1,dispg,Gewogen gemiddelde,23,R020,18. Aantal dagen leverancierskrediet,_Z,1,99.94,80.24,19.700000000000003,1.2455134596211366
2020,4,T,Volledig + Verkort + Micro,1,dispg,Gewogen gemiddelde,24,R021,19. Financiële onafhankelijkheidsgraad (%),_Z,1,36.27,47.28,-11.009999999999998,0.7671319796954316
2020,4,T,Volledig + Verkort + Micro,1,dispg,Gewogen gemiddelde,25,R022,20. Aanschaffingen van materiële vaste activa / Toegevoegde waarde (%),_Z,1,24.95,26.28,-1.3300000000000018,0.9493911719939117
2020,4,T,Volledig + Verkort + Micro,1,dispg,Gewogen gemiddelde,26,R023,21. Vernieuwingsgraad inzake materiële vaste activa (%),_Z,1,20.72,15.86,4.859999999999999,1.3064312736443884
2020,4,T,Volledig + Verkort + Micro,2,dispq2,Mediaan (Q2),1,R001,1. Brutoverkoopmarge (%),_Z,1,7.64,8.61,-0.9699999999999998,0.8873403019744484
2020,4,T,Volledig + Verkort + Micro,2,dispq2,Mediaan (Q2),2,R002,2. Nettoverkoopmarge (%),_Z,1,4.21,4.0,0.20999999999999996,1.0525
2020,4,T,Volledig + Verkort + Micro,2,dispq2,Mediaan (Q2),3,R003,3. Toegevoegde waarde / Bedrijfsopbrengsten (%),_Z,1,17.94,24.14,-6.199999999999999,0.7431648715824358
2020,4,T,Volledig + Verkort + Micro,2,dispq2,Mediaan (Q2),4,R004,4.Toegevoegde waarde per personeelslid (in EUR),EUR,1,68735.0,72101.27,-3366.270000000004,0.9533119180841059
2020,4,T,Volledig + Verkort + Micro,2,dispq2,Mediaan (Q2),5,R005,5. Toegevoegde waarde / Bruto materiële vaste activa (%),_Z,1,37.95,29.27,8.680000000000003,1.2965493679535363
2020,4,T,Volledig + Verkort + Micro,2,dispq2,Mediaan (Q2),6,R006,6. Personeelskosten / Toegevoegde waarde (%),_Z,1,58.41,53.7,4.709999999999994,1.0877094972067038
2020,4,T,Volledig + Verkort + Micro,2,dispq2,Mediaan (Q2),7,R007,"7. Afschrijvingen, waardeverminderingen en voorzieningen voor risico's en kosten / Toegevoegde waarde (%)",_Z,1,18.74,20.17,-1.4300000000000033,0.9291026276648486
2020,4,T,Volledig + Verkort + Micro,2,dispq2,Mediaan (Q2),9,R008A,8. Financiële kosten / Toegevoegde waarde (%),_Z,1,3.12,3.29,-0.16999999999999993,0.9483282674772037
2020,4,T,Volledig + Verkort + Micro,2,dispq2,Mediaan (Q2),10,R009,"9. Nettorendabiliteit van het eigen vermogen, na belasting (%)",_Z,1,13.06,12.18,0.8800000000000008,1.072249589490969
2020,4,T,Volledig + Verkort + Micro,2,dispq2,Mediaan (Q2),11,R010,10. Cashflow / Eigen vermogen (%),_Z,1,28.27,24.11,4.16,1.172542513479884
2020,4,T,Volledig + Verkort + Micro,2,dispq2,Mediaan (Q2),13,R011A,"11. Brutorendabiliteit van het totaal der activa, vóór belasting en financiële kosten (%)",_Z,1,13.33,12.13,1.1999999999999993,1.0989282769991755
2020,4,T,Volledig + Verkort + Micro,2,dispq2,Mediaan (Q2),15,R012A,"12. Nettorendabiliteit van het totaal der activa, vóór belasting en financiële kosten (%)",_Z,1,7.08,6.63,0.4500000000000002,1.0678733031674208
2020,4,T,Volledig + Verkort + Micro,2,dispq2,Mediaan (Q2),16,R013,13. Liquiditeit in ruime zin,_Z,1,1.58,1.51,0.07000000000000006,1.0463576158940397
2020,4,T,Volledig + Verkort + Micro,2,dispq2,Mediaan (Q2),17,R014,14. Liquiditeit in enge zin,_Z,1,1.35,1.29,0.06000000000000005,1.0465116279069768
2020,4,T,Volledig + Verkort + Micro,2,dispq2,Mediaan (Q2),22,R019,17. Aantal dagen klantenkrediet,_Z,1,49.61,39.72,9.89,1.248992950654582
2020,4,T,Volledig + Verkort + Micro,2,dispq2,Mediaan (Q2),23,R020,18. Aantal dagen leverancierskrediet,_Z,1,43.0,41.95,1.0499999999999972,1.0250297973778306
2020,4,T,Volledig + Verkort + Micro,2,dispq2,Mediaan (Q2),24,R021,19. Financiële onafhankelijkheidsgraad (%),_Z,1,39.28,43.14,-3.8599999999999994,0.9105238757533611
2020,4,T,Volledig + Verkort + Micro,2,dispq2,Mediaan (Q2),25,R022,20. Aanschaffingen van materiële vaste activa / Toegevoegde waarde (%),_Z,1,18.3,14.56,3.74,1.2568681318681318
2020,4,T,Volledig + Verkort + Micro,2,dispq2,Mediaan (Q2),26,R023,21. Vernieuwingsgraad inzake materiële vaste activa (%),_Z,1,26.19,18.2,7.990000000000002,1.4390109890109892
2020,4,T,Volledig + Verkort + Micro,3,dispnb,Aantal ondernemingen,1,R001,1. Brutoverkoopmarge (%),_Z,1,5306.0,41732.0,-36426.0,0.12714463720885652
2020,4,T,Volledig + Verkort + Micro,3,dispnb,Aantal ondernemingen,2,R002,2. Nettoverkoopmarge (%),_Z,1,5306.0,41729.0,-36423.0,0.1271537779481895
2020,4,T,Volledig + Verkort + Micro,3,dispnb,Aantal ondernemingen,3,R003,3. Toegevoegde waarde / Bedrijfsopbrengsten (%),_Z,1,5789.0,45319.0,-39530.0,0.12773891745184138
2020,4,T,Volledig + Verkort + Micro,3,dispnb,Aantal ondernemingen,4,R004,4.Toegevoegde waarde per personeelslid (in EUR),EUR,1,18833.0,126233.0,-107400.0,0.14919236649687484
2020,4,T,Volledig + Verkort + Micro,3,dispnb,Aantal ondernemingen,5,R005,5. Toegevoegde waarde / Bruto materiële vaste activa (%),_Z,1,51251.0,400294.0,-349043.0,0.12803339545434106
2020,4,T,Volledig + Verkort + Micro,3,dispnb,Aantal ondernemingen,6,R006,6. Personeelskosten / Toegevoegde waarde (%),_Z,1,24117.0,155654.0,-131537.0,0.1549398023822067
2020,4,T,Volledig + Verkort + Micro,3,dispnb,Aantal ondernemingen,7,R007,"7. Afschrijvingen, waardeverminderingen en voorzieningen voor risico's en kosten / Toegevoegde waarde (%)",_Z,1,44555.0,340760.0,-296205.0,0.1307518488085456
2020,4,T,Volledig + Verkort + Micro,3,dispnb,Aantal ondernemingen,9,R008A,8. Financiële kosten / Toegevoegde waarde (%),_Z,1,47715.0,367617.0,-319902.0,0.12979541207289108
2020,4,T,Volledig + Verkort + Micro,3,dispnb,Aantal ondernemingen,10,R009,"9. Nettorendabiliteit van het eigen vermogen, na belasting (%)",_Z,1,50077.0,382255.0,-332178.0,0.13100417260729094
2020,4,T,Volledig + Verkort + Micro,3,dispnb,Aantal ondernemingen,11,R010,10. Cashflow / Eigen vermogen (%),_Z,1,50084.0,382419.0,-332335.0,0.1309662961306839
2020,4,T,Volledig + Verkort + Micro,3,dispnb,Aantal ondernemingen,13,R011A,"11. Brutorendabiliteit van het totaal der activa, vóór belasting en financiële kosten (%)",_Z,1,56268.0,443404.0,-387136.0,0.12690007307105935
2020,4,T,Volledig + Verkort + Micro,3,dispnb,Aantal ondernemingen,15,R012A,"12. Nettorendabiliteit van het totaal der activa, vóór belasting en financiële kosten (%)",_Z,1,56265.0,443389.0,-387124.0,0.12689760007577996
2020,4,T,Volledig + Verkort + Micro,3,dispnb,Aantal ondernemingen,16,R013,13. Liquiditeit in ruime zin,_Z,1,55999.0,440057.0,-384058.0,0.12725396937214953
2020,4,T,Volledig + Verkort + Micro,3,dispnb,Aantal ondernemingen,17,R014,14. Liquiditeit in enge zin,_Z,1,55918.0,438951.0,-383033.0,0.12739007315167297
2020,4,T,Volledig + Verkort + Micro,3,dispnb,Aantal ondernemingen,22,R019,17. Aantal dagen klantenkrediet,_Z,1,5306.0,41736.0,-36430.0,0.1271324516005367
2020,4,T,Volledig + Verkort + Micro,3,dispnb,Aantal ondernemingen,23,R020,18. Aantal dagen leverancierskrediet,_Z,1,6027.0,47787.0,-41760.0,0.12612216711657984
2020,4,T,Volledig + Verkort + Micro,3,dispnb,Aantal ondernemingen,24,R021,19. Financiële onafhankelijkheidsgraad (%),_Z,1,56366.0,444299.0,-387933.0,0.1268650165766747
2020,4,T,Volledig + Verkort + Micro,3,dispnb,Aantal ondernemingen,25,R022,20. Aanschaffingen van materiële vaste activa / Toegevoegde waarde (%),_Z,1,34338.0,243433.0,-209095.0,0.1410572929717828
2020,4,T,Volledig + Verkort + Micro,3,dispnb,Aantal ondernemingen,26,R023,21. Vernieuwingsgraad inzake materiële vaste activa (%),_Z,1,32226.0,232937.0,-200711.0,0.13834641984742654
2021,1,C,Volledig,1,dispg,Gewogen gemiddelde,1,R001,1. Brutoverkoopmarge (%),_Z,1,6.76,8.01,-1.25,0.8439450686641697
2021,1,C,Volledig,1,dispg,Gewogen gemiddelde,2,R002,2. Nettoverkoopmarge (%),_Z,1,4.69,3.95,0.7400000000000002,1.1873417721518988
2021,1,C,Volledig,1,dispg,Gewogen gemiddelde,3,R003,3. Toegevoegde waarde / Bedrijfsopbrengsten (%),_Z,1,22.55,19.37,3.1799999999999997,1.1641713990707279
2021,1,C,Volledig,1,dispg,Gewogen gemiddelde,4,R004,4.Toegevoegde waarde per personeelslid (in EUR),EUR,1,88478.57,119894.73,-31416.15999999999,0.737968799796288
2021,1,C,Volledig,1,dispg,Gewogen gemiddelde,5,R005,5. Toegevoegde waarde / Bruto materiële vaste activa (%),_Z,1,56.6,33.58,23.020000000000003,1.6855270994639668
2021,1,C,Volledig,1,dispg,Gewogen gemiddelde,6,R006,6. Personeelskosten / Toegevoegde waarde (%),_Z,1,71.56,56.78,14.780000000000001,1.2603029235646355
2021,1,C,Volledig,1,dispg,Gewogen gemiddelde,7,R007,"7. Afschrijvingen, waardeverminderingen en voorzieningen voor risico's en kosten / Toegevoegde waarde (%)",_Z,1,9.21,22.11,-12.899999999999999,0.4165535956580733
2021,1,C,Volledig,1,dispg,Gewogen gemiddelde,8,R008C,8. Kosten van de schulden / Toegevoegde waarde (%),_Z,1,4.76,7.39,-2.63,0.6441136671177267
2021,1,C,Volledig,1,dispg,Gewogen gemiddelde,10,R009,"9. Nettorendabiliteit van het eigen vermogen, na belasting (%)",_Z,1,10.15,7.58,2.5700000000000003,1.3390501319261214
2021,1,C,Volledig,1,dispg,Gewogen gemiddelde,11,R010,10. Cashflow / Eigen vermogen (%),_Z,1,14.85,11.85,3.0,1.2531645569620253
2021,1,C,Volledig,1,dispg,Gewogen gemiddelde,12,R011C,"11. Brutorendabiliteit van het totaal der activa, vóór belasting en kosten van schulden (%)",_Z,1,7.24,6.52,0.7200000000000006,1.1104294478527608
2021,1,C,Volledig,1,dispg,Gewogen gemiddelde,14,R012C,"12. Nettorendabiliteit van het totaal der activa, vóór belasting en kosten van schulden (%)",_Z,1,5.49,4.55,0.9400000000000004,1.2065934065934067
2021,1,C,Volledig,1,dispg,Gewogen gemiddelde,16,R013,13. Liquiditeit in ruime zin,_Z,1,1.39,1.23,0.15999999999999992,1.1300813008130082
2021,1,C,Volledig,1,dispg,Gewogen gemiddelde,17,R014,14. Liquiditeit in enge zin,_Z,1,1.05,1.08,-0.030000000000000027,0.9722222222222222
2021,1,C,Volledig,1,dispg,Gewogen gemiddelde,18,R015,"15.1 Rotatie van de voorraad handelsgoederen, grond- en hulpstoffen (voor alle sectoren uitgezonderd de bouwnijverheid)",_Z,1,0.83,8.53,-7.699999999999999,0.09730363423212192
2021,1,C,Volledig,1,dispg,Gewogen gemiddelde,19,R016,"15.2 Rotatie van de voorraad handelsgoederen, grond- en hulpstoffen (enkel voor de sector van de bouwnijverheid)",_Z,1,29.37,9.45,19.92,3.1079365079365084
2021,1,C,Volledig,1,dispg,Gewogen gemiddelde,20,R017,16.1 Rotatie van de voorraad goederen in bewerking en gereed product (voor alle sectoren uitgezonderd de bouwnijverheid),_Z,1,3.33,30.0,-26.67,0.111
2021,1,C,Volledig,1,dispg,Gewogen gemiddelde,21,R018,16.2 Rotatie van de voorraad goederen in bewerking en gereed product (enkel voor de sector van de bouwnijverheid),_Z,1,5.18,24.47,-19.29,0.211687780956273
2021,1,C,Volledig,1,dispg,Gewogen gemiddelde,22,R019,17. Aantal dagen klantenkrediet,_Z,1,84.46,61.32,23.139999999999993,1.377364644487932
2021,1,C,Volledig,1,dispg,Gewogen gemiddelde,23,R020,18. Aantal dagen leverancierskrediet,_Z,1,91.3,75.79,15.509999999999991,1.2046444121915818
2021,1,C,Volledig,1,dispg,Gewogen gemiddelde,24,R021,19. Financiële onafhankelijkheidsgraad (%),_Z,1,37.21,46.76,-9.549999999999997,0.7957656116338752
2021,1,C,Volledig,1,dispg,Gewogen gemiddelde,25,R022,20. Aanschaffingen van materiële vaste activa / Toegevoegde waarde (%),_Z,1,13.28,22.33,-9.049999999999999,0.5947156291983878
2021,1,C,Volledig,1,dispg,Gewogen gemiddelde,26,R023,21. Vernieuwingsgraad inzake materiële vaste activa (%),_Z,1,16.76,16.63,0.13000000000000256,1.0078171978352377
2021,1,C,Volledig,2,dispq2,Mediaan (Q2),1,R001,1. Brutoverkoopmarge (%),_Z,1,6.63,7.1,-0.46999999999999975,0.9338028169014084
2021,1,C,Volledig,2,dispq2,Mediaan (Q2),2,R002,2. Nettoverkoopmarge (%),_Z,1,4.15,4.1,0.05000000000000071,1.0121951219512197
2021,1,C,Volledig,2,dispq2,Mediaan (Q2),3,R003,3. Toegevoegde waarde / Bedrijfsopbrengsten (%),_Z,1,24.05,26.61,-2.5599999999999987,0.9037955655768508
2021,1,C,Volledig,2,dispq2,Mediaan (Q2),4,R004,4.Toegevoegde waarde per personeelslid (in EUR),EUR,1,78773.95,95800.94,-17026.990000000005,0.8222669840191547
2021,1,C,Volledig,2,dispq2,Mediaan (Q2),5,R005,5. Toegevoegde waarde / Bruto materiële vaste activa (%),_Z,1,89.0,63.89,25.11,1.3930192518390985
2021,1,C,Volledig,2,dispq2,Mediaan (Q2),6,R006,6. Personeelskosten / Toegevoegde waarde (%),_Z,1,75.13,67.11,8.019999999999996,1.1195052898226792
2021,1,C,Volledig,2,dispq2,Mediaan (Q2),7,R007,"7. Afschrijvingen, waardeverminderingen en voorzieningen voor risico's en kosten / Toegevoegde waarde (%)",_Z,1,7.17,9.48,-2.3100000000000005,0.7563291139240506
2021,1,C,Volledig,2,dispq2,Mediaan (Q2),8,R008C,8. Kosten van de schulden / Toegevoegde waarde (%),_Z,1,1.25,1.69,-0.43999999999999995,0.7396449704142012
2021,1,C,Volledig,2,dispq2,Mediaan (Q2),10,R009,"9. Nettorendabiliteit van het eigen vermogen, na belasting (%)",_Z,1,9.2,8.29,0.9100000000000001,1.1097708082026538
2021,1,C,Volledig,2,dispq2,Mediaan (Q2),11,R010,10. Cashflow / Eigen vermogen (%),_Z,1,18.92,16.26,2.66,1.1635916359163592
2021,1,C,Volledig,2,dispq2,Mediaan (Q2),12,R011C,"11. Brutorendabiliteit van het totaal der activa, vóór belasting en kosten van schulden (%)",_Z,1,6.86,7.44,-0.5800000000000001,0.9220430107526881
2021,1,C,Volledig,2,dispq2,Mediaan (Q2),14,R012C,"12. Nettorendabiliteit van het totaal der activa, vóór belasting en kosten van schulden (%)",_Z,1,4.32,4.4,-0.08000000000000007,0.9818181818181818
2021,1,C,Volledig,2,dispq2,Mediaan (Q2),16,R013,13. Liquiditeit in ruime zin,_Z,1,1.38,1.36,0.019999999999999796,1.0147058823529411
2021,1,C,Volledig,2,dispq2,Mediaan (Q2),17,R014,14. Liquiditeit in enge zin,_Z,1,1.11,1.11,0.0,1.0
2021,1,C,Volledig,2,dispq2,Mediaan (Q2),18,R015,"15.1 Rotatie van de voorraad handelsgoederen, grond- en hulpstoffen (voor alle sectoren uitgezonderd de bouwnijverheid)",_Z,1,0.0,6.43,-6.43,0.0
2021,1,C,Volledig,2,dispq2,Mediaan (Q2),19,R016,"15.2 Rotatie van de voorraad handelsgoederen, grond- en hulpstoffen (enkel voor de sector van de bouwnijverheid)",_Z,1,29.94,29.94,0.0,1.0
2021,1,C,Volledig,2,dispq2,Mediaan (Q2),20,R017,16.1 Rotatie van de voorraad goederen in bewerking en gereed product (voor alle sectoren uitgezonderd de bouwnijverheid),_Z,1,0.0,17.98,-17.98,0.0
2021,1,C,Volledig,2,dispq2,Mediaan (Q2),21,R018,16.2 Rotatie van de voorraad goederen in bewerking en gereed product (enkel voor de sector van de bouwnijverheid),_Z,1,12.83,12.83,0.0,1.0
2021,1,C,Volledig,2,dispq2,Mediaan (Q2),22,R019,17. Aantal dagen klantenkrediet,_Z,1,63.55,48.32,15.229999999999997,1.3151903973509933
2021,1,C,Volledig,2,dispq2,Mediaan (Q2),23,R020,18. Aantal dagen leverancierskrediet,_Z,1,68.51,57.17,11.340000000000003,1.198355781004023
2021,1,C,Volledig,2,dispq2,Mediaan (Q2),24,R021,19. Financiële onafhankelijkheidsgraad (%),_Z,1,30.81,41.36,-10.55,0.7449226305609284
2021,1,C,Volledig,2,dispq2,Mediaan (Q2),25,R022,20. Aanschaffingen van materiële vaste activa / Toegevoegde waarde (%),_Z,1,5.67,5.92,-0.25,0.9577702702702703
2021,1,C,Volledig,2,dispq2,Mediaan (Q2),26,R023,21. Vernieuwingsgraad inzake materiële vaste activa (%),_Z,1,21.76,18.64,3.120000000000001,1.167381974248927
2021,1,C,Volledig,3,dispnb,Aantal ondernemingen,1,R001,1. Brutoverkoopmarge (%),_Z,1,1261.0,16493.0,-15232.0,0.07645667859091736
2021,1,C,Volledig,3,dispnb,Aantal ondernemingen,2,R002,2. Nettoverkoopmarge (%),_Z,1,1261.0,16491.0,-15230.0,0.07646595112485598
2021,1,C,Volledig,3,dispnb,Aantal ondernemingen,3,R003,3. Toegevoegde waarde / Bedrijfsopbrengsten (%),_Z,1,1292.0,16538.0,-15246.0,0.0781231104123836
2021,1,C,Volledig,3,dispnb,Aantal ondernemingen,4,R004,4.Toegevoegde waarde per personeelslid (in EUR),EUR,1,897.0,12271.0,-11374.0,0.07309917692119632
2021,1,C,Volledig,3,dispnb,Aantal ondernemingen,5,R005,5. Toegevoegde waarde / Bruto materiële vaste activa (%),_Z,1,1096.0,14949.0,-13853.0,0.07331594086560975
2021,1,C,Volledig,3,dispnb,Aantal ondernemingen,6,R006,6. Personeelskosten / Toegevoegde waarde (%),_Z,1,924.0,12582.0,-11658.0,0.07343824511206486
2021,1,C,Volledig,3,dispnb,Aantal ondernemingen,7,R007,"7. Afschrijvingen, waardeverminderingen en voorzieningen voor risico's en kosten / Toegevoegde waarde (%)",_Z,1,1057.0,13976.0,-12919.0,0.07562965082999427
2021,1,C,Volledig,3,dispnb,Aantal ondernemingen,8,R008C,8. Kosten van de schulden / Toegevoegde waarde (%),_Z,1,1080.0,13460.0,-12380.0,0.08023774145616643
2021,1,C,Volledig,3,dispnb,Aantal ondernemingen,10,R009,"9. Nettorendabiliteit van het eigen vermogen, na belasting (%)",_Z,1,1275.0,16502.0,-15227.0,0.07726336201672525
2021,1,C,Volledig,3,dispnb,Aantal ondernemingen,11,R010,10. Cashflow / Eigen vermogen (%),_Z,1,1278.0,16550.0,-15272.0,0.07722054380664653
2021,1,C,Volledig,3,dispnb,Aantal ondernemingen,12,R011C,"11. Brutorendabiliteit van het totaal der activa, vóór belasting en kosten van schulden (%)",_Z,1,1360.0,17669.0,-16309.0,0.07697096609881714
2021,1,C,Volledig,3,dispnb,Aantal ondernemingen,14,R012C,"12. Nettorendabiliteit van het totaal der activa, vóór belasting en kosten van schulden (%)",_Z,1,1360.0,17662.0,-16302.0,0.07700147208696637
2021,1,C,Volledig,3,dispnb,Aantal ondernemingen,16,R013,13. Liquiditeit in ruime zin,_Z,1,1357.0,17574.0,-16217.0,0.07721634232388756
2021,1,C,Volledig,3,dispnb,Aantal ondernemingen,17,R014,14. Liquiditeit in enge zin,_Z,1,1356.0,17540.0,-16184.0,0.07730900798175598
2021,1,C,Volledig,3,dispnb,Aantal ondernemingen,18,R015,"15.1 Rotatie van de voorraad handelsgoederen, grond- en hulpstoffen (voor alle sectoren uitgezonderd de bouwnijverheid)",_Z,1,0.0,6144.0,-6144.0,0.0
2021,1,C,Volledig,3,dispnb,Aantal ondernemingen,19,R016,"15.2 Rotatie van de voorraad handelsgoederen, grond- en hulpstoffen (enkel voor de sector van de bouwnijverheid)",_Z,1,660.0,660.0,0.0,1.0
2021,1,C,Volledig,3,dispnb,Aantal ondernemingen,20,R017,16.1 Rotatie van de voorraad goederen in bewerking en gereed product (voor alle sectoren uitgezonderd de bouwnijverheid),_Z,1,0.0,1818.0,-1818.0,0.0
2021,1,C,Volledig,3,dispnb,Aantal ondernemingen,21,R018,16.2 Rotatie van de voorraad goederen in bewerking en gereed product (enkel voor de sector van de bouwnijverheid),_Z,1,573.0,573.0,0.0,1.0
2021,1,C,Volledig,3,dispnb,Aantal ondernemingen,22,R019,17. Aantal dagen klantenkrediet,_Z,1,1299.0,16599.0,-15300.0,0.07825772636905838
2021,1,C,Volledig,3,dispnb,Aantal ondernemingen,23,R020,18. Aantal dagen leverancierskrediet,_Z,1,1359.0,17600.0,-16241.0,0.07721590909090909
2021,1,C,Volledig,3,dispnb,Aantal ondernemingen,24,R021,19. Financiële onafhankelijkheidsgraad (%),_Z,1,1360.0,17663.0,-16303.0,0.07699711260827719
2021,1,C,Volledig,3,dispnb,Aantal ondernemingen,25,R022,20. Aanschaffingen van materiële vaste activa / Toegevoegde waarde (%),_Z,1,897.0,11614.0,-10717.0,0.0772343723092819
2021,1,C,Volledig,3,dispnb,Aantal ondernemingen,26,R023,21. Vernieuwingsgraad inzake materiële vaste activa (%),_Z,1,903.0,11834.0,-10931.0,0.07630556025012675
2021,2,A,Verkort,1,dispg,Gewogen gemiddelde,1,R001,1. Brutoverkoopmarge (%),_Z,1,11.23,11.47,-0.2400000000000002,0.979075850043592
2021,2,A,Verkort,1,dispg,Gewogen gemiddelde,2,R002,2. Nettoverkoopmarge (%),_Z,1,7.03,5.79,1.2400000000000002,1.2141623488773747
2021,2,A,Verkort,1,dispg,Gewogen gemiddelde,3,R003,3. Toegevoegde waarde / Bedrijfsopbrengsten (%),_Z,1,27.22,27.99,-0.7699999999999996,0.9724901750625223
2021,2,A,Verkort,1,dispg,Gewogen gemiddelde,4,R004,4.Toegevoegde waarde per personeelslid (in EUR),EUR,1,77312.21,79716.33,-2404.1199999999953,0.9698415619484742
2021,2,A,Verkort,1,dispg,Gewogen gemiddelde,5,R005,5. Toegevoegde waarde / Bruto materiële vaste activa (%),_Z,1,41.7,30.65,11.050000000000004,1.3605220228384993
2021,2,A,Verkort,1,dispg,Gewogen gemiddelde,6,R006,6. Personeelskosten / Toegevoegde waarde (%),_Z,1,63.46,58.76,4.700000000000003,1.0799863852961198
2021,2,A,Verkort,1,dispg,Gewogen gemiddelde,7,R007,"7. Afschrijvingen, waardeverminderingen en voorzieningen voor risico's en kosten / Toegevoegde waarde (%)",_Z,1,13.36,17.59,-4.23,0.7595224559408754
2021,2,A,Verkort,1,dispg,Gewogen gemiddelde,9,R008A,8. Financiële kosten / Toegevoegde waarde (%),_Z,1,5.23,7.04,-1.8099999999999996,0.7428977272727273
2021,2,A,Verkort,1,dispg,Gewogen gemiddelde,10,R009,"9. Nettorendabiliteit van het eigen vermogen, na belasting (%)",_Z,1,13.87,10.39,3.4799999999999986,1.3349374398460057
2021,2,A,Verkort,1,dispg,Gewogen gemiddelde,11,R010,10. Cashflow / Eigen vermogen (%),_Z,1,22.23,15.66,6.57,1.4195402298850575
2021,2,A,Verkort,1,dispg,Gewogen gemiddelde,13,R011A,"11. Brutorendabiliteit van het totaal der activa, vóór belasting en financiële kosten (%)",_Z,1,10.71,9.81,0.9000000000000004,1.0917431192660552
2021,2,A,Verkort,1,dispg,Gewogen gemiddelde,15,R012A,"12. Nettorendabiliteit van het totaal der activa, vóór belasting en financiële kosten (%)",_Z,1,7.75,7.28,0.46999999999999975,1.0645604395604396
2021,2,A,Verkort,1,dispg,Gewogen gemiddelde,16,R013,13. Liquiditeit in ruime zin,_Z,1,1.45,1.36,0.08999999999999986,1.0661764705882353
2021,2,A,Verkort,1,dispg,Gewogen gemiddelde,17,R014,14. Liquiditeit in enge zin,_Z,1,0.9,1.13,-0.22999999999999987,0.7964601769911506
2021,2,A,Verkort,1,dispg,Gewogen gemiddelde,22,R019,17. Aantal dagen klantenkrediet,_Z,1,58.26,57.54,0.7199999999999989,1.0125130344108446
2021,2,A,Verkort,1,dispg,Gewogen gemiddelde,23,R020,18. Aantal dagen leverancierskrediet,_Z,1,66.78,67.93,-1.1500000000000057,0.9830708081848961
2021,2,A,Verkort,1,dispg,Gewogen gemiddelde,24,R021,19. Financiële onafhankelijkheidsgraad (%),_Z,1,35.12,48.58,-13.46,0.7229312474269246
2021,2,A,Verkort,1,dispg,Gewogen gemiddelde,25,R022,20. Aanschaffingen van materiële vaste activa / Toegevoegde waarde (%),_Z,1,30.69,32.55,-1.8599999999999959,0.942857142857143
2021,2,A,Verkort,1,dispg,Gewogen gemiddelde,26,R023,21. Vernieuwingsgraad inzake materiële vaste activa (%),_Z,1,24.05,17.26,6.789999999999999,1.3933951332560834
2021,2,A,Verkort,2,dispq2,Mediaan (Q2),1,R001,1. Brutoverkoopmarge (%),_Z,1,8.23,10.59,-2.3599999999999994,0.777148253068933
2021,2,A,Verkort,2,dispq2,Mediaan (Q2),2,R002,2. Nettoverkoopmarge (%),_Z,1,4.7,4.95,-0.25,0.9494949494949495
2021,2,A,Verkort,2,dispq2,Mediaan (Q2),3,R003,3. Toegevoegde waarde / Bedrijfsopbrengsten (%),_Z,1,18.6,26.47,-7.869999999999997,0.7026822818284851
2021,2,A,Verkort,2,dispq2,Mediaan (Q2),4,R004,4.Toegevoegde waarde per personeelslid (in EUR),EUR,1,73627.18,79119.9,-5492.720000000001,0.9305772631158533
2021,2,A,Verkort,2,dispq2,Mediaan (Q2),5,R005,5. Toegevoegde waarde / Bruto materiële vaste activa (%),_Z,1,48.29,35.14,13.149999999999999,1.3742174160500853
2021,2,A,Verkort,2,dispq2,Mediaan (Q2),6,R006,6. Personeelskosten / Toegevoegde waarde (%),_Z,1,63.61,55.65,7.960000000000001,1.1430368373764601
2021,2,A,Verkort,2,dispq2,Mediaan (Q2),7,R007,"7. Afschrijvingen, waardeverminderingen en voorzieningen voor risico's en kosten / Toegevoegde waarde (%)",_Z,1,12.74,15.68,-2.9399999999999995,0.8125
2021,2,A,Verkort,2,dispq2,Mediaan (Q2),9,R008A,8. Financiële kosten / Toegevoegde waarde (%),_Z,1,2.73,3.23,-0.5,0.8452012383900929
2021,2,A,Verkort,2,dispq2,Mediaan (Q2),10,R009,"9. Nettorendabiliteit van het eigen vermogen, na belasting (%)",_Z,1,12.61,12.48,0.129999999999999,1.0104166666666665
2021,2,A,Verkort,2,dispq2,Mediaan (Q2),11,R010,10. Cashflow / Eigen vermogen (%),_Z,1,25.67,23.27,2.400000000000002,1.10313708637731
2021,2,A,Verkort,2,dispq2,Mediaan (Q2),13,R011A,"11. Brutorendabiliteit van het totaal der activa, vóór belasting en financiële kosten (%)",_Z,1,11.25,10.93,0.3200000000000003,1.029277218664227
2021,2,A,Verkort,2,dispq2,Mediaan (Q2),15,R012A,"12. Nettorendabiliteit van het totaal der activa, vóór belasting en financiële kosten (%)",_Z,1,6.3,6.44,-0.14000000000000057,0.9782608695652173
2021,2,A,Verkort,2,dispq2,Mediaan (Q2),16,R013,13. Liquiditeit in ruime zin,_Z,1,1.51,1.41,0.10000000000000009,1.070921985815603
2021,2,A,Verkort,2,dispq2,Mediaan (Q2),17,R014,14. Liquiditeit in enge zin,_Z,1,1.2,1.15,0.050000000000000044,1.0434782608695652
2021,2,A,Verkort,2,dispq2,Mediaan (Q2),22,R019,17. Aantal dagen klantenkrediet,_Z,1,42.83,32.26,10.57,1.3276503409795413
2021,2,A,Verkort,2,dispq2,Mediaan (Q2),23,R020,18. Aantal dagen leverancierskrediet,_Z,1,41.78,39.0,2.780000000000001,1.0712820512820513
2021,2,A,Verkort,2,dispq2,Mediaan (Q2),24,R021,19. Financiële onafhankelijkheidsgraad (%),_Z,1,36.31,40.11,-3.799999999999997,0.9052605335327849
2021,2,A,Verkort,2,dispq2,Mediaan (Q2),25,R022,20. Aanschaffingen van materiële vaste activa / Toegevoegde waarde (%),_Z,1,12.42,11.0,1.42,1.1290909090909091
2021,2,A,Verkort,2,dispq2,Mediaan (Q2),26,R023,21. Vernieuwingsgraad inzake materiële vaste activa (%),_Z,1,23.25,17.17,6.079999999999998,1.3541059988351776
2021,2,A,Verkort,3,dispnb,Aantal ondernemingen,1,R001,1. Brutoverkoopmarge (%),_Z,1,812.0,5694.0,-4882.0,0.1426062521952933
2021,2,A,Verkort,3,dispnb,Aantal ondernemingen,2,R002,2. Nettoverkoopmarge (%),_Z,1,812.0,5694.0,-4882.0,0.1426062521952933
2021,2,A,Verkort,3,dispnb,Aantal ondernemingen,3,R003,3. Toegevoegde waarde / Bedrijfsopbrengsten (%),_Z,1,835.0,5819.0,-4984.0,0.14349544595291286
2021,2,A,Verkort,3,dispnb,Aantal ondernemingen,4,R004,4.Toegevoegde waarde per personeelslid (in EUR),EUR,1,7542.0,51929.0,-44387.0,0.14523676558377785
2021,2,A,Verkort,3,dispnb,Aantal ondernemingen,5,R005,5. Toegevoegde waarde / Bruto materiële vaste activa (%),_Z,1,12637.0,102428.0,-89791.0,0.12337446791892842
2021,2,A,Verkort,3,dispnb,Aantal ondernemingen,6,R006,6. Personeelskosten / Toegevoegde waarde (%),_Z,1,8145.0,56001.0,-47856.0,0.1454438313601543
2021,2,A,Verkort,3,dispnb,Aantal ondernemingen,7,R007,"7. Afschrijvingen, waardeverminderingen en voorzieningen voor risico's en kosten / Toegevoegde waarde (%)",_Z,1,11394.0,90841.0,-79447.0,0.12542794553120287
2021,2,A,Verkort,3,dispnb,Aantal ondernemingen,9,R008A,8. Financiële kosten / Toegevoegde waarde (%),_Z,1,12401.0,98979.0,-86578.0,0.12528920276018146
2021,2,A,Verkort,3,dispnb,Aantal ondernemingen,10,R009,"9. Nettorendabiliteit van het eigen vermogen, na belasting (%)",_Z,1,13039.0,103575.0,-90536.0,0.12588945208785904
2021,2,A,Verkort,3,dispnb,Aantal ondernemingen,11,R010,10. Cashflow / Eigen vermogen (%),_Z,1,13039.0,103623.0,-90584.0,0.12583113787479613
2021,2,A,Verkort,3,dispnb,Aantal ondernemingen,13,R011A,"11. Brutorendabiliteit van het totaal der activa, vóór belasting en financiële kosten (%)",_Z,1,14503.0,116317.0,-101814.0,0.12468512771134056
2021,2,A,Verkort,3,dispnb,Aantal ondernemingen,15,R012A,"12. Nettorendabiliteit van het totaal der activa, vóór belasting en financiële kosten (%)",_Z,1,14503.0,116316.0,-101813.0,0.12468619966298704
2021,2,A,Verkort,3,dispnb,Aantal ondernemingen,16,R013,13. Liquiditeit in ruime zin,_Z,1,14441.0,115415.0,-100974.0,0.12512238443876447
2021,2,A,Verkort,3,dispnb,Aantal ondernemingen,17,R014,14. Liquiditeit in enge zin,_Z,1,14411.0,115118.0,-100707.0,0.12518459320002084
2021,2,A,Verkort,3,dispnb,Aantal ondernemingen,22,R019,17. Aantal dagen klantenkrediet,_Z,1,812.0,5699.0,-4887.0,0.14248113704158624
2021,2,A,Verkort,3,dispnb,Aantal ondernemingen,23,R020,18. Aantal dagen leverancierskrediet,_Z,1,896.0,6407.0,-5511.0,0.13984704229748712
2021,2,A,Verkort,3,dispnb,Aantal ondernemingen,24,R021,19. Financiële onafhankelijkheidsgraad (%),_Z,1,14511.0,116401.0,-101890.0,0.12466387745809744
2021,2,A,Verkort,3,dispnb,Aantal ondernemingen,25,R022,20. Aanschaffingen van materiële vaste activa / Toegevoegde waarde (%),_Z,1,9354.0,69075.0,-59721.0,0.13541802388707927
2021,2,A,Verkort,3,dispnb,Aantal ondernemingen,26,R023,21. Vernieuwingsgraad inzake materiële vaste activa (%),_Z,1,9146.0,68224.0,-59078.0,0.13405839587242027
2021,3,M,Micro,1,dispg,Gewogen gemiddelde,1,R001,1. Brutoverkoopmarge (%),_Z,1,74.7,48.54,26.160000000000004,1.5389369592089
2021,3,M,Micro,1,dispg,Gewogen gemiddelde,2,R002,2. Nettoverkoopmarge (%),_Z,1,73.79,45.14,28.650000000000006,1.6346920691182987
2021,3,M,Micro,1,dispg,Gewogen gemiddelde,3,R003,3. Toegevoegde waarde / Bedrijfsopbrengsten (%),_Z,1,76.11,53.4,22.71,1.4252808988764045
2021,3,M,Micro,1,dispg,Gewogen gemiddelde,4,R004,4.Toegevoegde waarde per personeelslid (in EUR),EUR,1,65327.56,63938.29,1389.2699999999968,1.0217282945790387
2021,3,M,Micro,1,dispg,Gewogen gemiddelde,5,R005,5. Toegevoegde waarde / Bruto materiële vaste activa (%),_Z,1,28.74,21.94,6.799999999999997,1.3099361896080217
2021,3,M,Micro,1,dispg,Gewogen gemiddelde,6,R006,6. Personeelskosten / Toegevoegde waarde (%),_Z,1,56.96,49.91,7.050000000000004,1.141254257663795
2021,3,M,Micro,1,dispg,Gewogen gemiddelde,7,R007,"7. Afschrijvingen, waardeverminderingen en voorzieningen voor risico's en kosten / Toegevoegde waarde (%)",_Z,1,13.71,21.05,-7.34,0.6513064133016627
2021,3,M,Micro,1,dispg,Gewogen gemiddelde,9,R008A,8. Financiële kosten / Toegevoegde waarde (%),_Z,1,3.59,5.77,-2.1799999999999997,0.6221837088388215
2021,3,M,Micro,1,dispg,Gewogen gemiddelde,10,R009,"9. Nettorendabiliteit van het eigen vermogen, na belasting (%)",_Z,1,14.67,13.91,0.7599999999999998,1.0546369518332135
2021,3,M,Micro,1,dispg,Gewogen gemiddelde,11,R010,10. Cashflow / Eigen vermogen (%),_Z,1,26.73,21.5,5.23,1.2432558139534884
2021,3,M,Micro,1,dispg,Gewogen gemiddelde,13,R011A,"11. Brutorendabiliteit van het totaal der activa, vóór belasting en financiële kosten (%)",_Z,1,13.02,13.36,-0.33999999999999986,0.9745508982035929
2021,3,M,Micro,1,dispg,Gewogen gemiddelde,15,R012A,"12. Nettorendabiliteit van het totaal der activa, vóór belasting en financiële kosten (%)",_Z,1,8.63,9.83,-1.1999999999999993,0.8779247202441506
2021,3,M,Micro,1,dispg,Gewogen gemiddelde,16,R013,13. Liquiditeit in ruime zin,_Z,1,1.31,1.45,-0.1399999999999999,0.903448275862069
2021,3,M,Micro,1,dispg,Gewogen gemiddelde,17,R014,14. Liquiditeit in enge zin,_Z,1,1.05,1.27,-0.21999999999999997,0.8267716535433071
2021,3,M,Micro,1,dispg,Gewogen gemiddelde,22,R019,17. Aantal dagen klantenkrediet,_Z,1,60.65,49.09,11.559999999999995,1.2354858423304134
2021,3,M,Micro,1,dispg,Gewogen gemiddelde,23,R020,18. Aantal dagen leverancierskrediet,_Z,1,53.9,56.76,-2.8599999999999994,0.9496124031007752
2021,3,M,Micro,1,dispg,Gewogen gemiddelde,24,R021,19. Financiële onafhankelijkheidsgraad (%),_Z,1,36.87,46.1,-9.230000000000004,0.7997830802603036
2021,3,M,Micro,1,dispg,Gewogen gemiddelde,25,R022,20. Aanschaffingen van materiële vaste activa / Toegevoegde waarde (%),_Z,1,31.59,44.15,-12.559999999999999,0.715515288788222
2021,3,M,Micro,1,dispg,Gewogen gemiddelde,26,R023,21. Vernieuwingsgraad inzake materiële vaste activa (%),_Z,1,26.19,17.15,9.040000000000003,1.527113702623907
2021,3,M,Micro,2,dispq2,Mediaan (Q2),1,R001,1. Brutoverkoopmarge (%),_Z,1,8.41,11.54,-3.129999999999999,0.7287694974003467
2021,3,M,Micro,2,dispq2,Mediaan (Q2),2,R002,2. Nettoverkoopmarge (%),_Z,1,4.77,5.38,-0.6100000000000003,0.8866171003717471
2021,3,M,Micro,2,dispq2,Mediaan (Q2),3,R003,3. Toegevoegde waarde / Bedrijfsopbrengsten (%),_Z,1,12.01,18.42,-6.410000000000002,0.6520086862106406
2021,3,M,Micro,2,dispq2,Mediaan (Q2),4,R004,4.Toegevoegde waarde per personeelslid (in EUR),EUR,1,65603.35,64161.22,1442.1300000000047,1.0224766611358076
2021,3,M,Micro,2,dispq2,Mediaan (Q2),5,R005,5. Toegevoegde waarde / Bruto materiële vaste activa (%),_Z,1,35.58,30.15,5.43,1.1800995024875622
2021,3,M,Micro,2,dispq2,Mediaan (Q2),6,R006,6. Personeelskosten / Toegevoegde waarde (%),_Z,1,50.34,43.14,7.200000000000003,1.1668984700973575
2021,3,M,Micro,2,dispq2,Mediaan (Q2),7,R007,"7. Afschrijvingen, waardeverminderingen en voorzieningen voor risico's en kosten / Toegevoegde waarde (%)",_Z,1,21.46,20.12,1.3399999999999999,1.0666003976143141
2021,3,M,Micro,2,dispq2,Mediaan (Q2),9,R008A,8. Financiële kosten / Toegevoegde waarde (%),_Z,1,3.02,2.74,0.2799999999999998,1.1021897810218977
2021,3,M,Micro,2,dispq2,Mediaan (Q2),10,R009,"9. Nettorendabiliteit van het eigen vermogen, na belasting (%)",_Z,1,15.41,16.45,-1.0399999999999991,0.9367781155015198
2021,3,M,Micro,2,dispq2,Mediaan (Q2),11,R010,10. Cashflow / Eigen vermogen (%),_Z,1,31.16,28.3,2.8599999999999994,1.101060070671378
2021,3,M,Micro,2,dispq2,Mediaan (Q2),13,R011A,"11. Brutorendabiliteit van het totaal der activa, vóór belasting en financiële kosten (%)",_Z,1,15.15,15.12,0.030000000000001137,1.001984126984127
2021,3,M,Micro,2,dispq2,Mediaan (Q2),15,R012A,"12. Nettorendabiliteit van het totaal der activa, vóór belasting en financiële kosten (%)",_Z,1,8.62,9.26,-0.6400000000000006,0.9308855291576673
2021,3,M,Micro,2,dispq2,Mediaan (Q2),16,R013,13. Liquiditeit in ruime zin,_Z,1,1.6,1.64,-0.039999999999999813,0.9756097560975611
2021,3,M,Micro,2,dispq2,Mediaan (Q2),17,R014,14. Liquiditeit in enge zin,_Z,1,1.4,1.46,-0.06000000000000005,0.958904109589041
2021,3,M,Micro,2,dispq2,Mediaan (Q2),22,R019,17. Aantal dagen klantenkrediet,_Z,1,38.9,22.89,16.009999999999998,1.6994320664045435
2021,3,M,Micro,2,dispq2,Mediaan (Q2),23,R020,18. Aantal dagen leverancierskrediet,_Z,1,27.2,21.01,6.189999999999998,1.2946216087577342
2021,3,M,Micro,2,dispq2,Mediaan (Q2),24,R021,19. Financiële onafhankelijkheidsgraad (%),_Z,1,41.85,47.22,-5.369999999999997,0.8862770012706481
2021,3,M,Micro,2,dispq2,Mediaan (Q2),25,R022,20. Aanschaffingen van materiële vaste activa / Toegevoegde waarde (%),_Z,1,26.09,18.54,7.550000000000001,1.4072276159654802
2021,3,M,Micro,2,dispq2,Mediaan (Q2),26,R023,21. Vernieuwingsgraad inzake materiële vaste activa (%),_Z,1,31.38,22.79,8.59,1.376919701623519
2021,3,M,Micro,3,dispnb,Aantal ondernemingen,1,R001,1. Brutoverkoopmarge (%),_Z,1,1615.0,8131.0,-6516.0,0.19862255565121142
2021,3,M,Micro,3,dispnb,Aantal ondernemingen,2,R002,2. Nettoverkoopmarge (%),_Z,1,1615.0,8131.0,-6516.0,0.19862255565121142
2021,3,M,Micro,3,dispnb,Aantal ondernemingen,3,R003,3. Toegevoegde waarde / Bedrijfsopbrengsten (%),_Z,1,1652.0,8378.0,-6726.0,0.19718309859154928
2021,3,M,Micro,3,dispnb,Aantal ondernemingen,4,R004,4.Toegevoegde waarde per personeelslid (in EUR),EUR,1,7279.0,41232.0,-33953.0,0.17653764066744276
2021,3,M,Micro,3,dispnb,Aantal ondernemingen,5,R005,5. Toegevoegde waarde / Bruto materiële vaste activa (%),_Z,1,30885.0,229341.0,-198456.0,0.13466846311823877
2021,3,M,Micro,3,dispnb,Aantal ondernemingen,6,R006,6. Personeelskosten / Toegevoegde waarde (%),_Z,1,10230.0,55347.0,-45117.0,0.18483386633421867
2021,3,M,Micro,3,dispnb,Aantal ondernemingen,7,R007,"7. Afschrijvingen, waardeverminderingen en voorzieningen voor risico's en kosten / Toegevoegde waarde (%)",_Z,1,26422.0,192136.0,-165714.0,0.13751717533413832
2021,3,M,Micro,3,dispnb,Aantal ondernemingen,9,R008A,8. Financiële kosten / Toegevoegde waarde (%),_Z,1,28537.0,209308.0,-180771.0,0.13633974812238422
2021,3,M,Micro,3,dispnb,Aantal ondernemingen,10,R009,"9. Nettorendabiliteit van het eigen vermogen, na belasting (%)",_Z,1,30100.0,217395.0,-187295.0,0.13845764622001425
2021,3,M,Micro,3,dispnb,Aantal ondernemingen,11,R010,10. Cashflow / Eigen vermogen (%),_Z,1,30105.0,217431.0,-187326.0,0.13845771762076245
2021,3,M,Micro,3,dispnb,Aantal ondernemingen,13,R011A,"11. Brutorendabiliteit van het totaal der activa, vóór belasting en financiële kosten (%)",_Z,1,34120.0,255157.0,-221037.0,0.13372159102043055
2021,3,M,Micro,3,dispnb,Aantal ondernemingen,15,R012A,"12. Nettorendabiliteit van het totaal der activa, vóór belasting en financiële kosten (%)",_Z,1,34120.0,255154.0,-221034.0,0.13372316326610595
2021,3,M,Micro,3,dispnb,Aantal ondernemingen,16,R013,13. Liquiditeit in ruime zin,_Z,1,33891.0,252960.0,-219069.0,0.13397770398481973
2021,3,M,Micro,3,dispnb,Aantal ondernemingen,17,R014,14. Liquiditeit in enge zin,_Z,1,33844.0,252293.0,-218449.0,0.13414561640632122
2021,3,M,Micro,3,dispnb,Aantal ondernemingen,22,R019,17. Aantal dagen klantenkrediet,_Z,1,1615.0,8131.0,-6516.0,0.19862255565121142
2021,3,M,Micro,3,dispnb,Aantal ondernemingen,23,R020,18. Aantal dagen leverancierskrediet,_Z,1,1768.0,9336.0,-7568.0,0.1893744644387318
2021,3,M,Micro,3,dispnb,Aantal ondernemingen,24,R021,19. Financiële onafhankelijkheidsgraad (%),_Z,1,34187.0,255897.0,-221710.0,0.133596720555536
2021,3,M,Micro,3,dispnb,Aantal ondernemingen,25,R022,20. Aanschaffingen van materiële vaste activa / Toegevoegde waarde (%),_Z,1,20116.0,135047.0,-114931.0,0.1489555488089332
2021,3,M,Micro,3,dispnb,Aantal ondernemingen,26,R023,21. Vernieuwingsgraad inzake materiële vaste activa (%),_Z,1,17767.0,123547.0,-105780.0,0.14380761977223244
2021,4,T,Volledig + Verkort + Micro,1,dispg,Gewogen gemiddelde,1,R001,1. Brutoverkoopmarge (%),_Z,1,10.17,8.52,1.6500000000000004,1.193661971830986
2021,4,T,Volledig + Verkort + Micro,1,dispg,Gewogen gemiddelde,2,R002,2. Nettoverkoopmarge (%),_Z,1,8.04,4.04,3.999999999999999,1.9900990099009899
2021,4,T,Volledig + Verkort + Micro,1,dispg,Gewogen gemiddelde,3,R003,3. Toegevoegde waarde / Bedrijfsopbrengsten (%),_Z,1,25.13,19.76,5.369999999999997,1.2717611336032386
2021,4,T,Volledig + Verkort + Micro,1,dispg,Gewogen gemiddelde,4,R004,4.Toegevoegde waarde per personeelslid (in EUR),EUR,1,82451.98,110658.25,-28206.270000000004,0.745104680401145
2021,4,T,Volledig + Verkort + Micro,1,dispg,Gewogen gemiddelde,5,R005,5. Toegevoegde waarde / Bruto materiële vaste activa (%),_Z,1,45.04,32.33,12.71,1.3931333127126508
2021,4,T,Volledig + Verkort + Micro,1,dispg,Gewogen gemiddelde,6,R006,6. Personeelskosten / Toegevoegde waarde (%),_Z,1,66.87,56.15,10.720000000000006,1.1909171861086376
2021,4,T,Volledig + Verkort + Micro,1,dispg,Gewogen gemiddelde,7,R007,"7. Afschrijvingen, waardeverminderingen en voorzieningen voor risico's en kosten / Toegevoegde waarde (%)",_Z,1,11.51,20.77,-9.26,0.5541646605681271
2021,4,T,Volledig + Verkort + Micro,1,dispg,Gewogen gemiddelde,9,R008A,8. Financiële kosten / Toegevoegde waarde (%),_Z,1,6.16,12.08,-5.92,0.5099337748344371
2021,4,T,Volledig + Verkort + Micro,1,dispg,Gewogen gemiddelde,10,R009,"9. Nettorendabiliteit van het eigen vermogen, na belasting (%)",_Z,1,11.84,8.21,3.629999999999999,1.4421437271619975
2021,4,T,Volledig + Verkort + Micro,1,dispg,Gewogen gemiddelde,11,R010,10. Cashflow / Eigen vermogen (%),_Z,1,18.39,12.6,5.790000000000001,1.4595238095238097
2021,4,T,Volledig + Verkort + Micro,1,dispg,Gewogen gemiddelde,13,R011A,"11. Brutorendabiliteit van het totaal der activa, vóór belasting en financiële kosten (%)",_Z,1,9.29,7.63,1.6599999999999993,1.217562254259502
2021,4,T,Volledig + Verkort + Micro,1,dispg,Gewogen gemiddelde,15,R012A,"12. Nettorendabiliteit van het totaal der activa, vóór belasting en financiële kosten (%)",_Z,1,6.89,5.59,1.2999999999999998,1.2325581395348837
2021,4,T,Volledig + Verkort + Micro,1,dispg,Gewogen gemiddelde,16,R013,13. Liquiditeit in ruime zin,_Z,1,1.4,1.26,0.1399999999999999,1.111111111111111
2021,4,T,Volledig + Verkort + Micro,1,dispg,Gewogen gemiddelde,17,R014,14. Liquiditeit in enge zin,_Z,1,1.0,1.1,-0.10000000000000009,0.9090909090909091
2021,4,T,Volledig + Verkort + Micro,1,dispg,Gewogen gemiddelde,22,R019,17. Aantal dagen klantenkrediet,_Z,1,94.43,71.34,23.090000000000003,1.3236613400616766
2021,4,T,Volledig + Verkort + Micro,1,dispg,Gewogen gemiddelde,23,R020,18. Aantal dagen leverancierskrediet,_Z,1,102.57,86.1,16.47,1.1912891986062717
2021,4,T,Volledig + Verkort + Micro,1,dispg,Gewogen gemiddelde,24,R021,19. Financiële onafhankelijkheidsgraad (%),_Z,1,36.5,46.96,-10.46,0.7772572402044293
2021,4,T,Volledig + Verkort + Micro,1,dispg,Gewogen gemiddelde,25,R022,20. Aanschaffingen van materiële vaste activa / Toegevoegde waarde (%),_Z,1,22.96,25.48,-2.5199999999999996,0.9010989010989011
2021,4,T,Volledig + Verkort + Micro,1,dispg,Gewogen gemiddelde,26,R023,21. Vernieuwingsgraad inzake materiële vaste activa (%),_Z,1,21.79,16.82,4.969999999999999,1.2954815695600475
2021,4,T,Volledig + Verkort + Micro,2,dispq2,Mediaan (Q2),1,R001,1. Brutoverkoopmarge (%),_Z,1,7.81,8.86,-1.0499999999999998,0.881489841986456
2021,4,T,Volledig + Verkort + Micro,2,dispq2,Mediaan (Q2),2,R002,2. Nettoverkoopmarge (%),_Z,1,4.64,4.65,-0.010000000000000675,0.9978494623655912
2021,4,T,Volledig + Verkort + Micro,2,dispq2,Mediaan (Q2),3,R003,3. Toegevoegde waarde / Bedrijfsopbrengsten (%),_Z,1,17.65,24.59,-6.940000000000001,0.7177714518096787
2021,4,T,Volledig + Verkort + Micro,2,dispq2,Mediaan (Q2),4,R004,4.Toegevoegde waarde per personeelslid (in EUR),EUR,1,70535.94,75605.28,-5069.3399999999965,0.9329499209579014
2021,4,T,Volledig + Verkort + Micro,2,dispq2,Mediaan (Q2),5,R005,5. Toegevoegde waarde / Bruto materiële vaste activa (%),_Z,1,40.29,32.92,7.369999999999997,1.223876063183475
2021,4,T,Volledig + Verkort + Micro,2,dispq2,Mediaan (Q2),6,R006,6. Personeelskosten / Toegevoegde waarde (%),_Z,1,58.09,51.9,6.190000000000005,1.1192678227360309
2021,4,T,Volledig + Verkort + Micro,2,dispq2,Mediaan (Q2),7,R007,"7. Afschrijvingen, waardeverminderingen en voorzieningen voor risico's en kosten / Toegevoegde waarde (%)",_Z,1,17.68,17.89,-0.21000000000000085,0.9882615986584684
2021,4,T,Volledig + Verkort + Micro,2,dispq2,Mediaan (Q2),9,R008A,8. Financiële kosten / Toegevoegde waarde (%),_Z,1,2.89,2.89,0.0,1.0
2021,4,T,Volledig + Verkort + Micro,2,dispq2,Mediaan (Q2),10,R009,"9. Nettorendabiliteit van het eigen vermogen, na belasting (%)",_Z,1,14.29,14.6,-0.3100000000000005,0.9787671232876712
2021,4,T,Volledig + Verkort + Micro,2,dispq2,Mediaan (Q2),11,R010,10. Cashflow / Eigen vermogen (%),_Z,1,28.84,25.94,2.8999999999999986,1.1117964533538935
2021,4,T,Volledig + Verkort + Micro,2,dispq2,Mediaan (Q2),13,R011A,"11. Brutorendabiliteit van het totaal der activa, vóór belasting en financiële kosten (%)",_Z,1,13.55,13.1,0.45000000000000107,1.034351145038168
2021,4,T,Volledig + Verkort + Micro,2,dispq2,Mediaan (Q2),15,R012A,"12. Nettorendabiliteit van het totaal der activa, vóór belasting en financiële kosten (%)",_Z,1,7.61,7.84,-0.22999999999999954,0.9706632653061225
2021,4,T,Volledig + Verkort + Micro,2,dispq2,Mediaan (Q2),16,R013,13. Liquiditeit in ruime zin,_Z,1,1.57,1.54,0.030000000000000027,1.0194805194805194
2021,4,T,Volledig + Verkort + Micro,2,dispq2,Mediaan (Q2),17,R014,14. Liquiditeit in enge zin,_Z,1,1.33,1.32,0.010000000000000009,1.0075757575757576
2021,4,T,Volledig + Verkort + Micro,2,dispq2,Mediaan (Q2),22,R019,17. Aantal dagen klantenkrediet,_Z,1,51.02,45.49,5.530000000000001,1.121565179160255
2021,4,T,Volledig + Verkort + Micro,2,dispq2,Mediaan (Q2),23,R020,18. Aantal dagen leverancierskrediet,_Z,1,48.07,50.09,-2.020000000000003,0.9596725893391894
2021,4,T,Volledig + Verkort + Micro,2,dispq2,Mediaan (Q2),24,R021,19. Financiële onafhankelijkheidsgraad (%),_Z,1,39.76,44.57,-4.810000000000002,0.8920798743549472
2021,4,T,Volledig + Verkort + Micro,2,dispq2,Mediaan (Q2),25,R022,20. Aanschaffingen van materiële vaste activa / Toegevoegde waarde (%),_Z,1,19.46,14.73,4.73,1.3211133740665308
2021,4,T,Volledig + Verkort + Micro,2,dispq2,Mediaan (Q2),26,R023,21. Vernieuwingsgraad inzake materiële vaste activa (%),_Z,1,27.7,20.26,7.439999999999998,1.3672260612043434
2021,4,T,Volledig + Verkort + Micro,3,dispnb,Aantal ondernemingen,1,R001,1. Brutoverkoopmarge (%),_Z,1,3623.0,29424.0,-25801.0,0.12313077759651984
2021,4,T,Volledig + Verkort + Micro,3,dispnb,Aantal ondernemingen,2,R002,2. Nettoverkoopmarge (%),_Z,1,3623.0,29423.0,-25800.0,0.12313496244434625
2021,4,T,Volledig + Verkort + Micro,3,dispnb,Aantal ondernemingen,3,R003,3. Toegevoegde waarde / Bedrijfsopbrengsten (%),_Z,1,3777.0,30736.0,-26959.0,0.12288521603331598
2021,4,T,Volledig + Verkort + Micro,3,dispnb,Aantal ondernemingen,4,R004,4.Toegevoegde waarde per personeelslid (in EUR),EUR,1,15674.0,105139.0,-89465.0,0.14907883848999895
2021,4,T,Volledig + Verkort + Micro,3,dispnb,Aantal ondernemingen,5,R005,5. Toegevoegde waarde / Bruto materiële vaste activa (%),_Z,1,44685.0,347380.0,-302695.0,0.12863434855201797
2021,4,T,Volledig + Verkort + Micro,3,dispnb,Aantal ondernemingen,6,R006,6. Personeelskosten / Toegevoegde waarde (%),_Z,1,19299.0,123988.0,-104689.0,0.15565215988644063
2021,4,T,Volledig + Verkort + Micro,3,dispnb,Aantal ondernemingen,7,R007,"7. Afschrijvingen, waardeverminderingen en voorzieningen voor risico's en kosten / Toegevoegde waarde (%)",_Z,1,38874.0,297015.0,-258141.0,0.1308822786727943
2021,4,T,Volledig + Verkort + Micro,3,dispnb,Aantal ondernemingen,9,R008A,8. Financiële kosten / Toegevoegde waarde (%),_Z,1,42118.0,323578.0,-281460.0,0.13016336092070535
2021,4,T,Volledig + Verkort + Micro,3,dispnb,Aantal ondernemingen,10,R009,"9. Nettorendabiliteit van het eigen vermogen, na belasting (%)",_Z,1,44414.0,337472.0,-293058.0,0.13160795562298502
2021,4,T,Volledig + Verkort + Micro,3,dispnb,Aantal ondernemingen,11,R010,10. Cashflow / Eigen vermogen (%),_Z,1,44422.0,337601.0,-293179.0,0.13158136379927785
2021,4,T,Volledig + Verkort + Micro,3,dispnb,Aantal ondernemingen,13,R011A,"11. Brutorendabiliteit van het totaal der activa, vóór belasting en financiële kosten (%)",_Z,1,49983.0,389151.0,-339168.0,0.1284411449540153
2021,4,T,Volledig + Verkort + Micro,3,dispnb,Aantal ondernemingen,15,R012A,"12. Nettorendabiliteit van het totaal der activa, vóór belasting en financiële kosten (%)",_Z,1,49983.0,389146.0,-339163.0,0.1284427952490839
2021,4,T,Volledig + Verkort + Micro,3,dispnb,Aantal ondernemingen,16,R013,13. Liquiditeit in ruime zin,_Z,1,49689.0,385949.0,-336260.0,0.12874498962298128
2021,4,T,Volledig + Verkort + Micro,3,dispnb,Aantal ondernemingen,17,R014,14. Liquiditeit in enge zin,_Z,1,49611.0,384951.0,-335340.0,0.12887614267789926
2021,4,T,Volledig + Verkort + Micro,3,dispnb,Aantal ondernemingen,22,R019,17. Aantal dagen klantenkrediet,_Z,1,3623.0,29429.0,-25806.0,0.12310985762343267
2021,4,T,Volledig + Verkort + Micro,3,dispnb,Aantal ondernemingen,23,R020,18. Aantal dagen leverancierskrediet,_Z,1,4021.0,33334.0,-29313.0,0.12062758744825104
2021,4,T,Volledig + Verkort + Micro,3,dispnb,Aantal ondernemingen,24,R021,19. Financiële onafhankelijkheidsgraad (%),_Z,1,50058.0,389961.0,-339903.0,0.12836668282212838
2021,4,T,Volledig + Verkort + Micro,3,dispnb,Aantal ondernemingen,25,R022,20. Aanschaffingen van materiële vaste activa / Toegevoegde waarde (%),_Z,1,30367.0,215794.0,-185427.0,0.140722170217893
2021,4,T,Volledig + Verkort + Micro,3,dispnb,Aantal ondernemingen,26,R023,21. Vernieuwingsgraad inzake materiële vaste activa (%),_Z,1,27816.0,203605.0,-175789.0,0.13661747010142186
2022,1,C,Volledig,1,dispg,Gewogen gemiddelde,1,R001,1. Brutoverkoopmarge (%),_Z,1,6.89,7.71,-0.8200000000000003,0.8936446173800259
2022,1,C,Volledig,1,dispg,Gewogen gemiddelde,2,R002,2. Nettoverkoopmarge (%),_Z,1,4.46,3.89,0.5699999999999998,1.1465295629820051
2022,1,C,Volledig,1,dispg,Gewogen gemiddelde,3,R003,3. Toegevoegde waarde / Bedrijfsopbrengsten (%),_Z,1,22.42,17.93,4.490000000000002,1.2504182933630787
2022,1,C,Volledig,1,dispg,Gewogen gemiddelde,4,R004,4.Toegevoegde waarde per personeelslid (in EUR),EUR,1,94835.84,131187.24,-36351.399999999994,0.7229044532074919
2022,1,C,Volledig,1,dispg,Gewogen gemiddelde,5,R005,5. Toegevoegde waarde / Bruto materiële vaste activa (%),_Z,1,59.18,36.49,22.689999999999998,1.6218141956700465
2022,1,C,Volledig,1,dispg,Gewogen gemiddelde,6,R006,6. Personeelskosten / Toegevoegde waarde (%),_Z,1,70.47,54.93,15.54,1.2829055161114145
2022,1,C,Volledig,1,dispg,Gewogen gemiddelde,7,R007,"7. Afschrijvingen, waardeverminderingen en voorzieningen voor risico's en kosten / Toegevoegde waarde (%)",_Z,1,11.04,22.41,-11.370000000000001,0.49263721552878176
2022,1,C,Volledig,1,dispg,Gewogen gemiddelde,8,R008C,8. Kosten van de schulden / Toegevoegde waarde (%),_Z,1,4.87,7.79,-2.92,0.6251604621309371
2022,1,C,Volledig,1,dispg,Gewogen gemiddelde,10,R009,"9. Nettorendabiliteit van het eigen vermogen, na belasting (%)",_Z,1,11.34,7.07,4.27,1.6039603960396038
2022,1,C,Volledig,1,dispg,Gewogen gemiddelde,11,R010,10. Cashflow / Eigen vermogen (%),_Z,1,17.1,12.41,4.690000000000001,1.3779210314262693
2022,1,C,Volledig,1,dispg,Gewogen gemiddelde,12,R011C,"11. Brutorendabiliteit van het totaal der activa, vóór belasting en kosten van schulden (%)",_Z,1,8.41,6.83,1.58,1.2313323572474377
2022,1,C,Volledig,1,dispg,Gewogen gemiddelde,14,R012C,"12. Nettorendabiliteit van het totaal der activa, vóór belasting en kosten van schulden (%)",_Z,1,6.24,4.4,1.8399999999999999,1.4181818181818182
2022,1,C,Volledig,1,dispg,Gewogen gemiddelde,16,R013,13. Liquiditeit in ruime zin,_Z,1,1.43,1.21,0.21999999999999997,1.1818181818181819
2022,1,C,Volledig,1,dispg,Gewogen gemiddelde,17,R014,14. Liquiditeit in enge zin,_Z,1,1.11,1.05,0.06000000000000005,1.0571428571428572
2022,1,C,Volledig,1,dispg,Gewogen gemiddelde,18,R015,"15.1 Rotatie van de voorraad handelsgoederen, grond- en hulpstoffen (voor alle sectoren uitgezonderd de bouwnijverheid)",_Z,1,0.85,9.9,-9.05,0.08585858585858586
2022,1,C,Volledig,1,dispg,Gewogen gemiddelde,19,R016,"15.2 Rotatie van de voorraad handelsgoederen, grond- en hulpstoffen (enkel voor de sector van de bouwnijverheid)",_Z,1,26.18,10.78,15.4,2.428571428571429
2022,1,C,Volledig,1,dispg,Gewogen gemiddelde,20,R017,16.1 Rotatie van de voorraad goederen in bewerking en gereed product (voor alle sectoren uitgezonderd de bouwnijverheid),_Z,1,3.29,31.9,-28.61,0.10313479623824452
2022,1,C,Volledig,1,dispg,Gewogen gemiddelde,21,R018,16.2 Rotatie van de voorraad goederen in bewerking en gereed product (enkel voor de sector van de bouwnijverheid),_Z,1,6.5,26.99,-20.49,0.2408299370137088
2022,1,C,Volledig,1,dispg,Gewogen gemiddelde,22,R019,17. Aantal dagen klantenkrediet,_Z,1,82.48,58.05,24.430000000000007,1.4208440999138674
2022,1,C,Volledig,1,dispg,Gewogen gemiddelde,23,R020,18. Aantal dagen leverancierskrediet,_Z,1,82.81,72.91,9.900000000000006,1.1357838430942258
2022,1,C,Volledig,1,dispg,Gewogen gemiddelde,24,R021,19. Financiële onafhankelijkheidsgraad (%),_Z,1,39.03,45.86,-6.829999999999998,0.8510684692542521
2022,1,C,Volledig,1,dispg,Gewogen gemiddelde,25,R022,20. Aanschaffingen van materiële vaste activa / Toegevoegde waarde (%),_Z,1,12.21,21.87,-9.66,0.5582990397805213
2022,1,C,Volledig,1,dispg,Gewogen gemiddelde,26,R023,21. Vernieuwingsgraad inzake materiële vaste activa (%),_Z,1,17.61,18.26,-0.6500000000000021,0.9644030668127053
2022,1,C,Volledig,2,dispq2,Mediaan (Q2),1,R001,1. Brutoverkoopmarge (%),_Z,1,6.45,6.53,-0.08000000000000007,0.9877488514548238
2022,1,C,Volledig,2,dispq2,Mediaan (Q2),2,R002,2. Nettoverkoopmarge (%),_Z,1,4.03,3.92,0.11000000000000032,1.028061224489796
2022,1,C,Volledig,2,dispq2,Mediaan (Q2),3,R003,3. Toegevoegde waarde / Bedrijfsopbrengsten (%),_Z,1,23.11,25.36,-2.25,0.9112776025236593
2022,1,C,Volledig,2,dispq2,Mediaan (Q2),4,R004,4.Toegevoegde waarde per personeelslid (in EUR),EUR,1,84659.5,101580.74,-16921.240000000005,0.8334207842943455
2022,1,C,Volledig,2,dispq2,Mediaan (Q2),5,R005,5. Toegevoegde waarde / Bruto materiële vaste activa (%),_Z,1,90.44,69.68,20.75999999999999,1.2979334098737083
2022,1,C,Volledig,2,dispq2,Mediaan (Q2),6,R006,6. Personeelskosten / Toegevoegde waarde (%),_Z,1,72.88,67.28,5.599999999999994,1.0832342449464922
2022,1,C,Volledig,2,dispq2,Mediaan (Q2),7,R007,"7. Afschrijvingen, waardeverminderingen en voorzieningen voor risico's en kosten / Toegevoegde waarde (%)",_Z,1,7.38,9.23,-1.8500000000000005,0.799566630552546
2022,1,C,Volledig,2,dispq2,Mediaan (Q2),8,R008C,8. Kosten van de schulden / Toegevoegde waarde (%),_Z,1,1.34,1.74,-0.3999999999999999,0.7701149425287357
2022,1,C,Volledig,2,dispq2,Mediaan (Q2),10,R009,"9. Nettorendabiliteit van het eigen vermogen, na belasting (%)",_Z,1,10.27,8.73,1.5399999999999991,1.1764032073310422
2022,1,C,Volledig,2,dispq2,Mediaan (Q2),11,R010,10. Cashflow / Eigen vermogen (%),_Z,1,19.57,16.73,2.84,1.1697549312612074
2022,1,C,Volledig,2,dispq2,Mediaan (Q2),12,R011C,"11. Brutorendabiliteit van het totaal der activa, vóór belasting en kosten van schulden (%)",_Z,1,7.37,7.69,-0.3200000000000003,0.9583875162548764
2022,1,C,Volledig,2,dispq2,Mediaan (Q2),14,R012C,"12. Nettorendabiliteit van het totaal der activa, vóór belasting en kosten van schulden (%)",_Z,1,4.51,4.52,-0.009999999999999787,0.9977876106194691
2022,1,C,Volledig,2,dispq2,Mediaan (Q2),16,R013,13. Liquiditeit in ruime zin,_Z,1,1.37,1.34,0.030000000000000027,1.0223880597014925
2022,1,C,Volledig,2,dispq2,Mediaan (Q2),17,R014,14. Liquiditeit in enge zin,_Z,1,1.12,1.09,0.030000000000000027,1.0275229357798166
2022,1,C,Volledig,2,dispq2,Mediaan (Q2),18,R015,"15.1 Rotatie van de voorraad handelsgoederen, grond- en hulpstoffen (voor alle sectoren uitgezonderd de bouwnijverheid)",_Z,1,0.0,6.31,-6.31,0.0
2022,1,C,Volledig,2,dispq2,Mediaan (Q2),19,R016,"15.2 Rotatie van de voorraad handelsgoederen, grond- en hulpstoffen (enkel voor de sector van de bouwnijverheid)",_Z,1,27.62,27.62,0.0,1.0
2022,1,C,Volledig,2,dispq2,Mediaan (Q2),20,R017,16.1 Rotatie van de voorraad goederen in bewerking en gereed product (voor alle sectoren uitgezonderd de bouwnijverheid),_Z,1,0.0,17.93,-17.93,0.0
2022,1,C,Volledig,2,dispq2,Mediaan (Q2),21,R018,16.2 Rotatie van de voorraad goederen in bewerking en gereed product (enkel voor de sector van de bouwnijverheid),_Z,1,15.04,15.04,0.0,1.0
2022,1,C,Volledig,2,dispq2,Mediaan (Q2),22,R019,17. Aantal dagen klantenkrediet,_Z,1,66.1,47.3,18.799999999999997,1.397463002114165
2022,1,C,Volledig,2,dispq2,Mediaan (Q2),23,R020,18. Aantal dagen leverancierskrediet,_Z,1,67.84,55.71,12.130000000000003,1.2177346975408365
2022,1,C,Volledig,2,dispq2,Mediaan (Q2),24,R021,19. Financiële onafhankelijkheidsgraad (%),_Z,1,30.99,41.07,-10.080000000000002,0.7545653761869978
2022,1,C,Volledig,2,dispq2,Mediaan (Q2),25,R022,20. Aanschaffingen van materiële vaste activa / Toegevoegde waarde (%),_Z,1,5.78,6.08,-0.2999999999999998,0.9506578947368421
2022,1,C,Volledig,2,dispq2,Mediaan (Q2),26,R023,21. Vernieuwingsgraad inzake materiële vaste activa (%),_Z,1,22.46,20.38,2.080000000000002,1.1020608439646713
2022,1,C,Volledig,3,dispnb,Aantal ondernemingen,1,R001,1. Brutoverkoopmarge (%),_Z,1,1263.0,16495.0,-15232.0,0.07656865716883904
2022,1,C,Volledig,3,dispnb,Aantal ondernemingen,2,R002,2. Nettoverkoopmarge (%),_Z,1,1263.0,16495.0,-15232.0,0.07656865716883904
2022,1,C,Volledig,3,dispnb,Aantal ondernemingen,3,R003,3. Toegevoegde waarde / Bedrijfsopbrengsten (%),_Z,1,1292.0,16540.0,-15248.0,0.0781136638452237
2022,1,C,Volledig,3,dispnb,Aantal ondernemingen,4,R004,4.Toegevoegde waarde per personeelslid (in EUR),EUR,1,929.0,12372.0,-11443.0,0.07508891044293566
2022,1,C,Volledig,3,dispnb,Aantal ondernemingen,5,R005,5. Toegevoegde waarde / Bruto materiële vaste activa (%),_Z,1,1116.0,14950.0,-13834.0,0.07464882943143812
2022,1,C,Volledig,3,dispnb,Aantal ondernemingen,6,R006,6. Personeelskosten / Toegevoegde waarde (%),_Z,1,941.0,12712.0,-11771.0,0.07402454373820012
2022,1,C,Volledig,3,dispnb,Aantal ondernemingen,7,R007,"7. Afschrijvingen, waardeverminderingen en voorzieningen voor risico's en kosten / Toegevoegde waarde (%)",_Z,1,1061.0,14077.0,-13016.0,0.07537117283512113
2022,1,C,Volledig,3,dispnb,Aantal ondernemingen,8,R008C,8. Kosten van de schulden / Toegevoegde waarde (%),_Z,1,1092.0,13578.0,-12486.0,0.08042421564295184
2022,1,C,Volledig,3,dispnb,Aantal ondernemingen,10,R009,"9. Nettorendabiliteit van het eigen vermogen, na belasting (%)",_Z,1,1281.0,16502.0,-15221.0,0.07762695430856865
2022,1,C,Volledig,3,dispnb,Aantal ondernemingen,11,R010,10. Cashflow / Eigen vermogen (%),_Z,1,1282.0,16551.0,-15269.0,0.07745755543471694
2022,1,C,Volledig,3,dispnb,Aantal ondernemingen,12,R011C,"11. Brutorendabiliteit van het totaal der activa, vóór belasting en kosten van schulden (%)",_Z,1,1365.0,17605.0,-16240.0,0.0775347912524851
2022,1,C,Volledig,3,dispnb,Aantal ondernemingen,14,R012C,"12. Nettorendabiliteit van het totaal der activa, vóór belasting en kosten van schulden (%)",_Z,1,1365.0,17596.0,-16231.0,0.07757444873834962
2022,1,C,Volledig,3,dispnb,Aantal ondernemingen,16,R013,13. Liquiditeit in ruime zin,_Z,1,1362.0,17543.0,-16181.0,0.07763780425240836
2022,1,C,Volledig,3,dispnb,Aantal ondernemingen,17,R014,14. Liquiditeit in enge zin,_Z,1,1362.0,17519.0,-16157.0,0.07774416347965067
2022,1,C,Volledig,3,dispnb,Aantal ondernemingen,18,R015,"15.1 Rotatie van de voorraad handelsgoederen, grond- en hulpstoffen (voor alle sectoren uitgezonderd de bouwnijverheid)",_Z,1,0.0,6250.0,-6250.0,0.0
2022,1,C,Volledig,3,dispnb,Aantal ondernemingen,19,R016,"15.2 Rotatie van de voorraad handelsgoederen, grond- en hulpstoffen (enkel voor de sector van de bouwnijverheid)",_Z,1,682.0,682.0,0.0,1.0
2022,1,C,Volledig,3,dispnb,Aantal ondernemingen,20,R017,16.1 Rotatie van de voorraad goederen in bewerking en gereed product (voor alle sectoren uitgezonderd de bouwnijverheid),_Z,1,0.0,1842.0,-1842.0,0.0
2022,1,C,Volledig,3,dispnb,Aantal ondernemingen,21,R018,16.2 Rotatie van de voorraad goederen in bewerking en gereed product (enkel voor de sector van de bouwnijverheid),_Z,1,602.0,602.0,0.0,1.0
2022,1,C,Volledig,3,dispnb,Aantal ondernemingen,22,R019,17. Aantal dagen klantenkrediet,_Z,1,1302.0,16619.0,-15317.0,0.07834406402310608
2022,1,C,Volledig,3,dispnb,Aantal ondernemingen,23,R020,18. Aantal dagen leverancierskrediet,_Z,1,1364.0,17546.0,-16182.0,0.07773851590106007
2022,1,C,Volledig,3,dispnb,Aantal ondernemingen,24,R021,19. Financiële onafhankelijkheidsgraad (%),_Z,1,1365.0,17601.0,-16236.0,0.07755241179478439
2022,1,C,Volledig,3,dispnb,Aantal ondernemingen,25,R022,20. Aanschaffingen van materiële vaste activa / Toegevoegde waarde (%),_Z,1,920.0,11858.0,-10938.0,0.07758475290942823
2022,1,C,Volledig,3,dispnb,Aantal ondernemingen,26,R023,21. Vernieuwingsgraad inzake materiële vaste activa (%),_Z,1,933.0,12040.0,-11107.0,0.07749169435215947
2022,2,A,Verkort,1,dispg,Gewogen gemiddelde,1,R001,1. Brutoverkoopmarge (%),_Z,1,10.58,11.32,-0.7400000000000002,0.9346289752650176
2022,2,A,Verkort,1,dispg,Gewogen gemiddelde,2,R002,2. Nettoverkoopmarge (%),_Z,1,6.52,6.06,0.45999999999999996,1.0759075907590758
2022,2,A,Verkort,1,dispg,Gewogen gemiddelde,3,R003,3. Toegevoegde waarde / Bedrijfsopbrengsten (%),_Z,1,27.6,28.27,-0.6699999999999982,0.9762999646268129
2022,2,A,Verkort,1,dispg,Gewogen gemiddelde,4,R004,4.Toegevoegde waarde per personeelslid (in EUR),EUR,1,82207.85,84128.04,-1920.1899999999878,0.9771753864704326
2022,2,A,Verkort,1,dispg,Gewogen gemiddelde,5,R005,5. Toegevoegde waarde / Bruto materiële vaste activa (%),_Z,1,42.36,32.65,9.71,1.29739663093415
2022,2,A,Verkort,1,dispg,Gewogen gemiddelde,6,R006,6. Personeelskosten / Toegevoegde waarde (%),_Z,1,63.74,60.59,3.1499999999999986,1.0519887770259118
2022,2,A,Verkort,1,dispg,Gewogen gemiddelde,7,R007,"7. Afschrijvingen, waardeverminderingen en voorzieningen voor risico's en kosten / Toegevoegde waarde (%)",_Z,1,13.1,16.51,-3.410000000000002,0.793458509993943
2022,2,A,Verkort,1,dispg,Gewogen gemiddelde,9,R008A,8. Financiële kosten / Toegevoegde waarde (%),_Z,1,5.42,9.76,-4.34,0.555327868852459
2022,2,A,Verkort,1,dispg,Gewogen gemiddelde,10,R009,"9. Nettorendabiliteit van het eigen vermogen, na belasting (%)",_Z,1,12.89,10.08,2.8100000000000005,1.2787698412698414
2022,2,A,Verkort,1,dispg,Gewogen gemiddelde,11,R010,10. Cashflow / Eigen vermogen (%),_Z,1,21.25,15.94,5.3100000000000005,1.3331242158092849
2022,2,A,Verkort,1,dispg,Gewogen gemiddelde,13,R011A,"11. Brutorendabiliteit van het totaal der activa, vóór belasting en financiële kosten (%)",_Z,1,10.24,10.29,-0.049999999999998934,0.9951409135082605
2022,2,A,Verkort,1,dispg,Gewogen gemiddelde,15,R012A,"12. Nettorendabiliteit van het totaal der activa, vóór belasting en financiële kosten (%)",_Z,1,7.32,7.56,-0.23999999999999932,0.9682539682539684
2022,2,A,Verkort,1,dispg,Gewogen gemiddelde,16,R013,13. Liquiditeit in ruime zin,_Z,1,1.42,1.35,0.06999999999999984,1.0518518518518518
2022,2,A,Verkort,1,dispg,Gewogen gemiddelde,17,R014,14. Liquiditeit in enge zin,_Z,1,0.88,1.11,-0.2300000000000001,0.7927927927927927
2022,2,A,Verkort,1,dispg,Gewogen gemiddelde,22,R019,17. Aantal dagen klantenkrediet,_Z,1,63.33,52.25,11.079999999999998,1.2120574162679425
2022,2,A,Verkort,1,dispg,Gewogen gemiddelde,23,R020,18. Aantal dagen leverancierskrediet,_Z,1,74.49,229.56,-155.07,0.32449032932566646
2022,2,A,Verkort,1,dispg,Gewogen gemiddelde,24,R021,19. Financiële onafhankelijkheidsgraad (%),_Z,1,34.75,47.15,-12.399999999999999,0.7370095440084836
2022,2,A,Verkort,1,dispg,Gewogen gemiddelde,25,R022,20. Aanschaffingen van materiële vaste activa / Toegevoegde waarde (%),_Z,1,31.75,32.88,-1.1300000000000026,0.965632603406326
2022,2,A,Verkort,1,dispg,Gewogen gemiddelde,26,R023,21. Vernieuwingsgraad inzake materiële vaste activa (%),_Z,1,24.42,18.73,5.690000000000001,1.3037907100907635
2022,2,A,Verkort,2,dispq2,Mediaan (Q2),1,R001,1. Brutoverkoopmarge (%),_Z,1,7.69,10.55,-2.8600000000000003,0.728909952606635
2022,2,A,Verkort,2,dispq2,Mediaan (Q2),2,R002,2. Nettoverkoopmarge (%),_Z,1,3.95,4.85,-0.8999999999999995,0.8144329896907218
2022,2,A,Verkort,2,dispq2,Mediaan (Q2),3,R003,3. Toegevoegde waarde / Bedrijfsopbrengsten (%),_Z,1,19.27,28.77,-9.5,0.6697949252693778
2022,2,A,Verkort,2,dispq2,Mediaan (Q2),4,R004,4.Toegevoegde waarde per personeelslid (in EUR),EUR,1,77801.38,83296.47,-5495.0899999999965,0.9340297373946339
2022,2,A,Verkort,2,dispq2,Mediaan (Q2),5,R005,5. Toegevoegde waarde / Bruto materiële vaste activa (%),_Z,1,50.5,38.52,11.979999999999997,1.311007268951194
2022,2,A,Verkort,2,dispq2,Mediaan (Q2),6,R006,6. Personeelskosten / Toegevoegde waarde (%),_Z,1,64.94,59.11,5.829999999999998,1.098629673490103
2022,2,A,Verkort,2,dispq2,Mediaan (Q2),7,R007,"7. Afschrijvingen, waardeverminderingen en voorzieningen voor risico's en kosten / Toegevoegde waarde (%)",_Z,1,12.19,14.49,-2.3000000000000007,0.8412698412698412
2022,2,A,Verkort,2,dispq2,Mediaan (Q2),9,R008A,8. Financiële kosten / Toegevoegde waarde (%),_Z,1,2.7,3.18,-0.48,0.8490566037735849
2022,2,A,Verkort,2,dispq2,Mediaan (Q2),10,R009,"9. Nettorendabiliteit van het eigen vermogen, na belasting (%)",_Z,1,12.69,12.3,0.3899999999999988,1.0317073170731705
2022,2,A,Verkort,2,dispq2,Mediaan (Q2),11,R010,10. Cashflow / Eigen vermogen (%),_Z,1,25.19,22.89,2.3000000000000007,1.1004805591961555
2022,2,A,Verkort,2,dispq2,Mediaan (Q2),13,R011A,"11. Brutorendabiliteit van het totaal der activa, vóór belasting en financiële kosten (%)",_Z,1,10.96,10.8,0.16000000000000014,1.0148148148148148
2022,2,A,Verkort,2,dispq2,Mediaan (Q2),15,R012A,"12. Nettorendabiliteit van het totaal der activa, vóór belasting en financiële kosten (%)",_Z,1,6.27,6.42,-0.15000000000000036,0.9766355140186915
2022,2,A,Verkort,2,dispq2,Mediaan (Q2),16,R013,13. Liquiditeit in ruime zin,_Z,1,1.49,1.4,0.09000000000000008,1.0642857142857143
2022,2,A,Verkort,2,dispq2,Mediaan (Q2),17,R014,14. Liquiditeit in enge zin,_Z,1,1.17,1.14,0.030000000000000027,1.0263157894736843
2022,2,A,Verkort,2,dispq2,Mediaan (Q2),22,R019,17. Aantal dagen klantenkrediet,_Z,1,46.38,30.48,15.900000000000002,1.5216535433070866
2022,2,A,Verkort,2,dispq2,Mediaan (Q2),23,R020,18. Aantal dagen leverancierskrediet,_Z,1,46.57,39.55,7.020000000000003,1.1774968394437422
2022,2,A,Verkort,2,dispq2,Mediaan (Q2),24,R021,19. Financiële onafhankelijkheidsgraad (%),_Z,1,36.08,40.36,-4.280000000000001,0.8939544103072349
2022,2,A,Verkort,2,dispq2,Mediaan (Q2),25,R022,20. Aanschaffingen van materiële vaste activa / Toegevoegde waarde (%),_Z,1,11.62,10.7,0.9199999999999999,1.0859813084112149
2022,2,A,Verkort,2,dispq2,Mediaan (Q2),26,R023,21. Vernieuwingsgraad inzake materiële vaste activa (%),_Z,1,22.1,17.89,4.210000000000001,1.2353269983230855
2022,2,A,Verkort,3,dispnb,Aantal ondernemingen,1,R001,1. Brutoverkoopmarge (%),_Z,1,616.0,4354.0,-3738.0,0.1414790996784566
2022,2,A,Verkort,3,dispnb,Aantal ondernemingen,2,R002,2. Nettoverkoopmarge (%),_Z,1,616.0,4353.0,-3737.0,0.14151160119457845
2022,2,A,Verkort,3,dispnb,Aantal ondernemingen,3,R003,3. Toegevoegde waarde / Bedrijfsopbrengsten (%),_Z,1,626.0,4419.0,-3793.0,0.14166100927811723
2022,2,A,Verkort,3,dispnb,Aantal ondernemingen,4,R004,4.Toegevoegde waarde per personeelslid (in EUR),EUR,1,7803.0,52681.0,-44878.0,0.14811791727567813
2022,2,A,Verkort,3,dispnb,Aantal ondernemingen,5,R005,5. Toegevoegde waarde / Bruto materiële vaste activa (%),_Z,1,12882.0,102790.0,-89908.0,0.12532347504621072
2022,2,A,Verkort,3,dispnb,Aantal ondernemingen,6,R006,6. Personeelskosten / Toegevoegde waarde (%),_Z,1,8283.0,56341.0,-48058.0,0.1470154949326423
2022,2,A,Verkort,3,dispnb,Aantal ondernemingen,7,R007,"7. Afschrijvingen, waardeverminderingen en voorzieningen voor risico's en kosten / Toegevoegde waarde (%)",_Z,1,11649.0,91841.0,-80192.0,0.1268387757101948
2022,2,A,Verkort,3,dispnb,Aantal ondernemingen,9,R008A,8. Financiële kosten / Toegevoegde waarde (%),_Z,1,12752.0,100288.0,-87536.0,0.12715379706445437
2022,2,A,Verkort,3,dispnb,Aantal ondernemingen,10,R009,"9. Nettorendabiliteit van het eigen vermogen, na belasting (%)",_Z,1,13483.0,105157.0,-91674.0,0.12821780765902413
2022,2,A,Verkort,3,dispnb,Aantal ondernemingen,11,R010,10. Cashflow / Eigen vermogen (%),_Z,1,13484.0,105208.0,-91724.0,0.12816515854307658
2022,2,A,Verkort,3,dispnb,Aantal ondernemingen,13,R011A,"11. Brutorendabiliteit van het totaal der activa, vóór belasting en financiële kosten (%)",_Z,1,14983.0,117459.0,-102476.0,0.12755940370682536
2022,2,A,Verkort,3,dispnb,Aantal ondernemingen,15,R012A,"12. Nettorendabiliteit van het totaal der activa, vóór belasting en financiële kosten (%)",_Z,1,14982.0,117458.0,-102476.0,0.12755197602547294
2022,2,A,Verkort,3,dispnb,Aantal ondernemingen,16,R013,13. Liquiditeit in ruime zin,_Z,1,14892.0,116566.0,-101674.0,0.12775594941921314
2022,2,A,Verkort,3,dispnb,Aantal ondernemingen,17,R014,14. Liquiditeit in enge zin,_Z,1,14872.0,116272.0,-101400.0,0.12790697674418605
2022,2,A,Verkort,3,dispnb,Aantal ondernemingen,22,R019,17. Aantal dagen klantenkrediet,_Z,1,616.0,4359.0,-3743.0,0.14131681578343658
2022,2,A,Verkort,3,dispnb,Aantal ondernemingen,23,R020,18. Aantal dagen leverancierskrediet,_Z,1,710.0,4981.0,-4271.0,0.1425416583015459
2022,2,A,Verkort,3,dispnb,Aantal ondernemingen,24,R021,19. Financiële onafhankelijkheidsgraad (%),_Z,1,14989.0,117530.0,-102541.0,0.1275333957287501
2022,2,A,Verkort,3,dispnb,Aantal ondernemingen,25,R022,20. Aanschaffingen van materiële vaste activa / Toegevoegde waarde (%),_Z,1,9549.0,70380.0,-60831.0,0.1356777493606138
2022,2,A,Verkort,3,dispnb,Aantal ondernemingen,26,R023,21. Vernieuwingsgraad inzake materiële vaste activa (%),_Z,1,9453.0,69516.0,-60063.0,0.1359830830312446
2022,3,M,Micro,1,dispg,Gewogen gemiddelde,1,R001,1. Brutoverkoopmarge (%),_Z,1,10.86,13.33,-2.4700000000000006,0.8147036759189797
2022,3,M,Micro,1,dispg,Gewogen gemiddelde,2,R002,2. Nettoverkoopmarge (%),_Z,1,7.88,8.55,-0.6700000000000008,0.9216374269005847
2022,3,M,Micro,1,dispg,Gewogen gemiddelde,3,R003,3. Toegevoegde waarde / Bedrijfsopbrengsten (%),_Z,1,16.99,21.62,-4.630000000000003,0.7858464384828862
2022,3,M,Micro,1,dispg,Gewogen gemiddelde,4,R004,4.Toegevoegde waarde per personeelslid (in EUR),EUR,1,69176.1,64251.34,4924.760000000009,1.0766483625088599
2022,3,M,Micro,1,dispg,Gewogen gemiddelde,5,R005,5. Toegevoegde waarde / Bruto materiële vaste activa (%),_Z,1,29.03,23.81,5.220000000000002,1.2192356152876944
2022,3,M,Micro,1,dispg,Gewogen gemiddelde,6,R006,6. Personeelskosten / Toegevoegde waarde (%),_Z,1,57.56,54.84,2.719999999999999,1.049598832968636
2022,3,M,Micro,1,dispg,Gewogen gemiddelde,7,R007,"7. Afschrijvingen, waardeverminderingen en voorzieningen voor risico's en kosten / Toegevoegde waarde (%)",_Z,1,21.17,20.87,0.3000000000000007,1.0143747005270725
2022,3,M,Micro,1,dispg,Gewogen gemiddelde,9,R008A,8. Financiële kosten / Toegevoegde waarde (%),_Z,1,5.65,6.51,-0.8599999999999994,0.8678955453149002
2022,3,M,Micro,1,dispg,Gewogen gemiddelde,10,R009,"9. Nettorendabiliteit van het eigen vermogen, na belasting (%)",_Z,1,10.92,14.16,-3.24,0.771186440677966
2022,3,M,Micro,1,dispg,Gewogen gemiddelde,11,R010,10. Cashflow / Eigen vermogen (%),_Z,1,19.94,21.49,-1.5499999999999972,0.9278734295020942
2022,3,M,Micro,1,dispg,Gewogen gemiddelde,13,R011A,"11. Brutorendabiliteit van het totaal der activa, vóór belasting en financiële kosten (%)",_Z,1,10.27,13.66,-3.3900000000000006,0.7518301610541728
2022,3,M,Micro,1,dispg,Gewogen gemiddelde,15,R012A,"12. Nettorendabiliteit van het totaal der activa, vóór belasting en financiële kosten (%)",_Z,1,6.83,10.22,-3.3900000000000006,0.6682974559686888
2022,3,M,Micro,1,dispg,Gewogen gemiddelde,16,R013,13. Liquiditeit in ruime zin,_Z,1,1.33,1.48,-0.1499999999999999,0.8986486486486487
2022,3,M,Micro,1,dispg,Gewogen gemiddelde,17,R014,14. Liquiditeit in enge zin,_Z,1,1.05,1.31,-0.26,0.8015267175572519
2022,3,M,Micro,1,dispg,Gewogen gemiddelde,22,R019,17. Aantal dagen klantenkrediet,_Z,1,59.98,50.99,8.989999999999995,1.1763090802118061
2022,3,M,Micro,1,dispg,Gewogen gemiddelde,23,R020,18. Aantal dagen leverancierskrediet,_Z,1,54.3,56.5,-2.200000000000003,0.9610619469026548
2022,3,M,Micro,1,dispg,Gewogen gemiddelde,24,R021,19. Financiële onafhankelijkheidsgraad (%),_Z,1,37.86,46.48,-8.619999999999997,0.8145438898450947
2022,3,M,Micro,1,dispg,Gewogen gemiddelde,25,R022,20. Aanschaffingen van materiële vaste activa / Toegevoegde waarde (%),_Z,1,50.49,44.91,5.580000000000005,1.124248496993988
2022,3,M,Micro,1,dispg,Gewogen gemiddelde,26,R023,21. Vernieuwingsgraad inzake materiële vaste activa (%),_Z,1,27.15,17.75,9.399999999999999,1.5295774647887324
2022,3,M,Micro,2,dispq2,Mediaan (Q2),1,R001,1. Brutoverkoopmarge (%),_Z,1,8.56,10.15,-1.5899999999999999,0.8433497536945813
2022,3,M,Micro,2,dispq2,Mediaan (Q2),2,R002,2. Nettoverkoopmarge (%),_Z,1,5.59,4.8,0.79,1.1645833333333333
2022,3,M,Micro,2,dispq2,Mediaan (Q2),3,R003,3. Toegevoegde waarde / Bedrijfsopbrengsten (%),_Z,1,11.65,15.86,-4.209999999999999,0.7345523329129887
2022,3,M,Micro,2,dispq2,Mediaan (Q2),4,R004,4.Toegevoegde waarde per personeelslid (in EUR),EUR,1,68892.52,65260.6,3631.9200000000055,1.0556525683184035
2022,3,M,Micro,2,dispq2,Mediaan (Q2),5,R005,5. Toegevoegde waarde / Bruto materiële vaste activa (%),_Z,1,36.89,33.92,2.969999999999999,1.0875589622641508
2022,3,M,Micro,2,dispq2,Mediaan (Q2),6,R006,6. Personeelskosten / Toegevoegde waarde (%),_Z,1,50.07,48.46,1.6099999999999994,1.0332232769294263
2022,3,M,Micro,2,dispq2,Mediaan (Q2),7,R007,"7. Afschrijvingen, waardeverminderingen en voorzieningen voor risico's en kosten / Toegevoegde waarde (%)",_Z,1,20.8,18.47,2.330000000000002,1.1261505143475907
2022,3,M,Micro,2,dispq2,Mediaan (Q2),9,R008A,8. Financiële kosten / Toegevoegde waarde (%),_Z,1,3.06,2.72,0.33999999999999986,1.125
2022,3,M,Micro,2,dispq2,Mediaan (Q2),10,R009,"9. Nettorendabiliteit van het eigen vermogen, na belasting (%)",_Z,1,15.89,16.55,-0.6600000000000001,0.9601208459214502
2022,3,M,Micro,2,dispq2,Mediaan (Q2),11,R010,10. Cashflow / Eigen vermogen (%),_Z,1,31.7,28.12,3.5799999999999983,1.127311522048364
2022,3,M,Micro,2,dispq2,Mediaan (Q2),13,R011A,"11. Brutorendabiliteit van het totaal der activa, vóór belasting en financiële kosten (%)",_Z,1,15.33,15.28,0.05000000000000071,1.0032722513089005
2022,3,M,Micro,2,dispq2,Mediaan (Q2),15,R012A,"12. Nettorendabiliteit van het totaal der activa, vóór belasting en financiële kosten (%)",_Z,1,8.71,9.52,-0.8099999999999987,0.9149159663865547
2022,3,M,Micro,2,dispq2,Mediaan (Q2),16,R013,13. Liquiditeit in ruime zin,_Z,1,1.62,1.67,-0.04999999999999982,0.970059880239521
2022,3,M,Micro,2,dispq2,Mediaan (Q2),17,R014,14. Liquiditeit in enge zin,_Z,1,1.41,1.49,-0.08000000000000007,0.9463087248322147
2022,3,M,Micro,2,dispq2,Mediaan (Q2),22,R019,17. Aantal dagen klantenkrediet,_Z,1,36.6,22.02,14.580000000000002,1.6621253405994552
2022,3,M,Micro,2,dispq2,Mediaan (Q2),23,R020,18. Aantal dagen leverancierskrediet,_Z,1,26.28,20.09,6.190000000000001,1.3081134892981583
2022,3,M,Micro,2,dispq2,Mediaan (Q2),24,R021,19. Financiële onafhankelijkheidsgraad (%),_Z,1,43.3,48.77,-5.470000000000006,0.8878408857904448
2022,3,M,Micro,2,dispq2,Mediaan (Q2),25,R022,20. Aanschaffingen van materiële vaste activa / Toegevoegde waarde (%),_Z,1,26.12,18.82,7.300000000000001,1.38788522848034
2022,3,M,Micro,2,dispq2,Mediaan (Q2),26,R023,21. Vernieuwingsgraad inzake materiële vaste activa (%),_Z,1,29.62,24.1,5.52,1.229045643153527
2022,3,M,Micro,3,dispnb,Aantal ondernemingen,1,R001,1. Brutoverkoopmarge (%),_Z,1,1329.0,6825.0,-5496.0,0.19472527472527473
2022,3,M,Micro,3,dispnb,Aantal ondernemingen,2,R002,2. Nettoverkoopmarge (%),_Z,1,1329.0,6824.0,-5495.0,0.1947538100820633
2022,3,M,Micro,3,dispnb,Aantal ondernemingen,3,R003,3. Toegevoegde waarde / Bedrijfsopbrengsten (%),_Z,1,1332.0,6827.0,-5495.0,0.19510766075875202
2022,3,M,Micro,3,dispnb,Aantal ondernemingen,4,R004,4.Toegevoegde waarde per personeelslid (in EUR),EUR,1,7153.0,41272.0,-34119.0,0.1733136266718356
2022,3,M,Micro,3,dispnb,Aantal ondernemingen,5,R005,5. Toegevoegde waarde / Bruto materiële vaste activa (%),_Z,1,33759.0,249902.0,-216143.0,0.13508895487030917
2022,3,M,Micro,3,dispnb,Aantal ondernemingen,6,R006,6. Personeelskosten / Toegevoegde waarde (%),_Z,1,10113.0,54323.0,-44210.0,0.18616423982475194
2022,3,M,Micro,3,dispnb,Aantal ondernemingen,7,R007,"7. Afschrijvingen, waardeverminderingen en voorzieningen voor risico's en kosten / Toegevoegde waarde (%)",_Z,1,28822.0,210291.0,-181469.0,0.13705769623997222
2022,3,M,Micro,3,dispnb,Aantal ondernemingen,9,R008A,8. Financiële kosten / Toegevoegde waarde (%),_Z,1,31251.0,229885.0,-198634.0,0.135941883985471
2022,3,M,Micro,3,dispnb,Aantal ondernemingen,10,R009,"9. Nettorendabiliteit van het eigen vermogen, na belasting (%)",_Z,1,33241.0,240190.0,-206949.0,0.13839460427161832
2022,3,M,Micro,3,dispnb,Aantal ondernemingen,11,R010,10. Cashflow / Eigen vermogen (%),_Z,1,33243.0,240230.0,-206987.0,0.1383798859426383
2022,3,M,Micro,3,dispnb,Aantal ondernemingen,13,R011A,"11. Brutorendabiliteit van het totaal der activa, vóór belasting en financiële kosten (%)",_Z,1,37540.0,279977.0,-242437.0,0.1340824424863471
2022,3,M,Micro,3,dispnb,Aantal ondernemingen,15,R012A,"12. Nettorendabiliteit van het totaal der activa, vóór belasting en financiële kosten (%)",_Z,1,37540.0,279971.0,-242431.0,0.134085315979155
2022,3,M,Micro,3,dispnb,Aantal ondernemingen,16,R013,13. Liquiditeit in ruime zin,_Z,1,37298.0,277661.0,-240363.0,0.1343292720259597
2022,3,M,Micro,3,dispnb,Aantal ondernemingen,17,R014,14. Liquiditeit in enge zin,_Z,1,37253.0,276980.0,-239727.0,0.13449707560112645
2022,3,M,Micro,3,dispnb,Aantal ondernemingen,22,R019,17. Aantal dagen klantenkrediet,_Z,1,1328.0,6824.0,-5496.0,0.19460726846424384
2022,3,M,Micro,3,dispnb,Aantal ondernemingen,23,R020,18. Aantal dagen leverancierskrediet,_Z,1,1456.0,7797.0,-6341.0,0.18673848916249838
2022,3,M,Micro,3,dispnb,Aantal ondernemingen,24,R021,19. Financiële onafhankelijkheidsgraad (%),_Z,1,37614.0,280687.0,-243073.0,0.13400691873866621
2022,3,M,Micro,3,dispnb,Aantal ondernemingen,25,R022,20. Aanschaffingen van materiële vaste activa / Toegevoegde waarde (%),_Z,1,21287.0,146010.0,-124723.0,0.14579138415177043
2022,3,M,Micro,3,dispnb,Aantal ondernemingen,26,R023,21. Vernieuwingsgraad inzake materiële vaste activa (%),_Z,1,18703.0,131629.0,-112926.0,0.14208874943971314
2022,4,T,Volledig + Verkort + Micro,1,dispg,Gewogen gemiddelde,1,R001,1. Brutoverkoopmarge (%),_Z,1,7.25,8.1,-0.8499999999999996,0.8950617283950618
2022,4,T,Volledig + Verkort + Micro,1,dispg,Gewogen gemiddelde,2,R002,2. Nettoverkoopmarge (%),_Z,1,4.69,3.9,0.7900000000000005,1.2025641025641027
2022,4,T,Volledig + Verkort + Micro,1,dispg,Gewogen gemiddelde,3,R003,3. Toegevoegde waarde / Bedrijfsopbrengsten (%),_Z,1,22.59,18.24,4.350000000000001,1.2384868421052633
2022,4,T,Volledig + Verkort + Micro,1,dispg,Gewogen gemiddelde,4,R004,4.Toegevoegde waarde per personeelslid (in EUR),EUR,1,88015.01,118843.54,-30828.53,0.7405956604793159
2022,4,T,Volledig + Verkort + Micro,1,dispg,Gewogen gemiddelde,5,R005,5. Toegevoegde waarde / Bruto materiële vaste activa (%),_Z,1,46.09,34.89,11.200000000000003,1.3210088850673547
2022,4,T,Volledig + Verkort + Micro,1,dispg,Gewogen gemiddelde,6,R006,6. Personeelskosten / Toegevoegde waarde (%),_Z,1,66.44,55.32,11.119999999999997,1.2010122921185828
2022,4,T,Volledig + Verkort + Micro,1,dispg,Gewogen gemiddelde,7,R007,"7. Afschrijvingen, waardeverminderingen en voorzieningen voor risico's en kosten / Toegevoegde waarde (%)",_Z,1,13.13,20.71,-7.58,0.6339932399806857
2022,4,T,Volledig + Verkort + Micro,1,dispg,Gewogen gemiddelde,9,R008A,8. Financiële kosten / Toegevoegde waarde (%),_Z,1,6.66,15.05,-8.39,0.4425249169435216
2022,4,T,Volledig + Verkort + Micro,1,dispg,Gewogen gemiddelde,10,R009,"9. Nettorendabiliteit van het eigen vermogen, na belasting (%)",_Z,1,11.78,7.79,3.9899999999999993,1.5121951219512195
2022,4,T,Volledig + Verkort + Micro,1,dispg,Gewogen gemiddelde,11,R010,10. Cashflow / Eigen vermogen (%),_Z,1,18.95,13.01,5.9399999999999995,1.4565718677940045
2022,4,T,Volledig + Verkort + Micro,1,dispg,Gewogen gemiddelde,13,R011A,"11. Brutorendabiliteit van het totaal der activa, vóór belasting en financiële kosten (%)",_Z,1,9.65,8.19,1.4600000000000009,1.1782661782661783
2022,4,T,Volledig + Verkort + Micro,1,dispg,Gewogen gemiddelde,15,R012A,"12. Nettorendabiliteit van het totaal der activa, vóór belasting en financiële kosten (%)",_Z,1,7.01,5.8,1.21,1.2086206896551723
2022,4,T,Volledig + Verkort + Micro,1,dispg,Gewogen gemiddelde,16,R013,13. Liquiditeit in ruime zin,_Z,1,1.41,1.24,0.16999999999999993,1.1370967741935483
2022,4,T,Volledig + Verkort + Micro,1,dispg,Gewogen gemiddelde,17,R014,14. Liquiditeit in enge zin,_Z,1,1.02,1.07,-0.050000000000000044,0.9532710280373832
2022,4,T,Volledig + Verkort + Micro,1,dispg,Gewogen gemiddelde,22,R019,17. Aantal dagen klantenkrediet,_Z,1,92.72,67.19,25.53,1.3799672570322965
2022,4,T,Volledig + Verkort + Micro,1,dispg,Gewogen gemiddelde,23,R020,18. Aantal dagen leverancierskrediet,_Z,1,94.88,84.32,10.560000000000002,1.125237191650854
2022,4,T,Volledig + Verkort + Micro,1,dispg,Gewogen gemiddelde,24,R021,19. Financiële onafhankelijkheidsgraad (%),_Z,1,37.36,46.05,-8.689999999999998,0.8112920738327905
2022,4,T,Volledig + Verkort + Micro,1,dispg,Gewogen gemiddelde,25,R022,20. Aanschaffingen van materiële vaste activa / Toegevoegde waarde (%),_Z,1,24.97,25.33,-0.35999999999999943,0.9857876036320569
2022,4,T,Volledig + Verkort + Micro,1,dispg,Gewogen gemiddelde,26,R023,21. Vernieuwingsgraad inzake materiële vaste activa (%),_Z,1,22.74,18.31,4.43,1.2419442927362097
2022,4,T,Volledig + Verkort + Micro,2,dispq2,Mediaan (Q2),1,R001,1. Brutoverkoopmarge (%),_Z,1,7.64,7.87,-0.23000000000000043,0.9707750952986023
2022,4,T,Volledig + Verkort + Micro,2,dispq2,Mediaan (Q2),2,R002,2. Nettoverkoopmarge (%),_Z,1,4.71,4.33,0.3799999999999999,1.087759815242494
2022,4,T,Volledig + Verkort + Micro,2,dispq2,Mediaan (Q2),3,R003,3. Toegevoegde waarde / Bedrijfsopbrengsten (%),_Z,1,18.26,23.83,-5.569999999999997,0.7662610155266472
2022,4,T,Volledig + Verkort + Micro,2,dispq2,Mediaan (Q2),4,R004,4.Toegevoegde waarde per personeelslid (in EUR),EUR,1,74624.07,78744.02,-4119.949999999997,0.9476792015444475
2022,4,T,Volledig + Verkort + Micro,2,dispq2,Mediaan (Q2),5,R005,5. Toegevoegde waarde / Bruto materiële vaste activa (%),_Z,1,41.58,36.47,5.109999999999999,1.1401151631477926
2022,4,T,Volledig + Verkort + Micro,2,dispq2,Mediaan (Q2),6,R006,6. Personeelskosten / Toegevoegde waarde (%),_Z,1,58.93,56.07,2.8599999999999994,1.051007668985197
2022,4,T,Volledig + Verkort + Micro,2,dispq2,Mediaan (Q2),7,R007,"7. Afschrijvingen, waardeverminderingen en voorzieningen voor risico's en kosten / Toegevoegde waarde (%)",_Z,1,17.22,16.52,0.6999999999999993,1.042372881355932
2022,4,T,Volledig + Verkort + Micro,2,dispq2,Mediaan (Q2),9,R008A,8. Financiële kosten / Toegevoegde waarde (%),_Z,1,2.92,2.87,0.04999999999999982,1.0174216027874563
2022,4,T,Volledig + Verkort + Micro,2,dispq2,Mediaan (Q2),10,R009,"9. Nettorendabiliteit van het eigen vermogen, na belasting (%)",_Z,1,14.65,14.69,-0.03999999999999915,0.9972770592239619
2022,4,T,Volledig + Verkort + Micro,2,dispq2,Mediaan (Q2),11,R010,10. Cashflow / Eigen vermogen (%),_Z,1,28.97,25.76,3.2099999999999973,1.124611801242236
2022,4,T,Volledig + Verkort + Micro,2,dispq2,Mediaan (Q2),13,R011A,"11. Brutorendabiliteit van het totaal der activa, vóór belasting en financiële kosten (%)",_Z,1,13.54,13.22,0.3199999999999985,1.0242057488653553
2022,4,T,Volledig + Verkort + Micro,2,dispq2,Mediaan (Q2),15,R012A,"12. Nettorendabiliteit van het totaal der activa, vóór belasting en financiële kosten (%)",_Z,1,7.69,8.01,-0.3199999999999994,0.9600499375780276
2022,4,T,Volledig + Verkort + Micro,2,dispq2,Mediaan (Q2),16,R013,13. Liquiditeit in ruime zin,_Z,1,1.57,1.55,0.020000000000000018,1.0129032258064516
2022,4,T,Volledig + Verkort + Micro,2,dispq2,Mediaan (Q2),17,R014,14. Liquiditeit in enge zin,_Z,1,1.32,1.34,-0.020000000000000018,0.9850746268656716
2022,4,T,Volledig + Verkort + Micro,2,dispq2,Mediaan (Q2),22,R019,17. Aantal dagen klantenkrediet,_Z,1,55.21,45.84,9.369999999999997,1.2044066317626527
2022,4,T,Volledig + Verkort + Micro,2,dispq2,Mediaan (Q2),23,R020,18. Aantal dagen leverancierskrediet,_Z,1,53.1,51.84,1.259999999999998,1.0243055555555556
2022,4,T,Volledig + Verkort + Micro,2,dispq2,Mediaan (Q2),24,R021,19. Financiële onafhankelijkheidsgraad (%),_Z,1,40.64,45.78,-5.140000000000001,0.8877238968982089
2022,4,T,Volledig + Verkort + Micro,2,dispq2,Mediaan (Q2),25,R022,20. Aanschaffingen van materiële vaste activa / Toegevoegde waarde (%),_Z,1,19.14,14.78,4.360000000000001,1.2949932341001353
2022,4,T,Volledig + Verkort + Micro,2,dispq2,Mediaan (Q2),26,R023,21. Vernieuwingsgraad inzake materiële vaste activa (%),_Z,1,26.32,21.51,4.809999999999999,1.2236169223616922
2022,4,T,Volledig + Verkort + Micro,3,dispnb,Aantal ondernemingen,1,R001,1. Brutoverkoopmarge (%),_Z,1,3154.0,26847.0,-23693.0,0.11748053786270347
2022,4,T,Volledig + Verkort + Micro,3,dispnb,Aantal ondernemingen,2,R002,2. Nettoverkoopmarge (%),_Z,1,3154.0,26845.0,-23691.0,0.1174892903706463
2022,4,T,Volledig + Verkort + Micro,3,dispnb,Aantal ondernemingen,3,R003,3. Toegevoegde waarde / Bedrijfsopbrengsten (%),_Z,1,3249.0,27780.0,-24531.0,0.11695464362850971
2022,4,T,Volledig + Verkort + Micro,3,dispnb,Aantal ondernemingen,4,R004,4.Toegevoegde waarde per personeelslid (in EUR),EUR,1,15860.0,106056.0,-90196.0,0.14954363732367806
2022,4,T,Volledig + Verkort + Micro,3,dispnb,Aantal ondernemingen,5,R005,5. Toegevoegde waarde / Bruto materiële vaste activa (%),_Z,1,47824.0,368317.0,-320493.0,0.12984467184517684
2022,4,T,Volledig + Verkort + Micro,3,dispnb,Aantal ondernemingen,6,R006,6. Personeelskosten / Toegevoegde waarde (%),_Z,1,19337.0,123411.0,-104074.0,0.15668781551077293
2022,4,T,Volledig + Verkort + Micro,3,dispnb,Aantal ondernemingen,7,R007,"7. Afschrijvingen, waardeverminderingen en voorzieningen voor risico's en kosten / Toegevoegde waarde (%)",_Z,1,41533.0,316249.0,-274716.0,0.13133005954169025
2022,4,T,Volledig + Verkort + Micro,3,dispnb,Aantal ondernemingen,9,R008A,8. Financiële kosten / Toegevoegde waarde (%),_Z,1,45181.0,345510.0,-300329.0,0.13076611386066975
2022,4,T,Volledig + Verkort + Micro,3,dispnb,Aantal ondernemingen,10,R009,"9. Nettorendabiliteit van het eigen vermogen, na belasting (%)",_Z,1,48005.0,361849.0,-313844.0,0.1326658357491661
2022,4,T,Volledig + Verkort + Micro,3,dispnb,Aantal ondernemingen,11,R010,10. Cashflow / Eigen vermogen (%),_Z,1,48009.0,361986.0,-313977.0,0.13262667616979662
2022,4,T,Volledig + Verkort + Micro,3,dispnb,Aantal ondernemingen,13,R011A,"11. Brutorendabiliteit van het totaal der activa, vóór belasting en financiële kosten (%)",_Z,1,53888.0,415050.0,-361162.0,0.12983495964341646
2022,4,T,Volledig + Verkort + Micro,3,dispnb,Aantal ondernemingen,15,R012A,"12. Nettorendabiliteit van het totaal der activa, vóór belasting en financiële kosten (%)",_Z,1,53887.0,415042.0,-361155.0,0.12983505283802604
2022,4,T,Volledig + Verkort + Micro,3,dispnb,Aantal ondernemingen,16,R013,13. Liquiditeit in ruime zin,_Z,1,53552.0,411770.0,-358218.0,0.1300531850304782
2022,4,T,Volledig + Verkort + Micro,3,dispnb,Aantal ondernemingen,17,R014,14. Liquiditeit in enge zin,_Z,1,53487.0,410771.0,-357284.0,0.13021123691789344
2022,4,T,Volledig + Verkort + Micro,3,dispnb,Aantal ondernemingen,22,R019,17. Aantal dagen klantenkrediet,_Z,1,3153.0,26852.0,-23699.0,0.1174214211231938
2022,4,T,Volledig + Verkort + Micro,3,dispnb,Aantal ondernemingen,23,R020,18. Aantal dagen leverancierskrediet,_Z,1,3528.0,30316.0,-26788.0,0.11637419184588996
2022,4,T,Volledig + Verkort + Micro,3,dispnb,Aantal ondernemingen,24,R021,19. Financiële onafhankelijkheidsgraad (%),_Z,1,53968.0,415818.0,-361850.0,0.12978755128445618
2022,4,T,Volledig + Verkort + Micro,3,dispnb,Aantal ondernemingen,25,R022,20. Aanschaffingen van materiële vaste activa / Toegevoegde waarde (%),_Z,1,31756.0,228281.0,-196525.0,0.1391092556980213
2022,4,T,Volledig + Verkort + Micro,3,dispnb,Aantal ondernemingen,26,R023,21. Vernieuwingsgraad inzake materiële vaste activa (%),_Z,1,29089.0,213185.0,-184096.0,0.1364495625864859
