year,ratio_code,ratio_label_nl,sector_code,sector_label_nl,sector_short_label,value
2009,R001,1. Brutoverkoopmarge (%),PU210,"PU210 : Landbouw, jacht, bosbouw en visserij",Landbouw,9.77
2010,R001,1. Brutoverkoopmarge (%),PU210,"PU210 : Landbouw, jacht, bosbouw en visserij",Landbouw,11.18
2011,R001,1. Brutoverkoopmarge (%),PU210,"PU210 : Landbouw, jacht, bosbouw en visserij",Landbouw,10.04
2012,R001,1. Brutoverkoopmarge (%),PU210,"PU210 : Landbouw, jacht, bosbouw en visserij",Landbouw,10.83
2013,R001,1. Brutoverkoopmarge (%),PU210,"PU210 : Landbouw, jacht, bosbouw en visserij",Landbouw,8.23
2014,R001,1. Brutoverkoopmarge (%),PU210,"PU210 : Landbouw, jacht, bosbouw en visserij",Landbouw,8.47
2015,R001,1. Brutoverkoopmarge (%),PU210,"PU210 : Landbouw, jacht, bosbouw en visserij",Landbouw,9.08
2016,R001,1. Brutoverkoopmarge (%),PU210,"PU210 : Landbouw, jacht, bosbouw en visserij",Landbouw,9.1
2017,R001,1. Brutoverkoopmarge (%),PU210,"PU210 : Landbouw, jacht, bosbouw en visserij",Landbouw,8.26
2018,R001,1. Brutoverkoopmarge (%),PU210,"PU210 : Landbouw, jacht, bosbouw en visserij",Landbouw,6.92
2019,R001,1. Brutoverkoopmarge (%),PU210,"PU210 : Landbouw, jacht, bosbouw en visserij",Landbouw,7.74
2020,R001,1. Brutoverkoopmarge (%),PU210,"PU210 : Landbouw, jacht, bosbouw en visserij",Landbouw,8.13
2021,R001,1. Brutoverkoopmarge (%),PU210,"PU210 : Landbouw, jacht, bosbouw en visserij",Landbouw,6.6
2022,R001,1. Brutoverkoopmarge (%),PU210,"PU210 : Landbouw, jacht, bosbouw en visserij",Landbouw,7.19
2009,R001,1. Brutoverkoopmarge (%),PU220,PU220 : Energie- en waterhuishouding,Energie en water,8.2
2010,R001,1. Brutoverkoopmarge (%),PU220,PU220 : Energie- en waterhuishouding,Energie en water,8.26
2011,R001,1. Brutoverkoopmarge (%),PU220,PU220 : Energie- en waterhuishouding,Energie en water,15.12
2012,R001,1. Brutoverkoopmarge (%),PU220,PU220 : Energie- en waterhuishouding,Energie en water,6.7
2013,R001,1. Brutoverkoopmarge (%),PU220,PU220 : Energie- en waterhuishouding,Energie en water,6.57
2014,R001,1. Brutoverkoopmarge (%),PU220,PU220 : Energie- en waterhuishouding,Energie en water,6.45
2015,R001,1. Brutoverkoopmarge (%),PU220,PU220 : Energie- en waterhuishouding,Energie en water,7.89
2016,R001,1. Brutoverkoopmarge (%),PU220,PU220 : Energie- en waterhuishouding,Energie en water,9.47
2017,R001,1. Brutoverkoopmarge (%),PU220,PU220 : Energie- en waterhuishouding,Energie en water,9.04
2018,R001,1. Brutoverkoopmarge (%),PU220,PU220 : Energie- en waterhuishouding,Energie en water,6.41
2019,R001,1. Brutoverkoopmarge (%),PU220,PU220 : Energie- en waterhuishouding,Energie en water,8.44
2020,R001,1. Brutoverkoopmarge (%),PU220,PU220 : Energie- en waterhuishouding,Energie en water,11.47
2021,R001,1. Brutoverkoopmarge (%),PU220,PU220 : Energie- en waterhuishouding,Energie en water,0.0
2022,R001,1. Brutoverkoopmarge (%),PU220,PU220 : Energie- en waterhuishouding,Energie en water,8.75
2009,R001,1. Brutoverkoopmarge (%),PU290,PU290 : Geheel van de verwerkende industrie,Verwerkende industrie,7.99
2010,R001,1. Brutoverkoopmarge (%),PU290,PU290 : Geheel van de verwerkende industrie,Verwerkende industrie,8.75
2011,R001,1. Brutoverkoopmarge (%),PU290,PU290 : Geheel van de verwerkende industrie,Verwerkende industrie,7.3
2012,R001,1. Brutoverkoopmarge (%),PU290,PU290 : Geheel van de verwerkende industrie,Verwerkende industrie,7.1
2013,R001,1. Brutoverkoopmarge (%),PU290,PU290 : Geheel van de verwerkende industrie,Verwerkende industrie,7.33
2014,R001,1. Brutoverkoopmarge (%),PU290,PU290 : Geheel van de verwerkende industrie,Verwerkende industrie,8.03
2015,R001,1. Brutoverkoopmarge (%),PU290,PU290 : Geheel van de verwerkende industrie,Verwerkende industrie,9.13
2016,R001,1. Brutoverkoopmarge (%),PU290,PU290 : Geheel van de verwerkende industrie,Verwerkende industrie,10.44
2017,R001,1. Brutoverkoopmarge (%),PU290,PU290 : Geheel van de verwerkende industrie,Verwerkende industrie,9.77
2018,R001,1. Brutoverkoopmarge (%),PU290,PU290 : Geheel van de verwerkende industrie,Verwerkende industrie,9.66
2019,R001,1. Brutoverkoopmarge (%),PU290,PU290 : Geheel van de verwerkende industrie,Verwerkende industrie,9.86
2020,R001,1. Brutoverkoopmarge (%),PU290,PU290 : Geheel van de verwerkende industrie,Verwerkende industrie,10.41
2021,R001,1. Brutoverkoopmarge (%),PU290,PU290 : Geheel van de verwerkende industrie,Verwerkende industrie,10.16
2022,R001,1. Brutoverkoopmarge (%),PU290,PU290 : Geheel van de verwerkende industrie,Verwerkende industrie,9.76
2009,R001,1. Brutoverkoopmarge (%),PU300,PU300 : Bouwnijverheid,Bouwnijverheid,7.89
2010,R001,1. Brutoverkoopmarge (%),PU300,PU300 : Bouwnijverheid,Bouwnijverheid,7.94
2011,R001,1. Brutoverkoopmarge (%),PU300,PU300 : Bouwnijverheid,Bouwnijverheid,7.21
2012,R001,1. Brutoverkoopmarge (%),PU300,PU300 : Bouwnijverheid,Bouwnijverheid,7.8
2013,R001,1. Brutoverkoopmarge (%),PU300,PU300 : Bouwnijverheid,Bouwnijverheid,8.06
2014,R001,1. Brutoverkoopmarge (%),PU300,PU300 : Bouwnijverheid,Bouwnijverheid,7.81
2015,R001,1. Brutoverkoopmarge (%),PU300,PU300 : Bouwnijverheid,Bouwnijverheid,8.17
2016,R001,1. Brutoverkoopmarge (%),PU300,PU300 : Bouwnijverheid,Bouwnijverheid,7.07
2017,R001,1. Brutoverkoopmarge (%),PU300,PU300 : Bouwnijverheid,Bouwnijverheid,6.77
2018,R001,1. Brutoverkoopmarge (%),PU300,PU300 : Bouwnijverheid,Bouwnijverheid,6.79
2019,R001,1. Brutoverkoopmarge (%),PU300,PU300 : Bouwnijverheid,Bouwnijverheid,6.32
2020,R001,1. Brutoverkoopmarge (%),PU300,PU300 : Bouwnijverheid,Bouwnijverheid,6.46
2021,R001,1. Brutoverkoopmarge (%),PU300,PU300 : Bouwnijverheid,Bouwnijverheid,10.17
2022,R001,1. Brutoverkoopmarge (%),PU300,PU300 : Bouwnijverheid,Bouwnijverheid,7.25
2009,R001,1. Brutoverkoopmarge (%),PU310,PU310 : Handel en reparatie van auto's en consumptieartikelen,Handel en reparatie,3.06
2010,R001,1. Brutoverkoopmarge (%),PU310,PU310 : Handel en reparatie van auto's en consumptieartikelen,Handel en reparatie,3.66
2011,R001,1. Brutoverkoopmarge (%),PU310,PU310 : Handel en reparatie van auto's en consumptieartikelen,Handel en reparatie,3.3
2012,R001,1. Brutoverkoopmarge (%),PU310,PU310 : Handel en reparatie van auto's en consumptieartikelen,Handel en reparatie,3.08
2013,R001,1. Brutoverkoopmarge (%),PU310,PU310 : Handel en reparatie van auto's en consumptieartikelen,Handel en reparatie,3.23
2014,R001,1. Brutoverkoopmarge (%),PU310,PU310 : Handel en reparatie van auto's en consumptieartikelen,Handel en reparatie,3.08
2015,R001,1. Brutoverkoopmarge (%),PU310,PU310 : Handel en reparatie van auto's en consumptieartikelen,Handel en reparatie,3.48
2016,R001,1. Brutoverkoopmarge (%),PU310,PU310 : Handel en reparatie van auto's en consumptieartikelen,Handel en reparatie,3.79
2017,R001,1. Brutoverkoopmarge (%),PU310,PU310 : Handel en reparatie van auto's en consumptieartikelen,Handel en reparatie,3.72
2018,R001,1. Brutoverkoopmarge (%),PU310,PU310 : Handel en reparatie van auto's en consumptieartikelen,Handel en reparatie,3.25
2019,R001,1. Brutoverkoopmarge (%),PU310,PU310 : Handel en reparatie van auto's en consumptieartikelen,Handel en reparatie,3.5
2020,R001,1. Brutoverkoopmarge (%),PU310,PU310 : Handel en reparatie van auto's en consumptieartikelen,Handel en reparatie,3.32
2021,R001,1. Brutoverkoopmarge (%),PU310,PU310 : Handel en reparatie van auto's en consumptieartikelen,Handel en reparatie,3.93
2022,R001,1. Brutoverkoopmarge (%),PU310,PU310 : Handel en reparatie van auto's en consumptieartikelen,Handel en reparatie,4.72
2009,R001,1. Brutoverkoopmarge (%),PU320,"PU320 : Verblijfsaccommodaties, restaurants en cafés",Horeca,8.58
2010,R001,1. Brutoverkoopmarge (%),PU320,"PU320 : Verblijfsaccommodaties, restaurants en cafés",Horeca,9.57
2011,R001,1. Brutoverkoopmarge (%),PU320,"PU320 : Verblijfsaccommodaties, restaurants en cafés",Horeca,9.56
2012,R001,1. Brutoverkoopmarge (%),PU320,"PU320 : Verblijfsaccommodaties, restaurants en cafés",Horeca,8.34
2013,R001,1. Brutoverkoopmarge (%),PU320,"PU320 : Verblijfsaccommodaties, restaurants en cafés",Horeca,8.42
2014,R001,1. Brutoverkoopmarge (%),PU320,"PU320 : Verblijfsaccommodaties, restaurants en cafés",Horeca,8.89
2015,R001,1. Brutoverkoopmarge (%),PU320,"PU320 : Verblijfsaccommodaties, restaurants en cafés",Horeca,9.95
2016,R001,1. Brutoverkoopmarge (%),PU320,"PU320 : Verblijfsaccommodaties, restaurants en cafés",Horeca,9.32
2017,R001,1. Brutoverkoopmarge (%),PU320,"PU320 : Verblijfsaccommodaties, restaurants en cafés",Horeca,9.47
2018,R001,1. Brutoverkoopmarge (%),PU320,"PU320 : Verblijfsaccommodaties, restaurants en cafés",Horeca,10.24
2019,R001,1. Brutoverkoopmarge (%),PU320,"PU320 : Verblijfsaccommodaties, restaurants en cafés",Horeca,11.22
2020,R001,1. Brutoverkoopmarge (%),PU320,"PU320 : Verblijfsaccommodaties, restaurants en cafés",Horeca,-7.1
2021,R001,1. Brutoverkoopmarge (%),PU320,"PU320 : Verblijfsaccommodaties, restaurants en cafés",Horeca,-3.32
2022,R001,1. Brutoverkoopmarge (%),PU320,"PU320 : Verblijfsaccommodaties, restaurants en cafés",Horeca,7.51
2009,R001,1. Brutoverkoopmarge (%),PU330,PU330 : Vervoer en telecommunicatie,Vervoer en telecom,13.26
2010,R001,1. Brutoverkoopmarge (%),PU330,PU330 : Vervoer en telecommunicatie,Vervoer en telecom,14.25
2011,R001,1. Brutoverkoopmarge (%),PU330,PU330 : Vervoer en telecommunicatie,Vervoer en telecom,13.47
2012,R001,1. Brutoverkoopmarge (%),PU330,PU330 : Vervoer en telecommunicatie,Vervoer en telecom,13.54
2013,R001,1. Brutoverkoopmarge (%),PU330,PU330 : Vervoer en telecommunicatie,Vervoer en telecom,12.24
2014,R001,1. Brutoverkoopmarge (%),PU330,PU330 : Vervoer en telecommunicatie,Vervoer en telecom,11.37
2015,R001,1. Brutoverkoopmarge (%),PU330,PU330 : Vervoer en telecommunicatie,Vervoer en telecom,12.59
2016,R001,1. Brutoverkoopmarge (%),PU330,PU330 : Vervoer en telecommunicatie,Vervoer en telecom,13.63
2017,R001,1. Brutoverkoopmarge (%),PU330,PU330 : Vervoer en telecommunicatie,Vervoer en telecom,13.18
2018,R001,1. Brutoverkoopmarge (%),PU330,PU330 : Vervoer en telecommunicatie,Vervoer en telecom,13.57
2019,R001,1. Brutoverkoopmarge (%),PU330,PU330 : Vervoer en telecommunicatie,Vervoer en telecom,13.55
2020,R001,1. Brutoverkoopmarge (%),PU330,PU330 : Vervoer en telecommunicatie,Vervoer en telecom,7.83
2021,R001,1. Brutoverkoopmarge (%),PU330,PU330 : Vervoer en telecommunicatie,Vervoer en telecom,10.01
2022,R001,1. Brutoverkoopmarge (%),PU330,PU330 : Vervoer en telecommunicatie,Vervoer en telecom,9.28
2009,R001,1. Brutoverkoopmarge (%),PU340,PU340 : Diensten aan ondernemingen en particulieren,Diensten,16.26
2010,R001,1. Brutoverkoopmarge (%),PU340,PU340 : Diensten aan ondernemingen en particulieren,Diensten,16.06
2011,R001,1. Brutoverkoopmarge (%),PU340,PU340 : Diensten aan ondernemingen en particulieren,Diensten,16.46
2012,R001,1. Brutoverkoopmarge (%),PU340,PU340 : Diensten aan ondernemingen en particulieren,Diensten,16.57
2013,R001,1. Brutoverkoopmarge (%),PU340,PU340 : Diensten aan ondernemingen en particulieren,Diensten,17.02
2014,R001,1. Brutoverkoopmarge (%),PU340,PU340 : Diensten aan ondernemingen en particulieren,Diensten,17.27
2015,R001,1. Brutoverkoopmarge (%),PU340,PU340 : Diensten aan ondernemingen en particulieren,Diensten,16.77
2016,R001,1. Brutoverkoopmarge (%),PU340,PU340 : Diensten aan ondernemingen en particulieren,Diensten,15.49
2017,R001,1. Brutoverkoopmarge (%),PU340,PU340 : Diensten aan ondernemingen en particulieren,Diensten,13.73
2018,R001,1. Brutoverkoopmarge (%),PU340,PU340 : Diensten aan ondernemingen en particulieren,Diensten,13.52
2019,R001,1. Brutoverkoopmarge (%),PU340,PU340 : Diensten aan ondernemingen en particulieren,Diensten,12.5
2020,R001,1. Brutoverkoopmarge (%),PU340,PU340 : Diensten aan ondernemingen en particulieren,Diensten,15.06
2021,R001,1. Brutoverkoopmarge (%),PU340,PU340 : Diensten aan ondernemingen en particulieren,Diensten,15.69
2022,R001,1. Brutoverkoopmarge (%),PU340,PU340 : Diensten aan ondernemingen en particulieren,Diensten,13.71
2009,R001,1. Brutoverkoopmarge (%),PU405,PU405 : Activiteiten van holdings,Holdings,3.27
2010,R001,1. Brutoverkoopmarge (%),PU405,PU405 : Activiteiten van holdings,Holdings,5.82
2011,R001,1. Brutoverkoopmarge (%),PU405,PU405 : Activiteiten van holdings,Holdings,4.69
2012,R001,1. Brutoverkoopmarge (%),PU405,PU405 : Activiteiten van holdings,Holdings,4.24
2013,R001,1. Brutoverkoopmarge (%),PU405,PU405 : Activiteiten van holdings,Holdings,3.98
2014,R001,1. Brutoverkoopmarge (%),PU405,PU405 : Activiteiten van holdings,Holdings,2.7
2015,R001,1. Brutoverkoopmarge (%),PU405,PU405 : Activiteiten van holdings,Holdings,3.06
2016,R001,1. Brutoverkoopmarge (%),PU405,PU405 : Activiteiten van holdings,Holdings,4.29
2017,R001,1. Brutoverkoopmarge (%),PU405,PU405 : Activiteiten van holdings,Holdings,5.89
2018,R001,1. Brutoverkoopmarge (%),PU405,PU405 : Activiteiten van holdings,Holdings,2.36
2019,R001,1. Brutoverkoopmarge (%),PU405,PU405 : Activiteiten van holdings,Holdings,2.15
2020,R001,1. Brutoverkoopmarge (%),PU405,PU405 : Activiteiten van holdings,Holdings,2.84
2021,R001,1. Brutoverkoopmarge (%),PU405,PU405 : Activiteiten van holdings,Holdings,3.1
2022,R001,1. Brutoverkoopmarge (%),PU405,PU405 : Activiteiten van holdings,Holdings,3.14
2009,R001,1. Brutoverkoopmarge (%),PU409,"PU409 : Kunst, amusement en recreatie",Kunst en recreatie,14.92
2010,R001,1. Brutoverkoopmarge (%),PU409,"PU409 : Kunst, amusement en recreatie",Kunst en recreatie,14.67
2011,R001,1. Brutoverkoopmarge (%),PU409,"PU409 : Kunst, amusement en recreatie",Kunst en recreatie,13.16
2012,R001,1. Brutoverkoopmarge (%),PU409,"PU409 : Kunst, amusement en recreatie",Kunst en recreatie,12.21
2013,R001,1. Brutoverkoopmarge (%),PU409,"PU409 : Kunst, amusement en recreatie",Kunst en recreatie,10.71
2014,R001,1. Brutoverkoopmarge (%),PU409,"PU409 : Kunst, amusement en recreatie",Kunst en recreatie,11.31
2015,R001,1. Brutoverkoopmarge (%),PU409,"PU409 : Kunst, amusement en recreatie",Kunst en recreatie,8.25
2016,R001,1. Brutoverkoopmarge (%),PU409,"PU409 : Kunst, amusement en recreatie",Kunst en recreatie,7.94
2017,R001,1. Brutoverkoopmarge (%),PU409,"PU409 : Kunst, amusement en recreatie",Kunst en recreatie,10.0
2018,R001,1. Brutoverkoopmarge (%),PU409,"PU409 : Kunst, amusement en recreatie",Kunst en recreatie,9.52
2009,R001,1. Brutoverkoopmarge (%),PU410,PU410 : Gezondheidszorg en maatschappelijke dienstverlening,Gezondheidszorg,16.92
2010,R001,1. Brutoverkoopmarge (%),PU410,PU410 : Gezondheidszorg en maatschappelijke dienstverlening,Gezondheidszorg,15.56
2011,R001,1. Brutoverkoopmarge (%),PU410,PU410 : Gezondheidszorg en maatschappelijke dienstverlening,Gezondheidszorg,14.98
2012,R001,1. Brutoverkoopmarge (%),PU410,PU410 : Gezondheidszorg en maatschappelijke dienstverlening,Gezondheidszorg,15.09
2013,R001,1. Brutoverkoopmarge (%),PU410,PU410 : Gezondheidszorg en maatschappelijke dienstverlening,Gezondheidszorg,12.32
2014,R001,1. Brutoverkoopmarge (%),PU410,PU410 : Gezondheidszorg en maatschappelijke dienstverlening,Gezondheidszorg,12.76
2015,R001,1. Brutoverkoopmarge (%),PU410,PU410 : Gezondheidszorg en maatschappelijke dienstverlening,Gezondheidszorg,12.44
2016,R001,1. Brutoverkoopmarge (%),PU410,PU410 : Gezondheidszorg en maatschappelijke dienstverlening,Gezondheidszorg,11.7
2017,R001,1. Brutoverkoopmarge (%),PU410,PU410 : Gezondheidszorg en maatschappelijke dienstverlening,Gezondheidszorg,11.16
2018,R001,1. Brutoverkoopmarge (%),PU410,PU410 : Gezondheidszorg en maatschappelijke dienstverlening,Gezondheidszorg,10.73
2019,R001,1. Brutoverkoopmarge (%),PU410,PU410 : Gezondheidszorg en maatschappelijke dienstverlening,Gezondheidszorg,9.92
2020,R001,1. Brutoverkoopmarge (%),PU410,PU410 : Gezondheidszorg en maatschappelijke dienstverlening,Gezondheidszorg,11.1
2021,R001,1. Brutoverkoopmarge (%),PU410,PU410 : Gezondheidszorg en maatschappelijke dienstverlening,Gezondheidszorg,13.24
2022,R001,1. Brutoverkoopmarge (%),PU410,PU410 : Gezondheidszorg en maatschappelijke dienstverlening,Gezondheidszorg,8.73
2009,R002,2. Nettoverkoopmarge (%),PU210,"PU210 : Landbouw, jacht, bosbouw en visserij",Landbouw,3.42
2010,R002,2. Nettoverkoopmarge (%),PU210,"PU210 : Landbouw, jacht, bosbouw en visserij",Landbouw,5.28
2011,R002,2. Nettoverkoopmarge (%),PU210,"PU210 : Landbouw, jacht, bosbouw en visserij",Landbouw,4.87
2012,R002,2. Nettoverkoopmarge (%),PU210,"PU210 : Landbouw, jacht, bosbouw en visserij",Landbouw,5.47
2013,R002,2. Nettoverkoopmarge (%),PU210,"PU210 : Landbouw, jacht, bosbouw en visserij",Landbouw,3.78
2014,R002,2. Nettoverkoopmarge (%),PU210,"PU210 : Landbouw, jacht, bosbouw en visserij",Landbouw,3.98
2015,R002,2. Nettoverkoopmarge (%),PU210,"PU210 : Landbouw, jacht, bosbouw en visserij",Landbouw,3.61
2016,R002,2. Nettoverkoopmarge (%),PU210,"PU210 : Landbouw, jacht, bosbouw en visserij",Landbouw,4.0
2017,R002,2. Nettoverkoopmarge (%),PU210,"PU210 : Landbouw, jacht, bosbouw en visserij",Landbouw,3.35
2018,R002,2. Nettoverkoopmarge (%),PU210,"PU210 : Landbouw, jacht, bosbouw en visserij",Landbouw,1.87
2019,R002,2. Nettoverkoopmarge (%),PU210,"PU210 : Landbouw, jacht, bosbouw en visserij",Landbouw,3.24
2020,R002,2. Nettoverkoopmarge (%),PU210,"PU210 : Landbouw, jacht, bosbouw en visserij",Landbouw,3.36
2021,R002,2. Nettoverkoopmarge (%),PU210,"PU210 : Landbouw, jacht, bosbouw en visserij",Landbouw,2.4
2022,R002,2. Nettoverkoopmarge (%),PU210,"PU210 : Landbouw, jacht, bosbouw en visserij",Landbouw,3.87
2009,R002,2. Nettoverkoopmarge (%),PU220,PU220 : Energie- en waterhuishouding,Energie en water,4.83
2010,R002,2. Nettoverkoopmarge (%),PU220,PU220 : Energie- en waterhuishouding,Energie en water,4.86
2011,R002,2. Nettoverkoopmarge (%),PU220,PU220 : Energie- en waterhuishouding,Energie en water,12.45
2012,R002,2. Nettoverkoopmarge (%),PU220,PU220 : Energie- en waterhuishouding,Energie en water,3.64
2013,R002,2. Nettoverkoopmarge (%),PU220,PU220 : Energie- en waterhuishouding,Energie en water,2.94
2014,R002,2. Nettoverkoopmarge (%),PU220,PU220 : Energie- en waterhuishouding,Energie en water,3.02
2015,R002,2. Nettoverkoopmarge (%),PU220,PU220 : Energie- en waterhuishouding,Energie en water,3.93
2016,R002,2. Nettoverkoopmarge (%),PU220,PU220 : Energie- en waterhuishouding,Energie en water,4.5
2017,R002,2. Nettoverkoopmarge (%),PU220,PU220 : Energie- en waterhuishouding,Energie en water,3.79
2018,R002,2. Nettoverkoopmarge (%),PU220,PU220 : Energie- en waterhuishouding,Energie en water,1.67
2019,R002,2. Nettoverkoopmarge (%),PU220,PU220 : Energie- en waterhuishouding,Energie en water,2.41
2020,R002,2. Nettoverkoopmarge (%),PU220,PU220 : Energie- en waterhuishouding,Energie en water,3.73
2021,R002,2. Nettoverkoopmarge (%),PU220,PU220 : Energie- en waterhuishouding,Energie en water,0.0
2022,R002,2. Nettoverkoopmarge (%),PU220,PU220 : Energie- en waterhuishouding,Energie en water,3.66
2009,R002,2. Nettoverkoopmarge (%),PU290,PU290 : Geheel van de verwerkende industrie,Verwerkende industrie,3.43
2010,R002,2. Nettoverkoopmarge (%),PU290,PU290 : Geheel van de verwerkende industrie,Verwerkende industrie,4.7
2011,R002,2. Nettoverkoopmarge (%),PU290,PU290 : Geheel van de verwerkende industrie,Verwerkende industrie,3.86
2012,R002,2. Nettoverkoopmarge (%),PU290,PU290 : Geheel van de verwerkende industrie,Verwerkende industrie,3.28
2013,R002,2. Nettoverkoopmarge (%),PU290,PU290 : Geheel van de verwerkende industrie,Verwerkende industrie,3.51
2014,R002,2. Nettoverkoopmarge (%),PU290,PU290 : Geheel van de verwerkende industrie,Verwerkende industrie,4.1
2015,R002,2. Nettoverkoopmarge (%),PU290,PU290 : Geheel van de verwerkende industrie,Verwerkende industrie,5.27
2016,R002,2. Nettoverkoopmarge (%),PU290,PU290 : Geheel van de verwerkende industrie,Verwerkende industrie,5.33
2017,R002,2. Nettoverkoopmarge (%),PU290,PU290 : Geheel van de verwerkende industrie,Verwerkende industrie,5.3
2018,R002,2. Nettoverkoopmarge (%),PU290,PU290 : Geheel van de verwerkende industrie,Verwerkende industrie,5.24
2019,R002,2. Nettoverkoopmarge (%),PU290,PU290 : Geheel van de verwerkende industrie,Verwerkende industrie,5.16
2020,R002,2. Nettoverkoopmarge (%),PU290,PU290 : Geheel van de verwerkende industrie,Verwerkende industrie,5.25
2021,R002,2. Nettoverkoopmarge (%),PU290,PU290 : Geheel van de verwerkende industrie,Verwerkende industrie,5.59
2022,R002,2. Nettoverkoopmarge (%),PU290,PU290 : Geheel van de verwerkende industrie,Verwerkende industrie,5.71
2009,R002,2. Nettoverkoopmarge (%),PU300,PU300 : Bouwnijverheid,Bouwnijverheid,10.45
2010,R002,2. Nettoverkoopmarge (%),PU300,PU300 : Bouwnijverheid,Bouwnijverheid,4.34
2011,R002,2. Nettoverkoopmarge (%),PU300,PU300 : Bouwnijverheid,Bouwnijverheid,3.98
2012,R002,2. Nettoverkoopmarge (%),PU300,PU300 : Bouwnijverheid,Bouwnijverheid,4.66
2013,R002,2. Nettoverkoopmarge (%),PU300,PU300 : Bouwnijverheid,Bouwnijverheid,4.99
2014,R002,2. Nettoverkoopmarge (%),PU300,PU300 : Bouwnijverheid,Bouwnijverheid,5.22
2015,R002,2. Nettoverkoopmarge (%),PU300,PU300 : Bouwnijverheid,Bouwnijverheid,5.05
2016,R002,2. Nettoverkoopmarge (%),PU300,PU300 : Bouwnijverheid,Bouwnijverheid,4.05
2017,R002,2. Nettoverkoopmarge (%),PU300,PU300 : Bouwnijverheid,Bouwnijverheid,4.09
2018,R002,2. Nettoverkoopmarge (%),PU300,PU300 : Bouwnijverheid,Bouwnijverheid,3.44
2019,R002,2. Nettoverkoopmarge (%),PU300,PU300 : Bouwnijverheid,Bouwnijverheid,4.05
2020,R002,2. Nettoverkoopmarge (%),PU300,PU300 : Bouwnijverheid,Bouwnijverheid,3.73
2021,R002,2. Nettoverkoopmarge (%),PU300,PU300 : Bouwnijverheid,Bouwnijverheid,8.04
2022,R002,2. Nettoverkoopmarge (%),PU300,PU300 : Bouwnijverheid,Bouwnijverheid,4.69
2009,R002,2. Nettoverkoopmarge (%),PU310,PU310 : Handel en reparatie van auto's en consumptieartikelen,Handel en reparatie,1.63
2010,R002,2. Nettoverkoopmarge (%),PU310,PU310 : Handel en reparatie van auto's en consumptieartikelen,Handel en reparatie,2.39
2011,R002,2. Nettoverkoopmarge (%),PU310,PU310 : Handel en reparatie van auto's en consumptieartikelen,Handel en reparatie,2.08
2012,R002,2. Nettoverkoopmarge (%),PU310,PU310 : Handel en reparatie van auto's en consumptieartikelen,Handel en reparatie,1.86
2013,R002,2. Nettoverkoopmarge (%),PU310,PU310 : Handel en reparatie van auto's en consumptieartikelen,Handel en reparatie,1.95
2014,R002,2. Nettoverkoopmarge (%),PU310,PU310 : Handel en reparatie van auto's en consumptieartikelen,Handel en reparatie,1.99
2015,R002,2. Nettoverkoopmarge (%),PU310,PU310 : Handel en reparatie van auto's en consumptieartikelen,Handel en reparatie,2.35
2016,R002,2. Nettoverkoopmarge (%),PU310,PU310 : Handel en reparatie van auto's en consumptieartikelen,Handel en reparatie,2.46
2017,R002,2. Nettoverkoopmarge (%),PU310,PU310 : Handel en reparatie van auto's en consumptieartikelen,Handel en reparatie,2.48
2018,R002,2. Nettoverkoopmarge (%),PU310,PU310 : Handel en reparatie van auto's en consumptieartikelen,Handel en reparatie,2.25
2019,R002,2. Nettoverkoopmarge (%),PU310,PU310 : Handel en reparatie van auto's en consumptieartikelen,Handel en reparatie,2.32
2020,R002,2. Nettoverkoopmarge (%),PU310,PU310 : Handel en reparatie van auto's en consumptieartikelen,Handel en reparatie,2.15
2021,R002,2. Nettoverkoopmarge (%),PU310,PU310 : Handel en reparatie van auto's en consumptieartikelen,Handel en reparatie,2.54
2022,R002,2. Nettoverkoopmarge (%),PU310,PU310 : Handel en reparatie van auto's en consumptieartikelen,Handel en reparatie,2.7
2009,R002,2. Nettoverkoopmarge (%),PU320,"PU320 : Verblijfsaccommodaties, restaurants en cafés",Horeca,1.34
2010,R002,2. Nettoverkoopmarge (%),PU320,"PU320 : Verblijfsaccommodaties, restaurants en cafés",Horeca,2.56
2011,R002,2. Nettoverkoopmarge (%),PU320,"PU320 : Verblijfsaccommodaties, restaurants en cafés",Horeca,2.77
2012,R002,2. Nettoverkoopmarge (%),PU320,"PU320 : Verblijfsaccommodaties, restaurants en cafés",Horeca,1.76
2013,R002,2. Nettoverkoopmarge (%),PU320,"PU320 : Verblijfsaccommodaties, restaurants en cafés",Horeca,2.04
2014,R002,2. Nettoverkoopmarge (%),PU320,"PU320 : Verblijfsaccommodaties, restaurants en cafés",Horeca,2.73
2015,R002,2. Nettoverkoopmarge (%),PU320,"PU320 : Verblijfsaccommodaties, restaurants en cafés",Horeca,3.97
2016,R002,2. Nettoverkoopmarge (%),PU320,"PU320 : Verblijfsaccommodaties, restaurants en cafés",Horeca,2.79
2017,R002,2. Nettoverkoopmarge (%),PU320,"PU320 : Verblijfsaccommodaties, restaurants en cafés",Horeca,3.41
2018,R002,2. Nettoverkoopmarge (%),PU320,"PU320 : Verblijfsaccommodaties, restaurants en cafés",Horeca,4.42
2019,R002,2. Nettoverkoopmarge (%),PU320,"PU320 : Verblijfsaccommodaties, restaurants en cafés",Horeca,5.43
2020,R002,2. Nettoverkoopmarge (%),PU320,"PU320 : Verblijfsaccommodaties, restaurants en cafés",Horeca,-16.66
2021,R002,2. Nettoverkoopmarge (%),PU320,"PU320 : Verblijfsaccommodaties, restaurants en cafés",Horeca,-12.57
2022,R002,2. Nettoverkoopmarge (%),PU320,"PU320 : Verblijfsaccommodaties, restaurants en cafés",Horeca,0.45
2009,R002,2. Nettoverkoopmarge (%),PU330,PU330 : Vervoer en telecommunicatie,Vervoer en telecom,6.57
2010,R002,2. Nettoverkoopmarge (%),PU330,PU330 : Vervoer en telecommunicatie,Vervoer en telecom,7.37
2011,R002,2. Nettoverkoopmarge (%),PU330,PU330 : Vervoer en telecommunicatie,Vervoer en telecom,5.88
2012,R002,2. Nettoverkoopmarge (%),PU330,PU330 : Vervoer en telecommunicatie,Vervoer en telecom,6.66
2013,R002,2. Nettoverkoopmarge (%),PU330,PU330 : Vervoer en telecommunicatie,Vervoer en telecom,5.35
2014,R002,2. Nettoverkoopmarge (%),PU330,PU330 : Vervoer en telecommunicatie,Vervoer en telecom,4.07
2015,R002,2. Nettoverkoopmarge (%),PU330,PU330 : Vervoer en telecommunicatie,Vervoer en telecom,5.41
2016,R002,2. Nettoverkoopmarge (%),PU330,PU330 : Vervoer en telecommunicatie,Vervoer en telecom,3.45
2017,R002,2. Nettoverkoopmarge (%),PU330,PU330 : Vervoer en telecommunicatie,Vervoer en telecom,3.32
2018,R002,2. Nettoverkoopmarge (%),PU330,PU330 : Vervoer en telecommunicatie,Vervoer en telecom,3.1
2019,R002,2. Nettoverkoopmarge (%),PU330,PU330 : Vervoer en telecommunicatie,Vervoer en telecom,2.77
2020,R002,2. Nettoverkoopmarge (%),PU330,PU330 : Vervoer en telecommunicatie,Vervoer en telecom,-2.63
2021,R002,2. Nettoverkoopmarge (%),PU330,PU330 : Vervoer en telecommunicatie,Vervoer en telecom,0.65
2022,R002,2. Nettoverkoopmarge (%),PU330,PU330 : Vervoer en telecommunicatie,Vervoer en telecom,1.67
2009,R002,2. Nettoverkoopmarge (%),PU340,PU340 : Diensten aan ondernemingen en particulieren,Diensten,7.87
2010,R002,2. Nettoverkoopmarge (%),PU340,PU340 : Diensten aan ondernemingen en particulieren,Diensten,8.26
2011,R002,2. Nettoverkoopmarge (%),PU340,PU340 : Diensten aan ondernemingen en particulieren,Diensten,7.94
2012,R002,2. Nettoverkoopmarge (%),PU340,PU340 : Diensten aan ondernemingen en particulieren,Diensten,7.79
2013,R002,2. Nettoverkoopmarge (%),PU340,PU340 : Diensten aan ondernemingen en particulieren,Diensten,8.47
2014,R002,2. Nettoverkoopmarge (%),PU340,PU340 : Diensten aan ondernemingen en particulieren,Diensten,7.66
2015,R002,2. Nettoverkoopmarge (%),PU340,PU340 : Diensten aan ondernemingen en particulieren,Diensten,6.83
2016,R002,2. Nettoverkoopmarge (%),PU340,PU340 : Diensten aan ondernemingen en particulieren,Diensten,5.0
2017,R002,2. Nettoverkoopmarge (%),PU340,PU340 : Diensten aan ondernemingen en particulieren,Diensten,4.83
2018,R002,2. Nettoverkoopmarge (%),PU340,PU340 : Diensten aan ondernemingen en particulieren,Diensten,4.6
2019,R002,2. Nettoverkoopmarge (%),PU340,PU340 : Diensten aan ondernemingen en particulieren,Diensten,5.17
2020,R002,2. Nettoverkoopmarge (%),PU340,PU340 : Diensten aan ondernemingen en particulieren,Diensten,5.49
2021,R002,2. Nettoverkoopmarge (%),PU340,PU340 : Diensten aan ondernemingen en particulieren,Diensten,6.67
2022,R002,2. Nettoverkoopmarge (%),PU340,PU340 : Diensten aan ondernemingen en particulieren,Diensten,5.44
2009,R002,2. Nettoverkoopmarge (%),PU405,PU405 : Activiteiten van holdings,Holdings,0.0
2010,R002,2. Nettoverkoopmarge (%),PU405,PU405 : Activiteiten van holdings,Holdings,2.29
2011,R002,2. Nettoverkoopmarge (%),PU405,PU405 : Activiteiten van holdings,Holdings,2.23
2012,R002,2. Nettoverkoopmarge (%),PU405,PU405 : Activiteiten van holdings,Holdings,2.46
2013,R002,2. Nettoverkoopmarge (%),PU405,PU405 : Activiteiten van holdings,Holdings,2.13
2014,R002,2. Nettoverkoopmarge (%),PU405,PU405 : Activiteiten van holdings,Holdings,1.13
2015,R002,2. Nettoverkoopmarge (%),PU405,PU405 : Activiteiten van holdings,Holdings,1.23
2016,R002,2. Nettoverkoopmarge (%),PU405,PU405 : Activiteiten van holdings,Holdings,2.75
2017,R002,2. Nettoverkoopmarge (%),PU405,PU405 : Activiteiten van holdings,Holdings,3.85
2018,R002,2. Nettoverkoopmarge (%),PU405,PU405 : Activiteiten van holdings,Holdings,1.44
2019,R002,2. Nettoverkoopmarge (%),PU405,PU405 : Activiteiten van holdings,Holdings,0.81
2020,R002,2. Nettoverkoopmarge (%),PU405,PU405 : Activiteiten van holdings,Holdings,0.51
2021,R002,2. Nettoverkoopmarge (%),PU405,PU405 : Activiteiten van holdings,Holdings,0.72
2022,R002,2. Nettoverkoopmarge (%),PU405,PU405 : Activiteiten van holdings,Holdings,0.96
2009,R002,2. Nettoverkoopmarge (%),PU409,"PU409 : Kunst, amusement en recreatie",Kunst en recreatie,10.35
2010,R002,2. Nettoverkoopmarge (%),PU409,"PU409 : Kunst, amusement en recreatie",Kunst en recreatie,10.65
2011,R002,2. Nettoverkoopmarge (%),PU409,"PU409 : Kunst, amusement en recreatie",Kunst en recreatie,9.22
2012,R002,2. Nettoverkoopmarge (%),PU409,"PU409 : Kunst, amusement en recreatie",Kunst en recreatie,7.41
2013,R002,2. Nettoverkoopmarge (%),PU409,"PU409 : Kunst, amusement en recreatie",Kunst en recreatie,6.28
2014,R002,2. Nettoverkoopmarge (%),PU409,"PU409 : Kunst, amusement en recreatie",Kunst en recreatie,6.94
2015,R002,2. Nettoverkoopmarge (%),PU409,"PU409 : Kunst, amusement en recreatie",Kunst en recreatie,3.27
2016,R002,2. Nettoverkoopmarge (%),PU409,"PU409 : Kunst, amusement en recreatie",Kunst en recreatie,3.02
2017,R002,2. Nettoverkoopmarge (%),PU409,"PU409 : Kunst, amusement en recreatie",Kunst en recreatie,4.21
2018,R002,2. Nettoverkoopmarge (%),PU409,"PU409 : Kunst, amusement en recreatie",Kunst en recreatie,2.98
2009,R002,2. Nettoverkoopmarge (%),PU410,PU410 : Gezondheidszorg en maatschappelijke dienstverlening,Gezondheidszorg,10.78
2010,R002,2. Nettoverkoopmarge (%),PU410,PU410 : Gezondheidszorg en maatschappelijke dienstverlening,Gezondheidszorg,10.01
2011,R002,2. Nettoverkoopmarge (%),PU410,PU410 : Gezondheidszorg en maatschappelijke dienstverlening,Gezondheidszorg,8.8
2012,R002,2. Nettoverkoopmarge (%),PU410,PU410 : Gezondheidszorg en maatschappelijke dienstverlening,Gezondheidszorg,9.2
2013,R002,2. Nettoverkoopmarge (%),PU410,PU410 : Gezondheidszorg en maatschappelijke dienstverlening,Gezondheidszorg,7.33
2014,R002,2. Nettoverkoopmarge (%),PU410,PU410 : Gezondheidszorg en maatschappelijke dienstverlening,Gezondheidszorg,7.57
2015,R002,2. Nettoverkoopmarge (%),PU410,PU410 : Gezondheidszorg en maatschappelijke dienstverlening,Gezondheidszorg,6.97
2016,R002,2. Nettoverkoopmarge (%),PU410,PU410 : Gezondheidszorg en maatschappelijke dienstverlening,Gezondheidszorg,5.72
2017,R002,2. Nettoverkoopmarge (%),PU410,PU410 : Gezondheidszorg en maatschappelijke dienstverlening,Gezondheidszorg,5.19
2018,R002,2. Nettoverkoopmarge (%),PU410,PU410 : Gezondheidszorg en maatschappelijke dienstverlening,Gezondheidszorg,4.92
2019,R002,2. Nettoverkoopmarge (%),PU410,PU410 : Gezondheidszorg en maatschappelijke dienstverlening,Gezondheidszorg,4.37
2020,R002,2. Nettoverkoopmarge (%),PU410,PU410 : Gezondheidszorg en maatschappelijke dienstverlening,Gezondheidszorg,5.81
2021,R002,2. Nettoverkoopmarge (%),PU410,PU410 : Gezondheidszorg en maatschappelijke dienstverlening,Gezondheidszorg,8.13
2022,R002,2. Nettoverkoopmarge (%),PU410,PU410 : Gezondheidszorg en maatschappelijke dienstverlening,Gezondheidszorg,-0.96
2009,R004,4.Toegevoegde waarde per personeelslid (in EUR),PU210,"PU210 : Landbouw, jacht, bosbouw en visserij",Landbouw,65786.94
2010,R004,4.Toegevoegde waarde per personeelslid (in EUR),PU210,"PU210 : Landbouw, jacht, bosbouw en visserij",Landbouw,73147.82
2011,R004,4.Toegevoegde waarde per personeelslid (in EUR),PU210,"PU210 : Landbouw, jacht, bosbouw en visserij",Landbouw,68805.68
2012,R004,4.Toegevoegde waarde per personeelslid (in EUR),PU210,"PU210 : Landbouw, jacht, bosbouw en visserij",Landbouw,74031.82
2013,R004,4.Toegevoegde waarde per personeelslid (in EUR),PU210,"PU210 : Landbouw, jacht, bosbouw en visserij",Landbouw,71515.55
2014,R004,4.Toegevoegde waarde per personeelslid (in EUR),PU210,"PU210 : Landbouw, jacht, bosbouw en visserij",Landbouw,72582.41
2015,R004,4.Toegevoegde waarde per personeelslid (in EUR),PU210,"PU210 : Landbouw, jacht, bosbouw en visserij",Landbouw,73435.51
2016,R004,4.Toegevoegde waarde per personeelslid (in EUR),PU210,"PU210 : Landbouw, jacht, bosbouw en visserij",Landbouw,78816.54
2017,R004,4.Toegevoegde waarde per personeelslid (in EUR),PU210,"PU210 : Landbouw, jacht, bosbouw en visserij",Landbouw,76631.9
2018,R004,4.Toegevoegde waarde per personeelslid (in EUR),PU210,"PU210 : Landbouw, jacht, bosbouw en visserij",Landbouw,75085.41
2019,R004,4.Toegevoegde waarde per personeelslid (in EUR),PU210,"PU210 : Landbouw, jacht, bosbouw en visserij",Landbouw,77201.76
2020,R004,4.Toegevoegde waarde per personeelslid (in EUR),PU210,"PU210 : Landbouw, jacht, bosbouw en visserij",Landbouw,77834.98
2021,R004,4.Toegevoegde waarde per personeelslid (in EUR),PU210,"PU210 : Landbouw, jacht, bosbouw en visserij",Landbouw,84259.24
2022,R004,4.Toegevoegde waarde per personeelslid (in EUR),PU210,"PU210 : Landbouw, jacht, bosbouw en visserij",Landbouw,86830.64
2009,R004,4.Toegevoegde waarde per personeelslid (in EUR),PU220,PU220 : Energie- en waterhuishouding,Energie en water,236387.62
2010,R004,4.Toegevoegde waarde per personeelslid (in EUR),PU220,PU220 : Energie- en waterhuishouding,Energie en water,248704.16
2011,R004,4.Toegevoegde waarde per personeelslid (in EUR),PU220,PU220 : Energie- en waterhuishouding,Energie en water,249095.16
2012,R004,4.Toegevoegde waarde per personeelslid (in EUR),PU220,PU220 : Energie- en waterhuishouding,Energie en water,235740.62
2013,R004,4.Toegevoegde waarde per personeelslid (in EUR),PU220,PU220 : Energie- en waterhuishouding,Energie en water,236152.57
2014,R004,4.Toegevoegde waarde per personeelslid (in EUR),PU220,PU220 : Energie- en waterhuishouding,Energie en water,216156.09
2015,R004,4.Toegevoegde waarde per personeelslid (in EUR),PU220,PU220 : Energie- en waterhuishouding,Energie en water,220207.93
2016,R004,4.Toegevoegde waarde per personeelslid (in EUR),PU220,PU220 : Energie- en waterhuishouding,Energie en water,246546.92
2017,R004,4.Toegevoegde waarde per personeelslid (in EUR),PU220,PU220 : Energie- en waterhuishouding,Energie en water,241505.67
2018,R004,4.Toegevoegde waarde per personeelslid (in EUR),PU220,PU220 : Energie- en waterhuishouding,Energie en water,203098.75
2019,R004,4.Toegevoegde waarde per personeelslid (in EUR),PU220,PU220 : Energie- en waterhuishouding,Energie en water,0.0
2020,R004,4.Toegevoegde waarde per personeelslid (in EUR),PU220,PU220 : Energie- en waterhuishouding,Energie en water,232389.72
2021,R004,4.Toegevoegde waarde per personeelslid (in EUR),PU220,PU220 : Energie- en waterhuishouding,Energie en water,0.0
2022,R004,4.Toegevoegde waarde per personeelslid (in EUR),PU220,PU220 : Energie- en waterhuishouding,Energie en water,0.0
2009,R004,4.Toegevoegde waarde per personeelslid (in EUR),PU290,PU290 : Geheel van de verwerkende industrie,Verwerkende industrie,90113.1
2010,R004,4.Toegevoegde waarde per personeelslid (in EUR),PU290,PU290 : Geheel van de verwerkende industrie,Verwerkende industrie,101878.21
2011,R004,4.Toegevoegde waarde per personeelslid (in EUR),PU290,PU290 : Geheel van de verwerkende industrie,Verwerkende industrie,100494.28
2012,R004,4.Toegevoegde waarde per personeelslid (in EUR),PU290,PU290 : Geheel van de verwerkende industrie,Verwerkende industrie,102267.94
2013,R004,4.Toegevoegde waarde per personeelslid (in EUR),PU290,PU290 : Geheel van de verwerkende industrie,Verwerkende industrie,105663.98
2014,R004,4.Toegevoegde waarde per personeelslid (in EUR),PU290,PU290 : Geheel van de verwerkende industrie,Verwerkende industrie,110794.38
2015,R004,4.Toegevoegde waarde per personeelslid (in EUR),PU290,PU290 : Geheel van de verwerkende industrie,Verwerkende industrie,116585.96
2016,R004,4.Toegevoegde waarde per personeelslid (in EUR),PU290,PU290 : Geheel van de verwerkende industrie,Verwerkende industrie,124131.79
2017,R004,4.Toegevoegde waarde per personeelslid (in EUR),PU290,PU290 : Geheel van de verwerkende industrie,Verwerkende industrie,126986.35
2018,R004,4.Toegevoegde waarde per personeelslid (in EUR),PU290,PU290 : Geheel van de verwerkende industrie,Verwerkende industrie,128565.14
2019,R004,4.Toegevoegde waarde per personeelslid (in EUR),PU290,PU290 : Geheel van de verwerkende industrie,Verwerkende industrie,131836.19
2020,R004,4.Toegevoegde waarde per personeelslid (in EUR),PU290,PU290 : Geheel van de verwerkende industrie,Verwerkende industrie,129875.29
2021,R004,4.Toegevoegde waarde per personeelslid (in EUR),PU290,PU290 : Geheel van de verwerkende industrie,Verwerkende industrie,143786.67
2022,R004,4.Toegevoegde waarde per personeelslid (in EUR),PU290,PU290 : Geheel van de verwerkende industrie,Verwerkende industrie,158647.8
2009,R004,4.Toegevoegde waarde per personeelslid (in EUR),PU300,PU300 : Bouwnijverheid,Bouwnijverheid,60929.24
2010,R004,4.Toegevoegde waarde per personeelslid (in EUR),PU300,PU300 : Bouwnijverheid,Bouwnijverheid,61505.15
2011,R004,4.Toegevoegde waarde per personeelslid (in EUR),PU300,PU300 : Bouwnijverheid,Bouwnijverheid,64042.24
2012,R004,4.Toegevoegde waarde per personeelslid (in EUR),PU300,PU300 : Bouwnijverheid,Bouwnijverheid,66388.51
2013,R004,4.Toegevoegde waarde per personeelslid (in EUR),PU300,PU300 : Bouwnijverheid,Bouwnijverheid,67504.95
2014,R004,4.Toegevoegde waarde per personeelslid (in EUR),PU300,PU300 : Bouwnijverheid,Bouwnijverheid,67970.55
2015,R004,4.Toegevoegde waarde per personeelslid (in EUR),PU300,PU300 : Bouwnijverheid,Bouwnijverheid,69735.91
2016,R004,4.Toegevoegde waarde per personeelslid (in EUR),PU300,PU300 : Bouwnijverheid,Bouwnijverheid,70693.26
2017,R004,4.Toegevoegde waarde per personeelslid (in EUR),PU300,PU300 : Bouwnijverheid,Bouwnijverheid,71861.92
2018,R004,4.Toegevoegde waarde per personeelslid (in EUR),PU300,PU300 : Bouwnijverheid,Bouwnijverheid,74592.89
2019,R004,4.Toegevoegde waarde per personeelslid (in EUR),PU300,PU300 : Bouwnijverheid,Bouwnijverheid,78005.69
2020,R004,4.Toegevoegde waarde per personeelslid (in EUR),PU300,PU300 : Bouwnijverheid,Bouwnijverheid,77028.71
2021,R004,4.Toegevoegde waarde per personeelslid (in EUR),PU300,PU300 : Bouwnijverheid,Bouwnijverheid,82451.98
2022,R004,4.Toegevoegde waarde per personeelslid (in EUR),PU300,PU300 : Bouwnijverheid,Bouwnijverheid,88015.01
2009,R004,4.Toegevoegde waarde per personeelslid (in EUR),PU310,PU310 : Handel en reparatie van auto's en consumptieartikelen,Handel en reparatie,81593.12
2010,R004,4.Toegevoegde waarde per personeelslid (in EUR),PU310,PU310 : Handel en reparatie van auto's en consumptieartikelen,Handel en reparatie,88892.2
2011,R004,4.Toegevoegde waarde per personeelslid (in EUR),PU310,PU310 : Handel en reparatie van auto's en consumptieartikelen,Handel en reparatie,89719.73
2012,R004,4.Toegevoegde waarde per personeelslid (in EUR),PU310,PU310 : Handel en reparatie van auto's en consumptieartikelen,Handel en reparatie,88970.91
2013,R004,4.Toegevoegde waarde per personeelslid (in EUR),PU310,PU310 : Handel en reparatie van auto's en consumptieartikelen,Handel en reparatie,90426.5
2014,R004,4.Toegevoegde waarde per personeelslid (in EUR),PU310,PU310 : Handel en reparatie van auto's en consumptieartikelen,Handel en reparatie,90279.69
2015,R004,4.Toegevoegde waarde per personeelslid (in EUR),PU310,PU310 : Handel en reparatie van auto's en consumptieartikelen,Handel en reparatie,93441.5
2016,R004,4.Toegevoegde waarde per personeelslid (in EUR),PU310,PU310 : Handel en reparatie van auto's en consumptieartikelen,Handel en reparatie,95837.12
2017,R004,4.Toegevoegde waarde per personeelslid (in EUR),PU310,PU310 : Handel en reparatie van auto's en consumptieartikelen,Handel en reparatie,97002.59
2018,R004,4.Toegevoegde waarde per personeelslid (in EUR),PU310,PU310 : Handel en reparatie van auto's en consumptieartikelen,Handel en reparatie,96850.67
2019,R004,4.Toegevoegde waarde per personeelslid (in EUR),PU310,PU310 : Handel en reparatie van auto's en consumptieartikelen,Handel en reparatie,102665.66
2020,R004,4.Toegevoegde waarde per personeelslid (in EUR),PU310,PU310 : Handel en reparatie van auto's en consumptieartikelen,Handel en reparatie,103268.16
2021,R004,4.Toegevoegde waarde per personeelslid (in EUR),PU310,PU310 : Handel en reparatie van auto's en consumptieartikelen,Handel en reparatie,117358.34
2022,R004,4.Toegevoegde waarde per personeelslid (in EUR),PU310,PU310 : Handel en reparatie van auto's en consumptieartikelen,Handel en reparatie,128994.45
2009,R004,4.Toegevoegde waarde per personeelslid (in EUR),PU320,"PU320 : Verblijfsaccommodaties, restaurants en cafés",Horeca,44975.92
2010,R004,4.Toegevoegde waarde per personeelslid (in EUR),PU320,"PU320 : Verblijfsaccommodaties, restaurants en cafés",Horeca,47692.76
2011,R004,4.Toegevoegde waarde per personeelslid (in EUR),PU320,"PU320 : Verblijfsaccommodaties, restaurants en cafés",Horeca,48640.07
2012,R004,4.Toegevoegde waarde per personeelslid (in EUR),PU320,"PU320 : Verblijfsaccommodaties, restaurants en cafés",Horeca,48377.69
2013,R004,4.Toegevoegde waarde per personeelslid (in EUR),PU320,"PU320 : Verblijfsaccommodaties, restaurants en cafés",Horeca,49352.45
2014,R004,4.Toegevoegde waarde per personeelslid (in EUR),PU320,"PU320 : Verblijfsaccommodaties, restaurants en cafés",Horeca,50607.36
2015,R004,4.Toegevoegde waarde per personeelslid (in EUR),PU320,"PU320 : Verblijfsaccommodaties, restaurants en cafés",Horeca,51347.32
2016,R004,4.Toegevoegde waarde per personeelslid (in EUR),PU320,"PU320 : Verblijfsaccommodaties, restaurants en cafés",Horeca,49662.35
2017,R004,4.Toegevoegde waarde per personeelslid (in EUR),PU320,"PU320 : Verblijfsaccommodaties, restaurants en cafés",Horeca,50359.17
2018,R004,4.Toegevoegde waarde per personeelslid (in EUR),PU320,"PU320 : Verblijfsaccommodaties, restaurants en cafés",Horeca,52309.69
2019,R004,4.Toegevoegde waarde per personeelslid (in EUR),PU320,"PU320 : Verblijfsaccommodaties, restaurants en cafés",Horeca,53229.99
2020,R004,4.Toegevoegde waarde per personeelslid (in EUR),PU320,"PU320 : Verblijfsaccommodaties, restaurants en cafés",Horeca,37847.57
2021,R004,4.Toegevoegde waarde per personeelslid (in EUR),PU320,"PU320 : Verblijfsaccommodaties, restaurants en cafés",Horeca,42279.65
2022,R004,4.Toegevoegde waarde per personeelslid (in EUR),PU320,"PU320 : Verblijfsaccommodaties, restaurants en cafés",Horeca,52030.95
2009,R004,4.Toegevoegde waarde per personeelslid (in EUR),PU330,PU330 : Vervoer en telecommunicatie,Vervoer en telecom,85423.85
2010,R004,4.Toegevoegde waarde per personeelslid (in EUR),PU330,PU330 : Vervoer en telecommunicatie,Vervoer en telecom,89194.41
2011,R004,4.Toegevoegde waarde per personeelslid (in EUR),PU330,PU330 : Vervoer en telecommunicatie,Vervoer en telecom,89258.32
2012,R004,4.Toegevoegde waarde per personeelslid (in EUR),PU330,PU330 : Vervoer en telecommunicatie,Vervoer en telecom,92117.73
2013,R004,4.Toegevoegde waarde per personeelslid (in EUR),PU330,PU330 : Vervoer en telecommunicatie,Vervoer en telecom,91088.95
2014,R004,4.Toegevoegde waarde per personeelslid (in EUR),PU330,PU330 : Vervoer en telecommunicatie,Vervoer en telecom,87625.47
2015,R004,4.Toegevoegde waarde per personeelslid (in EUR),PU330,PU330 : Vervoer en telecommunicatie,Vervoer en telecom,91741.27
2016,R004,4.Toegevoegde waarde per personeelslid (in EUR),PU330,PU330 : Vervoer en telecommunicatie,Vervoer en telecom,94115.41
2017,R004,4.Toegevoegde waarde per personeelslid (in EUR),PU330,PU330 : Vervoer en telecommunicatie,Vervoer en telecom,95945.64
2018,R004,4.Toegevoegde waarde per personeelslid (in EUR),PU330,PU330 : Vervoer en telecommunicatie,Vervoer en telecom,98562.91
2019,R004,4.Toegevoegde waarde per personeelslid (in EUR),PU330,PU330 : Vervoer en telecommunicatie,Vervoer en telecom,103702.41
2020,R004,4.Toegevoegde waarde per personeelslid (in EUR),PU330,PU330 : Vervoer en telecommunicatie,Vervoer en telecom,84061.63
2021,R004,4.Toegevoegde waarde per personeelslid (in EUR),PU330,PU330 : Vervoer en telecommunicatie,Vervoer en telecom,95493.98
2022,R004,4.Toegevoegde waarde per personeelslid (in EUR),PU330,PU330 : Vervoer en telecommunicatie,Vervoer en telecom,101165.89
2009,R004,4.Toegevoegde waarde per personeelslid (in EUR),PU340,PU340 : Diensten aan ondernemingen en particulieren,Diensten,79104.7
2010,R004,4.Toegevoegde waarde per personeelslid (in EUR),PU340,PU340 : Diensten aan ondernemingen en particulieren,Diensten,76469.41
2011,R004,4.Toegevoegde waarde per personeelslid (in EUR),PU340,PU340 : Diensten aan ondernemingen en particulieren,Diensten,76416.22
2012,R004,4.Toegevoegde waarde per personeelslid (in EUR),PU340,PU340 : Diensten aan ondernemingen en particulieren,Diensten,79152.01
2013,R004,4.Toegevoegde waarde per personeelslid (in EUR),PU340,PU340 : Diensten aan ondernemingen en particulieren,Diensten,81928.28
2014,R004,4.Toegevoegde waarde per personeelslid (in EUR),PU340,PU340 : Diensten aan ondernemingen en particulieren,Diensten,83870.51
2015,R004,4.Toegevoegde waarde per personeelslid (in EUR),PU340,PU340 : Diensten aan ondernemingen en particulieren,Diensten,83528.92
2016,R004,4.Toegevoegde waarde per personeelslid (in EUR),PU340,PU340 : Diensten aan ondernemingen en particulieren,Diensten,85662.93
2017,R004,4.Toegevoegde waarde per personeelslid (in EUR),PU340,PU340 : Diensten aan ondernemingen en particulieren,Diensten,86051.95
2018,R004,4.Toegevoegde waarde per personeelslid (in EUR),PU340,PU340 : Diensten aan ondernemingen en particulieren,Diensten,88861.71
2019,R004,4.Toegevoegde waarde per personeelslid (in EUR),PU340,PU340 : Diensten aan ondernemingen en particulieren,Diensten,91875.58
2020,R004,4.Toegevoegde waarde per personeelslid (in EUR),PU340,PU340 : Diensten aan ondernemingen en particulieren,Diensten,92728.75
2021,R004,4.Toegevoegde waarde per personeelslid (in EUR),PU340,PU340 : Diensten aan ondernemingen en particulieren,Diensten,97363.48
2022,R004,4.Toegevoegde waarde per personeelslid (in EUR),PU340,PU340 : Diensten aan ondernemingen en particulieren,Diensten,100575.39
2009,R004,4.Toegevoegde waarde per personeelslid (in EUR),PU405,PU405 : Activiteiten van holdings,Holdings,136010.59
2010,R004,4.Toegevoegde waarde per personeelslid (in EUR),PU405,PU405 : Activiteiten van holdings,Holdings,164647.04
2011,R004,4.Toegevoegde waarde per personeelslid (in EUR),PU405,PU405 : Activiteiten van holdings,Holdings,147202.09
2012,R004,4.Toegevoegde waarde per personeelslid (in EUR),PU405,PU405 : Activiteiten van holdings,Holdings,147710.59
2013,R004,4.Toegevoegde waarde per personeelslid (in EUR),PU405,PU405 : Activiteiten van holdings,Holdings,156304.85
2014,R004,4.Toegevoegde waarde per personeelslid (in EUR),PU405,PU405 : Activiteiten van holdings,Holdings,166977.51
2015,R004,4.Toegevoegde waarde per personeelslid (in EUR),PU405,PU405 : Activiteiten van holdings,Holdings,149058.7
2016,R004,4.Toegevoegde waarde per personeelslid (in EUR),PU405,PU405 : Activiteiten van holdings,Holdings,170375.51
2017,R004,4.Toegevoegde waarde per personeelslid (in EUR),PU405,PU405 : Activiteiten van holdings,Holdings,206910.5
2018,R004,4.Toegevoegde waarde per personeelslid (in EUR),PU405,PU405 : Activiteiten van holdings,Holdings,176066.13
2019,R004,4.Toegevoegde waarde per personeelslid (in EUR),PU405,PU405 : Activiteiten van holdings,Holdings,150581.44
2020,R004,4.Toegevoegde waarde per personeelslid (in EUR),PU405,PU405 : Activiteiten van holdings,Holdings,142315.73
2021,R004,4.Toegevoegde waarde per personeelslid (in EUR),PU405,PU405 : Activiteiten van holdings,Holdings,153766.14
2022,R004,4.Toegevoegde waarde per personeelslid (in EUR),PU405,PU405 : Activiteiten van holdings,Holdings,159469.71
2009,R004,4.Toegevoegde waarde per personeelslid (in EUR),PU409,"PU409 : Kunst, amusement en recreatie",Kunst en recreatie,138760.45
2010,R004,4.Toegevoegde waarde per personeelslid (in EUR),PU409,"PU409 : Kunst, amusement en recreatie",Kunst en recreatie,138133.9
2011,R004,4.Toegevoegde waarde per personeelslid (in EUR),PU409,"PU409 : Kunst, amusement en recreatie",Kunst en recreatie,132707.97
2012,R004,4.Toegevoegde waarde per personeelslid (in EUR),PU409,"PU409 : Kunst, amusement en recreatie",Kunst en recreatie,136750.78
2013,R004,4.Toegevoegde waarde per personeelslid (in EUR),PU409,"PU409 : Kunst, amusement en recreatie",Kunst en recreatie,134938.85
2014,R004,4.Toegevoegde waarde per personeelslid (in EUR),PU409,"PU409 : Kunst, amusement en recreatie",Kunst en recreatie,137352.75
2015,R004,4.Toegevoegde waarde per personeelslid (in EUR),PU409,"PU409 : Kunst, amusement en recreatie",Kunst en recreatie,127486.51
2016,R004,4.Toegevoegde waarde per personeelslid (in EUR),PU409,"PU409 : Kunst, amusement en recreatie",Kunst en recreatie,126572.81
2017,R004,4.Toegevoegde waarde per personeelslid (in EUR),PU409,"PU409 : Kunst, amusement en recreatie",Kunst en recreatie,136703.71
2018,R004,4.Toegevoegde waarde per personeelslid (in EUR),PU409,"PU409 : Kunst, amusement en recreatie",Kunst en recreatie,135683.28
2009,R004,4.Toegevoegde waarde per personeelslid (in EUR),PU410,PU410 : Gezondheidszorg en maatschappelijke dienstverlening,Gezondheidszorg,60008.52
2010,R004,4.Toegevoegde waarde per personeelslid (in EUR),PU410,PU410 : Gezondheidszorg en maatschappelijke dienstverlening,Gezondheidszorg,58843.58
2011,R004,4.Toegevoegde waarde per personeelslid (in EUR),PU410,PU410 : Gezondheidszorg en maatschappelijke dienstverlening,Gezondheidszorg,60714.03
2012,R004,4.Toegevoegde waarde per personeelslid (in EUR),PU410,PU410 : Gezondheidszorg en maatschappelijke dienstverlening,Gezondheidszorg,62166.22
2013,R004,4.Toegevoegde waarde per personeelslid (in EUR),PU410,PU410 : Gezondheidszorg en maatschappelijke dienstverlening,Gezondheidszorg,63174.16
2014,R004,4.Toegevoegde waarde per personeelslid (in EUR),PU410,PU410 : Gezondheidszorg en maatschappelijke dienstverlening,Gezondheidszorg,63734.3
2015,R004,4.Toegevoegde waarde per personeelslid (in EUR),PU410,PU410 : Gezondheidszorg en maatschappelijke dienstverlening,Gezondheidszorg,63972.76
2016,R004,4.Toegevoegde waarde per personeelslid (in EUR),PU410,PU410 : Gezondheidszorg en maatschappelijke dienstverlening,Gezondheidszorg,63802.39
2017,R004,4.Toegevoegde waarde per personeelslid (in EUR),PU410,PU410 : Gezondheidszorg en maatschappelijke dienstverlening,Gezondheidszorg,63151.12
2018,R004,4.Toegevoegde waarde per personeelslid (in EUR),PU410,PU410 : Gezondheidszorg en maatschappelijke dienstverlening,Gezondheidszorg,64272.84
2019,R004,4.Toegevoegde waarde per personeelslid (in EUR),PU410,PU410 : Gezondheidszorg en maatschappelijke dienstverlening,Gezondheidszorg,64872.33
2020,R004,4.Toegevoegde waarde per personeelslid (in EUR),PU410,PU410 : Gezondheidszorg en maatschappelijke dienstverlening,Gezondheidszorg,68654.84
2021,R004,4.Toegevoegde waarde per personeelslid (in EUR),PU410,PU410 : Gezondheidszorg en maatschappelijke dienstverlening,Gezondheidszorg,73613.11
2022,R004,4.Toegevoegde waarde per personeelslid (in EUR),PU410,PU410 : Gezondheidszorg en maatschappelijke dienstverlening,Gezondheidszorg,74244.14
2009,R006,6. Personeelskosten / Toegevoegde waarde (%),PU210,"PU210 : Landbouw, jacht, bosbouw en visserij",Landbouw,47.56
2010,R006,6. Personeelskosten / Toegevoegde waarde (%),PU210,"PU210 : Landbouw, jacht, bosbouw en visserij",Landbouw,42.69
2011,R006,6. Personeelskosten / Toegevoegde waarde (%),PU210,"PU210 : Landbouw, jacht, bosbouw en visserij",Landbouw,46.14
2012,R006,6. Personeelskosten / Toegevoegde waarde (%),PU210,"PU210 : Landbouw, jacht, bosbouw en visserij",Landbouw,44.5
2013,R006,6. Personeelskosten / Toegevoegde waarde (%),PU210,"PU210 : Landbouw, jacht, bosbouw en visserij",Landbouw,46.83
2014,R006,6. Personeelskosten / Toegevoegde waarde (%),PU210,"PU210 : Landbouw, jacht, bosbouw en visserij",Landbouw,47.19
2015,R006,6. Personeelskosten / Toegevoegde waarde (%),PU210,"PU210 : Landbouw, jacht, bosbouw en visserij",Landbouw,44.9
2016,R006,6. Personeelskosten / Toegevoegde waarde (%),PU210,"PU210 : Landbouw, jacht, bosbouw en visserij",Landbouw,45.51
2017,R006,6. Personeelskosten / Toegevoegde waarde (%),PU210,"PU210 : Landbouw, jacht, bosbouw en visserij",Landbouw,44.34
2018,R006,6. Personeelskosten / Toegevoegde waarde (%),PU210,"PU210 : Landbouw, jacht, bosbouw en visserij",Landbouw,46.26
2019,R006,6. Personeelskosten / Toegevoegde waarde (%),PU210,"PU210 : Landbouw, jacht, bosbouw en visserij",Landbouw,46.16
2020,R006,6. Personeelskosten / Toegevoegde waarde (%),PU210,"PU210 : Landbouw, jacht, bosbouw en visserij",Landbouw,44.85
2021,R006,6. Personeelskosten / Toegevoegde waarde (%),PU210,"PU210 : Landbouw, jacht, bosbouw en visserij",Landbouw,45.18
2022,R006,6. Personeelskosten / Toegevoegde waarde (%),PU210,"PU210 : Landbouw, jacht, bosbouw en visserij",Landbouw,45.64
2009,R006,6. Personeelskosten / Toegevoegde waarde (%),PU220,PU220 : Energie- en waterhuishouding,Energie en water,40.44
2010,R006,6. Personeelskosten / Toegevoegde waarde (%),PU220,PU220 : Energie- en waterhuishouding,Energie en water,38.76
2011,R006,6. Personeelskosten / Toegevoegde waarde (%),PU220,PU220 : Energie- en waterhuishouding,Energie en water,41.52
2012,R006,6. Personeelskosten / Toegevoegde waarde (%),PU220,PU220 : Energie- en waterhuishouding,Energie en water,42.47
2013,R006,6. Personeelskosten / Toegevoegde waarde (%),PU220,PU220 : Energie- en waterhuishouding,Energie en water,42.9
2014,R006,6. Personeelskosten / Toegevoegde waarde (%),PU220,PU220 : Energie- en waterhuishouding,Energie en water,46.84
2015,R006,6. Personeelskosten / Toegevoegde waarde (%),PU220,PU220 : Energie- en waterhuishouding,Energie en water,44.75
2016,R006,6. Personeelskosten / Toegevoegde waarde (%),PU220,PU220 : Energie- en waterhuishouding,Energie en water,44.03
2017,R006,6. Personeelskosten / Toegevoegde waarde (%),PU220,PU220 : Energie- en waterhuishouding,Energie en water,45.31
2018,R006,6. Personeelskosten / Toegevoegde waarde (%),PU220,PU220 : Energie- en waterhuishouding,Energie en water,53.54
2019,R006,6. Personeelskosten / Toegevoegde waarde (%),PU220,PU220 : Energie- en waterhuishouding,Energie en water,47.66
2020,R006,6. Personeelskosten / Toegevoegde waarde (%),PU220,PU220 : Energie- en waterhuishouding,Energie en water,46.91
2021,R006,6. Personeelskosten / Toegevoegde waarde (%),PU220,PU220 : Energie- en waterhuishouding,Energie en water,39.21
2022,R006,6. Personeelskosten / Toegevoegde waarde (%),PU220,PU220 : Energie- en waterhuishouding,Energie en water,33.26
2009,R006,6. Personeelskosten / Toegevoegde waarde (%),PU290,PU290 : Geheel van de verwerkende industrie,Verwerkende industrie,62.99
2010,R006,6. Personeelskosten / Toegevoegde waarde (%),PU290,PU290 : Geheel van de verwerkende industrie,Verwerkende industrie,58.68
2011,R006,6. Personeelskosten / Toegevoegde waarde (%),PU290,PU290 : Geheel van de verwerkende industrie,Verwerkende industrie,60.72
2012,R006,6. Personeelskosten / Toegevoegde waarde (%),PU290,PU290 : Geheel van de verwerkende industrie,Verwerkende industrie,61.65
2013,R006,6. Personeelskosten / Toegevoegde waarde (%),PU290,PU290 : Geheel van de verwerkende industrie,Verwerkende industrie,61.68
2014,R006,6. Personeelskosten / Toegevoegde waarde (%),PU290,PU290 : Geheel van de verwerkende industrie,Verwerkende industrie,59.81
2015,R006,6. Personeelskosten / Toegevoegde waarde (%),PU290,PU290 : Geheel van de verwerkende industrie,Verwerkende industrie,57.65
2016,R006,6. Personeelskosten / Toegevoegde waarde (%),PU290,PU290 : Geheel van de verwerkende industrie,Verwerkende industrie,54.68
2017,R006,6. Personeelskosten / Toegevoegde waarde (%),PU290,PU290 : Geheel van de verwerkende industrie,Verwerkende industrie,54.99
2018,R006,6. Personeelskosten / Toegevoegde waarde (%),PU290,PU290 : Geheel van de verwerkende industrie,Verwerkende industrie,54.82
2019,R006,6. Personeelskosten / Toegevoegde waarde (%),PU290,PU290 : Geheel van de verwerkende industrie,Verwerkende industrie,54.76
2020,R006,6. Personeelskosten / Toegevoegde waarde (%),PU290,PU290 : Geheel van de verwerkende industrie,Verwerkende industrie,54.78
2021,R006,6. Personeelskosten / Toegevoegde waarde (%),PU290,PU290 : Geheel van de verwerkende industrie,Verwerkende industrie,52.59
2022,R006,6. Personeelskosten / Toegevoegde waarde (%),PU290,PU290 : Geheel van de verwerkende industrie,Verwerkende industrie,49.88
2009,R006,6. Personeelskosten / Toegevoegde waarde (%),PU300,PU300 : Bouwnijverheid,Bouwnijverheid,69.8
2010,R006,6. Personeelskosten / Toegevoegde waarde (%),PU300,PU300 : Bouwnijverheid,Bouwnijverheid,69.31
2011,R006,6. Personeelskosten / Toegevoegde waarde (%),PU300,PU300 : Bouwnijverheid,Bouwnijverheid,70.15
2012,R006,6. Personeelskosten / Toegevoegde waarde (%),PU300,PU300 : Bouwnijverheid,Bouwnijverheid,70.14
2013,R006,6. Personeelskosten / Toegevoegde waarde (%),PU300,PU300 : Bouwnijverheid,Bouwnijverheid,69.01
2014,R006,6. Personeelskosten / Toegevoegde waarde (%),PU300,PU300 : Bouwnijverheid,Bouwnijverheid,70.99
2015,R006,6. Personeelskosten / Toegevoegde waarde (%),PU300,PU300 : Bouwnijverheid,Bouwnijverheid,69.8
2016,R006,6. Personeelskosten / Toegevoegde waarde (%),PU300,PU300 : Bouwnijverheid,Bouwnijverheid,69.7
2017,R006,6. Personeelskosten / Toegevoegde waarde (%),PU300,PU300 : Bouwnijverheid,Bouwnijverheid,69.53
2018,R006,6. Personeelskosten / Toegevoegde waarde (%),PU300,PU300 : Bouwnijverheid,Bouwnijverheid,69.73
2019,R006,6. Personeelskosten / Toegevoegde waarde (%),PU300,PU300 : Bouwnijverheid,Bouwnijverheid,68.65
2020,R006,6. Personeelskosten / Toegevoegde waarde (%),PU300,PU300 : Bouwnijverheid,Bouwnijverheid,68.33
2021,R006,6. Personeelskosten / Toegevoegde waarde (%),PU300,PU300 : Bouwnijverheid,Bouwnijverheid,66.87
2022,R006,6. Personeelskosten / Toegevoegde waarde (%),PU300,PU300 : Bouwnijverheid,Bouwnijverheid,66.44
2009,R006,6. Personeelskosten / Toegevoegde waarde (%),PU310,PU310 : Handel en reparatie van auto's en consumptieartikelen,Handel en reparatie,60.57
2010,R006,6. Personeelskosten / Toegevoegde waarde (%),PU310,PU310 : Handel en reparatie van auto's en consumptieartikelen,Handel en reparatie,56.1
2011,R006,6. Personeelskosten / Toegevoegde waarde (%),PU310,PU310 : Handel en reparatie van auto's en consumptieartikelen,Handel en reparatie,56.51
2012,R006,6. Personeelskosten / Toegevoegde waarde (%),PU310,PU310 : Handel en reparatie van auto's en consumptieartikelen,Handel en reparatie,59.01
2013,R006,6. Personeelskosten / Toegevoegde waarde (%),PU310,PU310 : Handel en reparatie van auto's en consumptieartikelen,Handel en reparatie,59.19
2014,R006,6. Personeelskosten / Toegevoegde waarde (%),PU310,PU310 : Handel en reparatie van auto's en consumptieartikelen,Handel en reparatie,59.63
2015,R006,6. Personeelskosten / Toegevoegde waarde (%),PU310,PU310 : Handel en reparatie van auto's en consumptieartikelen,Handel en reparatie,57.92
2016,R006,6. Personeelskosten / Toegevoegde waarde (%),PU310,PU310 : Handel en reparatie van auto's en consumptieartikelen,Handel en reparatie,55.44
2017,R006,6. Personeelskosten / Toegevoegde waarde (%),PU310,PU310 : Handel en reparatie van auto's en consumptieartikelen,Handel en reparatie,55.56
2018,R006,6. Personeelskosten / Toegevoegde waarde (%),PU310,PU310 : Handel en reparatie van auto's en consumptieartikelen,Handel en reparatie,56.75
2019,R006,6. Personeelskosten / Toegevoegde waarde (%),PU310,PU310 : Handel en reparatie van auto's en consumptieartikelen,Handel en reparatie,54.95
2020,R006,6. Personeelskosten / Toegevoegde waarde (%),PU310,PU310 : Handel en reparatie van auto's en consumptieartikelen,Handel en reparatie,54.56
2021,R006,6. Personeelskosten / Toegevoegde waarde (%),PU310,PU310 : Handel en reparatie van auto's en consumptieartikelen,Handel en reparatie,50.55
2022,R006,6. Personeelskosten / Toegevoegde waarde (%),PU310,PU310 : Handel en reparatie van auto's en consumptieartikelen,Handel en reparatie,48.56
2009,R006,6. Personeelskosten / Toegevoegde waarde (%),PU320,"PU320 : Verblijfsaccommodaties, restaurants en cafés",Horeca,75.01
2010,R006,6. Personeelskosten / Toegevoegde waarde (%),PU320,"PU320 : Verblijfsaccommodaties, restaurants en cafés",Horeca,72.01
2011,R006,6. Personeelskosten / Toegevoegde waarde (%),PU320,"PU320 : Verblijfsaccommodaties, restaurants en cafés",Horeca,71.95
2012,R006,6. Personeelskosten / Toegevoegde waarde (%),PU320,"PU320 : Verblijfsaccommodaties, restaurants en cafés",Horeca,74.18
2013,R006,6. Personeelskosten / Toegevoegde waarde (%),PU320,"PU320 : Verblijfsaccommodaties, restaurants en cafés",Horeca,74.38
2014,R006,6. Personeelskosten / Toegevoegde waarde (%),PU320,"PU320 : Verblijfsaccommodaties, restaurants en cafés",Horeca,72.92
2015,R006,6. Personeelskosten / Toegevoegde waarde (%),PU320,"PU320 : Verblijfsaccommodaties, restaurants en cafés",Horeca,72.28
2016,R006,6. Personeelskosten / Toegevoegde waarde (%),PU320,"PU320 : Verblijfsaccommodaties, restaurants en cafés",Horeca,73.45
2017,R006,6. Personeelskosten / Toegevoegde waarde (%),PU320,"PU320 : Verblijfsaccommodaties, restaurants en cafés",Horeca,73.22
2018,R006,6. Personeelskosten / Toegevoegde waarde (%),PU320,"PU320 : Verblijfsaccommodaties, restaurants en cafés",Horeca,71.98
2019,R006,6. Personeelskosten / Toegevoegde waarde (%),PU320,"PU320 : Verblijfsaccommodaties, restaurants en cafés",Horeca,70.55
2020,R006,6. Personeelskosten / Toegevoegde waarde (%),PU320,"PU320 : Verblijfsaccommodaties, restaurants en cafés",Horeca,77.45
2021,R006,6. Personeelskosten / Toegevoegde waarde (%),PU320,"PU320 : Verblijfsaccommodaties, restaurants en cafés",Horeca,66.52
2022,R006,6. Personeelskosten / Toegevoegde waarde (%),PU320,"PU320 : Verblijfsaccommodaties, restaurants en cafés",Horeca,70.54
2009,R006,6. Personeelskosten / Toegevoegde waarde (%),PU330,PU330 : Vervoer en telecommunicatie,Vervoer en telecom,62.67
2010,R006,6. Personeelskosten / Toegevoegde waarde (%),PU330,PU330 : Vervoer en telecommunicatie,Vervoer en telecom,60.29
2011,R006,6. Personeelskosten / Toegevoegde waarde (%),PU330,PU330 : Vervoer en telecommunicatie,Vervoer en telecom,61.51
2012,R006,6. Personeelskosten / Toegevoegde waarde (%),PU330,PU330 : Vervoer en telecommunicatie,Vervoer en telecom,61.19
2013,R006,6. Personeelskosten / Toegevoegde waarde (%),PU330,PU330 : Vervoer en telecommunicatie,Vervoer en telecom,63.51
2014,R006,6. Personeelskosten / Toegevoegde waarde (%),PU330,PU330 : Vervoer en telecommunicatie,Vervoer en telecom,65.82
2015,R006,6. Personeelskosten / Toegevoegde waarde (%),PU330,PU330 : Vervoer en telecommunicatie,Vervoer en telecom,63.21
2016,R006,6. Personeelskosten / Toegevoegde waarde (%),PU330,PU330 : Vervoer en telecommunicatie,Vervoer en telecom,61.09
2017,R006,6. Personeelskosten / Toegevoegde waarde (%),PU330,PU330 : Vervoer en telecommunicatie,Vervoer en telecom,61.38
2018,R006,6. Personeelskosten / Toegevoegde waarde (%),PU330,PU330 : Vervoer en telecommunicatie,Vervoer en telecom,60.0
2019,R006,6. Personeelskosten / Toegevoegde waarde (%),PU330,PU330 : Vervoer en telecommunicatie,Vervoer en telecom,58.82
2020,R006,6. Personeelskosten / Toegevoegde waarde (%),PU330,PU330 : Vervoer en telecommunicatie,Vervoer en telecom,70.4
2021,R006,6. Personeelskosten / Toegevoegde waarde (%),PU330,PU330 : Vervoer en telecommunicatie,Vervoer en telecom,65.01
2022,R006,6. Personeelskosten / Toegevoegde waarde (%),PU330,PU330 : Vervoer en telecommunicatie,Vervoer en telecom,64.99
2009,R006,6. Personeelskosten / Toegevoegde waarde (%),PU340,PU340 : Diensten aan ondernemingen en particulieren,Diensten,64.41
2010,R006,6. Personeelskosten / Toegevoegde waarde (%),PU340,PU340 : Diensten aan ondernemingen en particulieren,Diensten,63.67
2011,R006,6. Personeelskosten / Toegevoegde waarde (%),PU340,PU340 : Diensten aan ondernemingen en particulieren,Diensten,63.96
2012,R006,6. Personeelskosten / Toegevoegde waarde (%),PU340,PU340 : Diensten aan ondernemingen en particulieren,Diensten,63.95
2013,R006,6. Personeelskosten / Toegevoegde waarde (%),PU340,PU340 : Diensten aan ondernemingen en particulieren,Diensten,62.86
2014,R006,6. Personeelskosten / Toegevoegde waarde (%),PU340,PU340 : Diensten aan ondernemingen en particulieren,Diensten,62.52
2015,R006,6. Personeelskosten / Toegevoegde waarde (%),PU340,PU340 : Diensten aan ondernemingen en particulieren,Diensten,62.64
2016,R006,6. Personeelskosten / Toegevoegde waarde (%),PU340,PU340 : Diensten aan ondernemingen en particulieren,Diensten,60.48
2017,R006,6. Personeelskosten / Toegevoegde waarde (%),PU340,PU340 : Diensten aan ondernemingen en particulieren,Diensten,61.28
2018,R006,6. Personeelskosten / Toegevoegde waarde (%),PU340,PU340 : Diensten aan ondernemingen en particulieren,Diensten,60.72
2019,R006,6. Personeelskosten / Toegevoegde waarde (%),PU340,PU340 : Diensten aan ondernemingen en particulieren,Diensten,60.67
2020,R006,6. Personeelskosten / Toegevoegde waarde (%),PU340,PU340 : Diensten aan ondernemingen en particulieren,Diensten,60.06
2021,R006,6. Personeelskosten / Toegevoegde waarde (%),PU340,PU340 : Diensten aan ondernemingen en particulieren,Diensten,59.02
2022,R006,6. Personeelskosten / Toegevoegde waarde (%),PU340,PU340 : Diensten aan ondernemingen en particulieren,Diensten,60.87
2009,R006,6. Personeelskosten / Toegevoegde waarde (%),PU405,PU405 : Activiteiten van holdings,Holdings,72.31
2010,R006,6. Personeelskosten / Toegevoegde waarde (%),PU405,PU405 : Activiteiten van holdings,Holdings,58.96
2011,R006,6. Personeelskosten / Toegevoegde waarde (%),PU405,PU405 : Activiteiten van holdings,Holdings,66.42
2012,R006,6. Personeelskosten / Toegevoegde waarde (%),PU405,PU405 : Activiteiten van holdings,Holdings,65.46
2013,R006,6. Personeelskosten / Toegevoegde waarde (%),PU405,PU405 : Activiteiten van holdings,Holdings,61.17
2014,R006,6. Personeelskosten / Toegevoegde waarde (%),PU405,PU405 : Activiteiten van holdings,Holdings,61.06
2015,R006,6. Personeelskosten / Toegevoegde waarde (%),PU405,PU405 : Activiteiten van holdings,Holdings,67.5
2016,R006,6. Personeelskosten / Toegevoegde waarde (%),PU405,PU405 : Activiteiten van holdings,Holdings,58.35
2017,R006,6. Personeelskosten / Toegevoegde waarde (%),PU405,PU405 : Activiteiten van holdings,Holdings,47.1
2018,R006,6. Personeelskosten / Toegevoegde waarde (%),PU405,PU405 : Activiteiten van holdings,Holdings,56.8
2019,R006,6. Personeelskosten / Toegevoegde waarde (%),PU405,PU405 : Activiteiten van holdings,Holdings,58.66
2020,R006,6. Personeelskosten / Toegevoegde waarde (%),PU405,PU405 : Activiteiten van holdings,Holdings,64.27
2021,R006,6. Personeelskosten / Toegevoegde waarde (%),PU405,PU405 : Activiteiten van holdings,Holdings,66.2
2022,R006,6. Personeelskosten / Toegevoegde waarde (%),PU405,PU405 : Activiteiten van holdings,Holdings,65.35
2009,R006,6. Personeelskosten / Toegevoegde waarde (%),PU409,"PU409 : Kunst, amusement en recreatie",Kunst en recreatie,32.3
2010,R006,6. Personeelskosten / Toegevoegde waarde (%),PU409,"PU409 : Kunst, amusement en recreatie",Kunst en recreatie,32.43
2011,R006,6. Personeelskosten / Toegevoegde waarde (%),PU409,"PU409 : Kunst, amusement en recreatie",Kunst en recreatie,34.31
2012,R006,6. Personeelskosten / Toegevoegde waarde (%),PU409,"PU409 : Kunst, amusement en recreatie",Kunst en recreatie,37.47
2013,R006,6. Personeelskosten / Toegevoegde waarde (%),PU409,"PU409 : Kunst, amusement en recreatie",Kunst en recreatie,39.4
2014,R006,6. Personeelskosten / Toegevoegde waarde (%),PU409,"PU409 : Kunst, amusement en recreatie",Kunst en recreatie,39.54
2015,R006,6. Personeelskosten / Toegevoegde waarde (%),PU409,"PU409 : Kunst, amusement en recreatie",Kunst en recreatie,42.87
2016,R006,6. Personeelskosten / Toegevoegde waarde (%),PU409,"PU409 : Kunst, amusement en recreatie",Kunst en recreatie,43.08
2017,R006,6. Personeelskosten / Toegevoegde waarde (%),PU409,"PU409 : Kunst, amusement en recreatie",Kunst en recreatie,42.83
2018,R006,6. Personeelskosten / Toegevoegde waarde (%),PU409,"PU409 : Kunst, amusement en recreatie",Kunst en recreatie,44.62
2009,R006,6. Personeelskosten / Toegevoegde waarde (%),PU410,PU410 : Gezondheidszorg en maatschappelijke dienstverlening,Gezondheidszorg,64.21
2010,R006,6. Personeelskosten / Toegevoegde waarde (%),PU410,PU410 : Gezondheidszorg en maatschappelijke dienstverlening,Gezondheidszorg,65.78
2011,R006,6. Personeelskosten / Toegevoegde waarde (%),PU410,PU410 : Gezondheidszorg en maatschappelijke dienstverlening,Gezondheidszorg,67.19
2012,R006,6. Personeelskosten / Toegevoegde waarde (%),PU410,PU410 : Gezondheidszorg en maatschappelijke dienstverlening,Gezondheidszorg,67.71
2013,R006,6. Personeelskosten / Toegevoegde waarde (%),PU410,PU410 : Gezondheidszorg en maatschappelijke dienstverlening,Gezondheidszorg,68.68
2014,R006,6. Personeelskosten / Toegevoegde waarde (%),PU410,PU410 : Gezondheidszorg en maatschappelijke dienstverlening,Gezondheidszorg,68.38
2015,R006,6. Personeelskosten / Toegevoegde waarde (%),PU410,PU410 : Gezondheidszorg en maatschappelijke dienstverlening,Gezondheidszorg,68.02
2016,R006,6. Personeelskosten / Toegevoegde waarde (%),PU410,PU410 : Gezondheidszorg en maatschappelijke dienstverlening,Gezondheidszorg,68.61
2017,R006,6. Personeelskosten / Toegevoegde waarde (%),PU410,PU410 : Gezondheidszorg en maatschappelijke dienstverlening,Gezondheidszorg,69.97
2018,R006,6. Personeelskosten / Toegevoegde waarde (%),PU410,PU410 : Gezondheidszorg en maatschappelijke dienstverlening,Gezondheidszorg,69.82
2019,R006,6. Personeelskosten / Toegevoegde waarde (%),PU410,PU410 : Gezondheidszorg en maatschappelijke dienstverlening,Gezondheidszorg,70.98
2020,R006,6. Personeelskosten / Toegevoegde waarde (%),PU410,PU410 : Gezondheidszorg en maatschappelijke dienstverlening,Gezondheidszorg,68.89
2021,R006,6. Personeelskosten / Toegevoegde waarde (%),PU410,PU410 : Gezondheidszorg en maatschappelijke dienstverlening,Gezondheidszorg,67.38
2022,R006,6. Personeelskosten / Toegevoegde waarde (%),PU410,PU410 : Gezondheidszorg en maatschappelijke dienstverlening,Gezondheidszorg,71.63
2009,R010,10. Cashflow / Eigen vermogen (%),PU210,"PU210 : Landbouw, jacht, bosbouw en visserij",Landbouw,26.37
2010,R010,10. Cashflow / Eigen vermogen (%),PU210,"PU210 : Landbouw, jacht, bosbouw en visserij",Landbouw,29.77
2011,R010,10. Cashflow / Eigen vermogen (%),PU210,"PU210 : Landbouw, jacht, bosbouw en visserij",Landbouw,26.04
2012,R010,10. Cashflow / Eigen vermogen (%),PU210,"PU210 : Landbouw, jacht, bosbouw en visserij",Landbouw,27.87
2013,R010,10. Cashflow / Eigen vermogen (%),PU210,"PU210 : Landbouw, jacht, bosbouw en visserij",Landbouw,26.49
2014,R010,10. Cashflow / Eigen vermogen (%),PU210,"PU210 : Landbouw, jacht, bosbouw en visserij",Landbouw,21.92
2015,R010,10. Cashflow / Eigen vermogen (%),PU210,"PU210 : Landbouw, jacht, bosbouw en visserij",Landbouw,23.85
2016,R010,10. Cashflow / Eigen vermogen (%),PU210,"PU210 : Landbouw, jacht, bosbouw en visserij",Landbouw,25.78
2017,R010,10. Cashflow / Eigen vermogen (%),PU210,"PU210 : Landbouw, jacht, bosbouw en visserij",Landbouw,24.09
2018,R010,10. Cashflow / Eigen vermogen (%),PU210,"PU210 : Landbouw, jacht, bosbouw en visserij",Landbouw,23.36
2019,R010,10. Cashflow / Eigen vermogen (%),PU210,"PU210 : Landbouw, jacht, bosbouw en visserij",Landbouw,24.77
2020,R010,10. Cashflow / Eigen vermogen (%),PU210,"PU210 : Landbouw, jacht, bosbouw en visserij",Landbouw,21.84
2021,R010,10. Cashflow / Eigen vermogen (%),PU210,"PU210 : Landbouw, jacht, bosbouw en visserij",Landbouw,21.18
2022,R010,10. Cashflow / Eigen vermogen (%),PU210,"PU210 : Landbouw, jacht, bosbouw en visserij",Landbouw,23.46
2009,R010,10. Cashflow / Eigen vermogen (%),PU220,PU220 : Energie- en waterhuishouding,Energie en water,20.37
2010,R010,10. Cashflow / Eigen vermogen (%),PU220,PU220 : Energie- en waterhuishouding,Energie en water,18.99
2011,R010,10. Cashflow / Eigen vermogen (%),PU220,PU220 : Energie- en waterhuishouding,Energie en water,23.22
2012,R010,10. Cashflow / Eigen vermogen (%),PU220,PU220 : Energie- en waterhuishouding,Energie en water,12.2
2013,R010,10. Cashflow / Eigen vermogen (%),PU220,PU220 : Energie- en waterhuishouding,Energie en water,10.61
2014,R010,10. Cashflow / Eigen vermogen (%),PU220,PU220 : Energie- en waterhuishouding,Energie en water,8.21
2015,R010,10. Cashflow / Eigen vermogen (%),PU220,PU220 : Energie- en waterhuishouding,Energie en water,6.84
2016,R010,10. Cashflow / Eigen vermogen (%),PU220,PU220 : Energie- en waterhuishouding,Energie en water,6.29
2017,R010,10. Cashflow / Eigen vermogen (%),PU220,PU220 : Energie- en waterhuishouding,Energie en water,8.98
2018,R010,10. Cashflow / Eigen vermogen (%),PU220,PU220 : Energie- en waterhuishouding,Energie en water,14.65
2019,R010,10. Cashflow / Eigen vermogen (%),PU220,PU220 : Energie- en waterhuishouding,Energie en water,22.44
2020,R010,10. Cashflow / Eigen vermogen (%),PU220,PU220 : Energie- en waterhuishouding,Energie en water,9.31
2021,R010,10. Cashflow / Eigen vermogen (%),PU220,PU220 : Energie- en waterhuishouding,Energie en water,9.6
2022,R010,10. Cashflow / Eigen vermogen (%),PU220,PU220 : Energie- en waterhuishouding,Energie en water,11.34
2009,R010,10. Cashflow / Eigen vermogen (%),PU290,PU290 : Geheel van de verwerkende industrie,Verwerkende industrie,19.49
2010,R010,10. Cashflow / Eigen vermogen (%),PU290,PU290 : Geheel van de verwerkende industrie,Verwerkende industrie,16.97
2011,R010,10. Cashflow / Eigen vermogen (%),PU290,PU290 : Geheel van de verwerkende industrie,Verwerkende industrie,15.02
2012,R010,10. Cashflow / Eigen vermogen (%),PU290,PU290 : Geheel van de verwerkende industrie,Verwerkende industrie,15.75
2013,R010,10. Cashflow / Eigen vermogen (%),PU290,PU290 : Geheel van de verwerkende industrie,Verwerkende industrie,12.18
2014,R010,10. Cashflow / Eigen vermogen (%),PU290,PU290 : Geheel van de verwerkende industrie,Verwerkende industrie,13.16
2015,R010,10. Cashflow / Eigen vermogen (%),PU290,PU290 : Geheel van de verwerkende industrie,Verwerkende industrie,13.66
2016,R010,10. Cashflow / Eigen vermogen (%),PU290,PU290 : Geheel van de verwerkende industrie,Verwerkende industrie,14.33
2017,R010,10. Cashflow / Eigen vermogen (%),PU290,PU290 : Geheel van de verwerkende industrie,Verwerkende industrie,12.72
2018,R010,10. Cashflow / Eigen vermogen (%),PU290,PU290 : Geheel van de verwerkende industrie,Verwerkende industrie,24.36
2019,R010,10. Cashflow / Eigen vermogen (%),PU290,PU290 : Geheel van de verwerkende industrie,Verwerkende industrie,17.63
2020,R010,10. Cashflow / Eigen vermogen (%),PU290,PU290 : Geheel van de verwerkende industrie,Verwerkende industrie,14.91
2021,R010,10. Cashflow / Eigen vermogen (%),PU290,PU290 : Geheel van de verwerkende industrie,Verwerkende industrie,17.17
2022,R010,10. Cashflow / Eigen vermogen (%),PU290,PU290 : Geheel van de verwerkende industrie,Verwerkende industrie,18.57
2009,R010,10. Cashflow / Eigen vermogen (%),PU300,PU300 : Bouwnijverheid,Bouwnijverheid,3.64
2010,R010,10. Cashflow / Eigen vermogen (%),PU300,PU300 : Bouwnijverheid,Bouwnijverheid,11.05
2011,R010,10. Cashflow / Eigen vermogen (%),PU300,PU300 : Bouwnijverheid,Bouwnijverheid,11.61
2012,R010,10. Cashflow / Eigen vermogen (%),PU300,PU300 : Bouwnijverheid,Bouwnijverheid,10.78
2013,R010,10. Cashflow / Eigen vermogen (%),PU300,PU300 : Bouwnijverheid,Bouwnijverheid,10.01
2014,R010,10. Cashflow / Eigen vermogen (%),PU300,PU300 : Bouwnijverheid,Bouwnijverheid,10.5
2015,R010,10. Cashflow / Eigen vermogen (%),PU300,PU300 : Bouwnijverheid,Bouwnijverheid,17.99
2016,R010,10. Cashflow / Eigen vermogen (%),PU300,PU300 : Bouwnijverheid,Bouwnijverheid,16.9
2017,R010,10. Cashflow / Eigen vermogen (%),PU300,PU300 : Bouwnijverheid,Bouwnijverheid,15.88
2018,R010,10. Cashflow / Eigen vermogen (%),PU300,PU300 : Bouwnijverheid,Bouwnijverheid,18.91
2019,R010,10. Cashflow / Eigen vermogen (%),PU300,PU300 : Bouwnijverheid,Bouwnijverheid,18.18
2020,R010,10. Cashflow / Eigen vermogen (%),PU300,PU300 : Bouwnijverheid,Bouwnijverheid,17.19
2021,R010,10. Cashflow / Eigen vermogen (%),PU300,PU300 : Bouwnijverheid,Bouwnijverheid,18.39
2022,R010,10. Cashflow / Eigen vermogen (%),PU300,PU300 : Bouwnijverheid,Bouwnijverheid,18.95
2009,R010,10. Cashflow / Eigen vermogen (%),PU310,PU310 : Handel en reparatie van auto's en consumptieartikelen,Handel en reparatie,16.81
2010,R010,10. Cashflow / Eigen vermogen (%),PU310,PU310 : Handel en reparatie van auto's en consumptieartikelen,Handel en reparatie,15.47
2011,R010,10. Cashflow / Eigen vermogen (%),PU310,PU310 : Handel en reparatie van auto's en consumptieartikelen,Handel en reparatie,15.62
2012,R010,10. Cashflow / Eigen vermogen (%),PU310,PU310 : Handel en reparatie van auto's en consumptieartikelen,Handel en reparatie,14.91
2013,R010,10. Cashflow / Eigen vermogen (%),PU310,PU310 : Handel en reparatie van auto's en consumptieartikelen,Handel en reparatie,14.34
2014,R010,10. Cashflow / Eigen vermogen (%),PU310,PU310 : Handel en reparatie van auto's en consumptieartikelen,Handel en reparatie,12.41
2015,R010,10. Cashflow / Eigen vermogen (%),PU310,PU310 : Handel en reparatie van auto's en consumptieartikelen,Handel en reparatie,13.06
2016,R010,10. Cashflow / Eigen vermogen (%),PU310,PU310 : Handel en reparatie van auto's en consumptieartikelen,Handel en reparatie,16.09
2017,R010,10. Cashflow / Eigen vermogen (%),PU310,PU310 : Handel en reparatie van auto's en consumptieartikelen,Handel en reparatie,16.21
2018,R010,10. Cashflow / Eigen vermogen (%),PU310,PU310 : Handel en reparatie van auto's en consumptieartikelen,Handel en reparatie,23.25
2019,R010,10. Cashflow / Eigen vermogen (%),PU310,PU310 : Handel en reparatie van auto's en consumptieartikelen,Handel en reparatie,18.29
2020,R010,10. Cashflow / Eigen vermogen (%),PU310,PU310 : Handel en reparatie van auto's en consumptieartikelen,Handel en reparatie,14.44
2021,R010,10. Cashflow / Eigen vermogen (%),PU310,PU310 : Handel en reparatie van auto's en consumptieartikelen,Handel en reparatie,16.52
2022,R010,10. Cashflow / Eigen vermogen (%),PU310,PU310 : Handel en reparatie van auto's en consumptieartikelen,Handel en reparatie,23.18
2009,R010,10. Cashflow / Eigen vermogen (%),PU320,"PU320 : Verblijfsaccommodaties, restaurants en cafés",Horeca,15.33
2010,R010,10. Cashflow / Eigen vermogen (%),PU320,"PU320 : Verblijfsaccommodaties, restaurants en cafés",Horeca,14.28
2011,R010,10. Cashflow / Eigen vermogen (%),PU320,"PU320 : Verblijfsaccommodaties, restaurants en cafés",Horeca,16.72
2012,R010,10. Cashflow / Eigen vermogen (%),PU320,"PU320 : Verblijfsaccommodaties, restaurants en cafés",Horeca,13.96
2013,R010,10. Cashflow / Eigen vermogen (%),PU320,"PU320 : Verblijfsaccommodaties, restaurants en cafés",Horeca,13.6
2014,R010,10. Cashflow / Eigen vermogen (%),PU320,"PU320 : Verblijfsaccommodaties, restaurants en cafés",Horeca,19.12
2015,R010,10. Cashflow / Eigen vermogen (%),PU320,"PU320 : Verblijfsaccommodaties, restaurants en cafés",Horeca,14.27
2016,R010,10. Cashflow / Eigen vermogen (%),PU320,"PU320 : Verblijfsaccommodaties, restaurants en cafés",Horeca,18.27
2017,R010,10. Cashflow / Eigen vermogen (%),PU320,"PU320 : Verblijfsaccommodaties, restaurants en cafés",Horeca,17.42
2018,R010,10. Cashflow / Eigen vermogen (%),PU320,"PU320 : Verblijfsaccommodaties, restaurants en cafés",Horeca,13.17
2019,R010,10. Cashflow / Eigen vermogen (%),PU320,"PU320 : Verblijfsaccommodaties, restaurants en cafés",Horeca,13.26
2020,R010,10. Cashflow / Eigen vermogen (%),PU320,"PU320 : Verblijfsaccommodaties, restaurants en cafés",Horeca,3.92
2021,R010,10. Cashflow / Eigen vermogen (%),PU320,"PU320 : Verblijfsaccommodaties, restaurants en cafés",Horeca,19.86
2022,R010,10. Cashflow / Eigen vermogen (%),PU320,"PU320 : Verblijfsaccommodaties, restaurants en cafés",Horeca,20.84
2009,R010,10. Cashflow / Eigen vermogen (%),PU330,PU330 : Vervoer en telecommunicatie,Vervoer en telecom,18.57
2010,R010,10. Cashflow / Eigen vermogen (%),PU330,PU330 : Vervoer en telecommunicatie,Vervoer en telecom,19.13
2011,R010,10. Cashflow / Eigen vermogen (%),PU330,PU330 : Vervoer en telecommunicatie,Vervoer en telecom,18.35
2012,R010,10. Cashflow / Eigen vermogen (%),PU330,PU330 : Vervoer en telecommunicatie,Vervoer en telecom,19.56
2013,R010,10. Cashflow / Eigen vermogen (%),PU330,PU330 : Vervoer en telecommunicatie,Vervoer en telecom,18.76
2014,R010,10. Cashflow / Eigen vermogen (%),PU330,PU330 : Vervoer en telecommunicatie,Vervoer en telecom,12.49
2015,R010,10. Cashflow / Eigen vermogen (%),PU330,PU330 : Vervoer en telecommunicatie,Vervoer en telecom,13.33
2016,R010,10. Cashflow / Eigen vermogen (%),PU330,PU330 : Vervoer en telecommunicatie,Vervoer en telecom,14.91
2017,R010,10. Cashflow / Eigen vermogen (%),PU330,PU330 : Vervoer en telecommunicatie,Vervoer en telecom,14.81
2018,R010,10. Cashflow / Eigen vermogen (%),PU330,PU330 : Vervoer en telecommunicatie,Vervoer en telecom,15.44
2019,R010,10. Cashflow / Eigen vermogen (%),PU330,PU330 : Vervoer en telecommunicatie,Vervoer en telecom,16.58
2020,R010,10. Cashflow / Eigen vermogen (%),PU330,PU330 : Vervoer en telecommunicatie,Vervoer en telecom,9.37
2021,R010,10. Cashflow / Eigen vermogen (%),PU330,PU330 : Vervoer en telecommunicatie,Vervoer en telecom,13.74
2022,R010,10. Cashflow / Eigen vermogen (%),PU330,PU330 : Vervoer en telecommunicatie,Vervoer en telecom,14.0
2009,R010,10. Cashflow / Eigen vermogen (%),PU340,PU340 : Diensten aan ondernemingen en particulieren,Diensten,6.69
2010,R010,10. Cashflow / Eigen vermogen (%),PU340,PU340 : Diensten aan ondernemingen en particulieren,Diensten,6.79
2011,R010,10. Cashflow / Eigen vermogen (%),PU340,PU340 : Diensten aan ondernemingen en particulieren,Diensten,5.92
2012,R010,10. Cashflow / Eigen vermogen (%),PU340,PU340 : Diensten aan ondernemingen en particulieren,Diensten,7.51
2013,R010,10. Cashflow / Eigen vermogen (%),PU340,PU340 : Diensten aan ondernemingen en particulieren,Diensten,7.28
2014,R010,10. Cashflow / Eigen vermogen (%),PU340,PU340 : Diensten aan ondernemingen en particulieren,Diensten,7.6
2015,R010,10. Cashflow / Eigen vermogen (%),PU340,PU340 : Diensten aan ondernemingen en particulieren,Diensten,7.91
2016,R010,10. Cashflow / Eigen vermogen (%),PU340,PU340 : Diensten aan ondernemingen en particulieren,Diensten,8.76
2017,R010,10. Cashflow / Eigen vermogen (%),PU340,PU340 : Diensten aan ondernemingen en particulieren,Diensten,8.85
2018,R010,10. Cashflow / Eigen vermogen (%),PU340,PU340 : Diensten aan ondernemingen en particulieren,Diensten,10.48
2019,R010,10. Cashflow / Eigen vermogen (%),PU340,PU340 : Diensten aan ondernemingen en particulieren,Diensten,12.6
2020,R010,10. Cashflow / Eigen vermogen (%),PU340,PU340 : Diensten aan ondernemingen en particulieren,Diensten,12.27
2021,R010,10. Cashflow / Eigen vermogen (%),PU340,PU340 : Diensten aan ondernemingen en particulieren,Diensten,14.59
2022,R010,10. Cashflow / Eigen vermogen (%),PU340,PU340 : Diensten aan ondernemingen en particulieren,Diensten,14.72
2009,R010,10. Cashflow / Eigen vermogen (%),PU405,PU405 : Activiteiten van holdings,Holdings,6.99
2010,R010,10. Cashflow / Eigen vermogen (%),PU405,PU405 : Activiteiten van holdings,Holdings,5.58
2011,R010,10. Cashflow / Eigen vermogen (%),PU405,PU405 : Activiteiten van holdings,Holdings,7.31
2012,R010,10. Cashflow / Eigen vermogen (%),PU405,PU405 : Activiteiten van holdings,Holdings,5.46
2013,R010,10. Cashflow / Eigen vermogen (%),PU405,PU405 : Activiteiten van holdings,Holdings,5.24
2014,R010,10. Cashflow / Eigen vermogen (%),PU405,PU405 : Activiteiten van holdings,Holdings,5.35
2015,R010,10. Cashflow / Eigen vermogen (%),PU405,PU405 : Activiteiten van holdings,Holdings,4.37
2016,R010,10. Cashflow / Eigen vermogen (%),PU405,PU405 : Activiteiten van holdings,Holdings,5.71
2017,R010,10. Cashflow / Eigen vermogen (%),PU405,PU405 : Activiteiten van holdings,Holdings,4.26
2018,R010,10. Cashflow / Eigen vermogen (%),PU405,PU405 : Activiteiten van holdings,Holdings,6.23
2019,R010,10. Cashflow / Eigen vermogen (%),PU405,PU405 : Activiteiten van holdings,Holdings,7.96
2020,R010,10. Cashflow / Eigen vermogen (%),PU405,PU405 : Activiteiten van holdings,Holdings,4.22
2021,R010,10. Cashflow / Eigen vermogen (%),PU405,PU405 : Activiteiten van holdings,Holdings,7.34
2022,R010,10. Cashflow / Eigen vermogen (%),PU405,PU405 : Activiteiten van holdings,Holdings,6.63
2009,R010,10. Cashflow / Eigen vermogen (%),PU409,"PU409 : Kunst, amusement en recreatie",Kunst en recreatie,36.09
2010,R010,10. Cashflow / Eigen vermogen (%),PU409,"PU409 : Kunst, amusement en recreatie",Kunst en recreatie,28.93
2011,R010,10. Cashflow / Eigen vermogen (%),PU409,"PU409 : Kunst, amusement en recreatie",Kunst en recreatie,33.54
2012,R010,10. Cashflow / Eigen vermogen (%),PU409,"PU409 : Kunst, amusement en recreatie",Kunst en recreatie,30.07
2013,R010,10. Cashflow / Eigen vermogen (%),PU409,"PU409 : Kunst, amusement en recreatie",Kunst en recreatie,25.43
2014,R010,10. Cashflow / Eigen vermogen (%),PU409,"PU409 : Kunst, amusement en recreatie",Kunst en recreatie,25.74
2015,R010,10. Cashflow / Eigen vermogen (%),PU409,"PU409 : Kunst, amusement en recreatie",Kunst en recreatie,18.48
2016,R010,10. Cashflow / Eigen vermogen (%),PU409,"PU409 : Kunst, amusement en recreatie",Kunst en recreatie,21.47
2017,R010,10. Cashflow / Eigen vermogen (%),PU409,"PU409 : Kunst, amusement en recreatie",Kunst en recreatie,22.97
2018,R010,10. Cashflow / Eigen vermogen (%),PU409,"PU409 : Kunst, amusement en recreatie",Kunst en recreatie,22.73
2009,R010,10. Cashflow / Eigen vermogen (%),PU410,PU410 : Gezondheidszorg en maatschappelijke dienstverlening,Gezondheidszorg,34.13
2010,R010,10. Cashflow / Eigen vermogen (%),PU410,PU410 : Gezondheidszorg en maatschappelijke dienstverlening,Gezondheidszorg,34.44
2011,R010,10. Cashflow / Eigen vermogen (%),PU410,PU410 : Gezondheidszorg en maatschappelijke dienstverlening,Gezondheidszorg,34.87
2012,R010,10. Cashflow / Eigen vermogen (%),PU410,PU410 : Gezondheidszorg en maatschappelijke dienstverlening,Gezondheidszorg,32.72
2013,R010,10. Cashflow / Eigen vermogen (%),PU410,PU410 : Gezondheidszorg en maatschappelijke dienstverlening,Gezondheidszorg,30.69
2014,R010,10. Cashflow / Eigen vermogen (%),PU410,PU410 : Gezondheidszorg en maatschappelijke dienstverlening,Gezondheidszorg,28.15
2015,R010,10. Cashflow / Eigen vermogen (%),PU410,PU410 : Gezondheidszorg en maatschappelijke dienstverlening,Gezondheidszorg,25.52
2016,R010,10. Cashflow / Eigen vermogen (%),PU410,PU410 : Gezondheidszorg en maatschappelijke dienstverlening,Gezondheidszorg,24.32
2017,R010,10. Cashflow / Eigen vermogen (%),PU410,PU410 : Gezondheidszorg en maatschappelijke dienstverlening,Gezondheidszorg,21.55
2018,R010,10. Cashflow / Eigen vermogen (%),PU410,PU410 : Gezondheidszorg en maatschappelijke dienstverlening,Gezondheidszorg,24.41
2019,R010,10. Cashflow / Eigen vermogen (%),PU410,PU410 : Gezondheidszorg en maatschappelijke dienstverlening,Gezondheidszorg,24.0
2020,R010,10. Cashflow / Eigen vermogen (%),PU410,PU410 : Gezondheidszorg en maatschappelijke dienstverlening,Gezondheidszorg,24.4
2021,R010,10. Cashflow / Eigen vermogen (%),PU410,PU410 : Gezondheidszorg en maatschappelijke dienstverlening,Gezondheidszorg,26.97
2022,R010,10. Cashflow / Eigen vermogen (%),PU410,PU410 : Gezondheidszorg en maatschappelijke dienstverlening,Gezondheidszorg,27.84
2009,R013,13. Liquiditeit in ruime zin,PU210,"PU210 : Landbouw, jacht, bosbouw en visserij",Landbouw,1.06
2010,R013,13. Liquiditeit in ruime zin,PU210,"PU210 : Landbouw, jacht, bosbouw en visserij",Landbouw,1.05
2011,R013,13. Liquiditeit in ruime zin,PU210,"PU210 : Landbouw, jacht, bosbouw en visserij",Landbouw,1.1
2012,R013,13. Liquiditeit in ruime zin,PU210,"PU210 : Landbouw, jacht, bosbouw en visserij",Landbouw,1.14
2013,R013,13. Liquiditeit in ruime zin,PU210,"PU210 : Landbouw, jacht, bosbouw en visserij",Landbouw,1.12
2014,R013,13. Liquiditeit in ruime zin,PU210,"PU210 : Landbouw, jacht, bosbouw en visserij",Landbouw,1.14
2015,R013,13. Liquiditeit in ruime zin,PU210,"PU210 : Landbouw, jacht, bosbouw en visserij",Landbouw,1.12
2016,R013,13. Liquiditeit in ruime zin,PU210,"PU210 : Landbouw, jacht, bosbouw en visserij",Landbouw,1.2
2017,R013,13. Liquiditeit in ruime zin,PU210,"PU210 : Landbouw, jacht, bosbouw en visserij",Landbouw,1.21
2018,R013,13. Liquiditeit in ruime zin,PU210,"PU210 : Landbouw, jacht, bosbouw en visserij",Landbouw,1.21
2019,R013,13. Liquiditeit in ruime zin,PU210,"PU210 : Landbouw, jacht, bosbouw en visserij",Landbouw,1.29
2020,R013,13. Liquiditeit in ruime zin,PU210,"PU210 : Landbouw, jacht, bosbouw en visserij",Landbouw,1.3
2021,R013,13. Liquiditeit in ruime zin,PU210,"PU210 : Landbouw, jacht, bosbouw en visserij",Landbouw,1.33
2022,R013,13. Liquiditeit in ruime zin,PU210,"PU210 : Landbouw, jacht, bosbouw en visserij",Landbouw,1.31
2009,R013,13. Liquiditeit in ruime zin,PU220,PU220 : Energie- en waterhuishouding,Energie en water,0.93
2010,R013,13. Liquiditeit in ruime zin,PU220,PU220 : Energie- en waterhuishouding,Energie en water,1.03
2011,R013,13. Liquiditeit in ruime zin,PU220,PU220 : Energie- en waterhuishouding,Energie en water,1.07
2012,R013,13. Liquiditeit in ruime zin,PU220,PU220 : Energie- en waterhuishouding,Energie en water,1.09
2013,R013,13. Liquiditeit in ruime zin,PU220,PU220 : Energie- en waterhuishouding,Energie en water,1.08
2014,R013,13. Liquiditeit in ruime zin,PU220,PU220 : Energie- en waterhuishouding,Energie en water,1.26
2015,R013,13. Liquiditeit in ruime zin,PU220,PU220 : Energie- en waterhuishouding,Energie en water,1.02
2016,R013,13. Liquiditeit in ruime zin,PU220,PU220 : Energie- en waterhuishouding,Energie en water,0.85
2017,R013,13. Liquiditeit in ruime zin,PU220,PU220 : Energie- en waterhuishouding,Energie en water,0.81
2018,R013,13. Liquiditeit in ruime zin,PU220,PU220 : Energie- en waterhuishouding,Energie en water,0.84
2019,R013,13. Liquiditeit in ruime zin,PU220,PU220 : Energie- en waterhuishouding,Energie en water,0.79
2020,R013,13. Liquiditeit in ruime zin,PU220,PU220 : Energie- en waterhuishouding,Energie en water,1.18
2021,R013,13. Liquiditeit in ruime zin,PU220,PU220 : Energie- en waterhuishouding,Energie en water,0.85
2022,R013,13. Liquiditeit in ruime zin,PU220,PU220 : Energie- en waterhuishouding,Energie en water,0.87
2009,R013,13. Liquiditeit in ruime zin,PU290,PU290 : Geheel van de verwerkende industrie,Verwerkende industrie,1.14
2010,R013,13. Liquiditeit in ruime zin,PU290,PU290 : Geheel van de verwerkende industrie,Verwerkende industrie,1.19
2011,R013,13. Liquiditeit in ruime zin,PU290,PU290 : Geheel van de verwerkende industrie,Verwerkende industrie,1.18
2012,R013,13. Liquiditeit in ruime zin,PU290,PU290 : Geheel van de verwerkende industrie,Verwerkende industrie,1.33
2013,R013,13. Liquiditeit in ruime zin,PU290,PU290 : Geheel van de verwerkende industrie,Verwerkende industrie,1.33
2014,R013,13. Liquiditeit in ruime zin,PU290,PU290 : Geheel van de verwerkende industrie,Verwerkende industrie,1.3
2015,R013,13. Liquiditeit in ruime zin,PU290,PU290 : Geheel van de verwerkende industrie,Verwerkende industrie,1.35
2016,R013,13. Liquiditeit in ruime zin,PU290,PU290 : Geheel van de verwerkende industrie,Verwerkende industrie,1.25
2017,R013,13. Liquiditeit in ruime zin,PU290,PU290 : Geheel van de verwerkende industrie,Verwerkende industrie,1.38
2018,R013,13. Liquiditeit in ruime zin,PU290,PU290 : Geheel van de verwerkende industrie,Verwerkende industrie,1.46
2019,R013,13. Liquiditeit in ruime zin,PU290,PU290 : Geheel van de verwerkende industrie,Verwerkende industrie,1.44
2020,R013,13. Liquiditeit in ruime zin,PU290,PU290 : Geheel van de verwerkende industrie,Verwerkende industrie,1.39
2021,R013,13. Liquiditeit in ruime zin,PU290,PU290 : Geheel van de verwerkende industrie,Verwerkende industrie,1.45
2022,R013,13. Liquiditeit in ruime zin,PU290,PU290 : Geheel van de verwerkende industrie,Verwerkende industrie,1.39
2009,R013,13. Liquiditeit in ruime zin,PU300,PU300 : Bouwnijverheid,Bouwnijverheid,1.38
2010,R013,13. Liquiditeit in ruime zin,PU300,PU300 : Bouwnijverheid,Bouwnijverheid,1.36
2011,R013,13. Liquiditeit in ruime zin,PU300,PU300 : Bouwnijverheid,Bouwnijverheid,1.39
2012,R013,13. Liquiditeit in ruime zin,PU300,PU300 : Bouwnijverheid,Bouwnijverheid,1.38
2013,R013,13. Liquiditeit in ruime zin,PU300,PU300 : Bouwnijverheid,Bouwnijverheid,1.35
2014,R013,13. Liquiditeit in ruime zin,PU300,PU300 : Bouwnijverheid,Bouwnijverheid,1.35
2015,R013,13. Liquiditeit in ruime zin,PU300,PU300 : Bouwnijverheid,Bouwnijverheid,1.41
2016,R013,13. Liquiditeit in ruime zin,PU300,PU300 : Bouwnijverheid,Bouwnijverheid,1.42
2017,R013,13. Liquiditeit in ruime zin,PU300,PU300 : Bouwnijverheid,Bouwnijverheid,1.4
2018,R013,13. Liquiditeit in ruime zin,PU300,PU300 : Bouwnijverheid,Bouwnijverheid,1.38
2019,R013,13. Liquiditeit in ruime zin,PU300,PU300 : Bouwnijverheid,Bouwnijverheid,1.42
2020,R013,13. Liquiditeit in ruime zin,PU300,PU300 : Bouwnijverheid,Bouwnijverheid,1.43
2021,R013,13. Liquiditeit in ruime zin,PU300,PU300 : Bouwnijverheid,Bouwnijverheid,1.4
2022,R013,13. Liquiditeit in ruime zin,PU300,PU300 : Bouwnijverheid,Bouwnijverheid,1.41
2009,R013,13. Liquiditeit in ruime zin,PU310,PU310 : Handel en reparatie van auto's en consumptieartikelen,Handel en reparatie,1.18
2010,R013,13. Liquiditeit in ruime zin,PU310,PU310 : Handel en reparatie van auto's en consumptieartikelen,Handel en reparatie,1.22
2011,R013,13. Liquiditeit in ruime zin,PU310,PU310 : Handel en reparatie van auto's en consumptieartikelen,Handel en reparatie,1.22
2012,R013,13. Liquiditeit in ruime zin,PU310,PU310 : Handel en reparatie van auto's en consumptieartikelen,Handel en reparatie,1.33
2013,R013,13. Liquiditeit in ruime zin,PU310,PU310 : Handel en reparatie van auto's en consumptieartikelen,Handel en reparatie,1.33
2014,R013,13. Liquiditeit in ruime zin,PU310,PU310 : Handel en reparatie van auto's en consumptieartikelen,Handel en reparatie,1.33
2015,R013,13. Liquiditeit in ruime zin,PU310,PU310 : Handel en reparatie van auto's en consumptieartikelen,Handel en reparatie,1.36
2016,R013,13. Liquiditeit in ruime zin,PU310,PU310 : Handel en reparatie van auto's en consumptieartikelen,Handel en reparatie,1.31
2017,R013,13. Liquiditeit in ruime zin,PU310,PU310 : Handel en reparatie van auto's en consumptieartikelen,Handel en reparatie,1.31
2018,R013,13. Liquiditeit in ruime zin,PU310,PU310 : Handel en reparatie van auto's en consumptieartikelen,Handel en reparatie,1.29
2019,R013,13. Liquiditeit in ruime zin,PU310,PU310 : Handel en reparatie van auto's en consumptieartikelen,Handel en reparatie,1.3
2020,R013,13. Liquiditeit in ruime zin,PU310,PU310 : Handel en reparatie van auto's en consumptieartikelen,Handel en reparatie,1.37
2021,R013,13. Liquiditeit in ruime zin,PU310,PU310 : Handel en reparatie van auto's en consumptieartikelen,Handel en reparatie,1.36
2022,R013,13. Liquiditeit in ruime zin,PU310,PU310 : Handel en reparatie van auto's en consumptieartikelen,Handel en reparatie,1.31
2009,R013,13. Liquiditeit in ruime zin,PU320,"PU320 : Verblijfsaccommodaties, restaurants en cafés",Horeca,0.87
2010,R013,13. Liquiditeit in ruime zin,PU320,"PU320 : Verblijfsaccommodaties, restaurants en cafés",Horeca,0.97
2011,R013,13. Liquiditeit in ruime zin,PU320,"PU320 : Verblijfsaccommodaties, restaurants en cafés",Horeca,0.92
2012,R013,13. Liquiditeit in ruime zin,PU320,"PU320 : Verblijfsaccommodaties, restaurants en cafés",Horeca,0.84
2013,R013,13. Liquiditeit in ruime zin,PU320,"PU320 : Verblijfsaccommodaties, restaurants en cafés",Horeca,0.85
2014,R013,13. Liquiditeit in ruime zin,PU320,"PU320 : Verblijfsaccommodaties, restaurants en cafés",Horeca,0.85
2015,R013,13. Liquiditeit in ruime zin,PU320,"PU320 : Verblijfsaccommodaties, restaurants en cafés",Horeca,0.86
2016,R013,13. Liquiditeit in ruime zin,PU320,"PU320 : Verblijfsaccommodaties, restaurants en cafés",Horeca,0.91
2017,R013,13. Liquiditeit in ruime zin,PU320,"PU320 : Verblijfsaccommodaties, restaurants en cafés",Horeca,0.88
2018,R013,13. Liquiditeit in ruime zin,PU320,"PU320 : Verblijfsaccommodaties, restaurants en cafés",Horeca,0.96
2019,R013,13. Liquiditeit in ruime zin,PU320,"PU320 : Verblijfsaccommodaties, restaurants en cafés",Horeca,1.03
2020,R013,13. Liquiditeit in ruime zin,PU320,"PU320 : Verblijfsaccommodaties, restaurants en cafés",Horeca,0.99
2021,R013,13. Liquiditeit in ruime zin,PU320,"PU320 : Verblijfsaccommodaties, restaurants en cafés",Horeca,1.06
2022,R013,13. Liquiditeit in ruime zin,PU320,"PU320 : Verblijfsaccommodaties, restaurants en cafés",Horeca,0.96
2009,R013,13. Liquiditeit in ruime zin,PU330,PU330 : Vervoer en telecommunicatie,Vervoer en telecom,0.9
2010,R013,13. Liquiditeit in ruime zin,PU330,PU330 : Vervoer en telecommunicatie,Vervoer en telecom,1.07
2011,R013,13. Liquiditeit in ruime zin,PU330,PU330 : Vervoer en telecommunicatie,Vervoer en telecom,1.17
2012,R013,13. Liquiditeit in ruime zin,PU330,PU330 : Vervoer en telecommunicatie,Vervoer en telecom,1.1
2013,R013,13. Liquiditeit in ruime zin,PU330,PU330 : Vervoer en telecommunicatie,Vervoer en telecom,1.0
2014,R013,13. Liquiditeit in ruime zin,PU330,PU330 : Vervoer en telecommunicatie,Vervoer en telecom,1.07
2015,R013,13. Liquiditeit in ruime zin,PU330,PU330 : Vervoer en telecommunicatie,Vervoer en telecom,0.94
2016,R013,13. Liquiditeit in ruime zin,PU330,PU330 : Vervoer en telecommunicatie,Vervoer en telecom,1.06
2017,R013,13. Liquiditeit in ruime zin,PU330,PU330 : Vervoer en telecommunicatie,Vervoer en telecom,1.11
2018,R013,13. Liquiditeit in ruime zin,PU330,PU330 : Vervoer en telecommunicatie,Vervoer en telecom,1.14
2019,R013,13. Liquiditeit in ruime zin,PU330,PU330 : Vervoer en telecommunicatie,Vervoer en telecom,1.12
2020,R013,13. Liquiditeit in ruime zin,PU330,PU330 : Vervoer en telecommunicatie,Vervoer en telecom,1.17
2021,R013,13. Liquiditeit in ruime zin,PU330,PU330 : Vervoer en telecommunicatie,Vervoer en telecom,1.2
2022,R013,13. Liquiditeit in ruime zin,PU330,PU330 : Vervoer en telecommunicatie,Vervoer en telecom,1.18
2009,R013,13. Liquiditeit in ruime zin,PU340,PU340 : Diensten aan ondernemingen en particulieren,Diensten,1.7
2010,R013,13. Liquiditeit in ruime zin,PU340,PU340 : Diensten aan ondernemingen en particulieren,Diensten,1.44
2011,R013,13. Liquiditeit in ruime zin,PU340,PU340 : Diensten aan ondernemingen en particulieren,Diensten,1.73
2012,R013,13. Liquiditeit in ruime zin,PU340,PU340 : Diensten aan ondernemingen en particulieren,Diensten,1.6
2013,R013,13. Liquiditeit in ruime zin,PU340,PU340 : Diensten aan ondernemingen en particulieren,Diensten,1.45
2014,R013,13. Liquiditeit in ruime zin,PU340,PU340 : Diensten aan ondernemingen en particulieren,Diensten,1.55
2015,R013,13. Liquiditeit in ruime zin,PU340,PU340 : Diensten aan ondernemingen en particulieren,Diensten,1.6
2016,R013,13. Liquiditeit in ruime zin,PU340,PU340 : Diensten aan ondernemingen en particulieren,Diensten,1.44
2017,R013,13. Liquiditeit in ruime zin,PU340,PU340 : Diensten aan ondernemingen en particulieren,Diensten,1.36
2018,R013,13. Liquiditeit in ruime zin,PU340,PU340 : Diensten aan ondernemingen en particulieren,Diensten,1.29
2019,R013,13. Liquiditeit in ruime zin,PU340,PU340 : Diensten aan ondernemingen en particulieren,Diensten,1.26
2020,R013,13. Liquiditeit in ruime zin,PU340,PU340 : Diensten aan ondernemingen en particulieren,Diensten,1.29
2021,R013,13. Liquiditeit in ruime zin,PU340,PU340 : Diensten aan ondernemingen en particulieren,Diensten,1.23
2022,R013,13. Liquiditeit in ruime zin,PU340,PU340 : Diensten aan ondernemingen en particulieren,Diensten,1.22
2009,R013,13. Liquiditeit in ruime zin,PU405,PU405 : Activiteiten van holdings,Holdings,1.14
2010,R013,13. Liquiditeit in ruime zin,PU405,PU405 : Activiteiten van holdings,Holdings,1.27
2011,R013,13. Liquiditeit in ruime zin,PU405,PU405 : Activiteiten van holdings,Holdings,1.27
2012,R013,13. Liquiditeit in ruime zin,PU405,PU405 : Activiteiten van holdings,Holdings,1.43
2013,R013,13. Liquiditeit in ruime zin,PU405,PU405 : Activiteiten van holdings,Holdings,1.44
2014,R013,13. Liquiditeit in ruime zin,PU405,PU405 : Activiteiten van holdings,Holdings,1.24
2015,R013,13. Liquiditeit in ruime zin,PU405,PU405 : Activiteiten van holdings,Holdings,1.22
2016,R013,13. Liquiditeit in ruime zin,PU405,PU405 : Activiteiten van holdings,Holdings,1.13
2017,R013,13. Liquiditeit in ruime zin,PU405,PU405 : Activiteiten van holdings,Holdings,1.39
2018,R013,13. Liquiditeit in ruime zin,PU405,PU405 : Activiteiten van holdings,Holdings,1.28
2019,R013,13. Liquiditeit in ruime zin,PU405,PU405 : Activiteiten van holdings,Holdings,1.44
2020,R013,13. Liquiditeit in ruime zin,PU405,PU405 : Activiteiten van holdings,Holdings,1.25
2021,R013,13. Liquiditeit in ruime zin,PU405,PU405 : Activiteiten van holdings,Holdings,1.17
2022,R013,13. Liquiditeit in ruime zin,PU405,PU405 : Activiteiten van holdings,Holdings,1.17
2009,R013,13. Liquiditeit in ruime zin,PU409,"PU409 : Kunst, amusement en recreatie",Kunst en recreatie,1.18
2010,R013,13. Liquiditeit in ruime zin,PU409,"PU409 : Kunst, amusement en recreatie",Kunst en recreatie,1.19
2011,R013,13. Liquiditeit in ruime zin,PU409,"PU409 : Kunst, amusement en recreatie",Kunst en recreatie,1.13
2012,R013,13. Liquiditeit in ruime zin,PU409,"PU409 : Kunst, amusement en recreatie",Kunst en recreatie,1.14
2013,R013,13. Liquiditeit in ruime zin,PU409,"PU409 : Kunst, amusement en recreatie",Kunst en recreatie,1.11
2014,R013,13. Liquiditeit in ruime zin,PU409,"PU409 : Kunst, amusement en recreatie",Kunst en recreatie,1.12
2015,R013,13. Liquiditeit in ruime zin,PU409,"PU409 : Kunst, amusement en recreatie",Kunst en recreatie,1.1
2016,R013,13. Liquiditeit in ruime zin,PU409,"PU409 : Kunst, amusement en recreatie",Kunst en recreatie,1.06
2017,R013,13. Liquiditeit in ruime zin,PU409,"PU409 : Kunst, amusement en recreatie",Kunst en recreatie,1.14
2018,R013,13. Liquiditeit in ruime zin,PU409,"PU409 : Kunst, amusement en recreatie",Kunst en recreatie,1.1
2009,R013,13. Liquiditeit in ruime zin,PU410,PU410 : Gezondheidszorg en maatschappelijke dienstverlening,Gezondheidszorg,1.76
2010,R013,13. Liquiditeit in ruime zin,PU410,PU410 : Gezondheidszorg en maatschappelijke dienstverlening,Gezondheidszorg,1.59
2011,R013,13. Liquiditeit in ruime zin,PU410,PU410 : Gezondheidszorg en maatschappelijke dienstverlening,Gezondheidszorg,1.52
2012,R013,13. Liquiditeit in ruime zin,PU410,PU410 : Gezondheidszorg en maatschappelijke dienstverlening,Gezondheidszorg,1.69
2013,R013,13. Liquiditeit in ruime zin,PU410,PU410 : Gezondheidszorg en maatschappelijke dienstverlening,Gezondheidszorg,1.58
2014,R013,13. Liquiditeit in ruime zin,PU410,PU410 : Gezondheidszorg en maatschappelijke dienstverlening,Gezondheidszorg,1.67
2015,R013,13. Liquiditeit in ruime zin,PU410,PU410 : Gezondheidszorg en maatschappelijke dienstverlening,Gezondheidszorg,1.85
2016,R013,13. Liquiditeit in ruime zin,PU410,PU410 : Gezondheidszorg en maatschappelijke dienstverlening,Gezondheidszorg,1.91
2017,R013,13. Liquiditeit in ruime zin,PU410,PU410 : Gezondheidszorg en maatschappelijke dienstverlening,Gezondheidszorg,1.94
2018,R013,13. Liquiditeit in ruime zin,PU410,PU410 : Gezondheidszorg en maatschappelijke dienstverlening,Gezondheidszorg,1.95
2019,R013,13. Liquiditeit in ruime zin,PU410,PU410 : Gezondheidszorg en maatschappelijke dienstverlening,Gezondheidszorg,2.0
2020,R013,13. Liquiditeit in ruime zin,PU410,PU410 : Gezondheidszorg en maatschappelijke dienstverlening,Gezondheidszorg,2.13
2021,R013,13. Liquiditeit in ruime zin,PU410,PU410 : Gezondheidszorg en maatschappelijke dienstverlening,Gezondheidszorg,2.01
2022,R013,13. Liquiditeit in ruime zin,PU410,PU410 : Gezondheidszorg en maatschappelijke dienstverlening,Gezondheidszorg,1.93
2009,R014,14. Liquiditeit in enge zin,PU210,"PU210 : Landbouw, jacht, bosbouw en visserij",Landbouw,0.71
2010,R014,14. Liquiditeit in enge zin,PU210,"PU210 : Landbouw, jacht, bosbouw en visserij",Landbouw,0.71
2011,R014,14. Liquiditeit in enge zin,PU210,"PU210 : Landbouw, jacht, bosbouw en visserij",Landbouw,0.76
2012,R014,14. Liquiditeit in enge zin,PU210,"PU210 : Landbouw, jacht, bosbouw en visserij",Landbouw,0.78
2013,R014,14. Liquiditeit in enge zin,PU210,"PU210 : Landbouw, jacht, bosbouw en visserij",Landbouw,0.77
2014,R014,14. Liquiditeit in enge zin,PU210,"PU210 : Landbouw, jacht, bosbouw en visserij",Landbouw,0.79
2015,R014,14. Liquiditeit in enge zin,PU210,"PU210 : Landbouw, jacht, bosbouw en visserij",Landbouw,0.76
2016,R014,14. Liquiditeit in enge zin,PU210,"PU210 : Landbouw, jacht, bosbouw en visserij",Landbouw,0.85
2017,R014,14. Liquiditeit in enge zin,PU210,"PU210 : Landbouw, jacht, bosbouw en visserij",Landbouw,0.86
2018,R014,14. Liquiditeit in enge zin,PU210,"PU210 : Landbouw, jacht, bosbouw en visserij",Landbouw,0.86
2019,R014,14. Liquiditeit in enge zin,PU210,"PU210 : Landbouw, jacht, bosbouw en visserij",Landbouw,0.94
2020,R014,14. Liquiditeit in enge zin,PU210,"PU210 : Landbouw, jacht, bosbouw en visserij",Landbouw,0.96
2021,R014,14. Liquiditeit in enge zin,PU210,"PU210 : Landbouw, jacht, bosbouw en visserij",Landbouw,0.99
2022,R014,14. Liquiditeit in enge zin,PU210,"PU210 : Landbouw, jacht, bosbouw en visserij",Landbouw,0.97
2009,R014,14. Liquiditeit in enge zin,PU220,PU220 : Energie- en waterhuishouding,Energie en water,0.78
2010,R014,14. Liquiditeit in enge zin,PU220,PU220 : Energie- en waterhuishouding,Energie en water,0.84
2011,R014,14. Liquiditeit in enge zin,PU220,PU220 : Energie- en waterhuishouding,Energie en water,0.88
2012,R014,14. Liquiditeit in enge zin,PU220,PU220 : Energie- en waterhuishouding,Energie en water,0.87
2013,R014,14. Liquiditeit in enge zin,PU220,PU220 : Energie- en waterhuishouding,Energie en water,0.88
2014,R014,14. Liquiditeit in enge zin,PU220,PU220 : Energie- en waterhuishouding,Energie en water,1.11
2015,R014,14. Liquiditeit in enge zin,PU220,PU220 : Energie- en waterhuishouding,Energie en water,0.8
2016,R014,14. Liquiditeit in enge zin,PU220,PU220 : Energie- en waterhuishouding,Energie en water,0.66
2017,R014,14. Liquiditeit in enge zin,PU220,PU220 : Energie- en waterhuishouding,Energie en water,0.66
2018,R014,14. Liquiditeit in enge zin,PU220,PU220 : Energie- en waterhuishouding,Energie en water,0.68
2019,R014,14. Liquiditeit in enge zin,PU220,PU220 : Energie- en waterhuishouding,Energie en water,0.63
2020,R014,14. Liquiditeit in enge zin,PU220,PU220 : Energie- en waterhuishouding,Energie en water,1.05
2021,R014,14. Liquiditeit in enge zin,PU220,PU220 : Energie- en waterhuishouding,Energie en water,0.74
2022,R014,14. Liquiditeit in enge zin,PU220,PU220 : Energie- en waterhuishouding,Energie en water,0.75
2009,R014,14. Liquiditeit in enge zin,PU290,PU290 : Geheel van de verwerkende industrie,Verwerkende industrie,0.91
2010,R014,14. Liquiditeit in enge zin,PU290,PU290 : Geheel van de verwerkende industrie,Verwerkende industrie,0.95
2011,R014,14. Liquiditeit in enge zin,PU290,PU290 : Geheel van de verwerkende industrie,Verwerkende industrie,0.92
2012,R014,14. Liquiditeit in enge zin,PU290,PU290 : Geheel van de verwerkende industrie,Verwerkende industrie,1.05
2013,R014,14. Liquiditeit in enge zin,PU290,PU290 : Geheel van de verwerkende industrie,Verwerkende industrie,1.05
2014,R014,14. Liquiditeit in enge zin,PU290,PU290 : Geheel van de verwerkende industrie,Verwerkende industrie,1.01
2015,R014,14. Liquiditeit in enge zin,PU290,PU290 : Geheel van de verwerkende industrie,Verwerkende industrie,1.08
2016,R014,14. Liquiditeit in enge zin,PU290,PU290 : Geheel van de verwerkende industrie,Verwerkende industrie,0.97
2017,R014,14. Liquiditeit in enge zin,PU290,PU290 : Geheel van de verwerkende industrie,Verwerkende industrie,1.09
2018,R014,14. Liquiditeit in enge zin,PU290,PU290 : Geheel van de verwerkende industrie,Verwerkende industrie,1.14
2019,R014,14. Liquiditeit in enge zin,PU290,PU290 : Geheel van de verwerkende industrie,Verwerkende industrie,1.09
2020,R014,14. Liquiditeit in enge zin,PU290,PU290 : Geheel van de verwerkende industrie,Verwerkende industrie,1.06
2021,R014,14. Liquiditeit in enge zin,PU290,PU290 : Geheel van de verwerkende industrie,Verwerkende industrie,1.09
2022,R014,14. Liquiditeit in enge zin,PU290,PU290 : Geheel van de verwerkende industrie,Verwerkende industrie,0.99
2009,R014,14. Liquiditeit in enge zin,PU300,PU300 : Bouwnijverheid,Bouwnijverheid,0.99
2010,R014,14. Liquiditeit in enge zin,PU300,PU300 : Bouwnijverheid,Bouwnijverheid,1.0
2011,R014,14. Liquiditeit in enge zin,PU300,PU300 : Bouwnijverheid,Bouwnijverheid,1.02
2012,R014,14. Liquiditeit in enge zin,PU300,PU300 : Bouwnijverheid,Bouwnijverheid,0.98
2013,R014,14. Liquiditeit in enge zin,PU300,PU300 : Bouwnijverheid,Bouwnijverheid,0.98
2014,R014,14. Liquiditeit in enge zin,PU300,PU300 : Bouwnijverheid,Bouwnijverheid,0.99
2015,R014,14. Liquiditeit in enge zin,PU300,PU300 : Bouwnijverheid,Bouwnijverheid,1.02
2016,R014,14. Liquiditeit in enge zin,PU300,PU300 : Bouwnijverheid,Bouwnijverheid,1.02
2017,R014,14. Liquiditeit in enge zin,PU300,PU300 : Bouwnijverheid,Bouwnijverheid,1.01
2018,R014,14. Liquiditeit in enge zin,PU300,PU300 : Bouwnijverheid,Bouwnijverheid,0.99
2019,R014,14. Liquiditeit in enge zin,PU300,PU300 : Bouwnijverheid,Bouwnijverheid,1.06
2020,R014,14. Liquiditeit in enge zin,PU300,PU300 : Bouwnijverheid,Bouwnijverheid,1.02
2021,R014,14. Liquiditeit in enge zin,PU300,PU300 : Bouwnijverheid,Bouwnijverheid,1.0
2022,R014,14. Liquiditeit in enge zin,PU300,PU300 : Bouwnijverheid,Bouwnijverheid,1.02
2009,R014,14. Liquiditeit in enge zin,PU310,PU310 : Handel en reparatie van auto's en consumptieartikelen,Handel en reparatie,0.85
2010,R014,14. Liquiditeit in enge zin,PU310,PU310 : Handel en reparatie van auto's en consumptieartikelen,Handel en reparatie,0.89
2011,R014,14. Liquiditeit in enge zin,PU310,PU310 : Handel en reparatie van auto's en consumptieartikelen,Handel en reparatie,0.88
2012,R014,14. Liquiditeit in enge zin,PU310,PU310 : Handel en reparatie van auto's en consumptieartikelen,Handel en reparatie,0.96
2013,R014,14. Liquiditeit in enge zin,PU310,PU310 : Handel en reparatie van auto's en consumptieartikelen,Handel en reparatie,0.97
2014,R014,14. Liquiditeit in enge zin,PU310,PU310 : Handel en reparatie van auto's en consumptieartikelen,Handel en reparatie,0.96
2015,R014,14. Liquiditeit in enge zin,PU310,PU310 : Handel en reparatie van auto's en consumptieartikelen,Handel en reparatie,0.97
2016,R014,14. Liquiditeit in enge zin,PU310,PU310 : Handel en reparatie van auto's en consumptieartikelen,Handel en reparatie,0.89
2017,R014,14. Liquiditeit in enge zin,PU310,PU310 : Handel en reparatie van auto's en consumptieartikelen,Handel en reparatie,0.92
2018,R014,14. Liquiditeit in enge zin,PU310,PU310 : Handel en reparatie van auto's en consumptieartikelen,Handel en reparatie,0.89
2019,R014,14. Liquiditeit in enge zin,PU310,PU310 : Handel en reparatie van auto's en consumptieartikelen,Handel en reparatie,0.88
2020,R014,14. Liquiditeit in enge zin,PU310,PU310 : Handel en reparatie van auto's en consumptieartikelen,Handel en reparatie,0.91
2021,R014,14. Liquiditeit in enge zin,PU310,PU310 : Handel en reparatie van auto's en consumptieartikelen,Handel en reparatie,0.96
2022,R014,14. Liquiditeit in enge zin,PU310,PU310 : Handel en reparatie van auto's en consumptieartikelen,Handel en reparatie,0.97
2009,R014,14. Liquiditeit in enge zin,PU320,"PU320 : Verblijfsaccommodaties, restaurants en cafés",Horeca,0.8
2010,R014,14. Liquiditeit in enge zin,PU320,"PU320 : Verblijfsaccommodaties, restaurants en cafés",Horeca,0.9
2011,R014,14. Liquiditeit in enge zin,PU320,"PU320 : Verblijfsaccommodaties, restaurants en cafés",Horeca,0.85
2012,R014,14. Liquiditeit in enge zin,PU320,"PU320 : Verblijfsaccommodaties, restaurants en cafés",Horeca,0.77
2013,R014,14. Liquiditeit in enge zin,PU320,"PU320 : Verblijfsaccommodaties, restaurants en cafés",Horeca,0.78
2014,R014,14. Liquiditeit in enge zin,PU320,"PU320 : Verblijfsaccommodaties, restaurants en cafés",Horeca,0.78
2015,R014,14. Liquiditeit in enge zin,PU320,"PU320 : Verblijfsaccommodaties, restaurants en cafés",Horeca,0.78
2016,R014,14. Liquiditeit in enge zin,PU320,"PU320 : Verblijfsaccommodaties, restaurants en cafés",Horeca,0.84
2017,R014,14. Liquiditeit in enge zin,PU320,"PU320 : Verblijfsaccommodaties, restaurants en cafés",Horeca,0.82
2018,R014,14. Liquiditeit in enge zin,PU320,"PU320 : Verblijfsaccommodaties, restaurants en cafés",Horeca,0.89
2019,R014,14. Liquiditeit in enge zin,PU320,"PU320 : Verblijfsaccommodaties, restaurants en cafés",Horeca,0.96
2020,R014,14. Liquiditeit in enge zin,PU320,"PU320 : Verblijfsaccommodaties, restaurants en cafés",Horeca,0.93
2021,R014,14. Liquiditeit in enge zin,PU320,"PU320 : Verblijfsaccommodaties, restaurants en cafés",Horeca,1.02
2022,R014,14. Liquiditeit in enge zin,PU320,"PU320 : Verblijfsaccommodaties, restaurants en cafés",Horeca,0.92
2009,R014,14. Liquiditeit in enge zin,PU330,PU330 : Vervoer en telecommunicatie,Vervoer en telecom,0.98
2010,R014,14. Liquiditeit in enge zin,PU330,PU330 : Vervoer en telecommunicatie,Vervoer en telecom,1.06
2011,R014,14. Liquiditeit in enge zin,PU330,PU330 : Vervoer en telecommunicatie,Vervoer en telecom,1.15
2012,R014,14. Liquiditeit in enge zin,PU330,PU330 : Vervoer en telecommunicatie,Vervoer en telecom,1.06
2013,R014,14. Liquiditeit in enge zin,PU330,PU330 : Vervoer en telecommunicatie,Vervoer en telecom,0.94
2014,R014,14. Liquiditeit in enge zin,PU330,PU330 : Vervoer en telecommunicatie,Vervoer en telecom,1.01
2015,R014,14. Liquiditeit in enge zin,PU330,PU330 : Vervoer en telecommunicatie,Vervoer en telecom,0.89
2016,R014,14. Liquiditeit in enge zin,PU330,PU330 : Vervoer en telecommunicatie,Vervoer en telecom,1.01
2017,R014,14. Liquiditeit in enge zin,PU330,PU330 : Vervoer en telecommunicatie,Vervoer en telecom,1.06
2018,R014,14. Liquiditeit in enge zin,PU330,PU330 : Vervoer en telecommunicatie,Vervoer en telecom,1.09
2019,R014,14. Liquiditeit in enge zin,PU330,PU330 : Vervoer en telecommunicatie,Vervoer en telecom,1.05
2020,R014,14. Liquiditeit in enge zin,PU330,PU330 : Vervoer en telecommunicatie,Vervoer en telecom,1.12
2021,R014,14. Liquiditeit in enge zin,PU330,PU330 : Vervoer en telecommunicatie,Vervoer en telecom,1.11
2022,R014,14. Liquiditeit in enge zin,PU330,PU330 : Vervoer en telecommunicatie,Vervoer en telecom,1.1
2009,R014,14. Liquiditeit in enge zin,PU340,PU340 : Diensten aan ondernemingen en particulieren,Diensten,1.66
2010,R014,14. Liquiditeit in enge zin,PU340,PU340 : Diensten aan ondernemingen en particulieren,Diensten,1.4
2011,R014,14. Liquiditeit in enge zin,PU340,PU340 : Diensten aan ondernemingen en particulieren,Diensten,1.7
2012,R014,14. Liquiditeit in enge zin,PU340,PU340 : Diensten aan ondernemingen en particulieren,Diensten,1.56
2013,R014,14. Liquiditeit in enge zin,PU340,PU340 : Diensten aan ondernemingen en particulieren,Diensten,1.4
2014,R014,14. Liquiditeit in enge zin,PU340,PU340 : Diensten aan ondernemingen en particulieren,Diensten,1.5
2015,R014,14. Liquiditeit in enge zin,PU340,PU340 : Diensten aan ondernemingen en particulieren,Diensten,1.54
2016,R014,14. Liquiditeit in enge zin,PU340,PU340 : Diensten aan ondernemingen en particulieren,Diensten,1.37
2017,R014,14. Liquiditeit in enge zin,PU340,PU340 : Diensten aan ondernemingen en particulieren,Diensten,1.27
2018,R014,14. Liquiditeit in enge zin,PU340,PU340 : Diensten aan ondernemingen en particulieren,Diensten,1.17
2019,R014,14. Liquiditeit in enge zin,PU340,PU340 : Diensten aan ondernemingen en particulieren,Diensten,1.18
2020,R014,14. Liquiditeit in enge zin,PU340,PU340 : Diensten aan ondernemingen en particulieren,Diensten,1.22
2021,R014,14. Liquiditeit in enge zin,PU340,PU340 : Diensten aan ondernemingen en particulieren,Diensten,1.16
2022,R014,14. Liquiditeit in enge zin,PU340,PU340 : Diensten aan ondernemingen en particulieren,Diensten,1.15
2009,R014,14. Liquiditeit in enge zin,PU405,PU405 : Activiteiten van holdings,Holdings,1.15
2010,R014,14. Liquiditeit in enge zin,PU405,PU405 : Activiteiten van holdings,Holdings,1.29
2011,R014,14. Liquiditeit in enge zin,PU405,PU405 : Activiteiten van holdings,Holdings,1.28
2012,R014,14. Liquiditeit in enge zin,PU405,PU405 : Activiteiten van holdings,Holdings,1.43
2013,R014,14. Liquiditeit in enge zin,PU405,PU405 : Activiteiten van holdings,Holdings,1.44
2014,R014,14. Liquiditeit in enge zin,PU405,PU405 : Activiteiten van holdings,Holdings,1.25
2015,R014,14. Liquiditeit in enge zin,PU405,PU405 : Activiteiten van holdings,Holdings,1.22
2016,R014,14. Liquiditeit in enge zin,PU405,PU405 : Activiteiten van holdings,Holdings,1.13
2017,R014,14. Liquiditeit in enge zin,PU405,PU405 : Activiteiten van holdings,Holdings,1.4
2018,R014,14. Liquiditeit in enge zin,PU405,PU405 : Activiteiten van holdings,Holdings,1.28
2019,R014,14. Liquiditeit in enge zin,PU405,PU405 : Activiteiten van holdings,Holdings,1.44
2020,R014,14. Liquiditeit in enge zin,PU405,PU405 : Activiteiten van holdings,Holdings,1.25
2021,R014,14. Liquiditeit in enge zin,PU405,PU405 : Activiteiten van holdings,Holdings,1.16
2022,R014,14. Liquiditeit in enge zin,PU405,PU405 : Activiteiten van holdings,Holdings,1.15
2009,R014,14. Liquiditeit in enge zin,PU409,"PU409 : Kunst, amusement en recreatie",Kunst en recreatie,1.14
2010,R014,14. Liquiditeit in enge zin,PU409,"PU409 : Kunst, amusement en recreatie",Kunst en recreatie,1.14
2011,R014,14. Liquiditeit in enge zin,PU409,"PU409 : Kunst, amusement en recreatie",Kunst en recreatie,1.09
2012,R014,14. Liquiditeit in enge zin,PU409,"PU409 : Kunst, amusement en recreatie",Kunst en recreatie,1.13
2013,R014,14. Liquiditeit in enge zin,PU409,"PU409 : Kunst, amusement en recreatie",Kunst en recreatie,1.1
2014,R014,14. Liquiditeit in enge zin,PU409,"PU409 : Kunst, amusement en recreatie",Kunst en recreatie,1.14
2015,R014,14. Liquiditeit in enge zin,PU409,"PU409 : Kunst, amusement en recreatie",Kunst en recreatie,1.08
2016,R014,14. Liquiditeit in enge zin,PU409,"PU409 : Kunst, amusement en recreatie",Kunst en recreatie,1.04
2017,R014,14. Liquiditeit in enge zin,PU409,"PU409 : Kunst, amusement en recreatie",Kunst en recreatie,1.11
2018,R014,14. Liquiditeit in enge zin,PU409,"PU409 : Kunst, amusement en recreatie",Kunst en recreatie,1.09
2009,R014,14. Liquiditeit in enge zin,PU410,PU410 : Gezondheidszorg en maatschappelijke dienstverlening,Gezondheidszorg,1.7
2010,R014,14. Liquiditeit in enge zin,PU410,PU410 : Gezondheidszorg en maatschappelijke dienstverlening,Gezondheidszorg,1.53
2011,R014,14. Liquiditeit in enge zin,PU410,PU410 : Gezondheidszorg en maatschappelijke dienstverlening,Gezondheidszorg,1.46
2012,R014,14. Liquiditeit in enge zin,PU410,PU410 : Gezondheidszorg en maatschappelijke dienstverlening,Gezondheidszorg,1.63
2013,R014,14. Liquiditeit in enge zin,PU410,PU410 : Gezondheidszorg en maatschappelijke dienstverlening,Gezondheidszorg,1.53
2014,R014,14. Liquiditeit in enge zin,PU410,PU410 : Gezondheidszorg en maatschappelijke dienstverlening,Gezondheidszorg,1.61
2015,R014,14. Liquiditeit in enge zin,PU410,PU410 : Gezondheidszorg en maatschappelijke dienstverlening,Gezondheidszorg,1.79
2016,R014,14. Liquiditeit in enge zin,PU410,PU410 : Gezondheidszorg en maatschappelijke dienstverlening,Gezondheidszorg,1.86
2017,R014,14. Liquiditeit in enge zin,PU410,PU410 : Gezondheidszorg en maatschappelijke dienstverlening,Gezondheidszorg,1.88
2018,R014,14. Liquiditeit in enge zin,PU410,PU410 : Gezondheidszorg en maatschappelijke dienstverlening,Gezondheidszorg,1.91
2019,R014,14. Liquiditeit in enge zin,PU410,PU410 : Gezondheidszorg en maatschappelijke dienstverlening,Gezondheidszorg,1.96
2020,R014,14. Liquiditeit in enge zin,PU410,PU410 : Gezondheidszorg en maatschappelijke dienstverlening,Gezondheidszorg,2.08
2021,R014,14. Liquiditeit in enge zin,PU410,PU410 : Gezondheidszorg en maatschappelijke dienstverlening,Gezondheidszorg,1.96
2022,R014,14. Liquiditeit in enge zin,PU410,PU410 : Gezondheidszorg en maatschappelijke dienstverlening,Gezondheidszorg,1.88
2009,R019,17. Aantal dagen klantenkrediet,PU210,"PU210 : Landbouw, jacht, bosbouw en visserij",Landbouw,68.62
2010,R019,17. Aantal dagen klantenkrediet,PU210,"PU210 : Landbouw, jacht, bosbouw en visserij",Landbouw,71.39
2011,R019,17. Aantal dagen klantenkrediet,PU210,"PU210 : Landbouw, jacht, bosbouw en visserij",Landbouw,71.07
2012,R019,17. Aantal dagen klantenkrediet,PU210,"PU210 : Landbouw, jacht, bosbouw en visserij",Landbouw,66.47
2013,R019,17. Aantal dagen klantenkrediet,PU210,"PU210 : Landbouw, jacht, bosbouw en visserij",Landbouw,73.84
2014,R019,17. Aantal dagen klantenkrediet,PU210,"PU210 : Landbouw, jacht, bosbouw en visserij",Landbouw,75.12
2015,R019,17. Aantal dagen klantenkrediet,PU210,"PU210 : Landbouw, jacht, bosbouw en visserij",Landbouw,53.58
2016,R019,17. Aantal dagen klantenkrediet,PU210,"PU210 : Landbouw, jacht, bosbouw en visserij",Landbouw,56.17
2017,R019,17. Aantal dagen klantenkrediet,PU210,"PU210 : Landbouw, jacht, bosbouw en visserij",Landbouw,70.85
2018,R019,17. Aantal dagen klantenkrediet,PU210,"PU210 : Landbouw, jacht, bosbouw en visserij",Landbouw,71.61
2019,R019,17. Aantal dagen klantenkrediet,PU210,"PU210 : Landbouw, jacht, bosbouw en visserij",Landbouw,68.62
2020,R019,17. Aantal dagen klantenkrediet,PU210,"PU210 : Landbouw, jacht, bosbouw en visserij",Landbouw,60.68
2021,R019,17. Aantal dagen klantenkrediet,PU210,"PU210 : Landbouw, jacht, bosbouw en visserij",Landbouw,59.04
2022,R019,17. Aantal dagen klantenkrediet,PU210,"PU210 : Landbouw, jacht, bosbouw en visserij",Landbouw,56.54
2009,R019,17. Aantal dagen klantenkrediet,PU220,PU220 : Energie- en waterhuishouding,Energie en water,51.98
2010,R019,17. Aantal dagen klantenkrediet,PU220,PU220 : Energie- en waterhuishouding,Energie en water,40.04
2011,R019,17. Aantal dagen klantenkrediet,PU220,PU220 : Energie- en waterhuishouding,Energie en water,50.04
2012,R019,17. Aantal dagen klantenkrediet,PU220,PU220 : Energie- en waterhuishouding,Energie en water,49.28
2013,R019,17. Aantal dagen klantenkrediet,PU220,PU220 : Energie- en waterhuishouding,Energie en water,40.52
2014,R019,17. Aantal dagen klantenkrediet,PU220,PU220 : Energie- en waterhuishouding,Energie en water,36.57
2015,R019,17. Aantal dagen klantenkrediet,PU220,PU220 : Energie- en waterhuishouding,Energie en water,42.49
2016,R019,17. Aantal dagen klantenkrediet,PU220,PU220 : Energie- en waterhuishouding,Energie en water,47.82
2017,R019,17. Aantal dagen klantenkrediet,PU220,PU220 : Energie- en waterhuishouding,Energie en water,47.05
2018,R019,17. Aantal dagen klantenkrediet,PU220,PU220 : Energie- en waterhuishouding,Energie en water,46.5
2019,R019,17. Aantal dagen klantenkrediet,PU220,PU220 : Energie- en waterhuishouding,Energie en water,57.6
2020,R019,17. Aantal dagen klantenkrediet,PU220,PU220 : Energie- en waterhuishouding,Energie en water,53.62
2021,R019,17. Aantal dagen klantenkrediet,PU220,PU220 : Energie- en waterhuishouding,Energie en water,0.0
2022,R019,17. Aantal dagen klantenkrediet,PU220,PU220 : Energie- en waterhuishouding,Energie en water,0.0
2009,R019,17. Aantal dagen klantenkrediet,PU290,PU290 : Geheel van de verwerkende industrie,Verwerkende industrie,57.74
2010,R019,17. Aantal dagen klantenkrediet,PU290,PU290 : Geheel van de verwerkende industrie,Verwerkende industrie,55.15
2011,R019,17. Aantal dagen klantenkrediet,PU290,PU290 : Geheel van de verwerkende industrie,Verwerkende industrie,49.93
2012,R019,17. Aantal dagen klantenkrediet,PU290,PU290 : Geheel van de verwerkende industrie,Verwerkende industrie,49.97
2013,R019,17. Aantal dagen klantenkrediet,PU290,PU290 : Geheel van de verwerkende industrie,Verwerkende industrie,51.57
2014,R019,17. Aantal dagen klantenkrediet,PU290,PU290 : Geheel van de verwerkende industrie,Verwerkende industrie,50.3
2015,R019,17. Aantal dagen klantenkrediet,PU290,PU290 : Geheel van de verwerkende industrie,Verwerkende industrie,52.34
2016,R019,17. Aantal dagen klantenkrediet,PU290,PU290 : Geheel van de verwerkende industrie,Verwerkende industrie,55.37
2017,R019,17. Aantal dagen klantenkrediet,PU290,PU290 : Geheel van de verwerkende industrie,Verwerkende industrie,56.68
2018,R019,17. Aantal dagen klantenkrediet,PU290,PU290 : Geheel van de verwerkende industrie,Verwerkende industrie,56.72
2019,R019,17. Aantal dagen klantenkrediet,PU290,PU290 : Geheel van de verwerkende industrie,Verwerkende industrie,54.64
2020,R019,17. Aantal dagen klantenkrediet,PU290,PU290 : Geheel van de verwerkende industrie,Verwerkende industrie,57.53
2021,R019,17. Aantal dagen klantenkrediet,PU290,PU290 : Geheel van de verwerkende industrie,Verwerkende industrie,59.41
2022,R019,17. Aantal dagen klantenkrediet,PU290,PU290 : Geheel van de verwerkende industrie,Verwerkende industrie,55.27
2009,R019,17. Aantal dagen klantenkrediet,PU300,PU300 : Bouwnijverheid,Bouwnijverheid,87.93
2010,R019,17. Aantal dagen klantenkrediet,PU300,PU300 : Bouwnijverheid,Bouwnijverheid,89.75
2011,R019,17. Aantal dagen klantenkrediet,PU300,PU300 : Bouwnijverheid,Bouwnijverheid,96.1
2012,R019,17. Aantal dagen klantenkrediet,PU300,PU300 : Bouwnijverheid,Bouwnijverheid,89.61
2013,R019,17. Aantal dagen klantenkrediet,PU300,PU300 : Bouwnijverheid,Bouwnijverheid,91.58
2014,R019,17. Aantal dagen klantenkrediet,PU300,PU300 : Bouwnijverheid,Bouwnijverheid,95.48
2015,R019,17. Aantal dagen klantenkrediet,PU300,PU300 : Bouwnijverheid,Bouwnijverheid,94.94
2016,R019,17. Aantal dagen klantenkrediet,PU300,PU300 : Bouwnijverheid,Bouwnijverheid,96.62
2017,R019,17. Aantal dagen klantenkrediet,PU300,PU300 : Bouwnijverheid,Bouwnijverheid,94.64
2018,R019,17. Aantal dagen klantenkrediet,PU300,PU300 : Bouwnijverheid,Bouwnijverheid,101.43
2019,R019,17. Aantal dagen klantenkrediet,PU300,PU300 : Bouwnijverheid,Bouwnijverheid,95.02
2020,R019,17. Aantal dagen klantenkrediet,PU300,PU300 : Bouwnijverheid,Bouwnijverheid,94.01
2021,R019,17. Aantal dagen klantenkrediet,PU300,PU300 : Bouwnijverheid,Bouwnijverheid,94.43
2022,R019,17. Aantal dagen klantenkrediet,PU300,PU300 : Bouwnijverheid,Bouwnijverheid,92.72
2009,R019,17. Aantal dagen klantenkrediet,PU310,PU310 : Handel en reparatie van auto's en consumptieartikelen,Handel en reparatie,45.19
2010,R019,17. Aantal dagen klantenkrediet,PU310,PU310 : Handel en reparatie van auto's en consumptieartikelen,Handel en reparatie,46.43
2011,R019,17. Aantal dagen klantenkrediet,PU310,PU310 : Handel en reparatie van auto's en consumptieartikelen,Handel en reparatie,44.57
2012,R019,17. Aantal dagen klantenkrediet,PU310,PU310 : Handel en reparatie van auto's en consumptieartikelen,Handel en reparatie,44.42
2013,R019,17. Aantal dagen klantenkrediet,PU310,PU310 : Handel en reparatie van auto's en consumptieartikelen,Handel en reparatie,43.8
2014,R019,17. Aantal dagen klantenkrediet,PU310,PU310 : Handel en reparatie van auto's en consumptieartikelen,Handel en reparatie,42.38
2015,R019,17. Aantal dagen klantenkrediet,PU310,PU310 : Handel en reparatie van auto's en consumptieartikelen,Handel en reparatie,43.03
2016,R019,17. Aantal dagen klantenkrediet,PU310,PU310 : Handel en reparatie van auto's en consumptieartikelen,Handel en reparatie,47.71
2017,R019,17. Aantal dagen klantenkrediet,PU310,PU310 : Handel en reparatie van auto's en consumptieartikelen,Handel en reparatie,48.22
2018,R019,17. Aantal dagen klantenkrediet,PU310,PU310 : Handel en reparatie van auto's en consumptieartikelen,Handel en reparatie,46.87
2019,R019,17. Aantal dagen klantenkrediet,PU310,PU310 : Handel en reparatie van auto's en consumptieartikelen,Handel en reparatie,50.61
2020,R019,17. Aantal dagen klantenkrediet,PU310,PU310 : Handel en reparatie van auto's en consumptieartikelen,Handel en reparatie,49.46
2021,R019,17. Aantal dagen klantenkrediet,PU310,PU310 : Handel en reparatie van auto's en consumptieartikelen,Handel en reparatie,51.21
2022,R019,17. Aantal dagen klantenkrediet,PU310,PU310 : Handel en reparatie van auto's en consumptieartikelen,Handel en reparatie,47.68
2009,R019,17. Aantal dagen klantenkrediet,PU320,"PU320 : Verblijfsaccommodaties, restaurants en cafés",Horeca,39.49
2010,R019,17. Aantal dagen klantenkrediet,PU320,"PU320 : Verblijfsaccommodaties, restaurants en cafés",Horeca,32.63
2011,R019,17. Aantal dagen klantenkrediet,PU320,"PU320 : Verblijfsaccommodaties, restaurants en cafés",Horeca,31.21
2012,R019,17. Aantal dagen klantenkrediet,PU320,"PU320 : Verblijfsaccommodaties, restaurants en cafés",Horeca,30.33
2013,R019,17. Aantal dagen klantenkrediet,PU320,"PU320 : Verblijfsaccommodaties, restaurants en cafés",Horeca,33.18
2014,R019,17. Aantal dagen klantenkrediet,PU320,"PU320 : Verblijfsaccommodaties, restaurants en cafés",Horeca,31.79
2015,R019,17. Aantal dagen klantenkrediet,PU320,"PU320 : Verblijfsaccommodaties, restaurants en cafés",Horeca,32.81
2016,R019,17. Aantal dagen klantenkrediet,PU320,"PU320 : Verblijfsaccommodaties, restaurants en cafés",Horeca,35.66
2017,R019,17. Aantal dagen klantenkrediet,PU320,"PU320 : Verblijfsaccommodaties, restaurants en cafés",Horeca,36.24
2018,R019,17. Aantal dagen klantenkrediet,PU320,"PU320 : Verblijfsaccommodaties, restaurants en cafés",Horeca,36.14
2019,R019,17. Aantal dagen klantenkrediet,PU320,"PU320 : Verblijfsaccommodaties, restaurants en cafés",Horeca,39.1
2020,R019,17. Aantal dagen klantenkrediet,PU320,"PU320 : Verblijfsaccommodaties, restaurants en cafés",Horeca,45.28
2021,R019,17. Aantal dagen klantenkrediet,PU320,"PU320 : Verblijfsaccommodaties, restaurants en cafés",Horeca,53.42
2022,R019,17. Aantal dagen klantenkrediet,PU320,"PU320 : Verblijfsaccommodaties, restaurants en cafés",Horeca,52.45
2009,R019,17. Aantal dagen klantenkrediet,PU330,PU330 : Vervoer en telecommunicatie,Vervoer en telecom,57.96
2010,R019,17. Aantal dagen klantenkrediet,PU330,PU330 : Vervoer en telecommunicatie,Vervoer en telecom,60.81
2011,R019,17. Aantal dagen klantenkrediet,PU330,PU330 : Vervoer en telecommunicatie,Vervoer en telecom,60.66
2012,R019,17. Aantal dagen klantenkrediet,PU330,PU330 : Vervoer en telecommunicatie,Vervoer en telecom,59.6
2013,R019,17. Aantal dagen klantenkrediet,PU330,PU330 : Vervoer en telecommunicatie,Vervoer en telecom,56.39
2014,R019,17. Aantal dagen klantenkrediet,PU330,PU330 : Vervoer en telecommunicatie,Vervoer en telecom,62.49
2015,R019,17. Aantal dagen klantenkrediet,PU330,PU330 : Vervoer en telecommunicatie,Vervoer en telecom,57.89
2016,R019,17. Aantal dagen klantenkrediet,PU330,PU330 : Vervoer en telecommunicatie,Vervoer en telecom,62.23
2017,R019,17. Aantal dagen klantenkrediet,PU330,PU330 : Vervoer en telecommunicatie,Vervoer en telecom,61.72
2018,R019,17. Aantal dagen klantenkrediet,PU330,PU330 : Vervoer en telecommunicatie,Vervoer en telecom,68.22
2019,R019,17. Aantal dagen klantenkrediet,PU330,PU330 : Vervoer en telecommunicatie,Vervoer en telecom,65.96
2020,R019,17. Aantal dagen klantenkrediet,PU330,PU330 : Vervoer en telecommunicatie,Vervoer en telecom,68.5
2021,R019,17. Aantal dagen klantenkrediet,PU330,PU330 : Vervoer en telecommunicatie,Vervoer en telecom,75.48
2022,R019,17. Aantal dagen klantenkrediet,PU330,PU330 : Vervoer en telecommunicatie,Vervoer en telecom,66.5
2009,R019,17. Aantal dagen klantenkrediet,PU340,PU340 : Diensten aan ondernemingen en particulieren,Diensten,108.15
2010,R019,17. Aantal dagen klantenkrediet,PU340,PU340 : Diensten aan ondernemingen en particulieren,Diensten,109.72
2011,R019,17. Aantal dagen klantenkrediet,PU340,PU340 : Diensten aan ondernemingen en particulieren,Diensten,112.57
2012,R019,17. Aantal dagen klantenkrediet,PU340,PU340 : Diensten aan ondernemingen en particulieren,Diensten,103.0
2013,R019,17. Aantal dagen klantenkrediet,PU340,PU340 : Diensten aan ondernemingen en particulieren,Diensten,103.26
2014,R019,17. Aantal dagen klantenkrediet,PU340,PU340 : Diensten aan ondernemingen en particulieren,Diensten,101.4
2015,R019,17. Aantal dagen klantenkrediet,PU340,PU340 : Diensten aan ondernemingen en particulieren,Diensten,98.48
2016,R019,17. Aantal dagen klantenkrediet,PU340,PU340 : Diensten aan ondernemingen en particulieren,Diensten,98.55
2017,R019,17. Aantal dagen klantenkrediet,PU340,PU340 : Diensten aan ondernemingen en particulieren,Diensten,88.22
2018,R019,17. Aantal dagen klantenkrediet,PU340,PU340 : Diensten aan ondernemingen en particulieren,Diensten,90.67
2019,R019,17. Aantal dagen klantenkrediet,PU340,PU340 : Diensten aan ondernemingen en particulieren,Diensten,77.77
2020,R019,17. Aantal dagen klantenkrediet,PU340,PU340 : Diensten aan ondernemingen en particulieren,Diensten,81.75
2021,R019,17. Aantal dagen klantenkrediet,PU340,PU340 : Diensten aan ondernemingen en particulieren,Diensten,82.15
2022,R019,17. Aantal dagen klantenkrediet,PU340,PU340 : Diensten aan ondernemingen en particulieren,Diensten,77.91
2009,R019,17. Aantal dagen klantenkrediet,PU405,PU405 : Activiteiten van holdings,Holdings,77.31
2010,R019,17. Aantal dagen klantenkrediet,PU405,PU405 : Activiteiten van holdings,Holdings,98.29
2011,R019,17. Aantal dagen klantenkrediet,PU405,PU405 : Activiteiten van holdings,Holdings,48.98
2012,R019,17. Aantal dagen klantenkrediet,PU405,PU405 : Activiteiten van holdings,Holdings,52.34
2013,R019,17. Aantal dagen klantenkrediet,PU405,PU405 : Activiteiten van holdings,Holdings,51.21
2014,R019,17. Aantal dagen klantenkrediet,PU405,PU405 : Activiteiten van holdings,Holdings,35.41
2015,R019,17. Aantal dagen klantenkrediet,PU405,PU405 : Activiteiten van holdings,Holdings,59.06
2016,R019,17. Aantal dagen klantenkrediet,PU405,PU405 : Activiteiten van holdings,Holdings,53.76
2017,R019,17. Aantal dagen klantenkrediet,PU405,PU405 : Activiteiten van holdings,Holdings,55.66
2018,R019,17. Aantal dagen klantenkrediet,PU405,PU405 : Activiteiten van holdings,Holdings,29.53
2019,R019,17. Aantal dagen klantenkrediet,PU405,PU405 : Activiteiten van holdings,Holdings,32.59
2020,R019,17. Aantal dagen klantenkrediet,PU405,PU405 : Activiteiten van holdings,Holdings,50.26
2021,R019,17. Aantal dagen klantenkrediet,PU405,PU405 : Activiteiten van holdings,Holdings,63.97
2022,R019,17. Aantal dagen klantenkrediet,PU405,PU405 : Activiteiten van holdings,Holdings,53.74
2009,R019,17. Aantal dagen klantenkrediet,PU409,"PU409 : Kunst, amusement en recreatie",Kunst en recreatie,27.16
2010,R019,17. Aantal dagen klantenkrediet,PU409,"PU409 : Kunst, amusement en recreatie",Kunst en recreatie,31.46
2011,R019,17. Aantal dagen klantenkrediet,PU409,"PU409 : Kunst, amusement en recreatie",Kunst en recreatie,30.84
2012,R019,17. Aantal dagen klantenkrediet,PU409,"PU409 : Kunst, amusement en recreatie",Kunst en recreatie,31.83
2013,R019,17. Aantal dagen klantenkrediet,PU409,"PU409 : Kunst, amusement en recreatie",Kunst en recreatie,29.24
2014,R019,17. Aantal dagen klantenkrediet,PU409,"PU409 : Kunst, amusement en recreatie",Kunst en recreatie,27.41
2015,R019,17. Aantal dagen klantenkrediet,PU409,"PU409 : Kunst, amusement en recreatie",Kunst en recreatie,20.11
2016,R019,17. Aantal dagen klantenkrediet,PU409,"PU409 : Kunst, amusement en recreatie",Kunst en recreatie,20.77
2017,R019,17. Aantal dagen klantenkrediet,PU409,"PU409 : Kunst, amusement en recreatie",Kunst en recreatie,26.39
2018,R019,17. Aantal dagen klantenkrediet,PU409,"PU409 : Kunst, amusement en recreatie",Kunst en recreatie,28.14
2009,R019,17. Aantal dagen klantenkrediet,PU410,PU410 : Gezondheidszorg en maatschappelijke dienstverlening,Gezondheidszorg,62.38
2010,R019,17. Aantal dagen klantenkrediet,PU410,PU410 : Gezondheidszorg en maatschappelijke dienstverlening,Gezondheidszorg,60.52
2011,R019,17. Aantal dagen klantenkrediet,PU410,PU410 : Gezondheidszorg en maatschappelijke dienstverlening,Gezondheidszorg,64.71
2012,R019,17. Aantal dagen klantenkrediet,PU410,PU410 : Gezondheidszorg en maatschappelijke dienstverlening,Gezondheidszorg,63.15
2013,R019,17. Aantal dagen klantenkrediet,PU410,PU410 : Gezondheidszorg en maatschappelijke dienstverlening,Gezondheidszorg,68.11
2014,R019,17. Aantal dagen klantenkrediet,PU410,PU410 : Gezondheidszorg en maatschappelijke dienstverlening,Gezondheidszorg,68.51
2015,R019,17. Aantal dagen klantenkrediet,PU410,PU410 : Gezondheidszorg en maatschappelijke dienstverlening,Gezondheidszorg,70.52
2016,R019,17. Aantal dagen klantenkrediet,PU410,PU410 : Gezondheidszorg en maatschappelijke dienstverlening,Gezondheidszorg,73.18
2017,R019,17. Aantal dagen klantenkrediet,PU410,PU410 : Gezondheidszorg en maatschappelijke dienstverlening,Gezondheidszorg,69.93
2018,R019,17. Aantal dagen klantenkrediet,PU410,PU410 : Gezondheidszorg en maatschappelijke dienstverlening,Gezondheidszorg,74.53
2019,R019,17. Aantal dagen klantenkrediet,PU410,PU410 : Gezondheidszorg en maatschappelijke dienstverlening,Gezondheidszorg,71.82
2020,R019,17. Aantal dagen klantenkrediet,PU410,PU410 : Gezondheidszorg en maatschappelijke dienstverlening,Gezondheidszorg,73.41
2021,R019,17. Aantal dagen klantenkrediet,PU410,PU410 : Gezondheidszorg en maatschappelijke dienstverlening,Gezondheidszorg,75.5
2022,R019,17. Aantal dagen klantenkrediet,PU410,PU410 : Gezondheidszorg en maatschappelijke dienstverlening,Gezondheidszorg,77.35
2009,R020,18. Aantal dagen leverancierskrediet,PU210,"PU210 : Landbouw, jacht, bosbouw en visserij",Landbouw,62.67
2010,R020,18. Aantal dagen leverancierskrediet,PU210,"PU210 : Landbouw, jacht, bosbouw en visserij",Landbouw,64.61
2011,R020,18. Aantal dagen leverancierskrediet,PU210,"PU210 : Landbouw, jacht, bosbouw en visserij",Landbouw,64.79
2012,R020,18. Aantal dagen leverancierskrediet,PU210,"PU210 : Landbouw, jacht, bosbouw en visserij",Landbouw,62.56
2013,R020,18. Aantal dagen leverancierskrediet,PU210,"PU210 : Landbouw, jacht, bosbouw en visserij",Landbouw,61.47
2014,R020,18. Aantal dagen leverancierskrediet,PU210,"PU210 : Landbouw, jacht, bosbouw en visserij",Landbouw,67.09
2015,R020,18. Aantal dagen leverancierskrediet,PU210,"PU210 : Landbouw, jacht, bosbouw en visserij",Landbouw,60.55
2016,R020,18. Aantal dagen leverancierskrediet,PU210,"PU210 : Landbouw, jacht, bosbouw en visserij",Landbouw,66.76
2017,R020,18. Aantal dagen leverancierskrediet,PU210,"PU210 : Landbouw, jacht, bosbouw en visserij",Landbouw,66.1
2018,R020,18. Aantal dagen leverancierskrediet,PU210,"PU210 : Landbouw, jacht, bosbouw en visserij",Landbouw,66.39
2019,R020,18. Aantal dagen leverancierskrediet,PU210,"PU210 : Landbouw, jacht, bosbouw en visserij",Landbouw,67.36
2020,R020,18. Aantal dagen leverancierskrediet,PU210,"PU210 : Landbouw, jacht, bosbouw en visserij",Landbouw,65.49
2021,R020,18. Aantal dagen leverancierskrediet,PU210,"PU210 : Landbouw, jacht, bosbouw en visserij",Landbouw,64.68
2022,R020,18. Aantal dagen leverancierskrediet,PU210,"PU210 : Landbouw, jacht, bosbouw en visserij",Landbouw,64.53
2009,R020,18. Aantal dagen leverancierskrediet,PU220,PU220 : Energie- en waterhuishouding,Energie en water,57.67
2010,R020,18. Aantal dagen leverancierskrediet,PU220,PU220 : Energie- en waterhuishouding,Energie en water,47.56
2011,R020,18. Aantal dagen leverancierskrediet,PU220,PU220 : Energie- en waterhuishouding,Energie en water,59.6
2012,R020,18. Aantal dagen leverancierskrediet,PU220,PU220 : Energie- en waterhuishouding,Energie en water,51.1
2013,R020,18. Aantal dagen leverancierskrediet,PU220,PU220 : Energie- en waterhuishouding,Energie en water,41.9
2014,R020,18. Aantal dagen leverancierskrediet,PU220,PU220 : Energie- en waterhuishouding,Energie en water,40.99
2015,R020,18. Aantal dagen leverancierskrediet,PU220,PU220 : Energie- en waterhuishouding,Energie en water,45.81
2016,R020,18. Aantal dagen leverancierskrediet,PU220,PU220 : Energie- en waterhuishouding,Energie en water,56.98
2017,R020,18. Aantal dagen leverancierskrediet,PU220,PU220 : Energie- en waterhuishouding,Energie en water,52.01
2018,R020,18. Aantal dagen leverancierskrediet,PU220,PU220 : Energie- en waterhuishouding,Energie en water,49.42
2019,R020,18. Aantal dagen leverancierskrediet,PU220,PU220 : Energie- en waterhuishouding,Energie en water,69.7
2020,R020,18. Aantal dagen leverancierskrediet,PU220,PU220 : Energie- en waterhuishouding,Energie en water,63.18
2021,R020,18. Aantal dagen leverancierskrediet,PU220,PU220 : Energie- en waterhuishouding,Energie en water,0.0
2022,R020,18. Aantal dagen leverancierskrediet,PU220,PU220 : Energie- en waterhuishouding,Energie en water,81.96
2009,R020,18. Aantal dagen leverancierskrediet,PU290,PU290 : Geheel van de verwerkende industrie,Verwerkende industrie,62.49
2010,R020,18. Aantal dagen leverancierskrediet,PU290,PU290 : Geheel van de verwerkende industrie,Verwerkende industrie,60.12
2011,R020,18. Aantal dagen leverancierskrediet,PU290,PU290 : Geheel van de verwerkende industrie,Verwerkende industrie,54.13
2012,R020,18. Aantal dagen leverancierskrediet,PU290,PU290 : Geheel van de verwerkende industrie,Verwerkende industrie,54.42
2013,R020,18. Aantal dagen leverancierskrediet,PU290,PU290 : Geheel van de verwerkende industrie,Verwerkende industrie,55.77
2014,R020,18. Aantal dagen leverancierskrediet,PU290,PU290 : Geheel van de verwerkende industrie,Verwerkende industrie,55.77
2015,R020,18. Aantal dagen leverancierskrediet,PU290,PU290 : Geheel van de verwerkende industrie,Verwerkende industrie,59.9
2016,R020,18. Aantal dagen leverancierskrediet,PU290,PU290 : Geheel van de verwerkende industrie,Verwerkende industrie,64.09
2017,R020,18. Aantal dagen leverancierskrediet,PU290,PU290 : Geheel van de verwerkende industrie,Verwerkende industrie,62.16
2018,R020,18. Aantal dagen leverancierskrediet,PU290,PU290 : Geheel van de verwerkende industrie,Verwerkende industrie,60.33
2019,R020,18. Aantal dagen leverancierskrediet,PU290,PU290 : Geheel van de verwerkende industrie,Verwerkende industrie,58.64
2020,R020,18. Aantal dagen leverancierskrediet,PU290,PU290 : Geheel van de verwerkende industrie,Verwerkende industrie,64.8
2021,R020,18. Aantal dagen leverancierskrediet,PU290,PU290 : Geheel van de verwerkende industrie,Verwerkende industrie,70.16
2022,R020,18. Aantal dagen leverancierskrediet,PU290,PU290 : Geheel van de verwerkende industrie,Verwerkende industrie,60.94
2009,R020,18. Aantal dagen leverancierskrediet,PU300,PU300 : Bouwnijverheid,Bouwnijverheid,95.92
2010,R020,18. Aantal dagen leverancierskrediet,PU300,PU300 : Bouwnijverheid,Bouwnijverheid,97.35
2011,R020,18. Aantal dagen leverancierskrediet,PU300,PU300 : Bouwnijverheid,Bouwnijverheid,103.59
2012,R020,18. Aantal dagen leverancierskrediet,PU300,PU300 : Bouwnijverheid,Bouwnijverheid,98.08
2013,R020,18. Aantal dagen leverancierskrediet,PU300,PU300 : Bouwnijverheid,Bouwnijverheid,98.62
2014,R020,18. Aantal dagen leverancierskrediet,PU300,PU300 : Bouwnijverheid,Bouwnijverheid,104.54
2015,R020,18. Aantal dagen leverancierskrediet,PU300,PU300 : Bouwnijverheid,Bouwnijverheid,100.78
2016,R020,18. Aantal dagen leverancierskrediet,PU300,PU300 : Bouwnijverheid,Bouwnijverheid,104.97
2017,R020,18. Aantal dagen leverancierskrediet,PU300,PU300 : Bouwnijverheid,Bouwnijverheid,101.07
2018,R020,18. Aantal dagen leverancierskrediet,PU300,PU300 : Bouwnijverheid,Bouwnijverheid,103.84
2019,R020,18. Aantal dagen leverancierskrediet,PU300,PU300 : Bouwnijverheid,Bouwnijverheid,96.77
2020,R020,18. Aantal dagen leverancierskrediet,PU300,PU300 : Bouwnijverheid,Bouwnijverheid,99.94
2021,R020,18. Aantal dagen leverancierskrediet,PU300,PU300 : Bouwnijverheid,Bouwnijverheid,102.57
2022,R020,18. Aantal dagen leverancierskrediet,PU300,PU300 : Bouwnijverheid,Bouwnijverheid,94.88
2009,R020,18. Aantal dagen leverancierskrediet,PU310,PU310 : Handel en reparatie van auto's en consumptieartikelen,Handel en reparatie,50.66
2010,R020,18. Aantal dagen leverancierskrediet,PU310,PU310 : Handel en reparatie van auto's en consumptieartikelen,Handel en reparatie,50.95
2011,R020,18. Aantal dagen leverancierskrediet,PU310,PU310 : Handel en reparatie van auto's en consumptieartikelen,Handel en reparatie,47.78
2012,R020,18. Aantal dagen leverancierskrediet,PU310,PU310 : Handel en reparatie van auto's en consumptieartikelen,Handel en reparatie,47.27
2013,R020,18. Aantal dagen leverancierskrediet,PU310,PU310 : Handel en reparatie van auto's en consumptieartikelen,Handel en reparatie,46.28
2014,R020,18. Aantal dagen leverancierskrediet,PU310,PU310 : Handel en reparatie van auto's en consumptieartikelen,Handel en reparatie,48.36
2015,R020,18. Aantal dagen leverancierskrediet,PU310,PU310 : Handel en reparatie van auto's en consumptieartikelen,Handel en reparatie,50.26
2016,R020,18. Aantal dagen leverancierskrediet,PU310,PU310 : Handel en reparatie van auto's en consumptieartikelen,Handel en reparatie,64.86
2017,R020,18. Aantal dagen leverancierskrediet,PU310,PU310 : Handel en reparatie van auto's en consumptieartikelen,Handel en reparatie,58.51
2018,R020,18. Aantal dagen leverancierskrediet,PU310,PU310 : Handel en reparatie van auto's en consumptieartikelen,Handel en reparatie,63.33
2019,R020,18. Aantal dagen leverancierskrediet,PU310,PU310 : Handel en reparatie van auto's en consumptieartikelen,Handel en reparatie,72.03
2020,R020,18. Aantal dagen leverancierskrediet,PU310,PU310 : Handel en reparatie van auto's en consumptieartikelen,Handel en reparatie,76.87
2021,R020,18. Aantal dagen leverancierskrediet,PU310,PU310 : Handel en reparatie van auto's en consumptieartikelen,Handel en reparatie,81.24
2022,R020,18. Aantal dagen leverancierskrediet,PU310,PU310 : Handel en reparatie van auto's en consumptieartikelen,Handel en reparatie,85.17
2009,R020,18. Aantal dagen leverancierskrediet,PU320,"PU320 : Verblijfsaccommodaties, restaurants en cafés",Horeca,68.8
2010,R020,18. Aantal dagen leverancierskrediet,PU320,"PU320 : Verblijfsaccommodaties, restaurants en cafés",Horeca,74.02
2011,R020,18. Aantal dagen leverancierskrediet,PU320,"PU320 : Verblijfsaccommodaties, restaurants en cafés",Horeca,70.41
2012,R020,18. Aantal dagen leverancierskrediet,PU320,"PU320 : Verblijfsaccommodaties, restaurants en cafés",Horeca,71.21
2013,R020,18. Aantal dagen leverancierskrediet,PU320,"PU320 : Verblijfsaccommodaties, restaurants en cafés",Horeca,69.5
2014,R020,18. Aantal dagen leverancierskrediet,PU320,"PU320 : Verblijfsaccommodaties, restaurants en cafés",Horeca,67.16
2015,R020,18. Aantal dagen leverancierskrediet,PU320,"PU320 : Verblijfsaccommodaties, restaurants en cafés",Horeca,69.02
2016,R020,18. Aantal dagen leverancierskrediet,PU320,"PU320 : Verblijfsaccommodaties, restaurants en cafés",Horeca,72.71
2017,R020,18. Aantal dagen leverancierskrediet,PU320,"PU320 : Verblijfsaccommodaties, restaurants en cafés",Horeca,74.9
2018,R020,18. Aantal dagen leverancierskrediet,PU320,"PU320 : Verblijfsaccommodaties, restaurants en cafés",Horeca,76.18
2019,R020,18. Aantal dagen leverancierskrediet,PU320,"PU320 : Verblijfsaccommodaties, restaurants en cafés",Horeca,89.53
2020,R020,18. Aantal dagen leverancierskrediet,PU320,"PU320 : Verblijfsaccommodaties, restaurants en cafés",Horeca,87.55
2021,R020,18. Aantal dagen leverancierskrediet,PU320,"PU320 : Verblijfsaccommodaties, restaurants en cafés",Horeca,98.82
2022,R020,18. Aantal dagen leverancierskrediet,PU320,"PU320 : Verblijfsaccommodaties, restaurants en cafés",Horeca,93.4
2009,R020,18. Aantal dagen leverancierskrediet,PU330,PU330 : Vervoer en telecommunicatie,Vervoer en telecom,83.29
2010,R020,18. Aantal dagen leverancierskrediet,PU330,PU330 : Vervoer en telecommunicatie,Vervoer en telecom,88.0
2011,R020,18. Aantal dagen leverancierskrediet,PU330,PU330 : Vervoer en telecommunicatie,Vervoer en telecom,89.68
2012,R020,18. Aantal dagen leverancierskrediet,PU330,PU330 : Vervoer en telecommunicatie,Vervoer en telecom,84.83
2013,R020,18. Aantal dagen leverancierskrediet,PU330,PU330 : Vervoer en telecommunicatie,Vervoer en telecom,81.76
2014,R020,18. Aantal dagen leverancierskrediet,PU330,PU330 : Vervoer en telecommunicatie,Vervoer en telecom,81.03
2015,R020,18. Aantal dagen leverancierskrediet,PU330,PU330 : Vervoer en telecommunicatie,Vervoer en telecom,85.92
2016,R020,18. Aantal dagen leverancierskrediet,PU330,PU330 : Vervoer en telecommunicatie,Vervoer en telecom,94.28
2017,R020,18. Aantal dagen leverancierskrediet,PU330,PU330 : Vervoer en telecommunicatie,Vervoer en telecom,87.82
2018,R020,18. Aantal dagen leverancierskrediet,PU330,PU330 : Vervoer en telecommunicatie,Vervoer en telecom,95.05
2019,R020,18. Aantal dagen leverancierskrediet,PU330,PU330 : Vervoer en telecommunicatie,Vervoer en telecom,93.73
2020,R020,18. Aantal dagen leverancierskrediet,PU330,PU330 : Vervoer en telecommunicatie,Vervoer en telecom,95.27
2021,R020,18. Aantal dagen leverancierskrediet,PU330,PU330 : Vervoer en telecommunicatie,Vervoer en telecom,97.94
2022,R020,18. Aantal dagen leverancierskrediet,PU330,PU330 : Vervoer en telecommunicatie,Vervoer en telecom,84.23
2009,R020,18. Aantal dagen leverancierskrediet,PU340,PU340 : Diensten aan ondernemingen en particulieren,Diensten,140.16
2010,R020,18. Aantal dagen leverancierskrediet,PU340,PU340 : Diensten aan ondernemingen en particulieren,Diensten,153.37
2011,R020,18. Aantal dagen leverancierskrediet,PU340,PU340 : Diensten aan ondernemingen en particulieren,Diensten,152.72
2012,R020,18. Aantal dagen leverancierskrediet,PU340,PU340 : Diensten aan ondernemingen en particulieren,Diensten,147.2
2013,R020,18. Aantal dagen leverancierskrediet,PU340,PU340 : Diensten aan ondernemingen en particulieren,Diensten,158.48
2014,R020,18. Aantal dagen leverancierskrediet,PU340,PU340 : Diensten aan ondernemingen en particulieren,Diensten,129.72
2015,R020,18. Aantal dagen leverancierskrediet,PU340,PU340 : Diensten aan ondernemingen en particulieren,Diensten,125.82
2016,R020,18. Aantal dagen leverancierskrediet,PU340,PU340 : Diensten aan ondernemingen en particulieren,Diensten,158.92
2017,R020,18. Aantal dagen leverancierskrediet,PU340,PU340 : Diensten aan ondernemingen en particulieren,Diensten,147.64
2018,R020,18. Aantal dagen leverancierskrediet,PU340,PU340 : Diensten aan ondernemingen en particulieren,Diensten,160.53
2019,R020,18. Aantal dagen leverancierskrediet,PU340,PU340 : Diensten aan ondernemingen en particulieren,Diensten,89.54
2020,R020,18. Aantal dagen leverancierskrediet,PU340,PU340 : Diensten aan ondernemingen en particulieren,Diensten,105.57
2021,R020,18. Aantal dagen leverancierskrediet,PU340,PU340 : Diensten aan ondernemingen en particulieren,Diensten,110.75
2022,R020,18. Aantal dagen leverancierskrediet,PU340,PU340 : Diensten aan ondernemingen en particulieren,Diensten,106.33
2009,R020,18. Aantal dagen leverancierskrediet,PU405,PU405 : Activiteiten van holdings,Holdings,48.84
2010,R020,18. Aantal dagen leverancierskrediet,PU405,PU405 : Activiteiten van holdings,Holdings,54.82
2011,R020,18. Aantal dagen leverancierskrediet,PU405,PU405 : Activiteiten van holdings,Holdings,53.91
2012,R020,18. Aantal dagen leverancierskrediet,PU405,PU405 : Activiteiten van holdings,Holdings,53.03
2013,R020,18. Aantal dagen leverancierskrediet,PU405,PU405 : Activiteiten van holdings,Holdings,52.52
2014,R020,18. Aantal dagen leverancierskrediet,PU405,PU405 : Activiteiten van holdings,Holdings,31.61
2015,R020,18. Aantal dagen leverancierskrediet,PU405,PU405 : Activiteiten van holdings,Holdings,52.93
2016,R020,18. Aantal dagen leverancierskrediet,PU405,PU405 : Activiteiten van holdings,Holdings,53.07
2017,R020,18. Aantal dagen leverancierskrediet,PU405,PU405 : Activiteiten van holdings,Holdings,54.68
2018,R020,18. Aantal dagen leverancierskrediet,PU405,PU405 : Activiteiten van holdings,Holdings,30.66
2019,R020,18. Aantal dagen leverancierskrediet,PU405,PU405 : Activiteiten van holdings,Holdings,33.98
2020,R020,18. Aantal dagen leverancierskrediet,PU405,PU405 : Activiteiten van holdings,Holdings,55.75
2021,R020,18. Aantal dagen leverancierskrediet,PU405,PU405 : Activiteiten van holdings,Holdings,74.03
2022,R020,18. Aantal dagen leverancierskrediet,PU405,PU405 : Activiteiten van holdings,Holdings,83.85
2009,R020,18. Aantal dagen leverancierskrediet,PU409,"PU409 : Kunst, amusement en recreatie",Kunst en recreatie,47.96
2010,R020,18. Aantal dagen leverancierskrediet,PU409,"PU409 : Kunst, amusement en recreatie",Kunst en recreatie,49.38
2011,R020,18. Aantal dagen leverancierskrediet,PU409,"PU409 : Kunst, amusement en recreatie",Kunst en recreatie,46.39
2012,R020,18. Aantal dagen leverancierskrediet,PU409,"PU409 : Kunst, amusement en recreatie",Kunst en recreatie,51.25
2013,R020,18. Aantal dagen leverancierskrediet,PU409,"PU409 : Kunst, amusement en recreatie",Kunst en recreatie,52.85
2014,R020,18. Aantal dagen leverancierskrediet,PU409,"PU409 : Kunst, amusement en recreatie",Kunst en recreatie,51.79
2015,R020,18. Aantal dagen leverancierskrediet,PU409,"PU409 : Kunst, amusement en recreatie",Kunst en recreatie,40.59
2016,R020,18. Aantal dagen leverancierskrediet,PU409,"PU409 : Kunst, amusement en recreatie",Kunst en recreatie,36.17
2017,R020,18. Aantal dagen leverancierskrediet,PU409,"PU409 : Kunst, amusement en recreatie",Kunst en recreatie,37.19
2018,R020,18. Aantal dagen leverancierskrediet,PU409,"PU409 : Kunst, amusement en recreatie",Kunst en recreatie,42.34
2009,R020,18. Aantal dagen leverancierskrediet,PU410,PU410 : Gezondheidszorg en maatschappelijke dienstverlening,Gezondheidszorg,84.61
2010,R020,18. Aantal dagen leverancierskrediet,PU410,PU410 : Gezondheidszorg en maatschappelijke dienstverlening,Gezondheidszorg,78.8
2011,R020,18. Aantal dagen leverancierskrediet,PU410,PU410 : Gezondheidszorg en maatschappelijke dienstverlening,Gezondheidszorg,79.72
2012,R020,18. Aantal dagen leverancierskrediet,PU410,PU410 : Gezondheidszorg en maatschappelijke dienstverlening,Gezondheidszorg,73.84
2013,R020,18. Aantal dagen leverancierskrediet,PU410,PU410 : Gezondheidszorg en maatschappelijke dienstverlening,Gezondheidszorg,80.08
2014,R020,18. Aantal dagen leverancierskrediet,PU410,PU410 : Gezondheidszorg en maatschappelijke dienstverlening,Gezondheidszorg,80.96
2015,R020,18. Aantal dagen leverancierskrediet,PU410,PU410 : Gezondheidszorg en maatschappelijke dienstverlening,Gezondheidszorg,82.64
2016,R020,18. Aantal dagen leverancierskrediet,PU410,PU410 : Gezondheidszorg en maatschappelijke dienstverlening,Gezondheidszorg,87.45
2017,R020,18. Aantal dagen leverancierskrediet,PU410,PU410 : Gezondheidszorg en maatschappelijke dienstverlening,Gezondheidszorg,85.15
2018,R020,18. Aantal dagen leverancierskrediet,PU410,PU410 : Gezondheidszorg en maatschappelijke dienstverlening,Gezondheidszorg,81.58
2019,R020,18. Aantal dagen leverancierskrediet,PU410,PU410 : Gezondheidszorg en maatschappelijke dienstverlening,Gezondheidszorg,88.71
2020,R020,18. Aantal dagen leverancierskrediet,PU410,PU410 : Gezondheidszorg en maatschappelijke dienstverlening,Gezondheidszorg,88.28
2021,R020,18. Aantal dagen leverancierskrediet,PU410,PU410 : Gezondheidszorg en maatschappelijke dienstverlening,Gezondheidszorg,92.88
2022,R020,18. Aantal dagen leverancierskrediet,PU410,PU410 : Gezondheidszorg en maatschappelijke dienstverlening,Gezondheidszorg,95.76
2009,R021,19. Financiële onafhankelijkheidsgraad (%),PU210,"PU210 : Landbouw, jacht, bosbouw en visserij",Landbouw,29.2
2010,R021,19. Financiële onafhankelijkheidsgraad (%),PU210,"PU210 : Landbouw, jacht, bosbouw en visserij",Landbouw,30.01
2011,R021,19. Financiële onafhankelijkheidsgraad (%),PU210,"PU210 : Landbouw, jacht, bosbouw en visserij",Landbouw,31.37
2012,R021,19. Financiële onafhankelijkheidsgraad (%),PU210,"PU210 : Landbouw, jacht, bosbouw en visserij",Landbouw,32.82
2013,R021,19. Financiële onafhankelijkheidsgraad (%),PU210,"PU210 : Landbouw, jacht, bosbouw en visserij",Landbouw,32.72
2014,R021,19. Financiële onafhankelijkheidsgraad (%),PU210,"PU210 : Landbouw, jacht, bosbouw en visserij",Landbouw,36.43
2015,R021,19. Financiële onafhankelijkheidsgraad (%),PU210,"PU210 : Landbouw, jacht, bosbouw en visserij",Landbouw,37.39
2016,R021,19. Financiële onafhankelijkheidsgraad (%),PU210,"PU210 : Landbouw, jacht, bosbouw en visserij",Landbouw,39.15
2017,R021,19. Financiële onafhankelijkheidsgraad (%),PU210,"PU210 : Landbouw, jacht, bosbouw en visserij",Landbouw,38.82
2018,R021,19. Financiële onafhankelijkheidsgraad (%),PU210,"PU210 : Landbouw, jacht, bosbouw en visserij",Landbouw,38.77
2019,R021,19. Financiële onafhankelijkheidsgraad (%),PU210,"PU210 : Landbouw, jacht, bosbouw en visserij",Landbouw,40.86
2020,R021,19. Financiële onafhankelijkheidsgraad (%),PU210,"PU210 : Landbouw, jacht, bosbouw en visserij",Landbouw,41.09
2021,R021,19. Financiële onafhankelijkheidsgraad (%),PU210,"PU210 : Landbouw, jacht, bosbouw en visserij",Landbouw,41.34
2022,R021,19. Financiële onafhankelijkheidsgraad (%),PU210,"PU210 : Landbouw, jacht, bosbouw en visserij",Landbouw,42.42
2009,R021,19. Financiële onafhankelijkheidsgraad (%),PU220,PU220 : Energie- en waterhuishouding,Energie en water,36.38
2010,R021,19. Financiële onafhankelijkheidsgraad (%),PU220,PU220 : Energie- en waterhuishouding,Energie en water,35.53
2011,R021,19. Financiële onafhankelijkheidsgraad (%),PU220,PU220 : Energie- en waterhuishouding,Energie en water,47.29
2012,R021,19. Financiële onafhankelijkheidsgraad (%),PU220,PU220 : Energie- en waterhuishouding,Energie en water,38.39
2013,R021,19. Financiële onafhankelijkheidsgraad (%),PU220,PU220 : Energie- en waterhuishouding,Energie en water,37.11
2014,R021,19. Financiële onafhankelijkheidsgraad (%),PU220,PU220 : Energie- en waterhuishouding,Energie en water,40.53
2015,R021,19. Financiële onafhankelijkheidsgraad (%),PU220,PU220 : Energie- en waterhuishouding,Energie en water,33.09
2016,R021,19. Financiële onafhankelijkheidsgraad (%),PU220,PU220 : Energie- en waterhuishouding,Energie en water,31.4
2017,R021,19. Financiële onafhankelijkheidsgraad (%),PU220,PU220 : Energie- en waterhuishouding,Energie en water,30.62
2018,R021,19. Financiële onafhankelijkheidsgraad (%),PU220,PU220 : Energie- en waterhuishouding,Energie en water,29.86
2019,R021,19. Financiële onafhankelijkheidsgraad (%),PU220,PU220 : Energie- en waterhuishouding,Energie en water,30.6
2020,R021,19. Financiële onafhankelijkheidsgraad (%),PU220,PU220 : Energie- en waterhuishouding,Energie en water,29.6
2021,R021,19. Financiële onafhankelijkheidsgraad (%),PU220,PU220 : Energie- en waterhuishouding,Energie en water,28.43
2022,R021,19. Financiële onafhankelijkheidsgraad (%),PU220,PU220 : Energie- en waterhuishouding,Energie en water,26.16
2009,R021,19. Financiële onafhankelijkheidsgraad (%),PU290,PU290 : Geheel van de verwerkende industrie,Verwerkende industrie,45.56
2010,R021,19. Financiële onafhankelijkheidsgraad (%),PU290,PU290 : Geheel van de verwerkende industrie,Verwerkende industrie,44.95
2011,R021,19. Financiële onafhankelijkheidsgraad (%),PU290,PU290 : Geheel van de verwerkende industrie,Verwerkende industrie,46.72
2012,R021,19. Financiële onafhankelijkheidsgraad (%),PU290,PU290 : Geheel van de verwerkende industrie,Verwerkende industrie,47.6
2013,R021,19. Financiële onafhankelijkheidsgraad (%),PU290,PU290 : Geheel van de verwerkende industrie,Verwerkende industrie,47.84
2014,R021,19. Financiële onafhankelijkheidsgraad (%),PU290,PU290 : Geheel van de verwerkende industrie,Verwerkende industrie,47.44
2015,R021,19. Financiële onafhankelijkheidsgraad (%),PU290,PU290 : Geheel van de verwerkende industrie,Verwerkende industrie,46.3
2016,R021,19. Financiële onafhankelijkheidsgraad (%),PU290,PU290 : Geheel van de verwerkende industrie,Verwerkende industrie,45.01
2017,R021,19. Financiële onafhankelijkheidsgraad (%),PU290,PU290 : Geheel van de verwerkende industrie,Verwerkende industrie,45.29
2018,R021,19. Financiële onafhankelijkheidsgraad (%),PU290,PU290 : Geheel van de verwerkende industrie,Verwerkende industrie,45.66
2019,R021,19. Financiële onafhankelijkheidsgraad (%),PU290,PU290 : Geheel van de verwerkende industrie,Verwerkende industrie,48.51
2020,R021,19. Financiële onafhankelijkheidsgraad (%),PU290,PU290 : Geheel van de verwerkende industrie,Verwerkende industrie,49.48
2021,R021,19. Financiële onafhankelijkheidsgraad (%),PU290,PU290 : Geheel van de verwerkende industrie,Verwerkende industrie,47.2
2022,R021,19. Financiële onafhankelijkheidsgraad (%),PU290,PU290 : Geheel van de verwerkende industrie,Verwerkende industrie,46.36
2009,R021,19. Financiële onafhankelijkheidsgraad (%),PU300,PU300 : Bouwnijverheid,Bouwnijverheid,49.09
2010,R021,19. Financiële onafhankelijkheidsgraad (%),PU300,PU300 : Bouwnijverheid,Bouwnijverheid,48.6
2011,R021,19. Financiële onafhankelijkheidsgraad (%),PU300,PU300 : Bouwnijverheid,Bouwnijverheid,47.07
2012,R021,19. Financiële onafhankelijkheidsgraad (%),PU300,PU300 : Bouwnijverheid,Bouwnijverheid,48.24
2013,R021,19. Financiële onafhankelijkheidsgraad (%),PU300,PU300 : Bouwnijverheid,Bouwnijverheid,49.17
2014,R021,19. Financiële onafhankelijkheidsgraad (%),PU300,PU300 : Bouwnijverheid,Bouwnijverheid,45.82
2015,R021,19. Financiële onafhankelijkheidsgraad (%),PU300,PU300 : Bouwnijverheid,Bouwnijverheid,35.48
2016,R021,19. Financiële onafhankelijkheidsgraad (%),PU300,PU300 : Bouwnijverheid,Bouwnijverheid,35.51
2017,R021,19. Financiële onafhankelijkheidsgraad (%),PU300,PU300 : Bouwnijverheid,Bouwnijverheid,36.33
2018,R021,19. Financiële onafhankelijkheidsgraad (%),PU300,PU300 : Bouwnijverheid,Bouwnijverheid,35.34
2019,R021,19. Financiële onafhankelijkheidsgraad (%),PU300,PU300 : Bouwnijverheid,Bouwnijverheid,35.46
2020,R021,19. Financiële onafhankelijkheidsgraad (%),PU300,PU300 : Bouwnijverheid,Bouwnijverheid,36.27
2021,R021,19. Financiële onafhankelijkheidsgraad (%),PU300,PU300 : Bouwnijverheid,Bouwnijverheid,36.5
2022,R021,19. Financiële onafhankelijkheidsgraad (%),PU300,PU300 : Bouwnijverheid,Bouwnijverheid,37.36
2009,R021,19. Financiële onafhankelijkheidsgraad (%),PU310,PU310 : Handel en reparatie van auto's en consumptieartikelen,Handel en reparatie,37.54
2010,R021,19. Financiële onafhankelijkheidsgraad (%),PU310,PU310 : Handel en reparatie van auto's en consumptieartikelen,Handel en reparatie,38.03
2011,R021,19. Financiële onafhankelijkheidsgraad (%),PU310,PU310 : Handel en reparatie van auto's en consumptieartikelen,Handel en reparatie,37.19
2012,R021,19. Financiële onafhankelijkheidsgraad (%),PU310,PU310 : Handel en reparatie van auto's en consumptieartikelen,Handel en reparatie,39.07
2013,R021,19. Financiële onafhankelijkheidsgraad (%),PU310,PU310 : Handel en reparatie van auto's en consumptieartikelen,Handel en reparatie,39.89
2014,R021,19. Financiële onafhankelijkheidsgraad (%),PU310,PU310 : Handel en reparatie van auto's en consumptieartikelen,Handel en reparatie,40.56
2015,R021,19. Financiële onafhankelijkheidsgraad (%),PU310,PU310 : Handel en reparatie van auto's en consumptieartikelen,Handel en reparatie,40.93
2016,R021,19. Financiële onafhankelijkheidsgraad (%),PU310,PU310 : Handel en reparatie van auto's en consumptieartikelen,Handel en reparatie,38.38
2017,R021,19. Financiële onafhankelijkheidsgraad (%),PU310,PU310 : Handel en reparatie van auto's en consumptieartikelen,Handel en reparatie,38.3
2018,R021,19. Financiële onafhankelijkheidsgraad (%),PU310,PU310 : Handel en reparatie van auto's en consumptieartikelen,Handel en reparatie,38.35
2019,R021,19. Financiële onafhankelijkheidsgraad (%),PU310,PU310 : Handel en reparatie van auto's en consumptieartikelen,Handel en reparatie,36.27
2020,R021,19. Financiële onafhankelijkheidsgraad (%),PU310,PU310 : Handel en reparatie van auto's en consumptieartikelen,Handel en reparatie,41.0
2021,R021,19. Financiële onafhankelijkheidsgraad (%),PU310,PU310 : Handel en reparatie van auto's en consumptieartikelen,Handel en reparatie,40.05
2022,R021,19. Financiële onafhankelijkheidsgraad (%),PU310,PU310 : Handel en reparatie van auto's en consumptieartikelen,Handel en reparatie,37.21
2009,R021,19. Financiële onafhankelijkheidsgraad (%),PU320,"PU320 : Verblijfsaccommodaties, restaurants en cafés",Horeca,34.34
2010,R021,19. Financiële onafhankelijkheidsgraad (%),PU320,"PU320 : Verblijfsaccommodaties, restaurants en cafés",Horeca,38.14
2011,R021,19. Financiële onafhankelijkheidsgraad (%),PU320,"PU320 : Verblijfsaccommodaties, restaurants en cafés",Horeca,37.31
2012,R021,19. Financiële onafhankelijkheidsgraad (%),PU320,"PU320 : Verblijfsaccommodaties, restaurants en cafés",Horeca,37.33
2013,R021,19. Financiële onafhankelijkheidsgraad (%),PU320,"PU320 : Verblijfsaccommodaties, restaurants en cafés",Horeca,38.58
2014,R021,19. Financiële onafhankelijkheidsgraad (%),PU320,"PU320 : Verblijfsaccommodaties, restaurants en cafés",Horeca,36.97
2015,R021,19. Financiële onafhankelijkheidsgraad (%),PU320,"PU320 : Verblijfsaccommodaties, restaurants en cafés",Horeca,40.3
2016,R021,19. Financiële onafhankelijkheidsgraad (%),PU320,"PU320 : Verblijfsaccommodaties, restaurants en cafés",Horeca,37.46
2017,R021,19. Financiële onafhankelijkheidsgraad (%),PU320,"PU320 : Verblijfsaccommodaties, restaurants en cafés",Horeca,36.39
2018,R021,19. Financiële onafhankelijkheidsgraad (%),PU320,"PU320 : Verblijfsaccommodaties, restaurants en cafés",Horeca,43.48
2019,R021,19. Financiële onafhankelijkheidsgraad (%),PU320,"PU320 : Verblijfsaccommodaties, restaurants en cafés",Horeca,43.86
2020,R021,19. Financiële onafhankelijkheidsgraad (%),PU320,"PU320 : Verblijfsaccommodaties, restaurants en cafés",Horeca,39.98
2021,R021,19. Financiële onafhankelijkheidsgraad (%),PU320,"PU320 : Verblijfsaccommodaties, restaurants en cafés",Horeca,33.62
2022,R021,19. Financiële onafhankelijkheidsgraad (%),PU320,"PU320 : Verblijfsaccommodaties, restaurants en cafés",Horeca,27.41
2009,R021,19. Financiële onafhankelijkheidsgraad (%),PU330,PU330 : Vervoer en telecommunicatie,Vervoer en telecom,35.59
2010,R021,19. Financiële onafhankelijkheidsgraad (%),PU330,PU330 : Vervoer en telecommunicatie,Vervoer en telecom,36.16
2011,R021,19. Financiële onafhankelijkheidsgraad (%),PU330,PU330 : Vervoer en telecommunicatie,Vervoer en telecom,34.97
2012,R021,19. Financiële onafhankelijkheidsgraad (%),PU330,PU330 : Vervoer en telecommunicatie,Vervoer en telecom,35.34
2013,R021,19. Financiële onafhankelijkheidsgraad (%),PU330,PU330 : Vervoer en telecommunicatie,Vervoer en telecom,35.39
2014,R021,19. Financiële onafhankelijkheidsgraad (%),PU330,PU330 : Vervoer en telecommunicatie,Vervoer en telecom,36.26
2015,R021,19. Financiële onafhankelijkheidsgraad (%),PU330,PU330 : Vervoer en telecommunicatie,Vervoer en telecom,44.2
2016,R021,19. Financiële onafhankelijkheidsgraad (%),PU330,PU330 : Vervoer en telecommunicatie,Vervoer en telecom,43.66
2017,R021,19. Financiële onafhankelijkheidsgraad (%),PU330,PU330 : Vervoer en telecommunicatie,Vervoer en telecom,44.46
2018,R021,19. Financiële onafhankelijkheidsgraad (%),PU330,PU330 : Vervoer en telecommunicatie,Vervoer en telecom,44.74
2019,R021,19. Financiële onafhankelijkheidsgraad (%),PU330,PU330 : Vervoer en telecommunicatie,Vervoer en telecom,48.69
2020,R021,19. Financiële onafhankelijkheidsgraad (%),PU330,PU330 : Vervoer en telecommunicatie,Vervoer en telecom,50.95
2021,R021,19. Financiële onafhankelijkheidsgraad (%),PU330,PU330 : Vervoer en telecommunicatie,Vervoer en telecom,50.56
2022,R021,19. Financiële onafhankelijkheidsgraad (%),PU330,PU330 : Vervoer en telecommunicatie,Vervoer en telecom,49.7
2009,R021,19. Financiële onafhankelijkheidsgraad (%),PU340,PU340 : Diensten aan ondernemingen en particulieren,Diensten,56.03
2010,R021,19. Financiële onafhankelijkheidsgraad (%),PU340,PU340 : Diensten aan ondernemingen en particulieren,Diensten,54.7
2011,R021,19. Financiële onafhankelijkheidsgraad (%),PU340,PU340 : Diensten aan ondernemingen en particulieren,Diensten,57.11
2012,R021,19. Financiële onafhankelijkheidsgraad (%),PU340,PU340 : Diensten aan ondernemingen en particulieren,Diensten,53.34
2013,R021,19. Financiële onafhankelijkheidsgraad (%),PU340,PU340 : Diensten aan ondernemingen en particulieren,Diensten,48.07
2014,R021,19. Financiële onafhankelijkheidsgraad (%),PU340,PU340 : Diensten aan ondernemingen en particulieren,Diensten,49.36
2015,R021,19. Financiële onafhankelijkheidsgraad (%),PU340,PU340 : Diensten aan ondernemingen en particulieren,Diensten,51.05
2016,R021,19. Financiële onafhankelijkheidsgraad (%),PU340,PU340 : Diensten aan ondernemingen en particulieren,Diensten,46.69
2017,R021,19. Financiële onafhankelijkheidsgraad (%),PU340,PU340 : Diensten aan ondernemingen en particulieren,Diensten,44.65
2018,R021,19. Financiële onafhankelijkheidsgraad (%),PU340,PU340 : Diensten aan ondernemingen en particulieren,Diensten,43.01
2019,R021,19. Financiële onafhankelijkheidsgraad (%),PU340,PU340 : Diensten aan ondernemingen en particulieren,Diensten,40.78
2020,R021,19. Financiële onafhankelijkheidsgraad (%),PU340,PU340 : Diensten aan ondernemingen en particulieren,Diensten,40.41
2021,R021,19. Financiële onafhankelijkheidsgraad (%),PU340,PU340 : Diensten aan ondernemingen en particulieren,Diensten,39.13
2022,R021,19. Financiële onafhankelijkheidsgraad (%),PU340,PU340 : Diensten aan ondernemingen en particulieren,Diensten,39.72
2009,R021,19. Financiële onafhankelijkheidsgraad (%),PU405,PU405 : Activiteiten van holdings,Holdings,71.39
2010,R021,19. Financiële onafhankelijkheidsgraad (%),PU405,PU405 : Activiteiten van holdings,Holdings,73.76
2011,R021,19. Financiële onafhankelijkheidsgraad (%),PU405,PU405 : Activiteiten van holdings,Holdings,71.76
2012,R021,19. Financiële onafhankelijkheidsgraad (%),PU405,PU405 : Activiteiten van holdings,Holdings,73.21
2013,R021,19. Financiële onafhankelijkheidsgraad (%),PU405,PU405 : Activiteiten van holdings,Holdings,73.28
2014,R021,19. Financiële onafhankelijkheidsgraad (%),PU405,PU405 : Activiteiten van holdings,Holdings,69.58
2015,R021,19. Financiële onafhankelijkheidsgraad (%),PU405,PU405 : Activiteiten van holdings,Holdings,66.43
2016,R021,19. Financiële onafhankelijkheidsgraad (%),PU405,PU405 : Activiteiten van holdings,Holdings,55.0
2017,R021,19. Financiële onafhankelijkheidsgraad (%),PU405,PU405 : Activiteiten van holdings,Holdings,62.35
2018,R021,19. Financiële onafhankelijkheidsgraad (%),PU405,PU405 : Activiteiten van holdings,Holdings,64.41
2019,R021,19. Financiële onafhankelijkheidsgraad (%),PU405,PU405 : Activiteiten van holdings,Holdings,67.64
2020,R021,19. Financiële onafhankelijkheidsgraad (%),PU405,PU405 : Activiteiten van holdings,Holdings,68.83
2021,R021,19. Financiële onafhankelijkheidsgraad (%),PU405,PU405 : Activiteiten van holdings,Holdings,70.6
2022,R021,19. Financiële onafhankelijkheidsgraad (%),PU405,PU405 : Activiteiten van holdings,Holdings,70.8
2009,R021,19. Financiële onafhankelijkheidsgraad (%),PU409,"PU409 : Kunst, amusement en recreatie",Kunst en recreatie,31.03
2010,R021,19. Financiële onafhankelijkheidsgraad (%),PU409,"PU409 : Kunst, amusement en recreatie",Kunst en recreatie,30.25
2011,R021,19. Financiële onafhankelijkheidsgraad (%),PU409,"PU409 : Kunst, amusement en recreatie",Kunst en recreatie,30.83
2012,R021,19. Financiële onafhankelijkheidsgraad (%),PU409,"PU409 : Kunst, amusement en recreatie",Kunst en recreatie,32.06
2013,R021,19. Financiële onafhankelijkheidsgraad (%),PU409,"PU409 : Kunst, amusement en recreatie",Kunst en recreatie,32.53
2014,R021,19. Financiële onafhankelijkheidsgraad (%),PU409,"PU409 : Kunst, amusement en recreatie",Kunst en recreatie,33.02
2015,R021,19. Financiële onafhankelijkheidsgraad (%),PU409,"PU409 : Kunst, amusement en recreatie",Kunst en recreatie,36.79
2016,R021,19. Financiële onafhankelijkheidsgraad (%),PU409,"PU409 : Kunst, amusement en recreatie",Kunst en recreatie,34.62
2017,R021,19. Financiële onafhankelijkheidsgraad (%),PU409,"PU409 : Kunst, amusement en recreatie",Kunst en recreatie,35.43
2018,R021,19. Financiële onafhankelijkheidsgraad (%),PU409,"PU409 : Kunst, amusement en recreatie",Kunst en recreatie,35.37
2009,R021,19. Financiële onafhankelijkheidsgraad (%),PU410,PU410 : Gezondheidszorg en maatschappelijke dienstverlening,Gezondheidszorg,43.58
2010,R021,19. Financiële onafhankelijkheidsgraad (%),PU410,PU410 : Gezondheidszorg en maatschappelijke dienstverlening,Gezondheidszorg,41.91
2011,R021,19. Financiële onafhankelijkheidsgraad (%),PU410,PU410 : Gezondheidszorg en maatschappelijke dienstverlening,Gezondheidszorg,40.87
2012,R021,19. Financiële onafhankelijkheidsgraad (%),PU410,PU410 : Gezondheidszorg en maatschappelijke dienstverlening,Gezondheidszorg,43.66
2013,R021,19. Financiële onafhankelijkheidsgraad (%),PU410,PU410 : Gezondheidszorg en maatschappelijke dienstverlening,Gezondheidszorg,42.56
2014,R021,19. Financiële onafhankelijkheidsgraad (%),PU410,PU410 : Gezondheidszorg en maatschappelijke dienstverlening,Gezondheidszorg,44.71
2015,R021,19. Financiële onafhankelijkheidsgraad (%),PU410,PU410 : Gezondheidszorg en maatschappelijke dienstverlening,Gezondheidszorg,46.44
2016,R021,19. Financiële onafhankelijkheidsgraad (%),PU410,PU410 : Gezondheidszorg en maatschappelijke dienstverlening,Gezondheidszorg,47.91
2017,R021,19. Financiële onafhankelijkheidsgraad (%),PU410,PU410 : Gezondheidszorg en maatschappelijke dienstverlening,Gezondheidszorg,49.01
2018,R021,19. Financiële onafhankelijkheidsgraad (%),PU410,PU410 : Gezondheidszorg en maatschappelijke dienstverlening,Gezondheidszorg,49.07
2019,R021,19. Financiële onafhankelijkheidsgraad (%),PU410,PU410 : Gezondheidszorg en maatschappelijke dienstverlening,Gezondheidszorg,49.65
2020,R021,19. Financiële onafhankelijkheidsgraad (%),PU410,PU410 : Gezondheidszorg en maatschappelijke dienstverlening,Gezondheidszorg,50.68
2021,R021,19. Financiële onafhankelijkheidsgraad (%),PU410,PU410 : Gezondheidszorg en maatschappelijke dienstverlening,Gezondheidszorg,49.33
2022,R021,19. Financiële onafhankelijkheidsgraad (%),PU410,PU410 : Gezondheidszorg en maatschappelijke dienstverlening,Gezondheidszorg,49.87
2009,R022,20. Aanschaffingen van materiële vaste activa / Toegevoegde waarde (%),PU210,"PU210 : Landbouw, jacht, bosbouw en visserij",Landbouw,79.53
2010,R022,20. Aanschaffingen van materiële vaste activa / Toegevoegde waarde (%),PU210,"PU210 : Landbouw, jacht, bosbouw en visserij",Landbouw,65.94
2011,R022,20. Aanschaffingen van materiële vaste activa / Toegevoegde waarde (%),PU210,"PU210 : Landbouw, jacht, bosbouw en visserij",Landbouw,64.81
2012,R022,20. Aanschaffingen van materiële vaste activa / Toegevoegde waarde (%),PU210,"PU210 : Landbouw, jacht, bosbouw en visserij",Landbouw,61.19
2013,R022,20. Aanschaffingen van materiële vaste activa / Toegevoegde waarde (%),PU210,"PU210 : Landbouw, jacht, bosbouw en visserij",Landbouw,58.39
2014,R022,20. Aanschaffingen van materiële vaste activa / Toegevoegde waarde (%),PU210,"PU210 : Landbouw, jacht, bosbouw en visserij",Landbouw,56.97
2015,R022,20. Aanschaffingen van materiële vaste activa / Toegevoegde waarde (%),PU210,"PU210 : Landbouw, jacht, bosbouw en visserij",Landbouw,54.01
2016,R022,20. Aanschaffingen van materiële vaste activa / Toegevoegde waarde (%),PU210,"PU210 : Landbouw, jacht, bosbouw en visserij",Landbouw,53.06
2017,R022,20. Aanschaffingen van materiële vaste activa / Toegevoegde waarde (%),PU210,"PU210 : Landbouw, jacht, bosbouw en visserij",Landbouw,55.28
2018,R022,20. Aanschaffingen van materiële vaste activa / Toegevoegde waarde (%),PU210,"PU210 : Landbouw, jacht, bosbouw en visserij",Landbouw,64.59
2019,R022,20. Aanschaffingen van materiële vaste activa / Toegevoegde waarde (%),PU210,"PU210 : Landbouw, jacht, bosbouw en visserij",Landbouw,61.61
2020,R022,20. Aanschaffingen van materiële vaste activa / Toegevoegde waarde (%),PU210,"PU210 : Landbouw, jacht, bosbouw en visserij",Landbouw,60.35
2021,R022,20. Aanschaffingen van materiële vaste activa / Toegevoegde waarde (%),PU210,"PU210 : Landbouw, jacht, bosbouw en visserij",Landbouw,58.54
2022,R022,20. Aanschaffingen van materiële vaste activa / Toegevoegde waarde (%),PU210,"PU210 : Landbouw, jacht, bosbouw en visserij",Landbouw,57.33
2009,R022,20. Aanschaffingen van materiële vaste activa / Toegevoegde waarde (%),PU220,PU220 : Energie- en waterhuishouding,Energie en water,50.34
2010,R022,20. Aanschaffingen van materiële vaste activa / Toegevoegde waarde (%),PU220,PU220 : Energie- en waterhuishouding,Energie en water,50.62
2011,R022,20. Aanschaffingen van materiële vaste activa / Toegevoegde waarde (%),PU220,PU220 : Energie- en waterhuishouding,Energie en water,21.93
2012,R022,20. Aanschaffingen van materiële vaste activa / Toegevoegde waarde (%),PU220,PU220 : Energie- en waterhuishouding,Energie en water,39.95
2013,R022,20. Aanschaffingen van materiële vaste activa / Toegevoegde waarde (%),PU220,PU220 : Energie- en waterhuishouding,Energie en water,70.07
2014,R022,20. Aanschaffingen van materiële vaste activa / Toegevoegde waarde (%),PU220,PU220 : Energie- en waterhuishouding,Energie en water,47.88
2015,R022,20. Aanschaffingen van materiële vaste activa / Toegevoegde waarde (%),PU220,PU220 : Energie- en waterhuishouding,Energie en water,38.39
2016,R022,20. Aanschaffingen van materiële vaste activa / Toegevoegde waarde (%),PU220,PU220 : Energie- en waterhuishouding,Energie en water,42.71
2017,R022,20. Aanschaffingen van materiële vaste activa / Toegevoegde waarde (%),PU220,PU220 : Energie- en waterhuishouding,Energie en water,40.08
2018,R022,20. Aanschaffingen van materiële vaste activa / Toegevoegde waarde (%),PU220,PU220 : Energie- en waterhuishouding,Energie en water,53.38
2019,R022,20. Aanschaffingen van materiële vaste activa / Toegevoegde waarde (%),PU220,PU220 : Energie- en waterhuishouding,Energie en water,57.81
2020,R022,20. Aanschaffingen van materiële vaste activa / Toegevoegde waarde (%),PU220,PU220 : Energie- en waterhuishouding,Energie en water,43.34
2021,R022,20. Aanschaffingen van materiële vaste activa / Toegevoegde waarde (%),PU220,PU220 : Energie- en waterhuishouding,Energie en water,33.1
2022,R022,20. Aanschaffingen van materiële vaste activa / Toegevoegde waarde (%),PU220,PU220 : Energie- en waterhuishouding,Energie en water,27.39
2009,R022,20. Aanschaffingen van materiële vaste activa / Toegevoegde waarde (%),PU290,PU290 : Geheel van de verwerkende industrie,Verwerkende industrie,17.45
2010,R022,20. Aanschaffingen van materiële vaste activa / Toegevoegde waarde (%),PU290,PU290 : Geheel van de verwerkende industrie,Verwerkende industrie,14.22
2011,R022,20. Aanschaffingen van materiële vaste activa / Toegevoegde waarde (%),PU290,PU290 : Geheel van de verwerkende industrie,Verwerkende industrie,16.16
2012,R022,20. Aanschaffingen van materiële vaste activa / Toegevoegde waarde (%),PU290,PU290 : Geheel van de verwerkende industrie,Verwerkende industrie,17.56
2013,R022,20. Aanschaffingen van materiële vaste activa / Toegevoegde waarde (%),PU290,PU290 : Geheel van de verwerkende industrie,Verwerkende industrie,15.72
2014,R022,20. Aanschaffingen van materiële vaste activa / Toegevoegde waarde (%),PU290,PU290 : Geheel van de verwerkende industrie,Verwerkende industrie,15.83
2015,R022,20. Aanschaffingen van materiële vaste activa / Toegevoegde waarde (%),PU290,PU290 : Geheel van de verwerkende industrie,Verwerkende industrie,16.73
2016,R022,20. Aanschaffingen van materiële vaste activa / Toegevoegde waarde (%),PU290,PU290 : Geheel van de verwerkende industrie,Verwerkende industrie,19.14
2017,R022,20. Aanschaffingen van materiële vaste activa / Toegevoegde waarde (%),PU290,PU290 : Geheel van de verwerkende industrie,Verwerkende industrie,16.54
2018,R022,20. Aanschaffingen van materiële vaste activa / Toegevoegde waarde (%),PU290,PU290 : Geheel van de verwerkende industrie,Verwerkende industrie,16.76
2019,R022,20. Aanschaffingen van materiële vaste activa / Toegevoegde waarde (%),PU290,PU290 : Geheel van de verwerkende industrie,Verwerkende industrie,17.19
2020,R022,20. Aanschaffingen van materiële vaste activa / Toegevoegde waarde (%),PU290,PU290 : Geheel van de verwerkende industrie,Verwerkende industrie,16.12
2021,R022,20. Aanschaffingen van materiële vaste activa / Toegevoegde waarde (%),PU290,PU290 : Geheel van de verwerkende industrie,Verwerkende industrie,15.48
2022,R022,20. Aanschaffingen van materiële vaste activa / Toegevoegde waarde (%),PU290,PU290 : Geheel van de verwerkende industrie,Verwerkende industrie,15.66
2009,R022,20. Aanschaffingen van materiële vaste activa / Toegevoegde waarde (%),PU300,PU300 : Bouwnijverheid,Bouwnijverheid,36.23
2010,R022,20. Aanschaffingen van materiële vaste activa / Toegevoegde waarde (%),PU300,PU300 : Bouwnijverheid,Bouwnijverheid,34.37
2011,R022,20. Aanschaffingen van materiële vaste activa / Toegevoegde waarde (%),PU300,PU300 : Bouwnijverheid,Bouwnijverheid,36.52
2012,R022,20. Aanschaffingen van materiële vaste activa / Toegevoegde waarde (%),PU300,PU300 : Bouwnijverheid,Bouwnijverheid,31.3
2013,R022,20. Aanschaffingen van materiële vaste activa / Toegevoegde waarde (%),PU300,PU300 : Bouwnijverheid,Bouwnijverheid,33.63
2014,R022,20. Aanschaffingen van materiële vaste activa / Toegevoegde waarde (%),PU300,PU300 : Bouwnijverheid,Bouwnijverheid,29.87
2015,R022,20. Aanschaffingen van materiële vaste activa / Toegevoegde waarde (%),PU300,PU300 : Bouwnijverheid,Bouwnijverheid,22.16
2016,R022,20. Aanschaffingen van materiële vaste activa / Toegevoegde waarde (%),PU300,PU300 : Bouwnijverheid,Bouwnijverheid,23.33
2017,R022,20. Aanschaffingen van materiële vaste activa / Toegevoegde waarde (%),PU300,PU300 : Bouwnijverheid,Bouwnijverheid,23.23
2018,R022,20. Aanschaffingen van materiële vaste activa / Toegevoegde waarde (%),PU300,PU300 : Bouwnijverheid,Bouwnijverheid,25.74
2019,R022,20. Aanschaffingen van materiële vaste activa / Toegevoegde waarde (%),PU300,PU300 : Bouwnijverheid,Bouwnijverheid,24.36
2020,R022,20. Aanschaffingen van materiële vaste activa / Toegevoegde waarde (%),PU300,PU300 : Bouwnijverheid,Bouwnijverheid,24.95
2021,R022,20. Aanschaffingen van materiële vaste activa / Toegevoegde waarde (%),PU300,PU300 : Bouwnijverheid,Bouwnijverheid,22.96
2022,R022,20. Aanschaffingen van materiële vaste activa / Toegevoegde waarde (%),PU300,PU300 : Bouwnijverheid,Bouwnijverheid,24.97
2009,R022,20. Aanschaffingen van materiële vaste activa / Toegevoegde waarde (%),PU310,PU310 : Handel en reparatie van auto's en consumptieartikelen,Handel en reparatie,15.37
2010,R022,20. Aanschaffingen van materiële vaste activa / Toegevoegde waarde (%),PU310,PU310 : Handel en reparatie van auto's en consumptieartikelen,Handel en reparatie,14.76
2011,R022,20. Aanschaffingen van materiële vaste activa / Toegevoegde waarde (%),PU310,PU310 : Handel en reparatie van auto's en consumptieartikelen,Handel en reparatie,15.49
2012,R022,20. Aanschaffingen van materiële vaste activa / Toegevoegde waarde (%),PU310,PU310 : Handel en reparatie van auto's en consumptieartikelen,Handel en reparatie,15.13
2013,R022,20. Aanschaffingen van materiële vaste activa / Toegevoegde waarde (%),PU310,PU310 : Handel en reparatie van auto's en consumptieartikelen,Handel en reparatie,14.46
2014,R022,20. Aanschaffingen van materiële vaste activa / Toegevoegde waarde (%),PU310,PU310 : Handel en reparatie van auto's en consumptieartikelen,Handel en reparatie,14.45
2015,R022,20. Aanschaffingen van materiële vaste activa / Toegevoegde waarde (%),PU310,PU310 : Handel en reparatie van auto's en consumptieartikelen,Handel en reparatie,14.09
2016,R022,20. Aanschaffingen van materiële vaste activa / Toegevoegde waarde (%),PU310,PU310 : Handel en reparatie van auto's en consumptieartikelen,Handel en reparatie,14.21
2017,R022,20. Aanschaffingen van materiële vaste activa / Toegevoegde waarde (%),PU310,PU310 : Handel en reparatie van auto's en consumptieartikelen,Handel en reparatie,15.15
2018,R022,20. Aanschaffingen van materiële vaste activa / Toegevoegde waarde (%),PU310,PU310 : Handel en reparatie van auto's en consumptieartikelen,Handel en reparatie,15.23
2019,R022,20. Aanschaffingen van materiële vaste activa / Toegevoegde waarde (%),PU310,PU310 : Handel en reparatie van auto's en consumptieartikelen,Handel en reparatie,14.39
2020,R022,20. Aanschaffingen van materiële vaste activa / Toegevoegde waarde (%),PU310,PU310 : Handel en reparatie van auto's en consumptieartikelen,Handel en reparatie,14.39
2021,R022,20. Aanschaffingen van materiële vaste activa / Toegevoegde waarde (%),PU310,PU310 : Handel en reparatie van auto's en consumptieartikelen,Handel en reparatie,12.61
2022,R022,20. Aanschaffingen van materiële vaste activa / Toegevoegde waarde (%),PU310,PU310 : Handel en reparatie van auto's en consumptieartikelen,Handel en reparatie,12.17
2009,R022,20. Aanschaffingen van materiële vaste activa / Toegevoegde waarde (%),PU320,"PU320 : Verblijfsaccommodaties, restaurants en cafés",Horeca,31.06
2010,R022,20. Aanschaffingen van materiële vaste activa / Toegevoegde waarde (%),PU320,"PU320 : Verblijfsaccommodaties, restaurants en cafés",Horeca,28.54
2011,R022,20. Aanschaffingen van materiële vaste activa / Toegevoegde waarde (%),PU320,"PU320 : Verblijfsaccommodaties, restaurants en cafés",Horeca,27.68
2012,R022,20. Aanschaffingen van materiële vaste activa / Toegevoegde waarde (%),PU320,"PU320 : Verblijfsaccommodaties, restaurants en cafés",Horeca,28.0
2013,R022,20. Aanschaffingen van materiële vaste activa / Toegevoegde waarde (%),PU320,"PU320 : Verblijfsaccommodaties, restaurants en cafés",Horeca,23.46
2014,R022,20. Aanschaffingen van materiële vaste activa / Toegevoegde waarde (%),PU320,"PU320 : Verblijfsaccommodaties, restaurants en cafés",Horeca,23.92
2015,R022,20. Aanschaffingen van materiële vaste activa / Toegevoegde waarde (%),PU320,"PU320 : Verblijfsaccommodaties, restaurants en cafés",Horeca,23.87
2016,R022,20. Aanschaffingen van materiële vaste activa / Toegevoegde waarde (%),PU320,"PU320 : Verblijfsaccommodaties, restaurants en cafés",Horeca,26.12
2017,R022,20. Aanschaffingen van materiële vaste activa / Toegevoegde waarde (%),PU320,"PU320 : Verblijfsaccommodaties, restaurants en cafés",Horeca,27.3
2018,R022,20. Aanschaffingen van materiële vaste activa / Toegevoegde waarde (%),PU320,"PU320 : Verblijfsaccommodaties, restaurants en cafés",Horeca,26.09
2019,R022,20. Aanschaffingen van materiële vaste activa / Toegevoegde waarde (%),PU320,"PU320 : Verblijfsaccommodaties, restaurants en cafés",Horeca,27.45
2020,R022,20. Aanschaffingen van materiële vaste activa / Toegevoegde waarde (%),PU320,"PU320 : Verblijfsaccommodaties, restaurants en cafés",Horeca,38.92
2021,R022,20. Aanschaffingen van materiële vaste activa / Toegevoegde waarde (%),PU320,"PU320 : Verblijfsaccommodaties, restaurants en cafés",Horeca,31.43
2022,R022,20. Aanschaffingen van materiële vaste activa / Toegevoegde waarde (%),PU320,"PU320 : Verblijfsaccommodaties, restaurants en cafés",Horeca,25.61
2009,R022,20. Aanschaffingen van materiële vaste activa / Toegevoegde waarde (%),PU330,PU330 : Vervoer en telecommunicatie,Vervoer en telecom,33.72
2010,R022,20. Aanschaffingen van materiële vaste activa / Toegevoegde waarde (%),PU330,PU330 : Vervoer en telecommunicatie,Vervoer en telecom,25.9
2011,R022,20. Aanschaffingen van materiële vaste activa / Toegevoegde waarde (%),PU330,PU330 : Vervoer en telecommunicatie,Vervoer en telecom,31.62
2012,R022,20. Aanschaffingen van materiële vaste activa / Toegevoegde waarde (%),PU330,PU330 : Vervoer en telecommunicatie,Vervoer en telecom,24.02
2013,R022,20. Aanschaffingen van materiële vaste activa / Toegevoegde waarde (%),PU330,PU330 : Vervoer en telecommunicatie,Vervoer en telecom,32.24
2014,R022,20. Aanschaffingen van materiële vaste activa / Toegevoegde waarde (%),PU330,PU330 : Vervoer en telecommunicatie,Vervoer en telecom,32.38
2015,R022,20. Aanschaffingen van materiële vaste activa / Toegevoegde waarde (%),PU330,PU330 : Vervoer en telecommunicatie,Vervoer en telecom,37.66
2016,R022,20. Aanschaffingen van materiële vaste activa / Toegevoegde waarde (%),PU330,PU330 : Vervoer en telecommunicatie,Vervoer en telecom,34.25
2017,R022,20. Aanschaffingen van materiële vaste activa / Toegevoegde waarde (%),PU330,PU330 : Vervoer en telecommunicatie,Vervoer en telecom,36.01
2018,R022,20. Aanschaffingen van materiële vaste activa / Toegevoegde waarde (%),PU330,PU330 : Vervoer en telecommunicatie,Vervoer en telecom,42.77
2019,R022,20. Aanschaffingen van materiële vaste activa / Toegevoegde waarde (%),PU330,PU330 : Vervoer en telecommunicatie,Vervoer en telecom,35.19
2020,R022,20. Aanschaffingen van materiële vaste activa / Toegevoegde waarde (%),PU330,PU330 : Vervoer en telecommunicatie,Vervoer en telecom,34.98
2021,R022,20. Aanschaffingen van materiële vaste activa / Toegevoegde waarde (%),PU330,PU330 : Vervoer en telecommunicatie,Vervoer en telecom,34.49
2022,R022,20. Aanschaffingen van materiële vaste activa / Toegevoegde waarde (%),PU330,PU330 : Vervoer en telecommunicatie,Vervoer en telecom,35.05
2009,R022,20. Aanschaffingen van materiële vaste activa / Toegevoegde waarde (%),PU340,PU340 : Diensten aan ondernemingen en particulieren,Diensten,35.04
2010,R022,20. Aanschaffingen van materiële vaste activa / Toegevoegde waarde (%),PU340,PU340 : Diensten aan ondernemingen en particulieren,Diensten,33.9
2011,R022,20. Aanschaffingen van materiële vaste activa / Toegevoegde waarde (%),PU340,PU340 : Diensten aan ondernemingen en particulieren,Diensten,39.1
2012,R022,20. Aanschaffingen van materiële vaste activa / Toegevoegde waarde (%),PU340,PU340 : Diensten aan ondernemingen en particulieren,Diensten,36.34
2013,R022,20. Aanschaffingen van materiële vaste activa / Toegevoegde waarde (%),PU340,PU340 : Diensten aan ondernemingen en particulieren,Diensten,32.61
2014,R022,20. Aanschaffingen van materiële vaste activa / Toegevoegde waarde (%),PU340,PU340 : Diensten aan ondernemingen en particulieren,Diensten,34.65
2015,R022,20. Aanschaffingen van materiële vaste activa / Toegevoegde waarde (%),PU340,PU340 : Diensten aan ondernemingen en particulieren,Diensten,34.15
2016,R022,20. Aanschaffingen van materiële vaste activa / Toegevoegde waarde (%),PU340,PU340 : Diensten aan ondernemingen en particulieren,Diensten,36.57
2017,R022,20. Aanschaffingen van materiële vaste activa / Toegevoegde waarde (%),PU340,PU340 : Diensten aan ondernemingen en particulieren,Diensten,34.34
2018,R022,20. Aanschaffingen van materiële vaste activa / Toegevoegde waarde (%),PU340,PU340 : Diensten aan ondernemingen en particulieren,Diensten,35.57
2019,R022,20. Aanschaffingen van materiële vaste activa / Toegevoegde waarde (%),PU340,PU340 : Diensten aan ondernemingen en particulieren,Diensten,33.43
2020,R022,20. Aanschaffingen van materiële vaste activa / Toegevoegde waarde (%),PU340,PU340 : Diensten aan ondernemingen en particulieren,Diensten,33.64
2021,R022,20. Aanschaffingen van materiële vaste activa / Toegevoegde waarde (%),PU340,PU340 : Diensten aan ondernemingen en particulieren,Diensten,33.44
2022,R022,20. Aanschaffingen van materiële vaste activa / Toegevoegde waarde (%),PU340,PU340 : Diensten aan ondernemingen en particulieren,Diensten,35.18
2009,R022,20. Aanschaffingen van materiële vaste activa / Toegevoegde waarde (%),PU405,PU405 : Activiteiten van holdings,Holdings,46.76
2010,R022,20. Aanschaffingen van materiële vaste activa / Toegevoegde waarde (%),PU405,PU405 : Activiteiten van holdings,Holdings,34.97
2011,R022,20. Aanschaffingen van materiële vaste activa / Toegevoegde waarde (%),PU405,PU405 : Activiteiten van holdings,Holdings,40.42
2012,R022,20. Aanschaffingen van materiële vaste activa / Toegevoegde waarde (%),PU405,PU405 : Activiteiten van holdings,Holdings,35.17
2013,R022,20. Aanschaffingen van materiële vaste activa / Toegevoegde waarde (%),PU405,PU405 : Activiteiten van holdings,Holdings,39.3
2014,R022,20. Aanschaffingen van materiële vaste activa / Toegevoegde waarde (%),PU405,PU405 : Activiteiten van holdings,Holdings,30.39
2015,R022,20. Aanschaffingen van materiële vaste activa / Toegevoegde waarde (%),PU405,PU405 : Activiteiten van holdings,Holdings,38.38
2016,R022,20. Aanschaffingen van materiële vaste activa / Toegevoegde waarde (%),PU405,PU405 : Activiteiten van holdings,Holdings,31.56
2017,R022,20. Aanschaffingen van materiële vaste activa / Toegevoegde waarde (%),PU405,PU405 : Activiteiten van holdings,Holdings,32.43
2018,R022,20. Aanschaffingen van materiële vaste activa / Toegevoegde waarde (%),PU405,PU405 : Activiteiten van holdings,Holdings,32.95
2019,R022,20. Aanschaffingen van materiële vaste activa / Toegevoegde waarde (%),PU405,PU405 : Activiteiten van holdings,Holdings,49.29
2020,R022,20. Aanschaffingen van materiële vaste activa / Toegevoegde waarde (%),PU405,PU405 : Activiteiten van holdings,Holdings,44.23
2021,R022,20. Aanschaffingen van materiële vaste activa / Toegevoegde waarde (%),PU405,PU405 : Activiteiten van holdings,Holdings,55.52
2022,R022,20. Aanschaffingen van materiële vaste activa / Toegevoegde waarde (%),PU405,PU405 : Activiteiten van holdings,Holdings,46.87
2009,R022,20. Aanschaffingen van materiële vaste activa / Toegevoegde waarde (%),PU409,"PU409 : Kunst, amusement en recreatie",Kunst en recreatie,21.29
2010,R022,20. Aanschaffingen van materiële vaste activa / Toegevoegde waarde (%),PU409,"PU409 : Kunst, amusement en recreatie",Kunst en recreatie,20.55
2011,R022,20. Aanschaffingen van materiële vaste activa / Toegevoegde waarde (%),PU409,"PU409 : Kunst, amusement en recreatie",Kunst en recreatie,26.61
2012,R022,20. Aanschaffingen van materiële vaste activa / Toegevoegde waarde (%),PU409,"PU409 : Kunst, amusement en recreatie",Kunst en recreatie,30.33
2013,R022,20. Aanschaffingen van materiële vaste activa / Toegevoegde waarde (%),PU409,"PU409 : Kunst, amusement en recreatie",Kunst en recreatie,30.5
2014,R022,20. Aanschaffingen van materiële vaste activa / Toegevoegde waarde (%),PU409,"PU409 : Kunst, amusement en recreatie",Kunst en recreatie,29.94
2015,R022,20. Aanschaffingen van materiële vaste activa / Toegevoegde waarde (%),PU409,"PU409 : Kunst, amusement en recreatie",Kunst en recreatie,31.33
2016,R022,20. Aanschaffingen van materiële vaste activa / Toegevoegde waarde (%),PU409,"PU409 : Kunst, amusement en recreatie",Kunst en recreatie,32.18
2017,R022,20. Aanschaffingen van materiële vaste activa / Toegevoegde waarde (%),PU409,"PU409 : Kunst, amusement en recreatie",Kunst en recreatie,28.79
2018,R022,20. Aanschaffingen van materiële vaste activa / Toegevoegde waarde (%),PU409,"PU409 : Kunst, amusement en recreatie",Kunst en recreatie,33.63
2009,R022,20. Aanschaffingen van materiële vaste activa / Toegevoegde waarde (%),PU410,PU410 : Gezondheidszorg en maatschappelijke dienstverlening,Gezondheidszorg,25.01
2010,R022,20. Aanschaffingen van materiële vaste activa / Toegevoegde waarde (%),PU410,PU410 : Gezondheidszorg en maatschappelijke dienstverlening,Gezondheidszorg,27.0
2011,R022,20. Aanschaffingen van materiële vaste activa / Toegevoegde waarde (%),PU410,PU410 : Gezondheidszorg en maatschappelijke dienstverlening,Gezondheidszorg,26.43
2012,R022,20. Aanschaffingen van materiële vaste activa / Toegevoegde waarde (%),PU410,PU410 : Gezondheidszorg en maatschappelijke dienstverlening,Gezondheidszorg,25.15
2013,R022,20. Aanschaffingen van materiële vaste activa / Toegevoegde waarde (%),PU410,PU410 : Gezondheidszorg en maatschappelijke dienstverlening,Gezondheidszorg,23.05
2014,R022,20. Aanschaffingen van materiële vaste activa / Toegevoegde waarde (%),PU410,PU410 : Gezondheidszorg en maatschappelijke dienstverlening,Gezondheidszorg,22.18
2015,R022,20. Aanschaffingen van materiële vaste activa / Toegevoegde waarde (%),PU410,PU410 : Gezondheidszorg en maatschappelijke dienstverlening,Gezondheidszorg,20.67
2016,R022,20. Aanschaffingen van materiële vaste activa / Toegevoegde waarde (%),PU410,PU410 : Gezondheidszorg en maatschappelijke dienstverlening,Gezondheidszorg,22.05
2017,R022,20. Aanschaffingen van materiële vaste activa / Toegevoegde waarde (%),PU410,PU410 : Gezondheidszorg en maatschappelijke dienstverlening,Gezondheidszorg,19.44
2018,R022,20. Aanschaffingen van materiële vaste activa / Toegevoegde waarde (%),PU410,PU410 : Gezondheidszorg en maatschappelijke dienstverlening,Gezondheidszorg,18.59
2019,R022,20. Aanschaffingen van materiële vaste activa / Toegevoegde waarde (%),PU410,PU410 : Gezondheidszorg en maatschappelijke dienstverlening,Gezondheidszorg,18.11
2020,R022,20. Aanschaffingen van materiële vaste activa / Toegevoegde waarde (%),PU410,PU410 : Gezondheidszorg en maatschappelijke dienstverlening,Gezondheidszorg,15.67
2021,R022,20. Aanschaffingen van materiële vaste activa / Toegevoegde waarde (%),PU410,PU410 : Gezondheidszorg en maatschappelijke dienstverlening,Gezondheidszorg,17.36
2022,R022,20. Aanschaffingen van materiële vaste activa / Toegevoegde waarde (%),PU410,PU410 : Gezondheidszorg en maatschappelijke dienstverlening,Gezondheidszorg,16.88
2009,R023,21. Vernieuwingsgraad inzake materiële vaste activa (%),PU210,"PU210 : Landbouw, jacht, bosbouw en visserij",Landbouw,22.48
2010,R023,21. Vernieuwingsgraad inzake materiële vaste activa (%),PU210,"PU210 : Landbouw, jacht, bosbouw en visserij",Landbouw,21.07
2011,R023,21. Vernieuwingsgraad inzake materiële vaste activa (%),PU210,"PU210 : Landbouw, jacht, bosbouw en visserij",Landbouw,20.35
2012,R023,21. Vernieuwingsgraad inzake materiële vaste activa (%),PU210,"PU210 : Landbouw, jacht, bosbouw en visserij",Landbouw,19.52
2013,R023,21. Vernieuwingsgraad inzake materiële vaste activa (%),PU210,"PU210 : Landbouw, jacht, bosbouw en visserij",Landbouw,17.25
2014,R023,21. Vernieuwingsgraad inzake materiële vaste activa (%),PU210,"PU210 : Landbouw, jacht, bosbouw en visserij",Landbouw,16.87
2015,R023,21. Vernieuwingsgraad inzake materiële vaste activa (%),PU210,"PU210 : Landbouw, jacht, bosbouw en visserij",Landbouw,16.67
2016,R023,21. Vernieuwingsgraad inzake materiële vaste activa (%),PU210,"PU210 : Landbouw, jacht, bosbouw en visserij",Landbouw,16.89
2017,R023,21. Vernieuwingsgraad inzake materiële vaste activa (%),PU210,"PU210 : Landbouw, jacht, bosbouw en visserij",Landbouw,18.2
2018,R023,21. Vernieuwingsgraad inzake materiële vaste activa (%),PU210,"PU210 : Landbouw, jacht, bosbouw en visserij",Landbouw,20.75
2019,R023,21. Vernieuwingsgraad inzake materiële vaste activa (%),PU210,"PU210 : Landbouw, jacht, bosbouw en visserij",Landbouw,20.69
2020,R023,21. Vernieuwingsgraad inzake materiële vaste activa (%),PU210,"PU210 : Landbouw, jacht, bosbouw en visserij",Landbouw,19.65
2021,R023,21. Vernieuwingsgraad inzake materiële vaste activa (%),PU210,"PU210 : Landbouw, jacht, bosbouw en visserij",Landbouw,19.83
2022,R023,21. Vernieuwingsgraad inzake materiële vaste activa (%),PU210,"PU210 : Landbouw, jacht, bosbouw en visserij",Landbouw,19.98
2009,R023,21. Vernieuwingsgraad inzake materiële vaste activa (%),PU220,PU220 : Energie- en waterhuishouding,Energie en water,16.71
2010,R023,21. Vernieuwingsgraad inzake materiële vaste activa (%),PU220,PU220 : Energie- en waterhuishouding,Energie en water,12.41
2011,R023,21. Vernieuwingsgraad inzake materiële vaste activa (%),PU220,PU220 : Energie- en waterhuishouding,Energie en water,10.93
2012,R023,21. Vernieuwingsgraad inzake materiële vaste activa (%),PU220,PU220 : Energie- en waterhuishouding,Energie en water,10.48
2013,R023,21. Vernieuwingsgraad inzake materiële vaste activa (%),PU220,PU220 : Energie- en waterhuishouding,Energie en water,19.19
2014,R023,21. Vernieuwingsgraad inzake materiële vaste activa (%),PU220,PU220 : Energie- en waterhuishouding,Energie en water,10.72
2015,R023,21. Vernieuwingsgraad inzake materiële vaste activa (%),PU220,PU220 : Energie- en waterhuishouding,Energie en water,9.15
2016,R023,21. Vernieuwingsgraad inzake materiële vaste activa (%),PU220,PU220 : Energie- en waterhuishouding,Energie en water,10.11
2017,R023,21. Vernieuwingsgraad inzake materiële vaste activa (%),PU220,PU220 : Energie- en waterhuishouding,Energie en water,9.05
2018,R023,21. Vernieuwingsgraad inzake materiële vaste activa (%),PU220,PU220 : Energie- en waterhuishouding,Energie en water,10.55
2019,R023,21. Vernieuwingsgraad inzake materiële vaste activa (%),PU220,PU220 : Energie- en waterhuishouding,Energie en water,11.74
2020,R023,21. Vernieuwingsgraad inzake materiële vaste activa (%),PU220,PU220 : Energie- en waterhuishouding,Energie en water,8.87
2021,R023,21. Vernieuwingsgraad inzake materiële vaste activa (%),PU220,PU220 : Energie- en waterhuishouding,Energie en water,7.84
2022,R023,21. Vernieuwingsgraad inzake materiële vaste activa (%),PU220,PU220 : Energie- en waterhuishouding,Energie en water,8.66
2009,R023,21. Vernieuwingsgraad inzake materiële vaste activa (%),PU290,PU290 : Geheel van de verwerkende industrie,Verwerkende industrie,22.29
2010,R023,21. Vernieuwingsgraad inzake materiële vaste activa (%),PU290,PU290 : Geheel van de verwerkende industrie,Verwerkende industrie,20.23
2011,R023,21. Vernieuwingsgraad inzake materiële vaste activa (%),PU290,PU290 : Geheel van de verwerkende industrie,Verwerkende industrie,22.3
2012,R023,21. Vernieuwingsgraad inzake materiële vaste activa (%),PU290,PU290 : Geheel van de verwerkende industrie,Verwerkende industrie,24.02
2013,R023,21. Vernieuwingsgraad inzake materiële vaste activa (%),PU290,PU290 : Geheel van de verwerkende industrie,Verwerkende industrie,21.64
2014,R023,21. Vernieuwingsgraad inzake materiële vaste activa (%),PU290,PU290 : Geheel van de verwerkende industrie,Verwerkende industrie,22.88
2015,R023,21. Vernieuwingsgraad inzake materiële vaste activa (%),PU290,PU290 : Geheel van de verwerkende industrie,Verwerkende industrie,24.04
2016,R023,21. Vernieuwingsgraad inzake materiële vaste activa (%),PU290,PU290 : Geheel van de verwerkende industrie,Verwerkende industrie,24.75
2017,R023,21. Vernieuwingsgraad inzake materiële vaste activa (%),PU290,PU290 : Geheel van de verwerkende industrie,Verwerkende industrie,23.47
2018,R023,21. Vernieuwingsgraad inzake materiële vaste activa (%),PU290,PU290 : Geheel van de verwerkende industrie,Verwerkende industrie,23.48
2019,R023,21. Vernieuwingsgraad inzake materiële vaste activa (%),PU290,PU290 : Geheel van de verwerkende industrie,Verwerkende industrie,24.45
2020,R023,21. Vernieuwingsgraad inzake materiële vaste activa (%),PU290,PU290 : Geheel van de verwerkende industrie,Verwerkende industrie,20.95
2021,R023,21. Vernieuwingsgraad inzake materiële vaste activa (%),PU290,PU290 : Geheel van de verwerkende industrie,Verwerkende industrie,22.13
2022,R023,21. Vernieuwingsgraad inzake materiële vaste activa (%),PU290,PU290 : Geheel van de verwerkende industrie,Verwerkende industrie,24.31
2009,R023,21. Vernieuwingsgraad inzake materiële vaste activa (%),PU300,PU300 : Bouwnijverheid,Bouwnijverheid,19.16
2010,R023,21. Vernieuwingsgraad inzake materiële vaste activa (%),PU300,PU300 : Bouwnijverheid,Bouwnijverheid,16.52
2011,R023,21. Vernieuwingsgraad inzake materiële vaste activa (%),PU300,PU300 : Bouwnijverheid,Bouwnijverheid,17.83
2012,R023,21. Vernieuwingsgraad inzake materiële vaste activa (%),PU300,PU300 : Bouwnijverheid,Bouwnijverheid,15.38
2013,R023,21. Vernieuwingsgraad inzake materiële vaste activa (%),PU300,PU300 : Bouwnijverheid,Bouwnijverheid,16.02
2014,R023,21. Vernieuwingsgraad inzake materiële vaste activa (%),PU300,PU300 : Bouwnijverheid,Bouwnijverheid,13.04
2015,R023,21. Vernieuwingsgraad inzake materiële vaste activa (%),PU300,PU300 : Bouwnijverheid,Bouwnijverheid,20.18
2016,R023,21. Vernieuwingsgraad inzake materiële vaste activa (%),PU300,PU300 : Bouwnijverheid,Bouwnijverheid,20.78
2017,R023,21. Vernieuwingsgraad inzake materiële vaste activa (%),PU300,PU300 : Bouwnijverheid,Bouwnijverheid,21.71
2018,R023,21. Vernieuwingsgraad inzake materiële vaste activa (%),PU300,PU300 : Bouwnijverheid,Bouwnijverheid,24.66
2019,R023,21. Vernieuwingsgraad inzake materiële vaste activa (%),PU300,PU300 : Bouwnijverheid,Bouwnijverheid,22.18
2020,R023,21. Vernieuwingsgraad inzake materiële vaste activa (%),PU300,PU300 : Bouwnijverheid,Bouwnijverheid,20.72
2021,R023,21. Vernieuwingsgraad inzake materiële vaste activa (%),PU300,PU300 : Bouwnijverheid,Bouwnijverheid,21.79
2022,R023,21. Vernieuwingsgraad inzake materiële vaste activa (%),PU300,PU300 : Bouwnijverheid,Bouwnijverheid,22.74
2009,R023,21. Vernieuwingsgraad inzake materiële vaste activa (%),PU310,PU310 : Handel en reparatie van auto's en consumptieartikelen,Handel en reparatie,21.87
2010,R023,21. Vernieuwingsgraad inzake materiële vaste activa (%),PU310,PU310 : Handel en reparatie van auto's en consumptieartikelen,Handel en reparatie,22.23
2011,R023,21. Vernieuwingsgraad inzake materiële vaste activa (%),PU310,PU310 : Handel en reparatie van auto's en consumptieartikelen,Handel en reparatie,23.45
2012,R023,21. Vernieuwingsgraad inzake materiële vaste activa (%),PU310,PU310 : Handel en reparatie van auto's en consumptieartikelen,Handel en reparatie,22.55
2013,R023,21. Vernieuwingsgraad inzake materiële vaste activa (%),PU310,PU310 : Handel en reparatie van auto's en consumptieartikelen,Handel en reparatie,21.23
2014,R023,21. Vernieuwingsgraad inzake materiële vaste activa (%),PU310,PU310 : Handel en reparatie van auto's en consumptieartikelen,Handel en reparatie,20.96
2015,R023,21. Vernieuwingsgraad inzake materiële vaste activa (%),PU310,PU310 : Handel en reparatie van auto's en consumptieartikelen,Handel en reparatie,21.0
2016,R023,21. Vernieuwingsgraad inzake materiële vaste activa (%),PU310,PU310 : Handel en reparatie van auto's en consumptieartikelen,Handel en reparatie,21.42
2017,R023,21. Vernieuwingsgraad inzake materiële vaste activa (%),PU310,PU310 : Handel en reparatie van auto's en consumptieartikelen,Handel en reparatie,22.61
2018,R023,21. Vernieuwingsgraad inzake materiële vaste activa (%),PU310,PU310 : Handel en reparatie van auto's en consumptieartikelen,Handel en reparatie,22.21
2019,R023,21. Vernieuwingsgraad inzake materiële vaste activa (%),PU310,PU310 : Handel en reparatie van auto's en consumptieartikelen,Handel en reparatie,21.32
2020,R023,21. Vernieuwingsgraad inzake materiële vaste activa (%),PU310,PU310 : Handel en reparatie van auto's en consumptieartikelen,Handel en reparatie,19.8
2021,R023,21. Vernieuwingsgraad inzake materiële vaste activa (%),PU310,PU310 : Handel en reparatie van auto's en consumptieartikelen,Handel en reparatie,20.56
2022,R023,21. Vernieuwingsgraad inzake materiële vaste activa (%),PU310,PU310 : Handel en reparatie van auto's en consumptieartikelen,Handel en reparatie,21.97
2009,R023,21. Vernieuwingsgraad inzake materiële vaste activa (%),PU320,"PU320 : Verblijfsaccommodaties, restaurants en cafés",Horeca,15.38
2010,R023,21. Vernieuwingsgraad inzake materiële vaste activa (%),PU320,"PU320 : Verblijfsaccommodaties, restaurants en cafés",Horeca,15.94
2011,R023,21. Vernieuwingsgraad inzake materiële vaste activa (%),PU320,"PU320 : Verblijfsaccommodaties, restaurants en cafés",Horeca,16.12
2012,R023,21. Vernieuwingsgraad inzake materiële vaste activa (%),PU320,"PU320 : Verblijfsaccommodaties, restaurants en cafés",Horeca,15.65
2013,R023,21. Vernieuwingsgraad inzake materiële vaste activa (%),PU320,"PU320 : Verblijfsaccommodaties, restaurants en cafés",Horeca,13.66
2014,R023,21. Vernieuwingsgraad inzake materiële vaste activa (%),PU320,"PU320 : Verblijfsaccommodaties, restaurants en cafés",Horeca,13.65
2015,R023,21. Vernieuwingsgraad inzake materiële vaste activa (%),PU320,"PU320 : Verblijfsaccommodaties, restaurants en cafés",Horeca,14.32
2016,R023,21. Vernieuwingsgraad inzake materiële vaste activa (%),PU320,"PU320 : Verblijfsaccommodaties, restaurants en cafés",Horeca,16.25
2017,R023,21. Vernieuwingsgraad inzake materiële vaste activa (%),PU320,"PU320 : Verblijfsaccommodaties, restaurants en cafés",Horeca,17.23
2018,R023,21. Vernieuwingsgraad inzake materiële vaste activa (%),PU320,"PU320 : Verblijfsaccommodaties, restaurants en cafés",Horeca,16.64
2019,R023,21. Vernieuwingsgraad inzake materiële vaste activa (%),PU320,"PU320 : Verblijfsaccommodaties, restaurants en cafés",Horeca,18.34
2020,R023,21. Vernieuwingsgraad inzake materiële vaste activa (%),PU320,"PU320 : Verblijfsaccommodaties, restaurants en cafés",Horeca,15.15
2021,R023,21. Vernieuwingsgraad inzake materiële vaste activa (%),PU320,"PU320 : Verblijfsaccommodaties, restaurants en cafés",Horeca,14.82
2022,R023,21. Vernieuwingsgraad inzake materiële vaste activa (%),PU320,"PU320 : Verblijfsaccommodaties, restaurants en cafés",Horeca,16.11
2009,R023,21. Vernieuwingsgraad inzake materiële vaste activa (%),PU330,PU330 : Vervoer en telecommunicatie,Vervoer en telecom,22.16
2010,R023,21. Vernieuwingsgraad inzake materiële vaste activa (%),PU330,PU330 : Vervoer en telecommunicatie,Vervoer en telecom,16.91
2011,R023,21. Vernieuwingsgraad inzake materiële vaste activa (%),PU330,PU330 : Vervoer en telecommunicatie,Vervoer en telecom,20.1
2012,R023,21. Vernieuwingsgraad inzake materiële vaste activa (%),PU330,PU330 : Vervoer en telecommunicatie,Vervoer en telecom,15.58
2013,R023,21. Vernieuwingsgraad inzake materiële vaste activa (%),PU330,PU330 : Vervoer en telecommunicatie,Vervoer en telecom,21.62
2014,R023,21. Vernieuwingsgraad inzake materiële vaste activa (%),PU330,PU330 : Vervoer en telecommunicatie,Vervoer en telecom,19.25
2015,R023,21. Vernieuwingsgraad inzake materiële vaste activa (%),PU330,PU330 : Vervoer en telecommunicatie,Vervoer en telecom,12.94
2016,R023,21. Vernieuwingsgraad inzake materiële vaste activa (%),PU330,PU330 : Vervoer en telecommunicatie,Vervoer en telecom,12.89
2017,R023,21. Vernieuwingsgraad inzake materiële vaste activa (%),PU330,PU330 : Vervoer en telecommunicatie,Vervoer en telecom,13.39
2018,R023,21. Vernieuwingsgraad inzake materiële vaste activa (%),PU330,PU330 : Vervoer en telecommunicatie,Vervoer en telecom,16.02
2019,R023,21. Vernieuwingsgraad inzake materiële vaste activa (%),PU330,PU330 : Vervoer en telecommunicatie,Vervoer en telecom,13.32
2020,R023,21. Vernieuwingsgraad inzake materiële vaste activa (%),PU330,PU330 : Vervoer en telecommunicatie,Vervoer en telecom,10.71
2021,R023,21. Vernieuwingsgraad inzake materiële vaste activa (%),PU330,PU330 : Vervoer en telecommunicatie,Vervoer en telecom,11.5
2022,R023,21. Vernieuwingsgraad inzake materiële vaste activa (%),PU330,PU330 : Vervoer en telecommunicatie,Vervoer en telecom,12.19
2009,R023,21. Vernieuwingsgraad inzake materiële vaste activa (%),PU340,PU340 : Diensten aan ondernemingen en particulieren,Diensten,16.8
2010,R023,21. Vernieuwingsgraad inzake materiële vaste activa (%),PU340,PU340 : Diensten aan ondernemingen en particulieren,Diensten,16.08
2011,R023,21. Vernieuwingsgraad inzake materiële vaste activa (%),PU340,PU340 : Diensten aan ondernemingen en particulieren,Diensten,19.33
2012,R023,21. Vernieuwingsgraad inzake materiële vaste activa (%),PU340,PU340 : Diensten aan ondernemingen en particulieren,Diensten,16.87
2013,R023,21. Vernieuwingsgraad inzake materiële vaste activa (%),PU340,PU340 : Diensten aan ondernemingen en particulieren,Diensten,16.26
2014,R023,21. Vernieuwingsgraad inzake materiële vaste activa (%),PU340,PU340 : Diensten aan ondernemingen en particulieren,Diensten,17.21
2015,R023,21. Vernieuwingsgraad inzake materiële vaste activa (%),PU340,PU340 : Diensten aan ondernemingen en particulieren,Diensten,16.16
2016,R023,21. Vernieuwingsgraad inzake materiële vaste activa (%),PU340,PU340 : Diensten aan ondernemingen en particulieren,Diensten,17.62
2017,R023,21. Vernieuwingsgraad inzake materiële vaste activa (%),PU340,PU340 : Diensten aan ondernemingen en particulieren,Diensten,17.01
2018,R023,21. Vernieuwingsgraad inzake materiële vaste activa (%),PU340,PU340 : Diensten aan ondernemingen en particulieren,Diensten,17.86
2019,R023,21. Vernieuwingsgraad inzake materiële vaste activa (%),PU340,PU340 : Diensten aan ondernemingen en particulieren,Diensten,16.97
2020,R023,21. Vernieuwingsgraad inzake materiële vaste activa (%),PU340,PU340 : Diensten aan ondernemingen en particulieren,Diensten,15.76
2021,R023,21. Vernieuwingsgraad inzake materiële vaste activa (%),PU340,PU340 : Diensten aan ondernemingen en particulieren,Diensten,17.0
2022,R023,21. Vernieuwingsgraad inzake materiële vaste activa (%),PU340,PU340 : Diensten aan ondernemingen en particulieren,Diensten,19.06
2009,R023,21. Vernieuwingsgraad inzake materiële vaste activa (%),PU405,PU405 : Activiteiten van holdings,Holdings,31.29
2010,R023,21. Vernieuwingsgraad inzake materiële vaste activa (%),PU405,PU405 : Activiteiten van holdings,Holdings,23.13
2011,R023,21. Vernieuwingsgraad inzake materiële vaste activa (%),PU405,PU405 : Activiteiten van holdings,Holdings,23.64
2012,R023,21. Vernieuwingsgraad inzake materiële vaste activa (%),PU405,PU405 : Activiteiten van holdings,Holdings,19.37
2013,R023,21. Vernieuwingsgraad inzake materiële vaste activa (%),PU405,PU405 : Activiteiten van holdings,Holdings,21.39
2014,R023,21. Vernieuwingsgraad inzake materiële vaste activa (%),PU405,PU405 : Activiteiten van holdings,Holdings,16.71
2015,R023,21. Vernieuwingsgraad inzake materiële vaste activa (%),PU405,PU405 : Activiteiten van holdings,Holdings,18.6
2016,R023,21. Vernieuwingsgraad inzake materiële vaste activa (%),PU405,PU405 : Activiteiten van holdings,Holdings,16.9
2017,R023,21. Vernieuwingsgraad inzake materiële vaste activa (%),PU405,PU405 : Activiteiten van holdings,Holdings,20.3
2018,R023,21. Vernieuwingsgraad inzake materiële vaste activa (%),PU405,PU405 : Activiteiten van holdings,Holdings,19.34
2019,R023,21. Vernieuwingsgraad inzake materiële vaste activa (%),PU405,PU405 : Activiteiten van holdings,Holdings,26.98
2020,R023,21. Vernieuwingsgraad inzake materiële vaste activa (%),PU405,PU405 : Activiteiten van holdings,Holdings,20.1
2021,R023,21. Vernieuwingsgraad inzake materiële vaste activa (%),PU405,PU405 : Activiteiten van holdings,Holdings,30.64
2022,R023,21. Vernieuwingsgraad inzake materiële vaste activa (%),PU405,PU405 : Activiteiten van holdings,Holdings,26.6
2009,R023,21. Vernieuwingsgraad inzake materiële vaste activa (%),PU409,"PU409 : Kunst, amusement en recreatie",Kunst en recreatie,18.33
2010,R023,21. Vernieuwingsgraad inzake materiële vaste activa (%),PU409,"PU409 : Kunst, amusement en recreatie",Kunst en recreatie,16.77
2011,R023,21. Vernieuwingsgraad inzake materiële vaste activa (%),PU409,"PU409 : Kunst, amusement en recreatie",Kunst en recreatie,19.32
2012,R023,21. Vernieuwingsgraad inzake materiële vaste activa (%),PU409,"PU409 : Kunst, amusement en recreatie",Kunst en recreatie,22.83
2013,R023,21. Vernieuwingsgraad inzake materiële vaste activa (%),PU409,"PU409 : Kunst, amusement en recreatie",Kunst en recreatie,21.61
2014,R023,21. Vernieuwingsgraad inzake materiële vaste activa (%),PU409,"PU409 : Kunst, amusement en recreatie",Kunst en recreatie,19.78
2015,R023,21. Vernieuwingsgraad inzake materiële vaste activa (%),PU409,"PU409 : Kunst, amusement en recreatie",Kunst en recreatie,16.64
2016,R023,21. Vernieuwingsgraad inzake materiële vaste activa (%),PU409,"PU409 : Kunst, amusement en recreatie",Kunst en recreatie,17.43
2017,R023,21. Vernieuwingsgraad inzake materiële vaste activa (%),PU409,"PU409 : Kunst, amusement en recreatie",Kunst en recreatie,16.1
2018,R023,21. Vernieuwingsgraad inzake materiële vaste activa (%),PU409,"PU409 : Kunst, amusement en recreatie",Kunst en recreatie,19.14
2009,R023,21. Vernieuwingsgraad inzake materiële vaste activa (%),PU410,PU410 : Gezondheidszorg en maatschappelijke dienstverlening,Gezondheidszorg,24.35
2010,R023,21. Vernieuwingsgraad inzake materiële vaste activa (%),PU410,PU410 : Gezondheidszorg en maatschappelijke dienstverlening,Gezondheidszorg,25.39
2011,R023,21. Vernieuwingsgraad inzake materiële vaste activa (%),PU410,PU410 : Gezondheidszorg en maatschappelijke dienstverlening,Gezondheidszorg,23.7
2012,R023,21. Vernieuwingsgraad inzake materiële vaste activa (%),PU410,PU410 : Gezondheidszorg en maatschappelijke dienstverlening,Gezondheidszorg,22.37
2013,R023,21. Vernieuwingsgraad inzake materiële vaste activa (%),PU410,PU410 : Gezondheidszorg en maatschappelijke dienstverlening,Gezondheidszorg,20.11
2014,R023,21. Vernieuwingsgraad inzake materiële vaste activa (%),PU410,PU410 : Gezondheidszorg en maatschappelijke dienstverlening,Gezondheidszorg,18.52
2015,R023,21. Vernieuwingsgraad inzake materiële vaste activa (%),PU410,PU410 : Gezondheidszorg en maatschappelijke dienstverlening,Gezondheidszorg,16.86
2016,R023,21. Vernieuwingsgraad inzake materiële vaste activa (%),PU410,PU410 : Gezondheidszorg en maatschappelijke dienstverlening,Gezondheidszorg,17.16
2017,R023,21. Vernieuwingsgraad inzake materiële vaste activa (%),PU410,PU410 : Gezondheidszorg en maatschappelijke dienstverlening,Gezondheidszorg,15.12
2018,R023,21. Vernieuwingsgraad inzake materiële vaste activa (%),PU410,PU410 : Gezondheidszorg en maatschappelijke dienstverlening,Gezondheidszorg,14.74
2019,R023,21. Vernieuwingsgraad inzake materiële vaste activa (%),PU410,PU410 : Gezondheidszorg en maatschappelijke dienstverlening,Gezondheidszorg,15.46
2020,R023,21. Vernieuwingsgraad inzake materiële vaste activa (%),PU410,PU410 : Gezondheidszorg en maatschappelijke dienstverlening,Gezondheidszorg,13.11
2021,R023,21. Vernieuwingsgraad inzake materiële vaste activa (%),PU410,PU410 : Gezondheidszorg en maatschappelijke dienstverlening,Gezondheidszorg,17.6
2022,R023,21. Vernieuwingsgraad inzake materiële vaste activa (%),PU410,PU410 : Gezondheidszorg en maatschappelijke dienstverlening,Gezondheidszorg,17.69
