id,programma,subprogramma,entiteit,project,deelproject,locatie,budget2025,budget2026,budget2027,budget_total,investment_years,start_year,municipality_codes,municipality_names
gip-0001,Asset Management,Autosnelwegen,Agentschap Wegen En Verkeer,A11 - milderende maatregelen,Milderende maatregelen,Maldegem; Brugge; Damme; Knokke-Heist,100000.0,0.0,0.0,100000.0,2025,2025,43010;31005;31006;31043,Maldegem;Brugge;Damme;Knokke-Heist
gip-0002,Asset Management,Autosnelwegen,Agentschap Wegen En Verkeer,A12 Structureel onderhoud Meise-Londerzeel,Uitvoering,Meise; Londerzeel,10273000.0,9727000.0,0.0,20000000.0,2025;2026,2025,23050;23045,Meise;Londerzeel
gip-0003,Asset Management,Autosnelwegen,Agentschap Wegen En Verkeer,A17 structureel onderhoud vak Roeselare - Kortrijk,Uitvoering,Roeselare; Kortrijk,8000000.0,0.0,0.0,8000000.0,2025,2025,36015;34022,Roeselare;Kortrijk
gip-0004,Asset Management,Autosnelwegen,Agentschap Wegen En Verkeer,A17 structureel onderhoud vak taalgrens-Aalbeke,Uitvoering,Aalbeke,0.0,0.0,3000000.0,3000000.0,2027,2027,34022,Kortrijk
gip-0005,Asset Management,Autosnelwegen,Agentschap Wegen En Verkeer,Dienstenzones,"Bewaking, controle en diverse",Vlaanderen,2310000.0,2310000.0,2310000.0,6930000.0,2025;2026;2027,2025,,
gip-0006,Asset Management,Autosnelwegen,Agentschap Wegen En Verkeer,E 17 Structureel onderhoud tussen Beervelde en Lokeren,Uitvoering,Kalken; Lokeren,3500000.0,0.0,0.0,3500000.0,2025,2025,42010;46014,Laarne;Lokeren
gip-0007,Asset Management,Autosnelwegen,Agentschap Wegen En Verkeer,E 17 Structureel onderhoud tussen Sint Niklaas en Kruibeke,Uitvoering,Sint-Niklaas; Kruibeke,3500000.0,0.0,0.0,3500000.0,2025,2025,46021;46013,Sint-Niklaas;Kruibeke
gip-0008,Asset Management,Autosnelwegen,Agentschap Wegen En Verkeer,E17 Dienstenzone Rekkem,Uitvoering,Menen,0.0,0.0,10000000.0,10000000.0,2027,2027,34027,Menen
gip-0009,Asset Management,Autosnelwegen,Agentschap Wegen En Verkeer,E17 Zwijnaarde - Kruishoutem,Uitvoering,Vlaanderen,600000.0,0.0,0.0,600000.0,2025,2025,,
gip-0010,Asset Management,Autosnelwegen,Agentschap Wegen En Verkeer,E19 Structureel onderhoud E19 Zuid,Uitvoering,Hoogstraten; Wuustwezel,7400000.0,0.0,0.0,7400000.0,2025,2025,13014;11053,Hoogstraten;Wuustwezel
gip-0011,Asset Management,Autosnelwegen,Agentschap Wegen En Verkeer,E313,Uitvoering,Vlaanderen,0.0,20000000.0,0.0,20000000.0,2026,2026,,
gip-0012,Asset Management,Autosnelwegen,Agentschap Wegen En Verkeer,E313 van R1 tot splitsing E313 kmpt 4 te Wommelgem tot kmpt 9.6 te Ranst,Uitvoering,Antwerpen,600000.0,0.0,0.0,600000.0,2025,2025,11002,Antwerpen
gip-0013,Asset Management,Autosnelwegen,Agentschap Wegen En Verkeer,E34 Heraanleg Kemzeke - Moerbeke,Uitvoering,Kemzeke; Moerbeke,0.0,0.0,16000000.0,16000000.0,2027,2027,46024;44045,Stekene;Moerbeke
gip-0014,Asset Management,Autosnelwegen,Agentschap Wegen En Verkeer,E34 Stekene - project nieuw nevenbedrijf,haalbaarheidsstudie,Stekene,0.0,100000.0,0.0,100000.0,2026,2026,46024,Stekene
gip-0015,Asset Management,Autosnelwegen,Agentschap Wegen En Verkeer,E40 Goetsenhoven Structureel onderhoud,Uitvoering,Hoegaarden; Tienen,0.0,5000000.0,0.0,5000000.0,2026,2026,24041;24107,Hoegaarden;Tienen
gip-0016,Asset Management,Autosnelwegen,Agentschap Wegen En Verkeer,FAST,Uitvoering,Vlaanderen,1215000.0,1215000.0,1215000.0,3645000.0,2025;2026;2027,2025,,
gip-0017,Asset Management,Autosnelwegen,Agentschap Wegen En Verkeer,PPS A-wegen,Studie,Vlaanderen,5000000.0,5000000.0,5000000.0,15000000.0,2025;2026;2027,2025,,
gip-0018,Asset Management,Autosnelwegen,Agentschap Wegen En Verkeer,R0 herasfalteren (Beersel/drogenbos),Fase 1,Beersel; Halle; Sint-Pieters-Leeuw,4520000.0,0.0,0.0,4520000.0,2025,2025,23003;23027;23077,Beersel;Halle;Sint-Pieters-Leeuw
gip-0019,Asset Management,Autosnelwegen,Agentschap Wegen En Verkeer,R2 Antwerpen Structureel Onderhoud,Fase 1,Beveren,5000000.0,0.0,0.0,5000000.0,2025,2025,46003,Beveren
gip-0020,Asset Management,Autosnelwegen,Agentschap Wegen En Verkeer,Structureel onderhoud wegen A,Uitvoering,Vlaanderen,6800000.0,0.0,0.0,6800000.0,2025,2025,,
gip-0021,Asset Management,Autosnelwegen,Agentschap Wegen En Verkeer,Tijdelijke bruggen A12 (W20 en W21),Fase 1,Grimbergen,0.0,4000000.0,0.0,4000000.0,2026,2026,23025,Grimbergen
gip-0022,Asset Management,Baggerwerken en slibverwerking,Agentschap voor Maritieme Dienstverlening en Kust,Onderhoudsbaggerwerken kustjachthavens Nieuwpoort en Blankenberge en jachthavendokken Oostende en Zeebrugge,Onderhoudsbaggerwerken kustjachthavens Nieuwpoort en Blankenberge en jachthavendokken Oostende en Zeebrugge,Kustjachthavens Vlaanderen,16107000.0,15107000.0,15107000.0,46321000.0,2025;2026;2027,2025,31004;31005;38016;35013,Blankenberge;Brugge;Nieuwpoort;Oostende
gip-0023,Asset Management,Baggerwerken en slibverwerking,De Vlaamse Waterweg,Diverse baggerwerken en speciebehandeling,Diverse baggerwerken en speciebehandeling (te bepalen),Vlaanderen,7321234.0,10000000.0,13000000.0,30321234.0,2025;2026;2027,2025,,
gip-0024,Asset Management,Baggerwerken en slibverwerking,De Vlaamse Waterweg,Diverse baggerwerken en speciebehandeling,Diverse baggerwerken en speciebehandeling- DOP Lochristi,Lochristi,0.0,500000.0,2000000.0,2500000.0,2026;2027,2026,44034,Lochristi
gip-0025,Asset Management,Baggerwerken en slibverwerking,De Vlaamse Waterweg,Diverse baggerwerken en speciebehandeling,Diverse baggerwerken en speciebehandeling- inrichting en beheer Argex-site,Kruibeke,2325000.0,0.0,0.0,2325000.0,2025,2025,46013,Kruibeke
gip-0026,Asset Management,Baggerwerken en slibverwerking,Departement Mobiliteit en Openbare Werken,Baggerwerken in kanalen,Baggerwerken in kanalen,Vaarpas naar zeehavens,8700000.0,8500000.0,18500000.0,35700000.0,2025;2026;2027,2025,,
gip-0027,Asset Management,Baggerwerken en slibverwerking,Departement Mobiliteit en Openbare Werken,Exploitatie slibverwerkingseenheid,Exploitatie slibverwerkingseenheid,Zeehavenoverschrijdend,38500000.0,35500000.0,44500000.0,118500000.0,2025;2026;2027,2025,,
gip-0028,Asset Management,Baggerwerken en slibverwerking,Departement Mobiliteit en Openbare Werken,Onderhoudsbaggerwerken vaarpassen,Onderhoudsbaggerwerken vaarpassen,Vaarpas naar zeehavens,135000000.0,135000000.0,135000000.0,405000000.0,2025;2026;2027,2025,,
gip-0029,Asset Management,Baggerwerken en slibverwerking,Departement Mobiliteit en Openbare Werken,Realisatie slibverwerkingseenheid,Realisatie slibverwerkingseenheid,Zeehavenoverschrijdend,7096046.0,5322035.0,0.0,12418081.0,2025;2026,2025,,
gip-0030,Asset Management,Baggerwerken en slibverwerking,Departement Mobiliteit en Openbare Werken,Technisch vaarwegbeheer,Technisch vaarwegbeheer,Zeehaven van Antwerpen,7500000.0,7500000.0,7500000.0,22500000.0,2025;2026;2027,2025,11002,Antwerpen
gip-0031,Asset Management,Gewestwegen,Agentschap Wegen En Verkeer,3de jaar Bestelling BA00172: Verplaatsen glasvezelkabel ihkv de herinrichting van het kruispunt R40 x Groot Britanniëlaan,Uitvoering,Gent,181653.21,0.0,0.0,181653.21,2025,2025,44021,Gent
gip-0032,Asset Management,Gewestwegen,Agentschap Wegen En Verkeer,Finalisatie fietspaden N212 te Scherpenheuvel-Zichem,Uitvoering,Scherpenheuvel-Zichem,0.0,500000.0,0.0,500000.0,2026,2026,24134,Scherpenheuvel-Zichem
gip-0033,Asset Management,Gewestwegen,Agentschap Wegen En Verkeer,Frans De l'Arbrelaan Merksem,Uitvoering,Merksem,8819.0,0.0,0.0,8819.0,2025,2025,11002,Antwerpen
gip-0034,Asset Management,Gewestwegen,Agentschap Wegen En Verkeer,Grobbendonk overschrijding MOD13,subsidie - overschreiding MOD,Grobbendonk,0.0,1500000.0,0.0,1500000.0,2026,2026,13010,Grobbendonk
gip-0035,Asset Management,Gewestwegen,Agentschap Wegen En Verkeer,Grote sportevenementen,Uitvoering,Vlaanderen,200000.0,200000.0,200000.0,600000.0,2025;2026;2027,2025,,
gip-0036,Asset Management,Gewestwegen,Agentschap Wegen En Verkeer,Haacht N21,Uitvoering,Haacht,548642.21,0.0,0.0,548642.21,2025,2025,24033,Haacht
gip-0037,Asset Management,Gewestwegen,Agentschap Wegen En Verkeer,Heuvelland N375: heraanleg (N375 Ieper - Structureel onderhoud),Studie,Ieper; Heuvelland,0.0,0.0,100000.0,100000.0,2027,2027,33011;33039,Ieper;Heuvelland
gip-0038,Asset Management,Gewestwegen,Agentschap Wegen En Verkeer,N003 Fietspaden Lovenjoel - Boutersem (X21/N3/43),bijkomende vastlegging module,Lovenjoel; Boutersem,0.0,0.0,800000.0,800000.0,2027,2027,24011;24016,Bierbeek;Boutersem
gip-0039,Asset Management,Gewestwegen,Agentschap Wegen En Verkeer,N010 - aanleg middenberm voor ontdubbelen N10,bijkomende vastlegging module,Berlaar; Heist-op-den-Berg; Putte,800.0,0.0,0.0,800.0,2025,2025,12002;12014;12029,Berlaar;Heist-op-den-Berg;Putte
gip-0040,Asset Management,Gewestwegen,Agentschap Wegen En Verkeer,N010 - aanleg middenberm voor ontdubbelen N10,bijkomende vastlegging SOVII,Berlaar; Heist-op-den-Berg; Putte,500000.0,0.0,0.0,500000.0,2025,2025,12002;12014;12029,Berlaar;Heist-op-den-Berg;Putte
gip-0041,Asset Management,Gewestwegen,Agentschap Wegen En Verkeer,N011 Ekeren Brasschaat Herinrichting wegvak,Onteigening,Antwerpen; Brasschaat,0.0,750000.0,0.0,750000.0,2026,2026,11002;11008,Antwerpen;Brasschaat
gip-0042,Asset Management,Gewestwegen,Agentschap Wegen En Verkeer,N011 Ekeren Brasschaat Herinrichting wegvak,Studie,Antwerpen; Brasschaat,0.0,100000.0,0.0,100000.0,2026,2026,11002;11008,Antwerpen;Brasschaat
gip-0043,Asset Management,Gewestwegen,Agentschap Wegen En Verkeer,N011 Ekeren Brasschaat Herinrichting wegvak,Uitvoering,Antwerpen; Brasschaat,0.0,0.0,9000000.0,9000000.0,2027,2027,11002;11008,Antwerpen;Brasschaat
gip-0044,Asset Management,Gewestwegen,Agentschap Wegen En Verkeer,N013 LIER Kesselsesteenweg (Lier) MOD13,Uitvoering,Lier; Nijlen,0.0,0.0,650000.0,650000.0,2027,2027,12021;12026,Lier;Nijlen
gip-0045,Asset Management,Gewestwegen,Agentschap Wegen En Verkeer,N1 Kontich Herinrichting Koningin Astridlaan,Uitvoeringh - module 13 (bijkomende vastlegging),Kontich,300000.0,0.0,0.0,300000.0,2025,2025,11024,Kontich
gip-0046,Asset Management,Gewestwegen,Agentschap Wegen En Verkeer,N10 Berlaar Ontsluiting De Hutten,Uitvoering- terugbetaling module 14,Berlaar; Lier,1150000.0,0.0,0.0,1150000.0,2025,2025,12002;12021,Berlaar;Lier
gip-0047,Asset Management,Gewestwegen,Agentschap Wegen En Verkeer,N116 - RANST - Antwerpsesteenweg - MOD13,Uitvoering,Ranst,150000.0,1500000.0,0.0,1650000.0,2025;2026,2025,11035,Ranst
gip-0048,Asset Management,Gewestwegen,Agentschap Wegen En Verkeer,N116 - RANST - Doggenhoutstraat - MOD13,Uitvoering,Ranst,150000.0,1790000.0,0.0,1940000.0,2025;2026,2025,11035,Ranst
gip-0049,Asset Management,Gewestwegen,Agentschap Wegen En Verkeer,N116 - RANST - Kromstraat - terugbetaling Mod 13,Uitvoering,Ranst,1227000.0,0.0,0.0,1227000.0,2025,2025,11035,Ranst
gip-0050,Asset Management,Gewestwegen,Agentschap Wegen En Verkeer,N116 Nijlen Broechemsesteenweg,Nijlen N116 Broechemsesteenweg MOD13 (overschrijding),Nijlen,1600000.0,0.0,0.0,1600000.0,2025,2025,12026,Nijlen
gip-0051,Asset Management,Gewestwegen,Agentschap Wegen En Verkeer,N119 Turnhout MOD13 Kastelein,subsidie - overschreiding MOD,Turnhout,0.0,0.0,200000.0,200000.0,2027,2027,13040,Turnhout
gip-0052,Asset Management,Gewestwegen,Agentschap Wegen En Verkeer,N12 Turnhout / Oud-Turnhout / Ravels MOD13,subsidie - overschreiding MOD,Oud-Turnhout; Ravels; Turnhout,0.0,250000.0,0.0,250000.0,2026,2026,13031;13035;13040,Oud-Turnhout;Ravels;Turnhout
gip-0053,Asset Management,Gewestwegen,Agentschap Wegen En Verkeer,N122 ESSEN MOD13 Doortocht Wildert,Studie,Essen; Kalmthout,0.0,200000.0,0.0,200000.0,2026,2026,11016;11022,Essen;Kalmthout
gip-0054,Asset Management,Gewestwegen,Agentschap Wegen En Verkeer,N133 - WUUSTWEZEL - heraanleg Dorpstraat,Uitvoering,Wuustwezel,1375273.54,0.0,0.0,1375273.54,2025,2025,11053,Wuustwezel
gip-0055,Asset Management,Gewestwegen,Agentschap Wegen En Verkeer,N140 Turnhout herinrichting steenweg op Gierle,Uitvoering,Turnhout,0.0,0.0,5000000.0,5000000.0,2027,2027,13040,Turnhout
gip-0056,Asset Management,Gewestwegen,Agentschap Wegen En Verkeer,N2 Tielt-Winge - Bekkevoort: renovatie rijweg,Uitvoering,Bekkevoort; Tielt-Winge,3000000.0,0.0,0.0,3000000.0,2025,2025,24008;24135,Bekkevoort;Tielt-Winge
gip-0057,Asset Management,Gewestwegen,Agentschap Wegen En Verkeer,N2/14 Diest herstel keermuur,Onteigening,Diest,0.0,370000.0,0.0,370000.0,2026,2026,24020,Diest
gip-0058,Asset Management,Gewestwegen,Agentschap Wegen En Verkeer,N235 Sint-Victor (Beersel),Onteigening,Beersel,0.0,250000.0,0.0,250000.0,2026,2026,23003,Beersel
gip-0059,Asset Management,Gewestwegen,Agentschap Wegen En Verkeer,N26 Boortmeerbeek 'den Tip',Studie,Boortmeerbeek,0.0,0.0,400000.0,400000.0,2027,2027,24014,Boortmeerbeek
gip-0060,Asset Management,Gewestwegen,Agentschap Wegen En Verkeer,N26 Leuven Kampenhout (prioritair BFF),Studie,Leuven; Kampenhout,0.0,0.0,150000.0,150000.0,2027,2027,24062;23038,Leuven;Kampenhout
gip-0061,Asset Management,Gewestwegen,Agentschap Wegen En Verkeer,N26 Mechelen Structureel onderhoud FP (ism Pidpa),Fase 1,Mechelen; Boortmeerbeek,0.0,1000000.0,0.0,1000000.0,2026,2026,12025;24014,Mechelen;Boortmeerbeek
gip-0062,Asset Management,Gewestwegen,Agentschap Wegen En Verkeer,N272 - Galmaarden: Structureel onderhoud rijweg,Fase 1,Galmaarden,0.0,0.0,3250000.0,3250000.0,2027,2027,23023,Galmaarden
gip-0063,Asset Management,Gewestwegen,Agentschap Wegen En Verkeer,N272 - Galmaarden: Structureel onderhoud rijweg,Onteigening,Galmaarden,150000.0,50000.0,0.0,200000.0,2025;2026,2025,23023,Galmaarden
gip-0064,Asset Management,Gewestwegen,Agentschap Wegen En Verkeer,N29/5 Diest - Doortocht Schoonaerde,Fase 1,Diest,0.0,6500000.0,0.0,6500000.0,2026,2026,24020,Diest
gip-0065,Asset Management,Gewestwegen,Agentschap Wegen En Verkeer,N29/5 Diest - Doortocht Schoonaerde,Uitvoering,Diest,450904.0,0.0,0.0,450904.0,2025,2025,24020,Diest
gip-0066,Asset Management,Gewestwegen,Agentschap Wegen En Verkeer,N311 Wervik structureel onderhoud,Uitvoering,Wervik,0.0,450000.0,0.0,450000.0,2026,2026,33029,Wervik
gip-0067,Asset Management,Gewestwegen,Agentschap Wegen En Verkeer,N32 Roeselare: Meensesteenweg doortocht,Uitvoering,Roeselare,0.0,2500000.0,0.0,2500000.0,2026,2026,36015,Roeselare
gip-0068,Asset Management,Gewestwegen,Agentschap Wegen En Verkeer,N33 Oostende Torhoutsesteenweg,Studie,Oostende,0.0,500000.0,0.0,500000.0,2026,2026,35013,Oostende
gip-0069,Asset Management,Gewestwegen,Agentschap Wegen En Verkeer,N34 Koksijde trambedding,Uitvoering,Koksijde,0.0,5850000.0,0.0,5850000.0,2026,2026,38014,Koksijde
gip-0070,Asset Management,Gewestwegen,Agentschap Wegen En Verkeer,N347 Poperinge - Diepenmeers en Sint-Bertinusstraat,fase 2,Poperinge,1200000.0,0.0,0.0,1200000.0,2025,2025,33021,Poperinge
gip-0071,Asset Management,Gewestwegen,Agentschap Wegen En Verkeer,N35 Tielt-Deinze (deel Oost-Vlaanderen),Uitvoering,Tielt; Deinze,0.0,0.0,5200000.0,5200000.0,2027,2027,37015;44083,Tielt;Deinze
gip-0072,Asset Management,Gewestwegen,Agentschap Wegen En Verkeer,N35 Tielt-Deinze (fase 1 West-Vlaanderen),Uitvoering,Tielt; Deinze,0.0,0.0,3000000.0,3000000.0,2027,2027,37015;44083,Tielt;Deinze
gip-0073,Asset Management,Gewestwegen,Agentschap Wegen En Verkeer,N355 Koksijde Kinderlaan,Studie,Koksijde,100000.0,0.0,0.0,100000.0,2025,2025,38014,Koksijde
gip-0074,Asset Management,Gewestwegen,Agentschap Wegen En Verkeer,N367 Gistel - structureel onderhoud met fietspaden,Uitvoering,Gistel,0.0,2000000.0,0.0,2000000.0,2026,2026,35005,Gistel
gip-0075,Asset Management,Gewestwegen,Agentschap Wegen En Verkeer,N368 beernem - Herinrichting kruispunt met N370,Uitvoering,Beernem,0.0,1500000.0,0.0,1500000.0,2026,2026,31003,Beernem
gip-0076,Asset Management,Gewestwegen,Agentschap Wegen En Verkeer,N407 Wetteren Heraanleg,Uitvoering,Laarne; Wetteren,0.0,1750000.0,0.0,1750000.0,2026,2026,42010;42025,Laarne;Wetteren
gip-0077,Asset Management,Gewestwegen,Agentschap Wegen En Verkeer,N419 Heraanleg N419 (Bazel),Uitvoering,Beveren-Kruibeke-Zwijndrecht,0.0,0.0,1300000.0,1300000.0,2027,2027,11056;46013;46003,Zwijndrecht;Kruibeke;Beveren
gip-0078,Asset Management,Gewestwegen,Agentschap Wegen En Verkeer,N447 Destelbergen aanleg fietspaden,Studie en realisatie,Destelbergen,0.0,200000.0,0.0,200000.0,2026,2026,44013,Destelbergen
gip-0079,Asset Management,Gewestwegen,Agentschap Wegen En Verkeer,N454 RonseMaarkedal heraanleg SavooistrNitterveld,Uitvoering,Maarkedal; Ronse,4350000.0,0.0,0.0,4350000.0,2025,2025,45064;45041,Maarkedal;Ronse
gip-0080,Asset Management,Gewestwegen,Agentschap Wegen En Verkeer,N456 Evergem fietstunnel onder Christoffelweg,Uitvoering,Evergem,5400000.0,0.0,0.0,5400000.0,2025,2025,44019,Evergem
gip-0081,Asset Management,Gewestwegen,Agentschap Wegen En Verkeer,N456 Gent omlegging wegvak New Orleansstraat,Studie,Gent,0.0,200000.0,0.0,200000.0,2026,2026,44021,Gent
gip-0082,Asset Management,Gewestwegen,Agentschap Wegen En Verkeer,N462 Brakel Kasteeldreef fietspadenproject,Uitvoering,Brakel,3753626.0,0.0,0.0,3753626.0,2025,2025,45059,Brakel
gip-0083,Asset Management,Gewestwegen,Agentschap Wegen En Verkeer,N466 Deinze Leernsesteenweg herinrichting,Uitvoering,Deinze,3100000.0,0.0,0.0,3100000.0,2025,2025,44083,Deinze
gip-0084,Asset Management,Gewestwegen,Agentschap Wegen En Verkeer,N60 Oudenaarde SOVII Bruwaan,Uitvoering,Oudenaarde,0.0,216000.0,0.0,216000.0,2026,2026,45035,Oudenaarde
gip-0085,Asset Management,Gewestwegen,Agentschap Wegen En Verkeer,N70 Beveren,Uitvoering,Beveren,637719.0,0.0,0.0,637719.0,2025,2025,46003,Beveren
gip-0086,Asset Management,Gewestwegen,Agentschap Wegen En Verkeer,N702-N750 SO havenwegen Genk,Uitvoering,Genk,2355000.0,0.0,0.0,2355000.0,2025,2025,71016,Genk
gip-0087,Asset Management,Gewestwegen,Agentschap Wegen En Verkeer,N79 Tongeren - omleiding Overhaem,Uitvoering,Tongeren,0.0,1850000.0,0.0,1850000.0,2026,2026,73083,Tongeren
gip-0088,Asset Management,Gewestwegen,Agentschap Wegen En Verkeer,Nieuwpoort Albert I laan: rioleringsproject (N34 Nieuwpoort - Structureel onderhoud fase 2),fase 2,Nieuwpoort,0.0,150000.0,0.0,150000.0,2026,2026,38016,Nieuwpoort
gip-0089,Asset Management,Gewestwegen,Agentschap Wegen En Verkeer,NSZ - N31 Brugge (noordelijk deel),Studie,Brugge,300000.0,0.0,0.0,300000.0,2025,2025,31005,Brugge
gip-0090,Asset Management,Gewestwegen,Agentschap Wegen En Verkeer,NSZ - N31 Hollands complex Zwankendamme,Studie,Brugge,200000.0,0.0,15000000.0,15200000.0,2025;2027,2025,31005,Brugge
gip-0091,Asset Management,Gewestwegen,Agentschap Wegen En Verkeer,Parkbosbruggen-eindafrekening,Uitvoering,Gent,1500000.0,0.0,0.0,1500000.0,2025,2025,44021,Gent
gip-0092,Asset Management,Gewestwegen,Agentschap Wegen En Verkeer,R013 Turnhout kruispunt N124,Fase 1,Turnhout,0.0,0.0,700000.0,700000.0,2027,2027,13040,Turnhout
gip-0093,Asset Management,Gewestwegen,Agentschap Wegen En Verkeer,R22 - Machelen - Herinrichting Woluwelaan,fase 2,Machelen,6121005.23,0.0,0.0,6121005.23,2025,2025,23047,Machelen
gip-0094,Asset Management,Gewestwegen,Agentschap Wegen En Verkeer,R23 - Heraanleg Tervuursevest,Verrekening Studie,Leuven,0.0,100000.0,0.0,100000.0,2026,2026,24062,Leuven
gip-0095,Asset Management,Gewestwegen,Agentschap Wegen En Verkeer,R30 - Brugge onveilige situaties stationsomgeving,Onteigening,Brugge,200000.0,400000.0,0.0,600000.0,2025;2026,2025,31005,Brugge
gip-0096,Asset Management,Gewestwegen,Agentschap Wegen En Verkeer,R30 - Brugge onveilige situaties stationsomgeving,Uitvoering,Brugge,0.0,3724000.0,0.0,3724000.0,2026,2026,31005,Brugge
gip-0097,Asset Management,Gewestwegen,Agentschap Wegen En Verkeer,R71-N80 ontsluiting Recor Hasselt,Uitvoering,Hasselt,1070000.0,0.0,0.0,1070000.0,2025,2025,71022,Hasselt
gip-0098,Asset Management,Gewestwegen,Agentschap Wegen En Verkeer,RWA Heuvelland afkoppeling Hellegatbeek,Uitvoering,Heuvelland,300000.0,0.0,0.0,300000.0,2025,2025,33039,Heuvelland
gip-0099,Asset Management,Gewestwegen,Agentschap Wegen En Verkeer,Sloop woningen Kop van Kessel-Lo fase 01,Uitvoering,Leuven,367141.81,0.0,0.0,367141.81,2025,2025,24062,Leuven
gip-0100,Asset Management,Gewestwegen,Agentschap Wegen En Verkeer,SOVII N10 Lidl Lier,Uitvoering,Lier,0.0,150000.0,0.0,150000.0,2026,2026,12021,Lier
gip-0101,Asset Management,Gewestwegen,Agentschap Wegen En Verkeer,Structureel onderhoud,verharding N-wegen,Antwerpen,3944427.16,0.0,0.0,3944427.16,2025,2025,11002,Antwerpen
gip-0102,Asset Management,Gewestwegen,Agentschap Wegen En Verkeer,Structureel onderhoud en projecten N-wegen,Uitvoering,Vlaanderen,5783000.0,5000000.0,5000000.0,15783000.0,2025;2026;2027,2025,,
gip-0103,Asset Management,Gewestwegen,Agentschap Wegen En Verkeer,terugbetaling subsidies,Uitvoering,Vlaanderen,5000000.0,0.0,0.0,5000000.0,2025,2025,,
gip-0104,Asset Management,Gewestwegen,Agentschap Wegen En Verkeer,"Uitv. gewest verpl. van gas-,elek.inst, riolering",Uitvoering,Vlaanderen,1000000.0,0.0,0.0,1000000.0,2025,2025,,
gip-0105,Asset Management,Gewestwegen,Agentschap Wegen En Verkeer,X21/N025/10 Oud-Heverlee - Aanp riolering Aquafin,Fase 1,Oud-Heverlee,0.0,0.0,126000.0,126000.0,2027,2027,24086,Oud-Heverlee
gip-0106,Asset Management,Haveninfrastructuur,Agentschap voor Maritieme Dienstverlening en Kust,Glooiing linker- en rechterhavenoever,Glooiing linker- en rechterhavenoever - fase 2,Nieuwpoort,0.0,10000000.0,10000000.0,20000000.0,2026;2027,2026,38016,Nieuwpoort
gip-0107,Asset Management,Haveninfrastructuur,Agentschap voor Maritieme Dienstverlening en Kust,Stabilisatie talud + Verdiepingsbaggerwerk Oude Haven,Stabilisatie talud + Verdiepingsbaggerwerk Oude Haven,Blankenberge,4000000.0,0.0,0.0,4000000.0,2025,2025,31004,Blankenberge
gip-0108,Asset Management,Haveninfrastructuur,De Vlaamse Waterweg,Aanpassen steiger Sint-Anna,Aanpassen steiger Sint-Anna,Antwerpen,640000.0,0.0,0.0,640000.0,2025,2025,11002,Antwerpen
gip-0109,Asset Management,Haveninfrastructuur,De Vlaamse Waterweg,Vernieuwen jachthaven Doel,Vernieuwen jachthaven Doel fase 2 & aanmeersteiger,Beveren,2250000.0,225000.0,0.0,2475000.0,2025;2026,2025,46003,Beveren
gip-0110,Asset Management,Haveninfrastructuur,Departement Mobiliteit en Openbare Werken,Afbraakwerken en terreinherstel,Afbraakwerken en terreinherstel,Zeehavenoverschrijdend,250000.0,250000.0,250000.0,750000.0,2025;2026;2027,2025,,
gip-0111,Asset Management,Haveninfrastructuur,Departement Mobiliteit en Openbare Werken,Behoud natuurdoelstellingen havengebieden,Behoud natuurdoelstellingen havengebieden,Zeehaven van Antwerpen,353000.0,1650000.0,250000.0,2253000.0,2025;2026;2027,2025,11002,Antwerpen
gip-0112,Asset Management,Haveninfrastructuur,Departement Mobiliteit en Openbare Werken,Instandhouding haveninfrastructuur Antwerpen LO,Instandhouding haveninfrastructuur Antwerpen LO,Zeehaven van Antwerpen,0.0,1500000.0,0.0,1500000.0,2026,2026,11002,Antwerpen
gip-0113,Asset Management,Haveninfrastructuur,Departement Mobiliteit en Openbare Werken,Instandhouding haveninfrastructuur Gent,Instandhouding haveninfrastructuur Gent,Zeehaven van Gent,0.0,6867000.0,2280000.0,9147000.0,2026;2027,2026,44021,Gent
gip-0114,Asset Management,Haveninfrastructuur,Departement Mobiliteit en Openbare Werken,Instandhouding haveninfrastructuur Oostende,Instandhouding haveninfrastructuur Oostende,Zeehaven van Oostende,1000000.0,23000000.0,0.0,24000000.0,2025;2026,2025,35013,Oostende
gip-0115,Asset Management,Haveninfrastructuur,Departement Mobiliteit en Openbare Werken,Instandhouding haveninfrastructuur Schelde,Instandhouding haveninfrastructuur Schelde,Zeehaven van Antwerpen,3500000.0,550000.0,0.0,4050000.0,2025;2026,2025,11002,Antwerpen
gip-0116,Asset Management,Haveninfrastructuur,Departement Mobiliteit en Openbare Werken,Instandhouding haveninfrastructuur Zeebrugge,Instandhouding haveninfrastructuur Zeebrugge,Zeehaven van Zeebrugge,8000000.0,4800000.0,2500000.0,15300000.0,2025;2026;2027,2025,,
gip-0117,Asset Management,Havenwegen,Agentschap Wegen En Verkeer,N180 SO havenwegen Antwerpen,Uitvoering,Antwerpen,10400000.0,20000000.0,20000000.0,50400000.0,2025;2026;2027,2025,11002,Antwerpen
gip-0118,Asset Management,Havenwegen,Agentschap Wegen En Verkeer,N34 SO havenwegen Zeebrugge optimalisatie ontsluitingen,Uitvoering,Zeebrugge,0.0,0.0,3500000.0,3500000.0,2027,2027,31005,Brugge
gip-0119,Asset Management,Havenwegen,Agentschap Wegen En Verkeer,N34a SO havenwegen Zeebrugge doortocht,Uitvoering,Zeebrugge,0.0,1000000.0,0.0,1000000.0,2026,2026,31005,Brugge
gip-0120,Asset Management,Havenwegen,Agentschap Wegen En Verkeer,N424-N456 SO havenwegen Gent,Fase 1,Gent,400000.0,0.0,0.0,400000.0,2025,2025,44021,Gent
gip-0121,Asset Management,Havenwegen,Agentschap Wegen En Verkeer,N424-N456 SO havenwegen Gent (zuidelijk),Studie,Gent,100000.0,0.0,0.0,100000.0,2025,2025,44021,Gent
gip-0122,Asset Management,Kunstwerken/Bruggen,Agentschap Wegen En Verkeer,A10 vervanging bovenbrug J. Mertensstraat (Dilbeek),Bijkomende vastlegging verrekening,Dilbeek,575000.0,0.0,0.0,575000.0,2025,2025,23016,Dilbeek
gip-0123,Asset Management,Kunstwerken/Bruggen,Agentschap Wegen En Verkeer,A10/E40 Drongen vervanging Goedingebrug over Leie,Uitvoering,Gent,500000.0,26000000.0,0.0,26500000.0,2025;2026,2025,44021,Gent
gip-0124,Asset Management,Kunstwerken/Bruggen,Agentschap Wegen En Verkeer,Brug over Zwarte Beek Diest,Fase 1,Diest,0.0,543000.0,0.0,543000.0,2026,2026,24020,Diest
gip-0125,Asset Management,Kunstwerken/Bruggen,Agentschap Wegen En Verkeer,E17 Waregem - brug in Nokerseweg,Fase 1,Waregem,2350000.0,0.0,0.0,2350000.0,2025,2025,34040,Waregem
gip-0126,Asset Management,Kunstwerken/Bruggen,Agentschap Wegen En Verkeer,E19 Mechelen - Renovatie brug 2003,Fase 1,Mechelen,0.0,900000.0,0.0,900000.0,2026,2026,12025,Mechelen
gip-0127,Asset Management,Kunstwerken/Bruggen,Agentschap Wegen En Verkeer,E19 Mechelen - Renovatie brug 2003 studie,Studie,Mechelen,100000.0,0.0,0.0,100000.0,2025,2025,12025,Mechelen
gip-0128,Asset Management,Kunstwerken/Bruggen,Agentschap Wegen En Verkeer,E19 Rumst - Renovatie brug 1919 studie,Studie,Mechelen; Rumst,500000.0,0.0,0.0,500000.0,2025,2025,12025;11037,Mechelen;Rumst
gip-0129,Asset Management,Kunstwerken/Bruggen,Agentschap Wegen En Verkeer,E313 Wommelgem - Vervanging brug 0719,Studie,Wommelgem,500000.0,0.0,0.0,500000.0,2025,2025,11052,Wommelgem
gip-0130,Asset Management,Kunstwerken/Bruggen,Agentschap Wegen En Verkeer,E313 Wommelgem - Vervanging brug 0719,Uitvoering,Wommelgem,0.0,0.0,750000.0,750000.0,2027,2027,11052,Wommelgem
gip-0131,Asset Management,Kunstwerken/Bruggen,Agentschap Wegen En Verkeer,Maandagweg renovatie Brug 21,Uitvoering,Kortrijk,1500000.0,0.0,0.0,1500000.0,2025,2025,34022,Kortrijk
gip-0132,Asset Management,Kunstwerken/Bruggen,Agentschap Wegen En Verkeer,N1 R10 Antwerpen Heraanleg Singel x Grotesteenweg,Uitvoering,Antwerpen,1000000.0,0.0,0.0,1000000.0,2025,2025,11002,Antwerpen
gip-0133,Asset Management,Kunstwerken/Bruggen,Agentschap Wegen En Verkeer,N437 Waregem Kruishoutem renovatie brug 41,Uitvoering,Waregem,970000.0,0.0,0.0,970000.0,2025,2025,34040,Waregem
gip-0134,Asset Management,Kunstwerken/Bruggen,Agentschap Wegen En Verkeer,N446 Waasmunster Vernieuwen Durmebrug,Uitvoering,Waasmunster,6600000.0,0.0,0.0,6600000.0,2025,2025,42023,Waasmunster
gip-0135,Asset Management,Kunstwerken/Bruggen,Agentschap Wegen En Verkeer,N9 Adegem - vernieuwen brug over Afleidingskanaal,Uitvoering,Eeklo; Maldegem,0.0,7000000.0,0.0,7000000.0,2026,2026,43005;43010,Eeklo;Maldegem
gip-0136,Asset Management,Kunstwerken/Bruggen,Agentschap Wegen En Verkeer,PPS Kunstwerken,studie onteigening uitvoering,Vlaanderen,1775750.0,8610000.0,4970000.0,15355750.0,2025;2026;2027,2025,,
gip-0137,Asset Management,Kunstwerken/Bruggen,Agentschap Wegen En Verkeer,R1 (afrit zuid) Antwerpen - Afbraak brug 5337,Fase 1,Antwerpen,200000.0,0.0,0.0,200000.0,2025,2025,11002,Antwerpen
gip-0138,Asset Management,Kunstwerken/Bruggen,Agentschap Wegen En Verkeer,R1 (afrit zuid) Antwerpen - Afbraak brug 5337,Studie,Antwerpen,50000.0,0.0,0.0,50000.0,2025,2025,11002,Antwerpen
gip-0139,Asset Management,Kunstwerken/Bruggen,Agentschap Wegen En Verkeer,R30 - Brugge kruispunt Gentpoort,Fase 1,Brugge,1000000.0,0.0,0.0,1000000.0,2025,2025,31005,Brugge
gip-0140,Asset Management,Kunstwerken/Bruggen,Agentschap Wegen En Verkeer,R40 Keizersviaduct,Fase 1,Gent,0.0,2200000.0,0.0,2200000.0,2026,2026,44021,Gent
gip-0141,Asset Management,Kunstwerken/Bruggen,Agentschap Wegen En Verkeer,R40 Keizersviaduct,fase 2,Gent,0.0,0.0,3000000.0,3000000.0,2027,2027,44021,Gent
gip-0142,Asset Management,Kunstwerken/Bruggen,Agentschap Wegen En Verkeer,Structureel onderhoud kunstwerken,Uitvoering,Vlaanderen,20000000.0,20000000.0,20000000.0,60000000.0,2025;2026;2027,2025,,
gip-0143,Asset Management,Kunstwerken/Bruggen,Agentschap Wegen En Verkeer,Vernieuwen van de westelijke brugvoeg van brug 5379,Uitvoering,Antwerpen,300000.0,0.0,0.0,300000.0,2025,2025,11002,Antwerpen
gip-0144,Asset Management,Kunstwerken/Bruggen,Agentschap Wegen En Verkeer,Viaduct Wilrijk A12 vernieuwing,Studie,Antwerpen,0.0,0.0,2000000.0,2000000.0,2027,2027,11002,Antwerpen
gip-0145,Asset Management,Kunstwerken/Bruggen,De Vlaamse Waterweg,Anti-corrosiebescherming metalen structuren AZZ,Anti-corrosiebescherming metalen structuren AZZ,Vlaanderen,500000.0,500000.0,500000.0,1500000.0,2025;2026;2027,2025,,
gip-0146,Asset Management,Kunstwerken/Bruggen,De Vlaamse Waterweg,Brug Maaseik,Brug Maaseik - studie,Maaseik,1140000.0,0.0,0.0,1140000.0,2025,2025,72021,Maaseik
gip-0147,Asset Management,Kunstwerken/Bruggen,De Vlaamse Waterweg,Brug Maaseik,Brug Maaseik - werken,Maaseik,100000.0,840000.0,0.0,940000.0,2025;2026,2025,72021,Maaseik
gip-0148,Asset Management,Kunstwerken/Bruggen,De Vlaamse Waterweg,Herbouw brugdek nieuwpoortjebrug te Bulskamp,Herbouw brugdek nieuwpoortjebrug te Bulskamp,Veurne,0.0,250000.0,0.0,250000.0,2026,2026,38025,Veurne
gip-0149,Asset Management,Kunstwerken/Bruggen,De Vlaamse Waterweg,Herbouw Krommewalbrug te Gent,Herbouw Krommewalbrrug te Gent - regulier,Gent,150000.0,0.0,0.0,150000.0,2025,2025,44021,Gent
gip-0150,Asset Management,Kunstwerken/Bruggen,De Vlaamse Waterweg,Herbouw Leiebrug te Kortrijk,Herbouw Leiebrug te Kortrijk - studie,Kortrijk,0.0,0.0,4018000.0,4018000.0,2027,2027,34022,Kortrijk
gip-0151,Asset Management,Kunstwerken/Bruggen,De Vlaamse Waterweg,Herbouw Meulestedebrug Gent,Herbouw Meulestedebrug Gent - regulier,Gent,5710000.0,1920000.0,0.0,7630000.0,2025;2026,2025,44021,Gent
gip-0152,Asset Management,Kunstwerken/Bruggen,De Vlaamse Waterweg,Herbouw Spanjeveerbrug Mendonk,Herbouw Spanjeveerbrug Mendonk,Gent,260000.0,0.0,0.0,260000.0,2025,2025,44021,Gent
gip-0153,Asset Management,Kunstwerken/Bruggen,De Vlaamse Waterweg,Herbouw Tolpoortbrug te Deinze,Herbouw Tolpoortbrug te Deinze,Deinze,100000.0,0.0,7015000.0,7115000.0,2025;2027,2025,44083,Deinze
gip-0154,Asset Management,Kunstwerken/Bruggen,De Vlaamse Waterweg,Herbouw van 3 bruggen over de Zenne,Herbouw van 3 bruggen over de Zenne,Vilvoorde,13462.0,800000.0,0.0,813462.0,2025;2026,2025,23088,Vilvoorde
gip-0155,Asset Management,Kunstwerken/Bruggen,De Vlaamse Waterweg,Herbouw Waasmunsterbrug (incl. jaagpad & fietstunnel),Herbouw Waasmunsterbrug (incl. jaagpad & fietstunnel),Waasmunster,0.0,6200000.0,620000.0,6820000.0,2026;2027,2026,42023,Waasmunster
gip-0156,Asset Management,Kunstwerken/Bruggen,De Vlaamse Waterweg,Herbouw wegbruggen N116 Mol-ter-Nete,Herbouw wegbruggen N116 Mol-ter-Nete,Vlaanderen,191458.0,0.0,0.0,191458.0,2025,2025,,
gip-0157,Asset Management,Kunstwerken/Bruggen,De Vlaamse Waterweg,Herstellen van de Winketbrug te Mechelen,Herstellen van de Winketbrug te Mechelen,Mechelen,1428767.0,0.0,0.0,1428767.0,2025,2025,12025,Mechelen
gip-0158,Asset Management,Kunstwerken/Bruggen,De Vlaamse Waterweg,Herstelling Sint-Annabrug Aalst,Herstelling Sint-Annabrug Aalst,Aalst,1000000.0,0.0,0.0,1000000.0,2025,2025,41002,Aalst
gip-0159,Asset Management,Kunstwerken/Bruggen,De Vlaamse Waterweg,Moderniseringswerken m.b.t. elektrische installaties op kunstwerken,Moderniseringswerken m.b.t. elektrische installaties op kunstwerken,Vlaanderen,0.0,0.0,350000.0,350000.0,2027,2027,,
gip-0160,Asset Management,Kunstwerken/Bruggen,De Vlaamse Waterweg,Onderhoud spoorwegbruggen,Aandeel DVW onderhoud spoorwegbruggen,Vlaanderen,626703.0,400000.0,450000.0,1476703.0,2025;2026;2027,2025,,
gip-0161,Asset Management,Kunstwerken/Bruggen,De Vlaamse Waterweg,PPS - beweegbare kunstwerken,PPS - beweegbare kunstwerken - studie,Vlaanderen,1500000.0,500000.0,500000.0,2500000.0,2025;2026;2027,2025,,
gip-0162,Asset Management,Kunstwerken/Bruggen,De Vlaamse Waterweg,PPS - beweegbare kunstwerken,PPS - beweegbare kunstwerken - uitvoering,Vlaanderen,250000.0,500000.0,500000.0,1250000.0,2025;2026;2027,2025,,
gip-0163,Asset Management,Kunstwerken/Bruggen,De Vlaamse Waterweg,Renovatie fietsbrug Noordlandbrug,Renovatie fietsbrug Noordlandbrug,Antwerpen,500000.0,0.0,0.0,500000.0,2025,2025,11002,Antwerpen
gip-0164,Asset Management,Kunstwerken/Bruggen,De Vlaamse Waterweg,Schilderen van stalen bruggen regio ARO (Afdeling Regio Oost),Schilderen van stalen bruggen regio ARO,Albertkanaal,0.0,500000.0,500000.0,1000000.0,2026;2027,2026,,
gip-0165,Asset Management,Kunstwerken/Bruggen,De Vlaamse Waterweg,Stabiliseren talud van de Zuid Willemsvaart nabij brug Smeermaas,Stabiliseren talud van de Zuid Willemsvaart nabij brug Smeermaas,Lanaken,0.0,1280000.0,0.0,1280000.0,2026,2026,73042,Lanaken
gip-0166,Asset Management,Kunstwerken/Bruggen,De Vlaamse Waterweg,Structurele renovatie Boudewijnbrug te Brugge,Structurele renovatie Boudewijnbrug te Brugge,Brugge,200000.0,0.0,0.0,200000.0,2025,2025,31005,Brugge
gip-0167,Asset Management,Kunstwerken/Bruggen,De Vlaamse Waterweg,Structurele renovatie sasbrug Lembeek,Structurele renovatie sasbrug Lembeek,Halle,0.0,20000.0,0.0,20000.0,2026,2026,23027,Halle
gip-0168,Asset Management,Kunstwerken/Bruggen,De Vlaamse Waterweg,Vernieuwen beweegbare bruggen Moervaart,Vernieuwen beweegbare bruggen Moervaart - studie,Moervaart,900000.0,0.0,1200000.0,2100000.0,2025;2027,2025,,
gip-0169,Asset Management,Kunstwerken/Bruggen,De Vlaamse Waterweg,Vervangen opleggingen Drongenbrug W4 over de Ringvaart te Gent,Vervangen opleggingen Drongenbrug W4 over de Ringvaart te Gent,Gent,0.0,250000.0,0.0,250000.0,2026,2026,44021,Gent
gip-0170,Asset Management,Kunstwerken/Bruggen,De Vlaamse Waterweg,Vervangen van UPS'en op de kunstwerken,Vervangen van UPS'en op de kunstwerken,Vlaanderen,200000.0,200000.0,200000.0,600000.0,2025;2026;2027,2025,,
gip-0171,Asset Management,Kunstwerken/Bruggen,De Vlaamse Waterweg,Vervanging van baileybrug nr. 1 Blauwe kei te Lommel,Vervanging van baileybrug nr. 1 Blauwe kei te Lommel,Lommel,100000.0,0.0,900000.0,1000000.0,2025;2027,2025,72020,Lommel
gip-0172,Asset Management,Kunstwerken/Bruggen,De Vlaamse Waterweg,Wegwerken nautisch knelpunt Waggelwaterbrug Brugge,Wegwerken nautisch knelpunt Waggelwaterbrug Brugge,Brugge,0.0,1254815.0,0.0,1254815.0,2026,2026,31005,Brugge
gip-0173,Asset Management,Kunstwerken/Bruggen,Departement Mobiliteit en Openbare Werken,Studiekosten PPS Kunstwerken,Studiekosten PPS Kunstwerken,Vlaanderen,2849000.0,895650.0,516750.0,4261400.0,2025;2026;2027,2025,,
gip-0174,Asset Management,Patrimonium,Agentschap voor Maritieme Dienstverlening en Kust,int-anna,"Structurele renovatie vuurtorens Nieuwpoort, Oostende en Blankenberge",Kustjachthavens Vlaanderen,0.0,0.0,5000000.0,5000000.0,2027,2027,35013;31004;38016,Oostende;Blankenberge;Nieuwpoort
gip-0175,Asset Management,Patrimonium,Agentschap voor Maritieme Dienstverlening en Kust,Realisatie uitbreiding sanitair gebouw,Realisatie uitbreiding sanitair gebouw,Nieuwpoort,1000000.0,0.0,0.0,1000000.0,2025,2025,38016,Nieuwpoort
gip-0176,Asset Management,Patrimonium,Agentschap voor Maritieme Dienstverlening en Kust,Structurele renovatie operationele gebouwen MDK,Structurele renovatie operationele gebouwen Afdeling Kust,Kustgemeenten,0.0,0.0,1500000.0,1500000.0,2027,2027,,
gip-0177,Asset Management,Patrimonium,Agentschap Wegen En Verkeer,Digitaal assetmanagement (incl BIM),Uitvoering,Vlaanderen,5270000.0,5720000.0,5720000.0,16710000.0,2025;2026;2027,2025,,
gip-0178,Asset Management,Patrimonium,Agentschap Wegen En Verkeer,"Dynamisch Verkeersmanagement (structureel onderhoud, zone 30, monitoring camera-/lussystemen, filebeveiliging,ICT voor DVM, verkeers- en wegvakmanagement...)",Uitvoering,Vlaanderen,7000000.0,7000000.0,7000000.0,21000000.0,2025;2026;2027,2025,,
gip-0179,Asset Management,Patrimonium,Agentschap Wegen En Verkeer,installaties AREI,Uitvoering,Vlaanderen,3973626.0,925000.0,925000.0,5823626.0,2025;2026;2027,2025,,
gip-0180,Asset Management,Patrimonium,Agentschap Wegen En Verkeer,Lussen voor incidentdetectie,Uitvoering,Vlaanderen,125000.0,0.0,0.0,125000.0,2025,2025,,
gip-0181,Asset Management,Patrimonium,Agentschap Wegen En Verkeer,studie verledding dienstgebouwen,Studie,Vlaanderen,125000.0,0.0,0.0,125000.0,2025,2025,,
gip-0182,Asset Management,Patrimonium,De Lijn,Dienstvoertuigen - personenwagens en camionettes,Dienstvoertuigen - personenwagens en camionettes,Vlaanderen,1017440.0,1835000.0,1835000.0,4687440.0,2025;2026;2027,2025,,
gip-0183,Asset Management,Patrimonium,De Lijn,Laadinfrastructuur personenwagens,Laadinfrastructuur personenwagens,Vlaanderen,150434.93,0.0,0.0,150434.93,2025,2025,,
gip-0184,Asset Management,Patrimonium,De Lijn,Leerbeek - vernieuwing riolering en wegenis,Leerbeek - vernieuwing riolering en wegenis,Leerbeek,150000.0,0.0,0.0,150000.0,2025,2025,23024,Gooik
gip-0185,Asset Management,Patrimonium,De Lijn,Leveren & plaatsen nood-oplaadpunten fietsen,Leveren & plaatsen nood-oplaadpunten fietsen,Vlaanderen,225000.0,0.0,0.0,225000.0,2025,2025,,
gip-0186,Asset Management,Patrimonium,De Lijn,Onderhoudscentra Antwerpen PAL dakwerkstand,Onderhoudscentra Antwerpen PAL dakwerkstand,Antwerpen,500000.0,0.0,0.0,500000.0,2025,2025,11002,Antwerpen
gip-0187,Asset Management,Patrimonium,De Lijn,Onderhoudscentra Antwerpen PAL wielendraaibank,Onderhoudscentra Antwerpen PAL wielendraaibank,Antwerpen,1400000.0,0.0,0.0,1400000.0,2025,2025,11002,Antwerpen
gip-0188,Asset Management,Patrimonium,De Lijn,Stelplaats Antwerpen - Deurne Tram-uitbreiding,Stelplaats Antwerpen - Deurne Tram-uitbreiding,Antwerpen,2000000.0,0.0,0.0,2000000.0,2025,2025,11002,Antwerpen
gip-0189,Asset Management,Patrimonium,De Lijn,Stelplaats Asse,Stelplaats Asse - milieuvergunning,Asse,160000.0,0.0,0.0,160000.0,2025,2025,23002,Asse
gip-0190,Asset Management,Patrimonium,De Lijn,Stelplaats Brabantnet Diegem,Stelplaats Brabantnet Diegem - studiekost,Diegem,2100000.0,0.0,0.0,2100000.0,2025,2025,23047,Machelen
gip-0191,Asset Management,Patrimonium,De Lijn,Stelplaats Brabantnet Diegem,Stelplaats Brabantnet Diegem -aankoop grond,Diegem,12000000.0,0.0,0.0,12000000.0,2025,2025,23047,Machelen
gip-0192,Asset Management,Patrimonium,De Lijn,Stelplaats Heist-op-den-Berg,Stelplaats Heist-op-den-Berg - aankoop grond,Heist-op-den-Berg,1800000.0,0.0,0.0,1800000.0,2025,2025,12014,Heist-op-den-Berg
gip-0193,Asset Management,Patrimonium,De Lijn,Stelplaats Heist-op-den-Berg,Stelplaats Heist-op-den-Berg - studiekost,Heist-op-den-Berg,364000.0,0.0,0.0,364000.0,2025,2025,12014,Heist-op-den-Berg
gip-0194,Asset Management,Patrimonium,De Lijn,Stelplaats Oostende,Stelplaats Oostende - aankoop grond,Oostende,6600000.0,0.0,0.0,6600000.0,2025,2025,35013,Oostende
gip-0195,Asset Management,Patrimonium,De Lijn,Stelplaats Oostende,Stelplaats Oostende - studie,Oostende,680000.0,0.0,0.0,680000.0,2025,2025,35013,Oostende
gip-0196,Asset Management,Patrimonium,De Lijn,Stelplaatsaanleg Antwerpen - Hoboken,Stelplaatsaanleg Antwerpen - Hoboken - studie,Antwerpen,3840000.0,0.0,0.0,3840000.0,2025,2025,11002,Antwerpen
gip-0197,Asset Management,Patrimonium,De Lijn,Stelplaatsaanleg Asse,Stelplaatsaanleg Asse,Asse,27600.0,0.0,0.0,27600.0,2025,2025,23002,Asse
gip-0198,Asset Management,Patrimonium,De Lijn,Stelplaatsvernieuwing 2 Dieseltanks Kortrijk,Stelplaatsvernieuwing 2 Dieseltanks Kortrijk,Kortrijk,260488.03,0.0,0.0,260488.03,2025,2025,34022,Kortrijk
gip-0199,Asset Management,Patrimonium,De Lijn,Stelplaatsvernieuwing Antwerpen - Hoboken Halteploeg,Stelplaatsvernieuwing Antwerpen - Hoboken Halteploeg,Hoboken,20000.0,0.0,0.0,20000.0,2025,2025,11002,Antwerpen
gip-0200,Asset Management,Patrimonium,De Lijn,Stelplaatsvernieuwing Destelbergen - Vernieuwen Heating Ventilation and Air Conditioning en Gebouwbeheersstemen,Stelplaatsvernieuwing Destelbergen - Vernieuwen HVAC en GBS,Destelbergen,175000.0,0.0,0.0,175000.0,2025,2025,44013,Destelbergen
gip-0201,Asset Management,Patrimonium,De Lijn,Stelplaatsvernieuwing Gentbrugge Nieuwe werkput Albatros,Stelplaatsvernieuwing Gentbrugge Nieuwe werkput Albatros,Gent,1772000.0,0.0,0.0,1772000.0,2025,2025,44021,Gent
gip-0202,Asset Management,Patrimonium,De Lijn,Stelplaatsvernieuwing Kessel-Lo - dakstructuur verstevigen,Stelplaatsvernieuwing Kessel-Lo - dakstructuur verstevigen,Leuven,210000.0,0.0,0.0,210000.0,2025,2025,24062,Leuven
gip-0203,Asset Management,Patrimonium,De Lijn,Stelplaatsvernieuwing Kessel-Lo - vernieuwen Heating Ventilation and Air Conditioning en Gebouwbeheersstemen,Stelplaatsvernieuwing Kessel-Lo - vernieuwen HVAC en GBS,Leuven,220000.0,0.0,0.0,220000.0,2025,2025,24062,Leuven
gip-0204,Asset Management,Patrimonium,De Lijn,Stelplaatsvernieuwing Oostende - Dakwerkstand CAF,Stelplaatsvernieuwing Oostende - Dakwerkstand CAF,Oostende,230000.0,0.0,0.0,230000.0,2025,2025,35013,Oostende
gip-0205,Asset Management,Patrimonium,De Lijn,Stelplaatsvernieuwing Oostende - Vernieuwen Heating Ventilation and Air Conditioning en Gebouwbeheersstemen,Stelplaatsvernieuwing Oostende - Vernieuwen HVAC en GBS,Oostende,225000.0,0.0,0.0,225000.0,2025,2025,35013,Oostende
gip-0206,Asset Management,Patrimonium,De Lijn,Stelplaatsvernieuwing Sint-Lievens-Houtem - Dieseltank,Stelplaatsvernieuwing Sint-Lievens-Houtem - Dieseltank,Sint-Lievens-Houtem,90000.0,0.0,0.0,90000.0,2025,2025,41063,Sint-Lievens-Houtem
gip-0207,Asset Management,Patrimonium,De Lijn,Stelplaatsvernieuwing Turnhout- Vernieuwen Heating Ventilation and Air Conditioning en Gebouwbeheersstemen,Stelplaatsvernieuwing Turnhout- Vernieuwen HVAC en GBS,Turnhout,175000.0,0.0,0.0,175000.0,2025,2025,13040,Turnhout
gip-0208,Asset Management,Patrimonium,De Lijn,Stelplaatsvernieuwing -Vernieuwen Was- en bio-installaties,Stelplaatsvernieuwing -Vernieuwen Was- en bio-installaties,Vlaanderen,450000.0,0.0,0.0,450000.0,2025,2025,,
gip-0209,Asset Management,Patrimonium,De Lijn,Stelplaatsvernieuwingen,Stelplaatsvernieuwingen,Vlaanderen,0.0,20012500.0,18914000.0,38926500.0,2026;2027,2026,,
gip-0210,Asset Management,Patrimonium,De Lijn,Vervanging Dienstvoertuigen LEZ,Vervanging zware dienstvoertuigen,Vlaanderen,1187660.0,1835000.0,1835000.0,4857660.0,2025;2026;2027,2025,,
gip-0211,Asset Management,Patrimonium,De Lijn,Werkplek optimalisatie,Werkplek optimalisatie,Vlaanderen,700000.0,0.0,0.0,700000.0,2025,2025,,
gip-0212,Asset Management,Patrimonium,De Vlaamse Waterweg,Bodemsaneringswerken van terreinen in beheer bij de Vlaamse Waterweg nv,Bodemsaneringswerken van terreinen in beheer bij de Vlaamse Waterweg nv,Vlaanderen,305000.0,0.0,0.0,305000.0,2025,2025,,
gip-0213,Asset Management,Patrimonium,De Vlaamse Waterweg,Opmaak Oriënterend bodemonderzoek (OBO) en Beschrijvend bodemonderzoek (BBO): bodemonderzoek risicopercelen overdracht gronden aan DVW i.k.v. de fusie,Opmaak OBO en BBO: bodemonderzoek risicopercelen overdracht gronden aan DVW i.k.v. de fusie,Vlaanderen,100000.0,1800000.0,1680000.0,3580000.0,2025;2026;2027,2025,,
gip-0214,Asset Management,Patrimonium,De Vlaamse Waterweg,Optimalisatieprojecten,Optimalisatieprojecten,Vlaanderen,1030000.0,980000.0,780000.0,2790000.0,2025;2026;2027,2025,,
gip-0215,Asset Management,Patrimonium,De Vlaamse Waterweg,Strategisch vastgoedplan,Investeren in Energie-Efficiëntie Richtlijn & Klimaatplan,Vlaanderen,1000000.0,1080000.0,1020000.0,3100000.0,2025;2026;2027,2025,,
gip-0216,Asset Management,Patrimonium,De Vlaamse Waterweg,Strategisch vastgoedplan,structureel onderhoud gebouwen,Vlaanderen,1350000.0,2175000.0,2250000.0,5775000.0,2025;2026;2027,2025,,
gip-0217,Asset Management,Patrimonium,De Vlaamse Waterweg,Watersite,Watersite,Vilvoorde,0.0,650000.0,0.0,650000.0,2026,2026,23088,Vilvoorde
gip-0218,Asset Management,Sluizen,De Vlaamse Waterweg,"BS. Renovatie sluizen Asper, Oudenaarde en Kerkhove","BS. Renovatie sluizen Asper, Oudenaarde en Kerkhove - studie",Boven-Schelde,1826000.0,0.0,0.0,1826000.0,2025,2025,45035,Oudenaarde
gip-0219,Asset Management,Sluizen,De Vlaamse Waterweg,"BS. Renovatie sluizen Asper, Oudenaarde en Kerkhove","BS. Renovatie sluizen Asper, Oudenaarde en Kerkhove - werken",Boven-Schelde,0.0,5000000.0,8500000.0,13500000.0,2026;2027,2026,45035,Oudenaarde
gip-0220,Asset Management,Sluizen,De Vlaamse Waterweg,PPS sluizen Bovenschelde,PPS sluizen Bovenschelde - studie,Boven-Schelde,900000.0,2100000.0,900000.0,3900000.0,2025;2026;2027,2025,,
gip-0221,Asset Management,Sluizen,De Vlaamse Waterweg,Re-engineering pompstation en sluis Bossuit,Re-engineering pompstation en sluis Bossuit,Zwevegem,2000000.0,800000.0,0.0,2800000.0,2025;2026,2025,34042,Zwevegem
gip-0222,Asset Management,Sluizen,De Vlaamse Waterweg,Re-engineering sluis Denderbelle,Re-engineering sluis Denderbelle,Lebbeke,200000.0,0.0,0.0,200000.0,2025,2025,42011,Lebbeke
gip-0223,Asset Management,Sluizen,De Vlaamse Waterweg,Re-engineering turbine sluis Wijnegem,Re-engineering turbine sluis Wijnegem,Wijnegem,0.0,0.0,260000.0,260000.0,2027,2027,11050,Wijnegem
gip-0224,Asset Management,Sluizen,De Vlaamse Waterweg,Renovatie Dampoortsluis,Renovatie Dampoortsluis,Brugge,522000.0,0.0,0.0,522000.0,2025,2025,31005,Brugge
gip-0225,Asset Management,Sluizen,De Vlaamse Waterweg,Renovatie rails roldeuren sluis Wintam,Renovatie rails roldeuren sluis Wintam,Bornem,0.0,0.0,3000000.0,3000000.0,2027,2027,12007,Bornem
gip-0226,Asset Management,Sluizen,De Vlaamse Waterweg,Renovatie sluisplatformen AK,Renovatie sluisplatformen AK,Albertkanaal,1000000.0,1000000.0,1000000.0,3000000.0,2025;2026;2027,2025,,
gip-0227,Asset Management,Sluizen,De Vlaamse Waterweg,Structureel onderhoud sluizen,Structureel herstel sluis Harelbeke,Vlaanderen,3388000.0,0.0,0.0,3388000.0,2025,2025,34013,Harelbeke
gip-0228,Asset Management,Sluizen,De Vlaamse Waterweg,Structurele herstelling grote sluis Evergem,Structurele herstelling grote sluis Evergem,Evergem,23807.0,0.0,0.0,23807.0,2025,2025,44019,Evergem
gip-0229,Asset Management,Sluizen,De Vlaamse Waterweg,Vervangen sluisdeuren sluis Geraardsbergen,Vervangen sluisdeuren sluis Geraardsbergen,Geraardsbergen,700000.0,0.0,0.0,700000.0,2025,2025,41018,Geraardsbergen
gip-0230,Asset Management,Sluizen,De Vlaamse Waterweg,Vervangen sluisdeuren sluizen Briegden en Neerharen,Vervangen sluisdeuren sluizen Briegden en Neerharen - regulier,Lanaken,0.0,2400000.0,24000.0,2424000.0,2026;2027,2026,73042,Lanaken
gip-0231,Asset Management,Sluizen,De Vlaamse Waterweg,Zeekanaal Brussel-Schelde: Renovatie sluisdeuren sluis Wintam,Renovatie sluisdeuren Wintam,Bornem,0.0,0.0,3100000.0,3100000.0,2027,2027,12007,Bornem
gip-0232,Asset Management,Sluizen,De Vlaamse Waterweg,Zeekanaal Brussel-Schelde: Renovatie sluisdeuren Zemst.,ZBS. Renovatie sluisdeuren Zemst.,Zemst,2100000.0,4000000.0,1000000.0,7100000.0,2025;2026;2027,2025,23096,Zemst
gip-0233,Asset Management,Sluizen,Departement Mobiliteit en Openbare Werken,Beschikbaarheidsvergoeding Kieldrechtsluis,Beschikbaarheidsvergoeding Kieldrechtsluis,Zeehaven van Antwerpen,18055025.0,18055025.0,18055025.0,54165075.0,2025;2026;2027,2025,11002,Antwerpen
gip-0234,Asset Management,Sluizen,Departement Mobiliteit en Openbare Werken,Instandhouding Berendrecht- en Zandvliet sluizencomplex,Instandhouding Berendrecht- en Zandvliet sluizencomplex,Zeehaven van Antwerpen,2420000.0,3751000.0,9986000.0,16157000.0,2025;2026;2027,2025,11002,Antwerpen
gip-0235,Asset Management,Sluizen,Departement Mobiliteit en Openbare Werken,Instandhouding Boudewijn- en Van Cauwelaert sluizencomplex,Instandhouding Boudewijn- en Van Cauwelaert sluizencomplex,Zeehaven van Antwerpen,880000.0,1815000.0,3210000.0,5905000.0,2025;2026;2027,2025,11002,Antwerpen
gip-0236,Asset Management,Sluizen,Departement Mobiliteit en Openbare Werken,Instandhouding Demeysluis,Instandhouding Demeysluis,Zeehaven van Oostende,1800000.0,0.0,0.0,1800000.0,2025,2025,35013,Oostende
gip-0237,Asset Management,Sluizen,Departement Mobiliteit en Openbare Werken,Instandhouding Doksluis,Instandhouding Doksluis,Zeehaven van Oostende,0.0,0.0,15000000.0,15000000.0,2027,2027,35013,Oostende
gip-0238,Asset Management,Sluizen,Departement Mobiliteit en Openbare Werken,Instandhouding Kallosluis,Instandhouding Kallosluis,Zeehaven van Antwerpen,1000000.0,3981248.0,786000.0,5767248.0,2025;2026;2027,2025,11002,Antwerpen
gip-0239,Asset Management,Sluizen,Departement Mobiliteit en Openbare Werken,Instandhouding Kieldrechtsluis,Instandhouding Kieldrechtsluis,Zeehaven van Antwerpen,0.0,0.0,4300000.0,4300000.0,2027,2027,11002,Antwerpen
gip-0240,Asset Management,Sluizen,Departement Mobiliteit en Openbare Werken,Instandhouding Pierre Vandammesluis,Instandhouding Pierre Vandammesluis,Zeehaven van Zeebrugge,6280000.0,6500000.0,6000000.0,18780000.0,2025;2026;2027,2025,,
gip-0241,Asset Management,Sporen,De Lijn,Antwerpen - Spoorrevisie / vernieuwing,Antwerpen - Spoorrevisie / vernieuwing,Antwerpen,2303627.07,0.0,0.0,2303627.07,2025,2025,11002,Antwerpen
gip-0242,Asset Management,Sporen,De Lijn,Competence center Traminfra Hoboken,Competence center Traminfra Hoboken,Antwerpen,750000.0,0.0,0.0,750000.0,2025,2025,11002,Antwerpen
gip-0243,Asset Management,Sporen,De Lijn,Monitoring spoorinfrastructuur,Monitoring spoorinfrastructuur,Vlaanderen,100000.0,0.0,0.0,100000.0,2025,2025,,
gip-0244,Asset Management,Sporen,De Lijn,Omgevingsvergunningen,Omgevingsvergunningen,Vlaanderen,150082.0,0.0,0.0,150082.0,2025,2025,,
gip-0245,Asset Management,Sporen,De Lijn,Ondersteuning Infrastructuurwerken en werftoezicht,Ondersteuning Infrastructuurwerken en werftoezicht,Vlaanderen,2210000.0,0.0,0.0,2210000.0,2025,2025,,
gip-0246,Asset Management,Sporen,De Lijn,Prefinanciering Antwerpen,Prefinanciering Antwerpen,Antwerpen,1440000.0,0.0,0.0,1440000.0,2025,2025,11002,Antwerpen
gip-0247,Asset Management,Sporen,De Lijn,Schokdetectie bovenleiding,Schokdetectie bovenleiding,Vlaanderen,1290000.0,0.0,0.0,1290000.0,2025,2025,,
gip-0248,Asset Management,Sporen,De Lijn,Spooraanleg Antwerpen - Kerkstraat-Pothoekstraat,Spooraanleg Antwerpen - Kerkstraat-Pothoekstraat,Antwerpen,9755000.0,380000.0,0.0,10135000.0,2025;2026,2025,11002,Antwerpen
gip-0249,Asset Management,Sporen,De Lijn,Spooraanleg Antwerpen - Wissels nationale bank,Spooraanleg Antwerpen - Wissels nationale bank,Antwerpen,2600000.0,0.0,0.0,2600000.0,2025,2025,11002,Antwerpen
gip-0250,Asset Management,Sporen,De Lijn,Spoorvernieuwing Antwerpen - Bochten,Spoorvernieuwing Antwerpen - Bochten,Antwerpen,852000.0,0.0,0.0,852000.0,2025,2025,11002,Antwerpen
gip-0251,Asset Management,Sporen,De Lijn,Spoorvernieuwing Antwerpen - Boekenberglei,Spoorvernieuwing Antwerpen - Boekenberglei,Antwerpen,600000.0,0.0,0.0,600000.0,2025,2025,11002,Antwerpen
gip-0252,Asset Management,Sporen,De Lijn,Spoorvernieuwing Antwerpen - Grotesteenweg Extra Muros/Mortsel,Spoorvernieuwing Antwerpen - Grotesteenweg Extra Muros/Mortsel,Antwerpen,1000000.0,0.0,0.0,1000000.0,2025,2025,11002,Antwerpen
gip-0253,Asset Management,Sporen,De Lijn,Spoorvernieuwing Antwerpen - Grotesteenweg Harmonie,Spoorvernieuwing Antwerpen - Grotesteenweg Harmonie,Antwerpen,1400000.0,0.0,0.0,1400000.0,2025,2025,11002,Antwerpen
gip-0254,Asset Management,Sporen,De Lijn,Spoorvernieuwing Antwerpen - Herentalsebaan II,Spoorvernieuwing Antwerpen - Herentalsebaan II,Antwerpen,725533.31,0.0,0.0,725533.31,2025,2025,11002,Antwerpen
gip-0255,Asset Management,Sporen,De Lijn,Spoorvernieuwing Antwerpen - Hoboken Antwerpsesteenweg,Spoorvernieuwing Antwerpen - Hoboken Antwerpsesteenweg,Antwerpen,7900000.0,0.0,0.0,7900000.0,2025,2025,11002,Antwerpen
gip-0256,Asset Management,Sporen,De Lijn,Spoorvernieuwing Antwerpen - Lelieplaats,Spoorvernieuwing Antwerpen - Lelieplaats,Antwerpen,365000.0,0.0,0.0,365000.0,2025,2025,11002,Antwerpen
gip-0257,Asset Management,Sporen,De Lijn,Spoorvernieuwing Antwerpen - Mechelsesteenweg,Spoorvernieuwing Antwerpen - Mechelsesteenweg,Antwerpen,1000000.0,0.0,0.0,1000000.0,2025,2025,11002,Antwerpen
gip-0258,Asset Management,Sporen,De Lijn,Spoorvernieuwing Antwerpen - Melkmarkt-Kipdorp-Koepoortstraat,Spoorvernieuwing Antwerpen - Melkmarkt-Kipdorp-Koepoortstraat,Antwerpen,644500.0,0.0,0.0,644500.0,2025,2025,11002,Antwerpen
gip-0259,Asset Management,Sporen,De Lijn,Spoorvernieuwing Antwerpen - P&R linkeroever,Spoorvernieuwing Antwerpen - P&R linkeroever,Antwerpen,2163.0,0.0,0.0,2163.0,2025,2025,11002,Antwerpen
gip-0260,Asset Management,Sporen,De Lijn,Spoorvernieuwing Antwerpen - Rolwagenstraat,Spoorvernieuwing Antwerpen - Rolwagenstraat,Antwerpen,500000.0,0.0,0.0,500000.0,2025,2025,11002,Antwerpen
gip-0261,Asset Management,Sporen,De Lijn,Spoorvernieuwing Antwerpen - Sint-Bernardsesteenweg,Spoorvernieuwing Antwerpen - Sint-Bernardsesteenweg,Antwerpen,160000.0,0.0,0.0,160000.0,2025,2025,11002,Antwerpen
gip-0262,Asset Management,Sporen,De Lijn,Spoorvernieuwing Antwerpen Borsbeekbrug,Spoorvernieuwing Antwerpen Borsbeekbrug,Antwerpen,1000000.0,0.0,0.0,1000000.0,2025,2025,11002,Antwerpen
gip-0263,Asset Management,Sporen,De Lijn,Spoorvernieuwing Antwerpen Cruyslei,Spoorvernieuwing Antwerpen Cruyslei,Antwerpen,3000000.0,0.0,0.0,3000000.0,2025,2025,11002,Antwerpen
gip-0264,Asset Management,Sporen,De Lijn,Spoorvernieuwing Gent - Bochten,Spoorvernieuwing Gent - Bochten,Gent,2974000.0,0.0,0.0,2974000.0,2025,2025,44021,Gent
gip-0265,Asset Management,Sporen,De Lijn,Spoorvernieuwing Gent - Ferrerlaan-Guislainstraat,Spoorvernieuwing Gent - Ferrerlaan-Guislainstraat,Gent,2480000.0,0.0,0.0,2480000.0,2025,2025,44021,Gent
gip-0266,Asset Management,Sporen,De Lijn,Spoorvernieuwing Gent N9 Brusselsesteenweg busbaan,Spoorvernieuwing Gent N9 Brusselsesteenweg busbaan,Gent,942000.0,0.0,0.0,942000.0,2025,2025,44021,Gent
gip-0267,Asset Management,Sporen,De Lijn,Spoorvernieuwing Gent Rabotstraat en hoofdbrug,Spoorvernieuwing Gent Rabotstraat en hoofdbrug,Gent,62243.0,0.0,0.0,62243.0,2025,2025,44021,Gent
gip-0268,Asset Management,Sporen,De Lijn,Spoorvernieuwing kust - Knokke Arcadelaan,Spoorvernieuwing kust - Knokke Arcadelaan,Knokke,820000.0,0.0,0.0,820000.0,2025,2025,31043,Knokke-Heist
gip-0269,Asset Management,Sporen,De Lijn,Spoorvernieuwing Kust - Oostende-Marie-José Vuurkruis,Spoorvernieuwing Kust - Oostende-Marie-José Vuurkruis,Oostende,8840000.0,0.0,0.0,8840000.0,2025,2025,35013,Oostende
gip-0270,Asset Management,Sporen,De Lijn,Spoorvernieuwing kust - tractiestations,Spoorvernieuwing kust - tractiestations,Kustgemeenten,460000.0,205000.0,0.0,665000.0,2025;2026,2025,,
gip-0271,Asset Management,Sporen,De Lijn,Spoorvernieuwing Kust - Zeebrugge-Nieuwe zeesluis,Spoorvernieuwing Kust - Zeebrugge-Nieuwe zeesluis,Zeebrugge,600000.0,0.0,0.0,600000.0,2025,2025,31005,Brugge
gip-0272,Asset Management,Sporen,De Lijn,Spoorvernieuwing Kust -Westende keerlus,Spoorvernieuwing Kust -Westende keerlus,Westende,2000000.0,0.0,0.0,2000000.0,2025,2025,35011,Middelkerke
gip-0273,Asset Management,Sporen,De Lijn,Spoorvernieuwingen,Spoorvernieuwingen,Vlaanderen,0.0,38802773.32,38802773.32,77605546.64,2026;2027,2026,,
gip-0274,Asset Management,Sporen,De Lijn,Theunisbrug Antwerpen,Spoorvernieuwing Antwerpen - Theunisbrug en Duvelsplein,Antwerpen,500000.0,0.0,0.0,500000.0,2025,2025,11002,Antwerpen
gip-0275,Asset Management,Sporen,De Lijn,tractienet Antwerpen,tractienet Antwerpen,Antwerpen,5000000.0,9795000.0,10000000.0,24795000.0,2025;2026;2027,2025,11002,Antwerpen
gip-0276,Asset Management,Tunnels,Agentschap Wegen En Verkeer,10 Renovatie Sint-Annavoetgangerstunnel - SAT fase 1,Dienstgebouw - bouwkundig en gebouwgebonden instal,Antwerpen,3914000.0,5440000.0,880000.0,10234000.0,2025;2026;2027,2025,11002,Antwerpen
gip-0277,Asset Management,Tunnels,Agentschap Wegen En Verkeer,Investeringen in tunnels,Totaalrenovaties tunnels,Vlaanderen,0.0,19000000.0,4700000.0,23700000.0,2026;2027,2026,,
gip-0278,Asset Management,Tunnels,Agentschap Wegen En Verkeer,Investeringen in tunnels,Deelrenovaties tunnels,Vlaanderen,22624000.0,47748000.0,40670000.0,111042000.0,2025;2026;2027,2025,,
gip-0279,Asset Management,Tunnels,Agentschap Wegen En Verkeer,Investeringen in tunnels,Renovatie en upgrade VC,Vlaanderen,2000000.0,5000000.0,12200000.0,19200000.0,2025;2026;2027,2025,,
gip-0280,Asset Management,Tunnels,Agentschap Wegen En Verkeer,Investeringen in tunnels (Beveren),Totaalrenovaties tunnels,Vlaanderen,40000000.0,0.0,0.0,40000000.0,2025,2025,,
gip-0281,Asset Management,Tunnels,Agentschap Wegen En Verkeer,Investeringen in tunnels (Leonard),Totaalrenovaties tunnels,Vlaanderen,18696000.0,0.0,0.0,18696000.0,2025,2025,,
gip-0282,Asset Management,Tunnels,Agentschap Wegen En Verkeer,Jan De Vos - glasdallen,Uitvoering,Antwerpen,4300000.0,0.0,0.0,4300000.0,2025,2025,11002,Antwerpen
gip-0283,Asset Management,Tunnels,Agentschap Wegen En Verkeer,Tunnels - waterzuivering,Uitvoering,Vlaanderen,0.0,5000000.0,5000000.0,10000000.0,2026;2027,2026,,
gip-0284,Asset Management,Tunnels,Agentschap Wegen En Verkeer,"Tunnels/onderdoorgangen - niet masterplan (milieu, VC voor tunnels, renovatie pompstations onderdoorgangen)",Uitvoering,Vlaanderen,5500000.0,5500000.0,5500000.0,16500000.0,2025;2026;2027,2025,,
gip-0285,Asset Management,Tunnels,De Lijn,Premetro Antwerpen - Algemeen,Premetro Antwerpen - Algemeen,Antwerpen,0.0,37321697.75,38979697.75,76301395.5,2026;2027,2026,11002,Antwerpen
gip-0286,Asset Management,Tunnels,De Lijn,Premetro Antwerpen - Logopalen,Premetro Antwerpen - Iconisering - Logopalen,Antwerpen,14250.0,0.0,0.0,14250.0,2025,2025,11002,Antwerpen
gip-0287,Asset Management,Tunnels,De Lijn,Premetro Antwerpen - Opwaardering wanden,Premetro Antwerpen - Opwaardering wanden,Antwerpen,75000.01,0.0,0.0,75000.01,2025,2025,11002,Antwerpen
gip-0288,Asset Management,Tunnels,De Lijn,Premetro Antwerpen - Tunnelrenovatie MiHi - Bus Buffer,Premetro Antwerpen - Tunnelrenovatie MiHi - Bus Buffer,Antwerpen,1000000.0,0.0,0.0,1000000.0,2025,2025,11002,Antwerpen
gip-0289,Asset Management,Tunnels,De Lijn,Premetro Antwerpen - Tunnelrenovatie MiHi - Stelplaats Linkeroever,Premetro Antwerpen - Tunnelrenovatie MiHi - Stelplaats LO,Antwerpen,5000000.0,0.0,0.0,5000000.0,2025,2025,11002,Antwerpen
gip-0290,Asset Management,Tunnels,De Lijn,Premetro Antwerpen - Wayfinding,Premetro Antwerpen - Wayfinding studie,Antwerpen,34500.0,0.0,0.0,34500.0,2025,2025,11002,Antwerpen
gip-0291,Asset Management,Tunnels,De Lijn,Premetro Antwerpen - Zitmeubilair,Premetro Antwerpen - Zitmeubilair,Antwerpen,18750.0,0.0,0.0,18750.0,2025,2025,11002,Antwerpen
gip-0292,Asset Management,Tunnels,De Lijn,Premetro Antwerpen Tunnelrenovatie,Premetro Antwerpen Tunnelrenovatie,Antwerpen,27161000.0,0.0,0.0,27161000.0,2025,2025,11002,Antwerpen
gip-0293,Asset Management,Waterwegen,De Vlaamse Waterweg,Albertkanaal - Herstellen jaagpad Geel L.O. (F5),Albertkanaal - Herstellen oever,Albertkanaal,19805.0,1000000.0,1000000.0,2019805.0,2025;2026;2027,2025,13008,Geel
gip-0294,Asset Management,Waterwegen,De Vlaamse Waterweg,Herbouw sasbrug Lot,Herbouw sasbrug Lot,Beersel,100000.0,0.0,0.0,100000.0,2025,2025,23003,Beersel
gip-0295,Asset Management,Waterwegen,De Vlaamse Waterweg,Herstel van geërodeerde oevers en bodem van visnevengeul Asper,Herstel van geërodeerde oevers en bodem van visnevengeul Asper,Gavere,0.0,0.0,275000.0,275000.0,2027,2027,44020,Gavere
gip-0296,Asset Management,Waterwegen,De Vlaamse Waterweg,Herstel verzakte oever opwaarts hefbrug te Oudenaarde,Herstel verzakte oever opwaarts hefbrug te Oudenaarde,Oudenaarde,0.0,0.0,1500000.0,1500000.0,2027,2027,45035,Oudenaarde
gip-0297,Asset Management,Waterwegen,De Vlaamse Waterweg,Ijzer - Herstellen halfverharding jaagpad in Poperinge-Stavele- Roesbrugge,Ijzer - Herstellen halfverharding jaagpad in Poperinge-Stavele- Roesbrugge,Westhoek,200000.0,0.0,0.0,200000.0,2025,2025,33021,Poperinge
gip-0298,Asset Management,Waterwegen,De Vlaamse Waterweg,kanaal Brussel Schelde - afwerken 10.000 tons vak,Ontsluiting van de Boulevardbrug tussen het Zeekanaal Brussel- Schelde en A12,Kanaal Brussel-Schelde,0.0,1300000.0,0.0,1300000.0,2026,2026,21004,Brussel
gip-0299,Asset Management,Waterwegen,De Vlaamse Waterweg,Kanaal Leuven-Dijle (KLD). Vervangen oeververdediging,zone Kampenhoutsas-Tildonkbrug op LO,Kampenhout,0.0,0.0,600000.0,600000.0,2027,2027,23038,Kampenhout
gip-0300,Asset Management,Waterwegen,De Vlaamse Waterweg,Leie - oplossen bottleneck jaagpad bij firma Geldof (F7),Leie - oplossen bottleneck jaagpad bij firma Geldof (F7),Harelbeke,0.0,300000.0,0.0,300000.0,2026,2026,34013,Harelbeke
gip-0301,Asset Management,Waterwegen,De Vlaamse Waterweg,Nieuwe fiets- en voetgangersbrug sas Ruisbroek,Nieuwe fiets- en voetgangersbrug sas Ruisbroek,Sint-Pieters-Leeuw,50000.0,0.0,0.0,50000.0,2025,2025,23077,Sint-Pieters-Leeuw
gip-0302,Asset Management,Waterwegen,De Vlaamse Waterweg,Opvullen overdieptes kaaimuren Boven-Schelde,Opvullen overdieptes kaaimuren Boven-Schelde,Oudenaarde,500000.0,500000.0,500000.0,1500000.0,2025;2026;2027,2025,45035,Oudenaarde
gip-0303,Asset Management,Waterwegen,De Vlaamse Waterweg,Opwaardering kanaal naar Charleroi,Herbouw Bospoortbrug te halle - regulier,Halle,1000000.0,650000.0,0.0,1650000.0,2025;2026,2025,23027,Halle
gip-0304,Asset Management,Waterwegen,De Vlaamse Waterweg,Opwaardering kanaal naar Charleroi,Opwaardering kanaal naar Charleroi - fases 1 tem 4,Kanaal naar Charleroi,260000.0,50000.0,50000.0,360000.0,2025;2026;2027,2025,52011,Charleroi
gip-0305,Asset Management,Waterwegen,De Vlaamse Waterweg,Opwaardering kanaal naar Charleroi,Opwaardering kanaal naar Charleroi - verwerving,Kanaal naar Charleroi,100000.0,100000.0,100000.0,300000.0,2025;2026;2027,2025,52011,Charleroi
gip-0306,Asset Management,Waterwegen,De Vlaamse Waterweg,Opwaardering linkeroever tussen Lembeek en het centrum van Halle,Opwaardering linkeroever tussen Lembeek en het centrum van Halle,Halle,100000.0,0.0,0.0,100000.0,2025,2025,23027,Halle
gip-0307,Asset Management,Waterwegen,De Vlaamse Waterweg,Renovatie kaaien doortocht Halle,Renovatie kaaien doortocht Halle,Halle,500000.0,0.0,0.0,500000.0,2025,2025,23027,Halle
gip-0308,Asset Management,Waterwegen,De Vlaamse Waterweg,Renovatie kaaimuur Predikherenlei Gent,Renovatie kaaimuur Predikherenlei Gent,Gent,4336000.0,0.0,200000.0,4536000.0,2025;2027,2025,44021,Gent
gip-0309,Asset Management,Waterwegen,De Vlaamse Waterweg,Renovatie kaaimuur Wiedauwkaai (incl. kade Varo) te Gent,Renovatie kaaimuur Wiedauwkaai (incl. kade Varo) te Gent,Gent,280000.0,0.0,7660000.0,7940000.0,2025;2027,2025,44021,Gent
gip-0310,Asset Management,Waterwegen,De Vlaamse Waterweg,Renovatie muren Dijledoortocht in Mechelen (Binnendijle),Renovatie muren Dijledoortocht in Mechelen (Binnendijle) - studie,Mechelen,1535000.0,250000.0,250000.0,2035000.0,2025;2026;2027,2025,12025,Mechelen
gip-0311,Asset Management,Waterwegen,De Vlaamse Waterweg,Structurele herstelling sifons van het kanaal Dessel-Turnhout- Schoten,Structurele herstelling sifons van het kanaal Dessel-Turnhout-Schoten,Kanaal Dessel-Turnhout-Schoten,0.0,0.0,800000.0,800000.0,2027,2027,13040;11040;13006,Turnhout;Schoten;Dessel
gip-0312,Asset Management,Waterwegen,De Vlaamse Waterweg,Structurele herstellingswerken Neeroeteren - Geisteren,Structurele herstellingswerken Neeroeteren - Geisteren,Maaseik,263000.0,0.0,0.0,263000.0,2025,2025,72021,Maaseik
gip-0313,Asset Management,Waterwegen,De Vlaamse Waterweg,Vervangen houten aanvaarconstructie t.h.v. Battelbrug over Kanaal Leuven-Dijle (KLD) door stalen buispalen,Vervangen houten aanvaarconstructie thv Battelbrug over KLD door stalen buispalen,Mechelen,0.0,0.0,250000.0,250000.0,2027,2027,12025,Mechelen
gip-0314,Asset Management,Waterwegen,De Vlaamse Waterweg,"Zeekanaal Brussel-Schelde - Herstellen jaagpaden in Willebroek (Tisselt), Kapelle-Op-Den-Bos en Zemst (F23)","Zeekanaal Brussel-Schelde - Herstellen jaagpaden in Willebroek (Tisselt), Kapelle-Op-Den-Bos en Zemst (F23)",Kanaal Brussel-Schelde,0.0,1000000.0,1000000.0,2000000.0,2026;2027,2026,21004,Brussel
gip-0315,Diversen en recurrente kosten,Digitalisering en databeheer,Agentschap voor Maritieme Dienstverlening en Kust,Beheer en onderhoud Informatie Systemen,Beheer en onderhoud Informatie Systemen,Vlaanderen,40000.0,40000.0,40000.0,120000.0,2025;2026;2027,2025,,
gip-0316,Diversen en recurrente kosten,Digitalisering en databeheer,Agentschap voor Maritieme Dienstverlening en Kust,Modernisatie ICT omgeving en process automatisatie via ICT applicatie ontwikkeling,Modernisatie ICT omgeving (maximaal/radicaal digitaal) en applicatie ontwikkeling ter verhoging van efficientie en aanleveren van data aan derden en burger.,Vlaanderen,1082000.0,765000.0,665000.0,2512000.0,2025;2026;2027,2025,,
gip-0317,Diversen en recurrente kosten,Digitalisering en databeheer,Agentschap voor Maritieme Dienstverlening en Kust,Monitoring en modellering referentievlakken en stroomatlassen,Monitoring en modellering referentievlakken en stroomatlassen,Vlaanderen,270000.0,0.0,250000.0,520000.0,2025;2027,2025,,
gip-0318,Diversen en recurrente kosten,Digitalisering en databeheer,Agentschap voor Maritieme Dienstverlening en Kust,Samenwerkingsovereenkomst KMI - kustweerbericht,Samenwerkingsovereenkomst KMI - kustweerbericht,Vlaanderen,865000.0,865000.0,865000.0,2595000.0,2025;2026;2027,2025,,
gip-0319,Diversen en recurrente kosten,Digitalisering en databeheer,Agentschap voor Maritieme Dienstverlening en Kust,Speciale leveringen hard- en software ICT-dienstverlener VO buiten normale onderhoud,Speciale leveringen hard- en software ICT-dienstverlener VO buiten normale onderhoud,Vlaanderen,105000.0,30000.0,30000.0,165000.0,2025;2026;2027,2025,,
gip-0320,Diversen en recurrente kosten,Digitalisering en databeheer,Agentschap Wegen En Verkeer,"Digitale strategie (technische applicaties, beveiliging en privacy, netwerk en telematica)",Uitvoering,Vlaanderen,9975000.0,12375000.0,12275000.0,34625000.0,2025;2026;2027,2025,,
gip-0321,Diversen en recurrente kosten,Digitalisering en databeheer,Agentschap Wegen En Verkeer,Investeringen in het kabelnetwerk,Uitvoering,Vlaanderen,2000000.0,2000000.0,2000000.0,6000000.0,2025;2026;2027,2025,,
gip-0322,Diversen en recurrente kosten,Digitalisering en databeheer,Agentschap Wegen En Verkeer,Investeringen in Verkeerscentrum,Uitvoering,Vlaanderen,2000000.0,2000000.0,2000000.0,6000000.0,2025;2026;2027,2025,,
gip-0323,Diversen en recurrente kosten,Digitalisering en databeheer,De Lijn,digitale radio,digitale radio,Vlaanderen,1810000.0,0.0,0.0,1810000.0,2025,2025,,
gip-0324,Diversen en recurrente kosten,Digitalisering en databeheer,De Lijn,Enveloppe ICT,Enveloppe ICT,Vlaanderen,5064051.45,6500000.0,6500000.0,18064051.45,2025;2026;2027,2025,,
gip-0325,Diversen en recurrente kosten,Digitalisering en databeheer,De Lijn,IT aan boord van het voertuig,IT aan boord van het voertuig,Vlaanderen,5234345.0,7784551.0,8631308.0,21650204.0,2025;2026;2027,2025,,
gip-0326,Diversen en recurrente kosten,Digitalisering en databeheer,De Lijn,Strategische projecten,"Strategische investeringen - ERP (maintenance, support)",Vlaanderen,8400000.0,6000000.0,6000000.0,20400000.0,2025;2026;2027,2025,,
gip-0327,Diversen en recurrente kosten,Digitalisering en databeheer,De Lijn,Strategische projecten,Strategische investeringen - Overige (transversaal),Vlaanderen,2220000.0,1000000.0,1000000.0,4220000.0,2025;2026;2027,2025,,
gip-0328,Diversen en recurrente kosten,Digitalisering en databeheer,De Lijn,Strategische projecten,Strategische investeringen - Planningsefficientie,Vlaanderen,2869512.0,2869512.0,2869512.0,8608536.0,2025;2026;2027,2025,,
gip-0329,Diversen en recurrente kosten,Digitalisering en databeheer,De Vlaamse Waterweg,Investeren in ondersteunende ICT-platformen,Investeren in ondersteunende ICT-platformen,Vlaanderen,3205000.0,3030000.0,985000.0,7220000.0,2025;2026;2027,2025,,
gip-0330,Diversen en recurrente kosten,Diverse/prijsherzieningen/verrekenin gen,Buffer voor diversen/onteigeningen/prijsherzieningen,Buffer voor diversen/prijsherzieningen,Buffer voor diversen/prijsherzieningen,Vlaanderen,14887853.0,42320397.0,25673850.0,82882100.0,2025;2026;2027,2025,,
gip-0331,Diversen en recurrente kosten,Externe ondersteuning,Agentschap voor Maritieme Dienstverlening en Kust,Kustwacht,Kustwacht,Vlaanderen,100000.0,100000.0,100000.0,300000.0,2025;2026;2027,2025,,
gip-0332,Diversen en recurrente kosten,Externe ondersteuning,Agentschap voor Maritieme Dienstverlening en Kust,Structurele initiatieven ihkv optimalisatie samenwerking en dienstverlening MDK,Structurele initiatieven ihkv optimalisatie samenwerking en dienstverlening MDK,Vlaanderen,1000000.0,1000000.0,1000000.0,3000000.0,2025;2026;2027,2025,,
gip-0333,Diversen en recurrente kosten,Externe ondersteuning,Agentschap Wegen En Verkeer,"Betaling diensten andere entiteiten (Nexperta, doorrekening dMOW voor opname taken, ondersteuning aan aankoopcomité)",Uitvoering,Vlaanderen,2200000.0,2200000.0,2200000.0,6600000.0,2025;2026;2027,2025,,
gip-0334,Diversen en recurrente kosten,Externe ondersteuning,Agentschap Wegen En Verkeer,"Externe ondersteuning (bereikbaarheidsadviseur, verkeerstellingen, bodemsanering, sloopopvolgingsplannen, studies voor EC, controlewaterpassingen, bruginspecties,CADontwerp,...)",Uitvoering,Vlaanderen,17500000.0,18450000.0,18920000.0,54870000.0,2025;2026;2027,2025,,
gip-0335,Diversen en recurrente kosten,Externe ondersteuning,Agentschap Wegen En Verkeer,Kapitaaloverdracht aan VLM voor grondenbanken,Uitvoering,Vlaanderen,500000.0,500000.0,500000.0,1500000.0,2025;2026;2027,2025,,
gip-0336,Diversen en recurrente kosten,Externe ondersteuning,Agentschap Wegen En Verkeer,Overdracht ikv grondenbanken,Overdracht ikv grondenbanken,Vlaanderen,0.0,1000000.0,1000000.0,2000000.0,2026;2027,2026,,
gip-0337,Diversen en recurrente kosten,Externe ondersteuning,De Vlaamse Waterweg,Diverse (Technische ondersteuning),Diverse (Technische ondersteuning),Vlaanderen,5000000.0,5000000.0,5000000.0,15000000.0,2025;2026;2027,2025,,
gip-0338,Diversen en recurrente kosten,Externe ondersteuning,Departement Mobiliteit en Openbare Werken,Technische ondersteuning en Milieuzorg via raamovereenkomsten en middelenverbintenissen,Technische ondersteuning en Milieuzorg via raamovereenkomsten en middelenverbintenissen,Zeehavenoverschrijdend,7040000.0,7690000.0,6790000.0,21520000.0,2025;2026;2027,2025,,
gip-0339,Diversen en recurrente kosten,"Prijsherzieningen, verrekeningen, kleine uitgaven",Agentschap voor Maritieme Dienstverlening en Kust,Investeringen in cybersecurity (incl. NIS2),Investeringen in cybersecurity (incl. NIS2),Vlaanderen,2154000.0,750000.0,750000.0,3654000.0,2025;2026;2027,2025,,
gip-0340,Diversen en recurrente kosten,"Prijsherzieningen, verrekeningen, kleine uitgaven",Agentschap voor Maritieme Dienstverlening en Kust,Nieuwe en vervanging verouderde apparatuur hydrografie en hydrometeo,Nieuwe en vervanging verouderde apparatuur hydrografie en hydrometeo,Vlaanderen,1055000.0,250000.0,250000.0,1555000.0,2025;2026;2027,2025,,
gip-0341,Diversen en recurrente kosten,"Prijsherzieningen, verrekeningen, kleine uitgaven",Agentschap Wegen En Verkeer,"Diversen, onteigeningen en verrekeningen",Uitvoering,Vlaanderen,57779061.0,0.0,0.0,57779061.0,2025,2025,,
gip-0342,Diversen en recurrente kosten,"Prijsherzieningen, verrekeningen, kleine uitgaven",De Lijn,Herstelling en restauratie historisch patrimonium,Herstelling en restauratie historisch patrimonium,Vlaanderen,187500.0,187500.0,187500.0,562500.0,2025;2026;2027,2025,,
gip-0343,Diversen en recurrente kosten,"Prijsherzieningen, verrekeningen, kleine uitgaven",De Lijn,Raamovereenkomst Grondonderzoek,Raamovereenkomst Grondonderzoek,Vlaanderen,100000.0,100000.0,100000.0,300000.0,2025;2026;2027,2025,,
gip-0344,Diversen en recurrente kosten,"Prijsherzieningen, verrekeningen, kleine uitgaven",De Lijn,Raamovereenkomst veiligheidscoördinatie vanaf 2018,Raamovereenkomst veiligheidscoördinatie vanaf 2018,Vlaanderen,125000.0,125000.0,125000.0,375000.0,2025;2026;2027,2025,,
gip-0345,Diversen en recurrente kosten,"Prijsherzieningen, verrekeningen, kleine uitgaven",De Lijn,Verzekering Alle Bouwplaats Risico's ABR raamovereenkomst 2016- 2022,Verzekering Alle Bouwplaats Risico's ABR raamovereenkomst 2016- 2022,Vlaanderen,90000.0,90000.0,90000.0,270000.0,2025;2026;2027,2025,,
gip-0346,Diversen en recurrente kosten,"Prijsherzieningen, verrekeningen, kleine uitgaven",Departement Mobiliteit en Openbare Werken,"Betaling diverse heffingen (milieu, onroerend goed,…)","Betaling diverse heffingen (milieu, onroerend goed,…)",Zeehavenoverschrijdend,800000.0,800000.0,800000.0,2400000.0,2025;2026;2027,2025,,
gip-0347,Diversen en recurrente kosten,"Prijsherzieningen, verrekeningen, kleine uitgaven",Departement Mobiliteit en Openbare Werken,Kleine uitgaven ikv project en proces ondersteuning,Kleine uitgaven ikv project en proces ondersteuning,Zeehavenoverschrijdend,100000.0,100000.0,100000.0,300000.0,2025;2026;2027,2025,,
gip-0348,Diversen en recurrente kosten,"Verwervingen, innames & onteigeningen",Buffer voor diversen/onteigeningen/prijsherzieningen,Buffer voor diversen/onteigeningen,Buffer voor diversen/onteigeningen,Vlaanderen,60728946.0,40401000.0,16628195.06,117758141.06,2025;2026;2027,2025,,
gip-0349,Diversen en recurrente kosten,"Verwervingen, innames & onteigeningen",De Werkvennootschap,Buffer voor verwervingen,(leeg),Vlaanderen,30000000.0,30000000.0,30000000.0,90000000.0,2025;2026;2027,2025,,
gip-0350,Duurzaam personenvervoer en modal shift,Beschikbaarheidsvergoedingen,De Lijn,DBFM Antwerpen - Kerkstraat-Pothoekstraat,DBFM Antwerpen - Kerkstraat-Pothoekstraat,Antwerpen,0.0,0.0,6958000.0,6958000.0,2027,2027,11002,Antwerpen
gip-0351,Duurzaam personenvervoer en modal shift,Beschikbaarheidsvergoedingen,De Lijn,DBFM Brabo 2,DBFM Brabo 2,Antwerpen,9822105.0,9909341.65,9998322.79,29729769.44,2025;2026;2027,2025,11002,Antwerpen
gip-0352,Duurzaam personenvervoer en modal shift,Beschikbaarheidsvergoedingen,De Lijn,DBFM Brugge,DBFM Brugge,Brugge,3320000.0,3385733.43,3453448.08,10159181.51,2025;2026;2027,2025,31005,Brugge
gip-0353,Duurzaam personenvervoer en modal shift,Beschikbaarheidsvergoedingen,De Lijn,DBFM Hasselt,DBFM Hasselt,Hasselt,4568000.0,5224838.99,5704912.2,15497751.19,2025;2026;2027,2025,71022,Hasselt
gip-0354,Duurzaam personenvervoer en modal shift,Beschikbaarheidsvergoedingen,De Lijn,DBFM Leuven-noord,DBFM Leuven-noord,Leuven noord,2063000.0,2359641.6,2576452.25,6999093.85,2025;2026;2027,2025,24062,Leuven
gip-0355,Duurzaam personenvervoer en modal shift,Beschikbaarheidsvergoedingen,De Lijn,DBFM Livan 1,DBFM Livan 1,Antwerpen,9481007.38,9670627.53,9864040.08,29015674.99,2025;2026;2027,2025,11002,Antwerpen
gip-0356,Duurzaam personenvervoer en modal shift,Beschikbaarheidsvergoedingen,De Lijn,DBFM Oostende,DBFM Oostende,Oostende,3404241.08,3404241.0,3404241.0,10212723.08,2025;2026;2027,2025,35013,Oostende
gip-0357,Duurzaam personenvervoer en modal shift,Beschikbaarheidsvergoedingen,De Lijn,DBFM Overijse,DBFM Overijse,Overijse,1002000.0,1021838.82,1042275.6,3066114.42,2025;2026;2027,2025,23062,Overijse
gip-0358,Duurzaam personenvervoer en modal shift,Beschikbaarheidsvergoedingen,De Lijn,DBFM Sint-Niklaas,DBFM Sint-Niklaas,Sint-Niklaas,1658000.0,1896406.09,2070653.33,5625059.42,2025;2026;2027,2025,46021,Sint-Niklaas
gip-0359,Duurzaam personenvervoer en modal shift,Beschikbaarheidsvergoedingen,De Lijn,DBFM Tongeren,DBFM Tongeren,Tongeren,746664.17,761597.45,776829.4,2285091.02,2025;2026;2027,2025,73083,Tongeren
gip-0360,Duurzaam personenvervoer en modal shift,Beschikbaarheidsvergoedingen,De Lijn,DBFM Zomergem,DBFM Zomergem,Zomergem,571000.0,582305.36,593951.46,1747256.82,2025;2026;2027,2025,44085,Lievegem
gip-0361,Duurzaam personenvervoer en modal shift,Beschikbaarheidsvergoedingen,De Lijn,MV2020 - Verlenging tramlijn Deurne-Wijn,MV2020 - Verlenging tramlijn Deurne-Wijn,Antwerpen,16238073.85,16113600.9,16435275.75,48786950.5,2025;2026;2027,2025,11002,Antwerpen
gip-0362,Duurzaam personenvervoer en modal shift,Doorstromingsprojecten,Agentschap Wegen En Verkeer,A021 Ranst Bushaltes en uitbreiding P+R,Uitvoering,Ranst,1650000.0,0.0,0.0,1650000.0,2025,2025,11035,Ranst
gip-0363,Duurzaam personenvervoer en modal shift,Doorstromingsprojecten,Agentschap Wegen En Verkeer,"Doorstroming (mobilidata, investeringen VC, projecten)",Uitvoering,Vlaanderen,400000.0,0.0,0.0,400000.0,2025,2025,,
gip-0364,Duurzaam personenvervoer en modal shift,Doorstromingsprojecten,Agentschap Wegen En Verkeer,Herinrichting Turnhoutsebaan,Uitvoering,Antwerpen,0.0,5200000.0,0.0,5200000.0,2026,2026,11002,Antwerpen
gip-0365,Duurzaam personenvervoer en modal shift,Doorstromingsprojecten,Agentschap Wegen En Verkeer,mobilidata,Uitvoering,Vlaanderen,3500000.0,3500000.0,3500000.0,10500000.0,2025;2026;2027,2025,,
gip-0366,Duurzaam personenvervoer en modal shift,Doorstromingsprojecten,Agentschap Wegen En Verkeer,N17 Ontsluiting De Winning,Uitvoering,Puurs-Sint-Amands,122566.46,0.0,0.0,122566.46,2025,2025,12041,Puurs-Sint-Amands
gip-0367,Duurzaam personenvervoer en modal shift,Doorstromingsprojecten,Agentschap Wegen En Verkeer,N171 Rumst doortrekking fase 3,Studie,Rumst,1500000.0,0.0,0.0,1500000.0,2025,2025,11037,Rumst
gip-0368,Duurzaam personenvervoer en modal shift,Doorstromingsprojecten,Agentschap Wegen En Verkeer,N35f Diksmuide-nieuwe omleiding tussen N 35/N369,fase 4,Diksmuide,7565867.03,9500000.0,0.0,17065867.03,2025;2026,2025,32003,Diksmuide
gip-0369,Duurzaam personenvervoer en modal shift,Doorstromingsprojecten,Agentschap Wegen En Verkeer,N382 Wielsbeke,studie/onteigening/uitvoering,Wielsbeke,300000.0,250000.0,0.0,550000.0,2025;2026,2025,37017,Wielsbeke
gip-0370,Duurzaam personenvervoer en modal shift,Doorstromingsprojecten,Agentschap Wegen En Verkeer,N705 Genk ontsluiting ZOL – uitbreiding lopende studies,Uitvoering,Genk,0.0,100000.0,0.0,100000.0,2026,2026,71016,Genk
gip-0371,Duurzaam personenvervoer en modal shift,Doorstromingsprojecten,Agentschap Wegen En Verkeer,N8 Ninove heraanleg Elisabethlaan en Leopoldlaan,Fase 1,Ninove,4156877.94,0.0,0.0,4156877.94,2025,2025,41048,Ninove
gip-0372,Duurzaam personenvervoer en modal shift,Doorstromingsprojecten,Agentschap Wegen En Verkeer,R23 Leuven - Open Oproep Ring rond Leuven - BIEDVERGOEDING,Studie,Leuven,37500.0,0.0,0.0,37500.0,2025,2025,24062,Leuven
gip-0373,Duurzaam personenvervoer en modal shift,Doorstromingsprojecten,Agentschap Wegen En Verkeer,R31 Oostende - Ongelijkgrondse fietsverbindingen,Studie,Oostende,0.0,270000.0,0.0,270000.0,2026,2026,35013,Oostende
gip-0374,Duurzaam personenvervoer en modal shift,Doorstromingsprojecten,Agentschap Wegen En Verkeer,Retie herinrichting van de ring,Studie,Retie,0.0,250000.0,0.0,250000.0,2026,2026,13036,Retie
gip-0375,Duurzaam personenvervoer en modal shift,Doorstromingsprojecten,Agentschap Wegen En Verkeer,Studie stadboulevard Deinze,Studie,Deinze,0.0,200000.0,0.0,200000.0,2026,2026,44083,Deinze
gip-0376,Duurzaam personenvervoer en modal shift,Doorstromingsprojecten,Agentschap Wegen En Verkeer,Tielt - Ringweg,Studie,Tielt,0.0,1000000.0,0.0,1000000.0,2026,2026,37015,Tielt
gip-0377,Duurzaam personenvervoer en modal shift,Doorstromingsprojecten,Agentschap Wegen En Verkeer,toegankelijke haltes,Uitvoering,Vlaanderen,720000.0,0.0,0.0,720000.0,2025,2025,,
gip-0378,Duurzaam personenvervoer en modal shift,Doorstromingsprojecten,Agentschap Wegen En Verkeer,"Turnhout: westkant, nieuwe site voor ziekenhuis",Uitvoering,Turnhout,0.0,900000.0,0.0,900000.0,2026,2026,13040,Turnhout
gip-0379,Duurzaam personenvervoer en modal shift,Fietsinfrastructuur,Agentschap voor Maritieme Dienstverlening en Kust,Infrastructuur KMO-zone Rechteroever Nieuwpoort (RON),Infrastructuur KMO-zone RON,Nieuwpoort,290000.0,6060000.0,0.0,6350000.0,2025;2026,2025,38016,Nieuwpoort
gip-0380,Duurzaam personenvervoer en modal shift,Fietsinfrastructuur,Agentschap Wegen En Verkeer,Afbraak aangekochte panden - fietsverbindingen,Afbraak aangekochte panden - fietsverbindingen,West-Vlaanderen,582000.0,0.0,0.0,582000.0,2025,2025,,
gip-0381,Duurzaam personenvervoer en modal shift,Fietsinfrastructuur,Agentschap Wegen En Verkeer,E17 Waregem - fietsbrug en aansluitende fietspaden,Studie,Waregem,0.0,282988.0,0.0,282988.0,2026,2026,34040,Waregem
gip-0382,Duurzaam personenvervoer en modal shift,Fietsinfrastructuur,Agentschap Wegen En Verkeer,Fiets (incl structureel onderhoud),Uitvoering,Vlaanderen,68000.0,0.0,0.0,68000.0,2025,2025,,
gip-0383,Duurzaam personenvervoer en modal shift,Fietsinfrastructuur,Agentschap Wegen En Verkeer,herinrichting gasthuisstraat: parkeervakken omvormen tot fietspaden,Uitvoering,Geel,1000000.0,0.0,0.0,1000000.0,2025,2025,13008,Geel
gip-0384,Duurzaam personenvervoer en modal shift,Fietsinfrastructuur,Agentschap Wegen En Verkeer,"Inv.subs. tov fiets- en doortochtenbeleid,schoolom","Inv.subs fiets-/doortochtenb.,schoolomg",Vlaanderen,15000000.0,25000000.0,25000000.0,65000000.0,2025;2026;2027,2025,,
gip-0385,Duurzaam personenvervoer en modal shift,Fietsinfrastructuur,Agentschap Wegen En Verkeer,MODULE 13 - fietspaden in Herentals (Vorselaar & Poederlee),Onteigening,Herentals,0.0,0.0,850000.0,850000.0,2027,2027,13011,Herentals
gip-0386,Duurzaam personenvervoer en modal shift,Fietsinfrastructuur,Agentschap Wegen En Verkeer,N012 MALLE - ZOERSEL Vrijliggend fietspad,Onteigening,Malle; Zoersel,0.0,2000000.0,2000000.0,4000000.0,2026;2027,2026,11057;11055,Malle;Zoersel
gip-0387,Duurzaam personenvervoer en modal shift,Fietsinfrastructuur,Agentschap Wegen En Verkeer,N014 Zandhoven fase 3: kanaal-N116,Studie,Ranst; Zandhoven,350000.0,0.0,0.0,350000.0,2025,2025,11035;11054,Ranst;Zandhoven
gip-0388,Duurzaam personenvervoer en modal shift,Fietsinfrastructuur,Agentschap Wegen En Verkeer,N014 Zandhoven fase 3: kanaal-N116,Uitvoering,Ranst; Zandhoven,0.0,0.0,5000000.0,5000000.0,2027,2027,11035;11054,Ranst;Zandhoven
gip-0389,Duurzaam personenvervoer en modal shift,Fietsinfrastructuur,Agentschap Wegen En Verkeer,N019 Rotselaar: Doortocht Wezemaal,Onteigening,Aarschot; Rotselaar,200000.0,200000.0,0.0,400000.0,2025;2026,2025,24001;24094,Aarschot;Rotselaar
gip-0390,Duurzaam personenvervoer en modal shift,Fietsinfrastructuur,Agentschap Wegen En Verkeer,N1 - Antwerpsesteenweg,Studie,Mechelen,0.0,400000.0,0.0,400000.0,2026,2026,12025,Mechelen
gip-0391,Duurzaam personenvervoer en modal shift,Fietsinfrastructuur,Agentschap Wegen En Verkeer,N10 Berlaar-HODB Herinrichting Aarschotsebaan,Onteigening,Berlaar; Heist-op-den-Berg; Putte,0.0,300000.0,0.0,300000.0,2026,2026,12002;12014;12029,Berlaar;Heist-op-den-Berg;Putte
gip-0392,Duurzaam personenvervoer en modal shift,Fietsinfrastructuur,Agentschap Wegen En Verkeer,N110 Meerhout MOD13 Gestelsesteenweg,Onteigening,Meerhout,0.0,1000000.0,0.0,1000000.0,2026,2026,13021,Meerhout
gip-0393,Duurzaam personenvervoer en modal shift,Fietsinfrastructuur,Agentschap Wegen En Verkeer,N111 Kalmthout Achterbroeksestwg,Uitvoering,Kalmthout,0.0,150000.0,0.0,150000.0,2026,2026,11022,Kalmthout
gip-0394,Duurzaam personenvervoer en modal shift,Fietsinfrastructuur,Agentschap Wegen En Verkeer,N111 KALMTHOUT Fietspaden Putsesteenweg,Onteigening,Kalmthout; Kapellen,500000.0,0.0,0.0,500000.0,2025,2025,11022;11023,Kalmthout;Kapellen
gip-0395,Duurzaam personenvervoer en modal shift,Fietsinfrastructuur,Agentschap Wegen En Verkeer,N116 RANST Fietspad Netekanaal en N14 Missing Link,conceptontwerp,Nijlen; Ranst,0.0,200000.0,0.0,200000.0,2026,2026,12026;11035,Nijlen;Ranst
gip-0396,Duurzaam personenvervoer en modal shift,Fietsinfrastructuur,Agentschap Wegen En Verkeer,N119 Turnhout MOD13 Kastelein,Onteigening,Turnhout,0.0,500000.0,0.0,500000.0,2026,2026,13040,Turnhout
gip-0397,Duurzaam personenvervoer en modal shift,Fietsinfrastructuur,Agentschap Wegen En Verkeer,N139 Oud-Turnhout / Arendonk MOD13,Onteigening,Arendonk; Oud-Turnhout,0.0,500000.0,0.0,500000.0,2026,2026,13001;13031,Arendonk;Oud-Turnhout
gip-0398,Duurzaam personenvervoer en modal shift,Fietsinfrastructuur,Agentschap Wegen En Verkeer,N14 Duffel Herinrichting incl. FP,Uitvoering,Duffel,0.0,0.0,8500000.0,8500000.0,2027,2027,12009,Duffel
gip-0399,Duurzaam personenvervoer en modal shift,Fietsinfrastructuur,Agentschap Wegen En Verkeer,N141 Fietstunnel in FSW,Fase 1,Ham,0.0,0.0,2500000.0,2500000.0,2027,2027,71069,Ham
gip-0400,Duurzaam personenvervoer en modal shift,Fietsinfrastructuur,Agentschap Wegen En Verkeer,N165 Laakdal fietspaden fase 2,Onteigening,Laakdal,500000.0,0.0,0.0,500000.0,2025,2025,13053,Laakdal
gip-0401,Duurzaam personenvervoer en modal shift,Fietsinfrastructuur,Agentschap Wegen En Verkeer,N171 Kontich Fietstunnel Sint-Rita,Uitvoering,Kontich,5497163.87,0.0,0.0,5497163.87,2025,2025,11024,Kontich
gip-0402,Duurzaam personenvervoer en modal shift,Fietsinfrastructuur,Agentschap Wegen En Verkeer,N19E - Verbinding Vuntcomplex - Kessel-Losestweg,Fase 1,Leuven,907000.0,0.0,0.0,907000.0,2025,2025,24062,Leuven
gip-0403,Duurzaam personenvervoer en modal shift,Fietsinfrastructuur,Agentschap Wegen En Verkeer,N229 Rotselaar/Leuven: Tss rondpunt en E314,Uitvoering,Leuven; Rotselaar,0.0,4685000.0,0.0,4685000.0,2026,2026,24062;24094,Leuven;Rotselaar
gip-0404,Duurzaam personenvervoer en modal shift,Fietsinfrastructuur,Agentschap Wegen En Verkeer,N26 Leuven Herinrichting thv complex E314/18,Onteigening,Herent; Leuven,150000.0,500000.0,500000.0,1150000.0,2025;2026;2027,2025,24038;24062,Herent;Leuven
gip-0405,Duurzaam personenvervoer en modal shift,Fietsinfrastructuur,Agentschap Wegen En Verkeer,N287/1 +N174 Diest Tessenderlo FP &weg +Aquaf coll,Fase 1,Tessenderlo; Diest,0.0,0.0,1900000.0,1900000.0,2027,2027,71057;24020,Tessenderlo;Diest
gip-0406,Duurzaam personenvervoer en modal shift,Fietsinfrastructuur,Agentschap Wegen En Verkeer,N287/1 +N174 Diest Tessenderlo FP &weg +Aquaf coll,Onteigening,Tessenderlo; Diest,200000.0,0.0,0.0,200000.0,2025,2025,71057;24020,Tessenderlo;Diest
gip-0407,Duurzaam personenvervoer en modal shift,Fietsinfrastructuur,Agentschap Wegen En Verkeer,N3/2 Boutersem - Doortocht Roosbeek en mod 13,Onteigening,Boutersem,650000.0,0.0,0.0,650000.0,2025,2025,24016,Boutersem
gip-0408,Duurzaam personenvervoer en modal shift,Fietsinfrastructuur,Agentschap Wegen En Verkeer,N301 fietspad Houthulst,Studie,Houthulst,0.0,0.0,80000.0,80000.0,2027,2027,32006,Houthulst
gip-0409,Duurzaam personenvervoer en modal shift,Fietsinfrastructuur,Agentschap Wegen En Verkeer,N305 Dentergem: aanleg fietspaden,Uitvoering,Dentergem,0.0,0.0,5000000.0,5000000.0,2027,2027,37002,Dentergem
gip-0410,Duurzaam personenvervoer en modal shift,Fietsinfrastructuur,Agentschap Wegen En Verkeer,N305 Meulebeke - Oostrozebeke: aanleg fietspaden,subsidie - bijkomende vastlegging MOD,Meulebeke; Oostrozebeke,3000000.0,0.0,0.0,3000000.0,2025,2025,37007;37010,Meulebeke;Oostrozebeke
gip-0411,Duurzaam personenvervoer en modal shift,Fietsinfrastructuur,Agentschap Wegen En Verkeer,N308 Herinrichting Poperinge-Ieper,fase 2,Poperinge,0.0,0.0,4000000.0,4000000.0,2027,2027,33021,Poperinge
gip-0412,Duurzaam personenvervoer en modal shift,Fietsinfrastructuur,Agentschap Wegen En Verkeer,N308 Herinrichting Poperinge-Ieper,Onteigening,Poperinge,200000.0,0.0,0.0,200000.0,2025,2025,33021,Poperinge
gip-0413,Duurzaam personenvervoer en modal shift,Fietsinfrastructuur,Agentschap Wegen En Verkeer,N32 Brugge - Zedelgem: str. or. weg en fietspad,Uitvoering,Zedelgem,0.0,0.0,2800000.0,2800000.0,2027,2027,31040,Zedelgem
gip-0414,Duurzaam personenvervoer en modal shift,Fietsinfrastructuur,Agentschap Wegen En Verkeer,N35 Tielt: aanleg fietspaden vh BFF,Onteigening,Tielt,100000.0,0.0,0.0,100000.0,2025,2025,37015,Tielt
gip-0415,Duurzaam personenvervoer en modal shift,Fietsinfrastructuur,Agentschap Wegen En Verkeer,N370 Wingene-Beernem: fietspaden,Studie,Beernem; Wingene,0.0,300000.0,0.0,300000.0,2026,2026,31003;37018,Beernem;Wingene
gip-0416,Duurzaam personenvervoer en modal shift,Fietsinfrastructuur,Agentschap Wegen En Verkeer,N371 Blankenberge - heraanleg + fietspaden,ontwerpstudie,Blankenberge,0.0,0.0,150000.0,150000.0,2027,2027,31004,Blankenberge
gip-0417,Duurzaam personenvervoer en modal shift,Fietsinfrastructuur,Agentschap Wegen En Verkeer,N411 Aalst Moorselbaan str. onderhoud bij m13,Onteigening,Aalst,200000.0,0.0,0.0,200000.0,2025,2025,41002,Aalst
gip-0418,Duurzaam personenvervoer en modal shift,Fietsinfrastructuur,Agentschap Wegen En Verkeer,N425 RonseMaarkedal Ommegangsstraat heraanleg,Onteigening,Maarkedal; Ronse,200000.0,0.0,0.0,200000.0,2025,2025,45064;45041,Maarkedal;Ronse
gip-0419,Duurzaam personenvervoer en modal shift,Fietsinfrastructuur,Agentschap Wegen En Verkeer,N465a Oosterzele fietspaden Geraardbergsesteenweg,ontwerpstudie,Oosterzele,224741.0,0.0,0.0,224741.0,2025,2025,44052,Oosterzele
gip-0420,Duurzaam personenvervoer en modal shift,Fietsinfrastructuur,Agentschap Wegen En Verkeer,N47 - Opwijk - fietstunnel Leirekensroute,ontwerpstudie,Opwijk,125000.0,0.0,0.0,125000.0,2025,2025,23060,Opwijk
gip-0421,Duurzaam personenvervoer en modal shift,Fietsinfrastructuur,Agentschap Wegen En Verkeer,N47 - Opwijk - fietstunnel Leirekensroute,Uitvoering,Opwijk,0.0,1800000.0,0.0,1800000.0,2026,2026,23060,Opwijk
gip-0422,Duurzaam personenvervoer en modal shift,Fietsinfrastructuur,Agentschap Wegen En Verkeer,N47 - Opwijk - fietstunnel Leirekensroute,Uitvoering bis,Opwijk,0.0,6000000.0,0.0,6000000.0,2026,2026,23060,Opwijk
gip-0423,Duurzaam personenvervoer en modal shift,Fietsinfrastructuur,Agentschap Wegen En Verkeer,N60 Bouwen Fietsbrug thv kruispunt N457 Schorissew,Uitvoering,Oudenaarde,6800000.0,0.0,0.0,6800000.0,2025,2025,45035,Oudenaarde
gip-0424,Duurzaam personenvervoer en modal shift,Fietsinfrastructuur,Agentschap Wegen En Verkeer,N722: St-Truiden(ST) - Alken(A): aanleg fietspaden,Fase 1,Alken; Hasselt; Sint-Truiden,2407065.56,0.0,0.0,2407065.56,2025,2025,73001;71022;71053,Alken;Hasselt;Sint-Truiden
gip-0425,Duurzaam personenvervoer en modal shift,Fietsinfrastructuur,Agentschap Wegen En Verkeer,"N73 Bree, Aanleg ontbrekende fietspaden",Uitvoering,Bree,2200000.0,0.0,0.0,2200000.0,2025,2025,72004,Bree
gip-0426,Duurzaam personenvervoer en modal shift,Fietsinfrastructuur,Agentschap Wegen En Verkeer,N73 Kinrooi,Uitvoering,Kinrooi,0.0,0.0,5000000.0,5000000.0,2027,2027,72018,Kinrooi
gip-0427,Duurzaam personenvervoer en modal shift,Fietsinfrastructuur,Agentschap Wegen En Verkeer,N8 Ninove herinrichting Brusselsesteenweg,afbraak woningen,Ninove; Roosdaal,600000.0,0.0,0.0,600000.0,2025,2025,41048;23097,Ninove;Roosdaal
gip-0428,Duurzaam personenvervoer en modal shift,Fietsinfrastructuur,Agentschap Wegen En Verkeer,N8 Oudenaarde fietstunnel Leupegem,Fase 1,Oudenaarde,5000000.0,0.0,0.0,5000000.0,2025,2025,45035,Oudenaarde
gip-0429,Duurzaam personenvervoer en modal shift,Fietsinfrastructuur,Agentschap Wegen En Verkeer,N8 Oudenaarde Horebeke Herinrichting +N454,Onteigening,Horebeke; Maarkedal; Oudenaarde,600000.0,0.0,0.0,600000.0,2025,2025,45062;45064;45035,Horebeke;Maarkedal;Oudenaarde
gip-0430,Duurzaam personenvervoer en modal shift,Fietsinfrastructuur,Agentschap Wegen En Verkeer,N8 Wervik aanleg fietspaden,Uitvoering,Wervik; Zonnebeke,0.0,1500000.0,0.0,1500000.0,2026,2026,33029;33037,Wervik;Zonnebeke
gip-0431,Duurzaam personenvervoer en modal shift,Fietsinfrastructuur,Agentschap Wegen En Verkeer,N9 Aalst Heraanleg kruispunt Haring en Parklaan,Studie,Aalst,0.0,350000.0,0.0,350000.0,2026,2026,41002,Aalst
gip-0432,Duurzaam personenvervoer en modal shift,Fietsinfrastructuur,Agentschap Wegen En Verkeer,NSZ- N34/F34 Blankenberge - Zeebrugge,Studie,Blankenberge; Brugge,300000.0,0.0,0.0,300000.0,2025,2025,31004;31005,Blankenberge;Brugge
gip-0433,Duurzaam personenvervoer en modal shift,Fietsinfrastructuur,Agentschap Wegen En Verkeer,NSZ- N34/F34 Blankenberge - Zeebrugge,Uitvoering,Blankenberge; Brugge,0.0,0.0,4000000.0,4000000.0,2027,2027,31004;31005,Blankenberge;Brugge
gip-0434,Duurzaam personenvervoer en modal shift,Fietsinfrastructuur,Agentschap Wegen En Verkeer,NSZ -N34/F34 Wenduine - Blankenberge,Studie,Wenduine; Blankenberge,0.0,130000.0,0.0,130000.0,2026,2026,31004,Blankenberge
gip-0435,Duurzaam personenvervoer en modal shift,Fietsinfrastructuur,Agentschap Wegen En Verkeer,R26 Diest Kiss and ride en ontsluiting station,Studie,Diest,0.0,350000.0,0.0,350000.0,2026,2026,24020,Diest
gip-0436,Duurzaam personenvervoer en modal shift,Fietsinfrastructuur,Agentschap Wegen En Verkeer,R43 Eeklo fase 2 Fietstunnel Raverschootstraat,Fase 1,Eeklo,0.0,3800000.0,0.0,3800000.0,2026,2026,43005,Eeklo
gip-0437,Duurzaam personenvervoer en modal shift,Fietsinfrastructuur,Agentschap Wegen En Verkeer,Stadsvaart Brugge - herbouw Steenbruggebrug,Fase 1,Brugge; Oostkamp,0.0,500000.0,500000.0,1000000.0,2026;2027,2026,31005;31022,Brugge;Oostkamp
gip-0438,Duurzaam personenvervoer en modal shift,Fietsinfrastructuur,Agentschap Wegen En Verkeer,Structureel onderhoud fietspad Boom,Uitvoering,Boom,0.0,500000.0,0.0,500000.0,2026,2026,11005,Boom
gip-0439,Duurzaam personenvervoer en modal shift,Fietsinfrastructuur,Agentschap Wegen En Verkeer,WVB - Afbraak onteigende woningen,Niet van toepassing,Aarschot; Asse; Herent; Kampenhout,0.0,699361.5,0.0,699361.5,2026,2026,24001;23002;24038;23038,Aarschot;Asse;Herent;Kampenhout
gip-0440,Duurzaam personenvervoer en modal shift,Fietsinfrastructuur,De Vlaamse Waterweg,Aanpassing aan fietsbrug Lanklaar,Aanpassing aan fietsbrug Lanklaar,Dilsen-Stokkem,1100000.0,0.0,0.0,1100000.0,2025,2025,72041,Dilsen-Stokkem
gip-0441,Duurzaam personenvervoer en modal shift,Fietsinfrastructuur,De Vlaamse Waterweg,Bouw fietsbrug ter hoogte van de Reningebrug te Lo-Reninge,Bouw fietsbrug ter hoogte van de Reningebrug te Lo-Reninge,Lo-Reninge,0.0,0.0,755000.0,755000.0,2027,2027,32030,Lo-Reninge
gip-0442,Duurzaam personenvervoer en modal shift,Fietsinfrastructuur,De Vlaamse Waterweg,Bouw van een fiets- en voetgangersbrug over KND (Kanaal Nieuwpoort-Duinkerke) te Veurne,Bouw van een fiets- en voetgangersbrug over KND te Veurne,Veurne,365000.0,0.0,0.0,365000.0,2025,2025,38025,Veurne
gip-0443,Duurzaam personenvervoer en modal shift,Fietsinfrastructuur,De Vlaamse Waterweg,Bouw van een fiets- en voetgangersbrug te Aalter,Bouw van een fiets- en voetgangersbrug te Aalter,Aalter,0.0,300000.0,1125000.0,1425000.0,2026;2027,2026,44084,Aalter
gip-0444,Duurzaam personenvervoer en modal shift,Fietsinfrastructuur,De Vlaamse Waterweg,Bouw van een fietsbrug Gent t.h.v. Eiland Zwijnaarde,Bouw van een fietsbrug Gent t.h.v. Eiland Zwijnaarde,Gent,68760.0,0.0,0.0,68760.0,2025,2025,44021,Gent
gip-0445,Duurzaam personenvervoer en modal shift,Fietsinfrastructuur,De Vlaamse Waterweg,Bovenschelde te Oudenaarde. Scheldeboordenkop - Trekweg,Bovenschelde te Oudenaarde. Scheldeboordenkop - Trekweg,Oudenaarde,120000.0,0.0,0.0,120000.0,2025,2025,45035,Oudenaarde
gip-0446,Duurzaam personenvervoer en modal shift,Fietsinfrastructuur,De Vlaamse Waterweg,Fiets- en voetgangersbrug Schelde incl. Scheldebalkon,Fiets- en voetgangersbrug Schelde incl. Scheldebalkon - Voorstudies en begeleiding ifv de uitvoering (prefinanciering),Antwerpen,5554000.0,3000000.0,0.0,8554000.0,2025;2026,2025,11002,Antwerpen
gip-0447,Duurzaam personenvervoer en modal shift,Fietsinfrastructuur,De Vlaamse Waterweg,Fiets- en voetgangersbrug Schelde incl. Scheldebalkon,Fiets- en voetgangersbrug Schelde incl. Scheldebalkon uitvoering,Antwerpen,0.0,80000000.0,80000000.0,160000000.0,2026;2027,2026,11002,Antwerpen
gip-0448,Duurzaam personenvervoer en modal shift,Fietsinfrastructuur,De Vlaamse Waterweg,Heraanleg kruispunt en brug N39 - Waterplein te Adinkerke,Heraanleg kruispunt en brug N39 - Waterplein te Adinkerke,De Panne,50000.0,50000.0,250000.0,350000.0,2025;2026;2027,2025,38008,De Panne
gip-0449,Duurzaam personenvervoer en modal shift,Fietsinfrastructuur,Leefbaar Antwerpen door Innovatief Samenwerken,Fietsinfrastructuur,Fietsinfra,Antwerpen,962000.0,200000.0,0.0,1162000.0,2025;2026,2025,11002,Antwerpen
gip-0450,Duurzaam personenvervoer en modal shift,Fietsinfrastructuur,Leefbaar Antwerpen door Innovatief Samenwerken,Flankerend,Flankerend (Verkeersveiligheid),Antwerpen,3108000.0,6671000.0,4941000.0,14720000.0,2025;2026;2027,2025,11002,Antwerpen
gip-0451,Duurzaam personenvervoer en modal shift,Flankerende maatregelen Oosterweel,Leefbaar Antwerpen door Innovatief Samenwerken,Flankerend,Flankerend (Minder Hinder),Beveren,6000000.0,6000000.0,4000000.0,16000000.0,2025;2026;2027,2025,46003,Beveren
gip-0452,Duurzaam personenvervoer en modal shift,Flankerende maatregelen Oosterweel,Leefbaar Antwerpen door Innovatief Samenwerken,Flankerend,Flankerend (Toekomstverbond),Antwerpen,11989000.0,13275000.0,11896000.0,37160000.0,2025;2026;2027,2025,11002,Antwerpen
gip-0453,Duurzaam personenvervoer en modal shift,Hoppinpunten en carpool,Agentschap Wegen En Verkeer,Carpoolparking II Deerlijk,Fase 1,Deerlijk,400000.0,0.0,0.0,400000.0,2025,2025,34009,Deerlijk
gip-0454,Duurzaam personenvervoer en modal shift,Hoppinpunten en carpool,Agentschap Wegen En Verkeer,hoppin,Uitvoering,Vlaanderen,3930000.0,1700000.0,3000000.0,8630000.0,2025;2026;2027,2025,,
gip-0455,Duurzaam personenvervoer en modal shift,Hoppinpunten en carpool,Agentschap Wegen En Verkeer,Hoppinpunt nabij Eizeringen kruispunt (P&R),Uitvoering,Lennik,0.0,0.0,900000.0,900000.0,2027,2027,23104,Lennik
gip-0456,Duurzaam personenvervoer en modal shift,Leefbaarheidsprojecten Oosterweel,Agentschap Wegen En Verkeer,R1 - Ring om Antw. Leefbaarheidsprojecten,Uitvoering,Antwerpen,2800000.0,0.0,0.0,2800000.0,2025,2025,11002,Antwerpen
gip-0457,Duurzaam personenvervoer en modal shift,Leefbaarheidsprojecten Oosterweel,Leefbaar Antwerpen door Innovatief Samenwerken,Leefbaarheid - fase II,Leefbaarheid - fase II,Antwerpen,0.0,6000000.0,48000000.0,54000000.0,2026;2027,2026,11002,Antwerpen
gip-0458,Duurzaam personenvervoer en modal shift,Masterplan toegankelijke haltes,Agentschap Wegen En Verkeer,Openbaar vervoer - masterplan toegankelijke haltes,Uitvoering,Vlaanderen,0.0,800000.0,800000.0,1600000.0,2026;2027,2026,,
gip-0459,Duurzaam personenvervoer en modal shift,Reizigersinformatie,De Lijn,Reizigersinformatie,Reizigersinformatie,Vlaanderen,2572000.0,4000000.0,4000000.0,10572000.0,2025;2026;2027,2025,,
gip-0460,Duurzaam personenvervoer en modal shift,Reizigersinformatie,De Lijn,Verkoopskanalen en informatie reizigers,Verkoopskanalen en informatie reizigers,Vlaanderen,5357000.0,4500000.0,4500000.0,14357000.0,2025;2026;2027,2025,,
gip-0461,Duurzaam personenvervoer en modal shift,Stationsomgevingen,De Lijn,Autobusstation Brussel Zuid,Autobusstation Brussel Zuid,Brussel Zuid,316000.0,0.0,0.0,316000.0,2025,2025,21004,Brussel
gip-0462,Duurzaam personenvervoer en modal shift,Stationsomgevingen,De Lijn,Autobusstation Brussel-Noord,Autobusstation Brussel-Noord,Brussel Noord,24354.97,0.0,0.0,24354.97,2025,2025,21004,Brussel
gip-0463,Duurzaam personenvervoer en modal shift,Stationsomgevingen,De Lijn,Genk,Genk,Genk,105000.0,0.0,0.0,105000.0,2025,2025,71016,Genk
gip-0464,Duurzaam personenvervoer en modal shift,Stationsomgevingen,De Lijn,Gent Sint Pieters,Gent Sint Pieters,Gent,710000.0,0.0,0.0,710000.0,2025,2025,44021,Gent
gip-0465,Duurzaam personenvervoer en modal shift,Stationsomgevingen,De Lijn,Groenendael,Groenendael,Overijse,6270.0,0.0,0.0,6270.0,2025,2025,23062,Overijse
gip-0466,Duurzaam personenvervoer en modal shift,Stationsomgevingen,De Lijn,Harelbeke,Harelbeke,Harelbeke,5000.0,0.0,0.0,5000.0,2025,2025,34013,Harelbeke
gip-0467,Duurzaam personenvervoer en modal shift,Stationsomgevingen,De Lijn,Kust - Toegankelijke haltes CAF,Kust - Toegankelijke haltes CAF,Vlaanderen,130000.0,0.0,0.0,130000.0,2025,2025,,
gip-0468,Duurzaam personenvervoer en modal shift,Stationsomgevingen,De Lijn,Mechelen,Mechelen,Mechelen,191185.0,0.0,0.0,191185.0,2025,2025,12025,Mechelen
gip-0469,Duurzaam personenvervoer en modal shift,Stationsomgevingen,De Lijn,Melsele - Camerabewaking Park & Ride,Melsele - Camerabewaking Park & Ride,Melsele,95806.62,0.0,0.0,95806.62,2025,2025,46003,Beveren
gip-0470,Duurzaam personenvervoer en modal shift,Stationsomgevingen,De Lijn,Stationsomgeving Leuven - Busstation,Stationsomgeving Leuven - Busstation,Leuven,37500.0,0.0,0.0,37500.0,2025,2025,24062,Leuven
gip-0471,Duurzaam personenvervoer en modal shift,Stationsomgevingen,De Lijn,Stationsomgevingen,Stationsomgevingen,Vlaanderen,0.0,5000000.0,5000000.0,10000000.0,2026;2027,2026,,
gip-0472,Duurzaam personenvervoer en modal shift,Stationsomgevingen,De Lijn,Toegankelijkheid autobusstations,Toegankelijkheid autobusstations,Vlaanderen,13554.73,0.0,0.0,13554.73,2025,2025,,
gip-0473,Duurzaam personenvervoer en modal shift,Stationsomgevingen,De Lijn,Tongeren,Tongeren,Tongeren,40000.0,0.0,0.0,40000.0,2025,2025,73083,Tongeren
gip-0474,Duurzaam personenvervoer en modal shift,Stationsomgevingen,De Lijn,Veurne,Veurne,Veurne,200000.0,0.0,0.0,200000.0,2025,2025,38025,Veurne
gip-0475,Duurzaam personenvervoer en modal shift,Stationsomgevingen,De Lijn,Vilvoorde,Vilvoorde,Vilvoorde,150000.0,0.0,0.0,150000.0,2025,2025,23088,Vilvoorde
gip-0476,Duurzaam personenvervoer en modal shift,Stationsomgevingen,De Lijn,Willebroek,Willebroek,Willebroek,170000.0,0.0,0.0,170000.0,2025,2025,12040,Willebroek
gip-0477,Duurzaam personenvervoer en modal shift,Trams,De Lijn,Componentenbeheer trams,Componentenbeheer trams,Vlaanderen,0.0,5000000.0,5000000.0,10000000.0,2026;2027,2026,,
gip-0478,Duurzaam personenvervoer en modal shift,Trams,De Lijn,Trams - algemeen,Trams - algemeen,Vlaanderen,79110000.0,1488800.0,1125000.0,81723800.0,2025;2026;2027,2025,,
gip-0479,Duurzaam personenvervoer en modal shift,Veerdiensten,Agentschap voor Maritieme Dienstverlening en Kust,Bouw nieuwe veerboot Antwerpen,Bouw schepen ihkv personenmobiliteit over water,Vlaanderen,7965000.0,0.0,0.0,7965000.0,2025,2025,11002,Antwerpen
gip-0480,Duurzaam personenvervoer en modal shift,Veerdiensten,Agentschap voor Maritieme Dienstverlening en Kust,Personenvervoer over water,(leeg),Vlaanderen,6400000.0,3430000.0,1430000.0,11260000.0,2025;2026;2027,2025,,
gip-0481,Duurzaam personenvervoer en modal shift,Veerdiensten,Agentschap voor Maritieme Dienstverlening en Kust,Tekort exploitatie POW,(leeg),Vlaanderen,2117000.0,2117000.0,2117000.0,6351000.0,2025;2026;2027,2025,,
gip-0482,Duurzaam personenvervoer en modal shift,Veerdiensten,De Vlaamse Waterweg,Vernieuwen veersteiger op de Rupel LO te Klein-Willebroek,Vernieuwen veersteiger op de Rupel LO te Klein-Willebroek,Willebroek,0.0,0.0,900000.0,900000.0,2027,2027,12040,Willebroek
gip-0483,Duurzaam personenvervoer en modal shift,Vergroening bussen,De Lijn,Camerabewaking op autobussen regie en exploitanten - 5 jaar ROVK,Camerabewaking op autobussen regie en exploitanten - 5 jaar ROVK,Vlaanderen,0.0,500000.0,400000.0,900000.0,2026;2027,2026,,
gip-0484,Duurzaam personenvervoer en modal shift,Vergroening bussen,De Lijn,E-bussysteem,E-bussysteem - aankoop e-bussen,Vlaanderen,378500000.0,26500000.0,24600000.0,429600000.0,2025;2026;2027,2025,,
gip-0485,Duurzaam personenvervoer en modal shift,Vergroening bussen,De Lijn,E-bussysteem,E-bussysteem - laadinfrastructuur en stelplaatsen,Vlaanderen,39906000.0,79725783.0,79725783.0,199357566.0,2025;2026;2027,2025,,
gip-0486,Duurzaam personenvervoer en modal shift,Vergroening bussen,De Lijn,E-bussysteem,E-bussysteem - projectresources + studies,Vlaanderen,787000.0,0.0,0.0,787000.0,2025,2025,,
gip-0487,Duurzaam personenvervoer en modal shift,Vergroening bussen,De Lijn,E-bussysteem,E-bussysteem - software vergroening en projectmanagement,Vlaanderen,1401816.0,11437462.0,17512025.0,30351303.0,2025;2026;2027,2025,,
gip-0488,Duurzaam personenvervoer en modal shift,Verkeersleefbaarheidsprojecten,Agentschap Wegen En Verkeer,E17 Menen - bodemsanering LAR Rekkem,Uitvoering,Menen,0.0,410391.16,0.0,410391.16,2026,2026,34027,Menen
gip-0489,Duurzaam personenvervoer en modal shift,Verkeersleefbaarheidsprojecten,Agentschap Wegen En Verkeer,E40 Aalst (Italiënweg) geluidswerende verharding,Uitvoering,Aalst,620000.0,0.0,0.0,620000.0,2025,2025,41002,Aalst
gip-0490,Duurzaam personenvervoer en modal shift,Verkeersleefbaarheidsprojecten,Agentschap Wegen En Verkeer,Klimaat/VAPEO/energiebesparende maatregelen,Uitvoering,Vlaanderen,1000556.88,0.0,0.0,1000556.88,2025,2025,,
gip-0491,Duurzaam personenvervoer en modal shift,Verkeersleefbaarheidsprojecten,Agentschap Wegen En Verkeer,Koningsvijvers Hoeilaart R0 sanering en ruiming,Fase 1,Hoeilaart,831292.64,0.0,0.0,831292.64,2025,2025,23033,Hoeilaart
gip-0492,Duurzaam personenvervoer en modal shift,Verkeersleefbaarheidsprojecten,Agentschap Wegen En Verkeer,N1 N155 Albertpark herinrichting,Studie,Antwerpen,245000.0,0.0,0.0,245000.0,2025,2025,11002,Antwerpen
gip-0493,Duurzaam personenvervoer en modal shift,Verkeersleefbaarheidsprojecten,Agentschap Wegen En Verkeer,N318 Middelkerke - doortocht Lombarsijde,Uitvoering,Middelkerke,5344103.02,0.0,0.0,5344103.02,2025,2025,35011,Middelkerke
gip-0494,Duurzaam personenvervoer en modal shift,Verkeersleefbaarheidsprojecten,Agentschap Wegen En Verkeer,N37 Ardooie Herinrichten BUBEKO,Studie,Ardooie,150000.0,0.0,0.0,150000.0,2025,2025,37020,Ardooie
gip-0495,Duurzaam personenvervoer en modal shift,Verkeersleefbaarheidsprojecten,Agentschap Wegen En Verkeer,N8 Kortrijk - herinrichting Meensesteenweg,ontwerpstudie,Kortrijk,0.0,250000.0,0.0,250000.0,2026,2026,34022,Kortrijk
gip-0496,Duurzaam personenvervoer en modal shift,Verkeersleefbaarheidsprojecten,Agentschap Wegen En Verkeer,R10 N150 Antwerpen Herinrichting Le Grellelaan,Studie,Antwerpen,400000.0,0.0,0.0,400000.0,2025,2025,11002,Antwerpen
gip-0497,Duurzaam personenvervoer en modal shift,Verkeersleefbaarheidsprojecten,Agentschap Wegen En Verkeer,R30 Herbouw van Krakelebrug te Brugge,Fase 1,Brugge,0.0,1500000.0,0.0,1500000.0,2026,2026,31005,Brugge
gip-0498,Grote investeringen in de zeehavens,Extra Containercapaciteit Antwerpen,De Vlaamse Waterweg,Complex project Extra Containercapaciteit Antwerpen,Complex project Extra Containercapaciteit Antwerpen,Beveren,200000.0,0.0,0.0,200000.0,2025,2025,46003,Beveren
gip-0499,Grote investeringen in de zeehavens,Extra Containercapaciteit Antwerpen,Departement Mobiliteit en Openbare Werken,Complex project Extra Containercapaciteit Antwerpen,Complex project Extra Containercapaciteit Antwerpen,Zeehaven van Antwerpen,3200000.0,31000000.0,99742000.0,133942000.0,2025;2026;2027,2025,11002,Antwerpen
gip-0500,Grote investeringen in de zeehavens,Extra Containercapaciteit Antwerpen,Departement Mobiliteit en Openbare Werken,Heraanleg E34,Heraanleg E34,Zeehaven van Antwerpen,4000000.0,4000000.0,3525000.0,11525000.0,2025;2026;2027,2025,11002,Antwerpen
gip-0501,Grote investeringen in de zeehavens,Extra Containercapaciteit Antwerpen,Departement Mobiliteit en Openbare Werken,Verbond Ommeland,(leeg),Haven van Antwerpen,1000000.0,2000000.0,2000000.0,5000000.0,2025;2026;2027,2025,11002,Antwerpen
gip-0502,Grote investeringen in de zeehavens,Kanaal Gent-Terneuzen,Departement Mobiliteit en Openbare Werken,Nieuwe Sluis Terneuzen,Nieuwe Sluis Terneuzen,Zeehavenoverschrijdend,15000000.0,15000000.0,0.0,30000000.0,2025;2026,2025,,
gip-0503,Grote investeringen in de zeehavens,Kanaal Gent-Terneuzen,Departement Mobiliteit en Openbare Werken,Nieuwe Sluis Terneuzen Prijsherzieningen,Nieuwe Sluis Terneuzen Prijsherzieningen,Zeehavenoverschrijdend,10000000.0,0.0,0.0,10000000.0,2025,2025,,
gip-0504,Grote investeringen in de zeehavens,Nieuwe Sluis Zeebrugge,Departement Mobiliteit en Openbare Werken,Complex project Nieuwe Sluis Zeebrugge,Complex project Nieuwe Sluis Zeebrugge,Zeehaven van Zeebrugge,21000000.0,3300000.0,3300000.0,27600000.0,2025;2026;2027,2025,,
gip-0505,Grote investeringen in de zeehavens,Royerssluis,Departement Mobiliteit en Openbare Werken,Bouw sluizen - Royerssluis,Bouw sluizen - Royerssluis,Zeehaven van Antwerpen,23479000.0,15000000.0,15000000.0,53479000.0,2025;2026;2027,2025,11002,Antwerpen
gip-0506,Grote investeringen in de zeehavens,Voorhaven Oostende,Departement Mobiliteit en Openbare Werken,Ontwikkeling oostelijk havenareaal,(leeg),Zeehaven van Oostende,250000.0,450000.0,0.0,700000.0,2025;2026,2025,35013,Oostende
gip-0507,Grote werken in het waterwegennet,Albertkanaal,De Vlaamse Waterweg,Beschikbaarheidsvergoeding PPS Verhogen bruggen Albertkanaal,Beschikbaarheidsvergoeding PPS Verhogen bruggen Albertkanaal - fase 1,Albertkanaal,4915458.29,4929221.57,4945000.0,14789679.86,2025;2026;2027,2025,,
gip-0508,Grote werken in het waterwegennet,Albertkanaal,De Vlaamse Waterweg,Beschikbaarheidsvergoeding PPS Verhogen bruggen Albertkanaal,Beschikbaarheidsvergoeding PPS Verhogen bruggen Albertkanaal - fase 2,Albertkanaal,6704000.0,6720000.0,6740000.0,20164000.0,2025;2026;2027,2025,,
gip-0509,Grote werken in het waterwegennet,Albertkanaal,De Vlaamse Waterweg,Diverse kosten verhogen bruggen,"Diverse kosten verhogen bruggen (proeven, nutsleidingen, verrekeningen, herzieningen,…)",Vlaanderen,1750000.0,0.0,0.0,1750000.0,2025,2025,,
gip-0510,Grote werken in het waterwegennet,Albertkanaal,De Vlaamse Waterweg,Herbouw spoorbrug Genk (BR12),Herbouw spoorbrug Genk (BR12),Genk,1030000.0,0.0,0.0,1030000.0,2025,2025,71016,Genk
gip-0511,Grote werken in het waterwegennet,Albertkanaal,De Vlaamse Waterweg,Herbouw spoorbrug Herentals (BR44),Herbouw spoorbrug Herentals (BR44) - regulier,Herentals,4050000.0,0.0,0.0,4050000.0,2025,2025,13011,Herentals
gip-0512,Grote werken in het waterwegennet,Albertkanaal,De Vlaamse Waterweg,Herbouw wegbrug Turnhoutsebaan Wijnegem (BR52),Herbouw wegbrug Turnhoutsebaan Wijnegem (BR52),Wijnegem,4000000.0,5015000.0,0.0,9015000.0,2025;2026,2025,11050,Wijnegem
gip-0513,Grote werken in het waterwegennet,Albertkanaal,De Vlaamse Waterweg,Verhogen wegbrug Kempische poort (N74) Hasselt (BR17),Verhogen wegbrug Kempische poort (N74) Hasselt (BR17),Hasselt,160000.0,0.0,0.0,160000.0,2025,2025,71022,Hasselt
gip-0514,Grote werken in het waterwegennet,Albertkanaal,De Vlaamse Waterweg,Vernieuwen oevers tussen Hoogmolenbrug en brug van den Azijn,"Vernieuwen oevers tussen Hoogmolenbrug en brug van den Azijn, RO afwaarts Kruiningenstraat",Schoten,420000.0,0.0,0.0,420000.0,2025,2025,11040,Schoten
gip-0515,Grote werken in het waterwegennet,Albertkanaal,De Vlaamse Waterweg,"Verruimig AK zone Antwerpen,",Verruimig afwaarts brug van Azijn tot Lobroekdok,Antwerpen,0.0,5500000.0,2500000.0,8000000.0,2026;2027,2026,11002,Antwerpen
gip-0516,Grote werken in het waterwegennet,Albertkanaal,De Vlaamse Waterweg,Vervangen drie 600 tonsluizen van Blauwe Kei door 1 sluis,Vervangen drie 600 tonsluizen van Blauwe Kei door 1 sluis studie,Kanaal Bocholt-Herentals,0.0,500000.0,0.0,500000.0,2026,2026,13011;72003,Herentals;Bocholt
gip-0517,Grote werken in het waterwegennet,Seine Schelde,De Vlaamse Waterweg,Bouw 2de sluis Ooigem,Bouw 2e sluis Ooigem - studie,Wielsbeke,2000000.0,1000000.0,1000000.0,4000000.0,2025;2026;2027,2025,37017,Wielsbeke
gip-0518,Grote werken in het waterwegennet,Seine Schelde,De Vlaamse Waterweg,Bouw fietsbrug op F422 te Deinze,Bouw fietsbrug op F422 te Deinze,Deinze,26567.0,0.0,0.0,26567.0,2025,2025,44083,Deinze
gip-0519,Grote werken in het waterwegennet,Seine Schelde,De Vlaamse Waterweg,Bouw vispassage Menen,Bouw vispassage Menen,Menen,4560000.0,900000.0,0.0,5460000.0,2025;2026,2025,34027,Menen
gip-0520,Grote werken in het waterwegennet,Seine Schelde,De Vlaamse Waterweg,Diversen Seine Schelde,Diversen Seine-Schelde: projectmanagement en communicatiekosten,Vlaanderen,3950000.0,3200000.0,3000000.0,10150000.0,2025;2026;2027,2025,,
gip-0521,Grote werken in het waterwegennet,Seine Schelde,De Vlaamse Waterweg,Doortocht Menen,Doortocht Menen,Menen,5930000.0,12000000.0,5000000.0,22930000.0,2025;2026;2027,2025,34027,Menen
gip-0522,Grote werken in het waterwegennet,Seine Schelde,De Vlaamse Waterweg,Doortocht Wervik,Doortocht Wervik,Wervik,0.0,5900000.0,0.0,5900000.0,2026,2026,33029,Wervik
gip-0523,Grote werken in het waterwegennet,Seine Schelde,De Vlaamse Waterweg,Herbouw fietsbrug Nevele,Herbouw fietsbrug Nevele,Deinze,4320000.0,0.0,0.0,4320000.0,2025,2025,44083,Deinze
gip-0524,Grote werken in het waterwegennet,Seine Schelde,De Vlaamse Waterweg,Herbouw Krakelebrug te Brugge,Herbouw Krakelebrug te Brugge - studie,Brugge,750000.0,750000.0,0.0,1500000.0,2025;2026,2025,31005,Brugge
gip-0525,Grote werken in het waterwegennet,Seine Schelde,De Vlaamse Waterweg,Herbouw wegbrug Wevelgem-Lauwe,Herbouw wegbrug Wevelgem-Lauwe,Wevelgem,765000.0,8250000.0,22390000.0,31405000.0,2025;2026;2027,2025,34041,Wevelgem
gip-0526,Grote werken in het waterwegennet,Seine Schelde,De Vlaamse Waterweg,Herinrichten Leieboorden Kortrijk,Herinrichten Leieboorden Kortrijk,Kortrijk,0.0,0.0,2400000.0,2400000.0,2027,2027,34022,Kortrijk
gip-0527,Grote werken in het waterwegennet,Seine Schelde,De Vlaamse Waterweg,Jaagpadverbinding eiland D’Hooie,Jaagpadverbinding eiland D’Hooie,Waregem,0.0,1000000.0,1000000.0,2000000.0,2026;2027,2026,34040,Waregem
gip-0528,Grote werken in het waterwegennet,Seine Schelde,De Vlaamse Waterweg,"Kalibratie Leie, pand 140 - oevers","Kalibratie Leie, pand 140 - oevers",Leie,15000000.0,12000000.0,0.0,27000000.0,2025;2026,2025,,
gip-0529,Grote werken in het waterwegennet,Seine Schelde,De Vlaamse Waterweg,"Kalibratie Leie, pand 150 - oevers","Kalibratie Leie, pand 150 - oevers",Leie,2760749.0,0.0,0.0,2760749.0,2025,2025,,
gip-0530,Grote werken in het waterwegennet,Seine Schelde,De Vlaamse Waterweg,"Kalibratie Leie, pand 160 - oevers","Kalibratie Leie, pand 160 - oevers",Leie,1150000.0,0.0,0.0,1150000.0,2025,2025,,
gip-0531,Grote werken in het waterwegennet,Seine Schelde,De Vlaamse Waterweg,Kanaal Bossuit Kortrijk: Economische ontwikkeling huidig kanaal,Opwaardering kanaal Bossuit-Kortrijk - 2 investeren in huidig kanaal,Kanaal Bossuit-Kortrijk,0.0,1000000.0,1000000.0,2000000.0,2026;2027,2026,34022,Kortrijk
gip-0532,Grote werken in het waterwegennet,Seine Schelde,De Vlaamse Waterweg,Leie-as,Leie-as,Vlaanderen,12172.0,425000.0,200000.0,637172.0,2025;2026;2027,2025,,
gip-0533,Grote werken in het waterwegennet,Seine Schelde,De Vlaamse Waterweg,Opwaardering kanaal Roeselare-Leie,Opwaardering kanaal Roeselare-Leie - studies,Kanaal Roeselare-Leie,500000.0,1170000.0,500000.0,2170000.0,2025;2026;2027,2025,36015,Roeselare
gip-0534,Grote werken in het waterwegennet,Seine Schelde,De Vlaamse Waterweg,Stadsvaart Brugge - herbouw Steenbruggebrug,Stadsvaart Brugge - herbouw Steenbruggebrug - werken (aandeel DVW),Brugge,0.0,771000.0,10700000.0,11471000.0,2026;2027,2026,31005,Brugge
gip-0535,Grote werken in het waterwegennet,Seine Schelde,De Vlaamse Waterweg,Tijdelijke Kruispoortbrug Brugge,Tijdelijke Kruispoortbrug Brugge,Brugge,160000.0,170000.0,174000.0,504000.0,2025;2026;2027,2025,31005,Brugge
gip-0536,Grote werken in het waterwegennet,Seine Schelde,De Vlaamse Waterweg,Vernieuwen Kop van de Vaart te Roeselare,Vernieuwen Kop van de Vaart te Roeselare,Roeselare,1000000.0,1000000.0,6000000.0,8000000.0,2025;2026;2027,2025,36015,Roeselare
gip-0537,Grote werken in het waterwegennet,Seine Schelde,De Vlaamse Waterweg,Vernieuwen van oevers en kaaimuren kanaal Roeselare-Leie,Vernieuwen van oevers kanaal Roeselare-Leie,Kanaal Roeselare-Leie,2047300.0,2500000.0,5850000.0,10397300.0,2025;2026;2027,2025,36015,Roeselare
gip-0538,Grote werken in het wegennet,Beschikbaarheidsvergoedingen,Agentschap Wegen En Verkeer,Brabo 1,Uitvoering,Antwerpen; Boechout; Mortsel; Wijnegem,7258433.31,7364962.64,7567656.34,22191052.29,2025;2026;2027,2025,11002;11004;11029;11050,Antwerpen;Boechout;Mortsel;Wijnegem
gip-0539,Grote werken in het wegennet,Beschikbaarheidsvergoedingen,Agentschap Wegen En Verkeer,Brabo 2,Brabo 2,Antwerpen,1157329.0,1237112.57,1157329.0,3551770.57,2025;2026;2027,2025,11002,Antwerpen
gip-0540,Grote werken in het wegennet,Beschikbaarheidsvergoedingen,Agentschap Wegen En Verkeer,Brabo 2,Brabo 2 - Stad Antwerpen,Antwerpen,8602784.0,8602784.0,8602784.0,25808352.0,2025;2026;2027,2025,11002,Antwerpen
gip-0541,Grote werken in het wegennet,Beschikbaarheidsvergoedingen,Agentschap Wegen En Verkeer,NZK,Uitvoering,Geel; Kasterlee; Westerlo,20090506.49,20278945.83,20468897.11,60838349.43,2025;2026;2027,2025,13008;13017;13049,Geel;Kasterlee;Westerlo
gip-0542,Grote werken in het wegennet,Beschikbaarheidsvergoedingen,Agentschap Wegen En Verkeer,PPS Over Bruggen,Uitvoering,Vlaanderen,0.0,0.0,3500000.0,3500000.0,2027,2027,,
gip-0543,Grote werken in het wegennet,Beschikbaarheidsvergoedingen,Agentschap Wegen En Verkeer,Via A11,Uitvoering,Brugge; Knokke-Heist,55936044.41,56369889.53,56489448.24,168795382.18,2025;2026;2027,2025,31005;31043,Brugge;Knokke-Heist
gip-0544,Grote werken in het wegennet,Beschikbaarheidsvergoedingen,Agentschap Wegen En Verkeer,Via R4 Gent,Uitvoering,Gent,8838798.11,8898194.45,8959259.91,26696252.47,2025;2026;2027,2025,44021,Gent
gip-0545,Grote werken in het wegennet,Beschikbaarheidsvergoedingen,Agentschap Wegen En Verkeer,Via Zaventem,Uitvoering,Zaventem,5913413.89,5967549.83,6022120.3,17903084.02,2025;2026;2027,2025,23094,Zaventem
gip-0546,Grote werken in het wegennet,BTW projecten DWV,Agentschap Wegen En Verkeer,BTW aan De Werkvennootschap,BTW aan De Werkvennootschap,Vlaanderen,20600000.0,18335000.0,15000000.0,53935000.0,2025;2026;2027,2025,,
gip-0547,Grote werken in het wegennet,E403,Agentschap Wegen En Verkeer,E403 Roeselare Brugge - verbreding,Studie,Roeselare; Brugge,1075889.0,5400000.0,2500000.0,8975889.0,2025;2026;2027,2025,36015;31005,Roeselare;Brugge
gip-0548,Grote werken in het wegennet,Gentspoort,De Werkvennootschap,Gentspoort - Studiekosten,Gentspoort - Studiekosten,Gent,5971806.0,5705000.0,2750000.0,14426806.0,2025;2026;2027,2025,44021,Gent
gip-0549,Grote werken in het wegennet,Gentspoort,De Werkvennootschap,Gentspoort - Uitvoering niet-aannemer,Gentspoort - Uitvoering niet-aannemer,Gent,210000.0,60000.0,450000.0,720000.0,2025;2026;2027,2025,44021,Gent
gip-0550,Grote werken in het wegennet,Grote projecten,Agentschap Wegen En Verkeer,A12 Aartselaar Ombouw A12 tot prim. weg- rout2030,Studie,Aartselaar; Antwerpen,1800000.0,11500000.0,0.0,13300000.0,2025;2026,2025,11001;11002,Aartselaar;Antwerpen
gip-0551,Grote werken in het wegennet,Grote projecten,Agentschap Wegen En Verkeer,A12 Fiets- en voetgangersbrug Aartselaar,Uitvoering,Aartselaar; Antwerpen,0.0,100000.0,12500000.0,12600000.0,2026;2027,2026,11001;11002,Aartselaar;Antwerpen
gip-0552,Grote werken in het wegennet,Grote projecten,Agentschap Wegen En Verkeer,A12 Willebroek Puurs Sint Amands PPS,studie onteigening uitvoering,Willebroek; Puurs Sint Amands,2700000.0,0.0,0.0,2700000.0,2025,2025,12040;12041,Willebroek;Puurs-Sint-Amands
gip-0553,Grote werken in het wegennet,Grote projecten,Agentschap Wegen En Verkeer,A12.DP06-DP10 - Verknoping A12/N16/N17,ontwerpstudie,Puurs-Sint-Amands; Willebroek,0.0,0.0,2400000.0,2400000.0,2027,2027,12041;12040,Puurs-Sint-Amands;Willebroek
gip-0554,Grote werken in het wegennet,Grote projecten,Agentschap Wegen En Verkeer,De nieuwe rand,Studie,Antwerpen,710000.0,300000.0,300000.0,1310000.0,2025;2026;2027,2025,11002,Antwerpen
gip-0555,Grote werken in het wegennet,Grote projecten,Agentschap Wegen En Verkeer,E314 - Herinrichting afrit 20 Vuntcomplex (Leuven),Uitvoering,Leuven,0.0,18000000.0,0.0,18000000.0,2026,2026,24062,Leuven
gip-0556,Grote werken in het wegennet,Grote projecten,Agentschap Wegen En Verkeer,N79: Tongeren: omleidingsweg fase 3,studie - onteigening - uitvoering,Tongeren,0.0,21500000.0,0.0,21500000.0,2026,2026,73083,Tongeren
gip-0557,Grote werken in het wegennet,Grote projecten,Agentschap Wegen En Verkeer,R1 A12 Antwerpen Ringpark Zuid,Studie,Antwerpen,2419000.0,0.0,0.0,2419000.0,2025,2025,11002,Antwerpen
gip-0558,Grote werken in het wegennet,Grote projecten,Agentschap Wegen En Verkeer,R1 A12 Antwerpen Ringpark Zuid,Studie+uitvoering,Antwerpen,880000.0,1000000.0,0.0,1880000.0,2025;2026,2025,11002,Antwerpen
gip-0559,Grote werken in het wegennet,Grote projecten,Agentschap Wegen En Verkeer,Tunnel Vredestraat,Onteigening,Damme,0.0,0.0,1275000.0,1275000.0,2027,2027,31006,Damme
gip-0560,Grote werken in het wegennet,Grote projecten,Agentschap Wegen En Verkeer,Ventweg Hoeke,Uitvoering,Damme,0.0,0.0,12000000.0,12000000.0,2027,2027,31006,Damme
gip-0561,Grote werken in het wegennet,Grote werken in het wegennet,Agentschap Wegen En Verkeer,E40 Drongen herinrichting toegangscomplex,Studie,Drongen,1500000.0,0.0,0.0,1500000.0,2025,2025,44021,Gent
gip-0562,Grote werken in het wegennet,Grote werken in het wegennet,Agentschap Wegen En Verkeer,N014 Malle tangent fase 1,Onteigening,Malle; Zoersel,0.0,0.0,3800000.0,3800000.0,2027,2027,11057;11055,Malle;Zoersel
gip-0563,Grote werken in het wegennet,Grote werken in het wegennet,Agentschap Wegen En Verkeer,N20 Hasselt ontsluiting Jessa,studie - onteigening - uitvoering,Hasselt,1500000.0,0.0,0.0,1500000.0,2025,2025,71022,Hasselt
gip-0564,Grote werken in het wegennet,Grote werken in het wegennet,Agentschap Wegen En Verkeer,N26 Arsenaalverbinding - uitvoering fase 2,fase 2,Mechelen,0.0,0.0,17000000.0,17000000.0,2027,2027,12025,Mechelen
gip-0565,Grote werken in het wegennet,Grote werken in het wegennet,Agentschap Wegen En Verkeer,N26 Mechelen Arsenaalverbinding,Fase 1,Mechelen,0.0,2000000.0,0.0,2000000.0,2026,2026,12025,Mechelen
gip-0566,Grote werken in het wegennet,Grote werken in het wegennet,Agentschap Wegen En Verkeer,N41 verbindingsweg Aalst - Dendermonde,Studie,Aalst; Dendermonde; Lebbeke,0.0,1000000.0,0.0,1000000.0,2026,2026,41002;42006;42011,Aalst;Dendermonde;Lebbeke
gip-0567,Grote werken in het wegennet,Grote werken in het wegennet,Agentschap Wegen En Verkeer,N42 Zone tussen Bourgondisch Kruis en E 40,Studie,Oosterzele; Wetteren; Zottegem,0.0,0.0,1500000.0,1500000.0,2027,2027,44052;42025;41081,Oosterzele;Wetteren;Zottegem
gip-0568,Grote werken in het wegennet,Grote werken in het wegennet,Agentschap Wegen En Verkeer,N49 Maldegem bouw Fietsersbrug aan Celieplas,Fase 1,Maldegem,0.0,0.0,4000000.0,4000000.0,2027,2027,43010,Maldegem
gip-0569,Grote werken in het wegennet,Grote werken in het wegennet,Agentschap Wegen En Verkeer,N60 Fietsverbinding campus De Sterre - Ardoyen,Uitvoering,Gent,0.0,0.0,16000000.0,16000000.0,2027,2027,44021,Gent
gip-0570,Grote werken in het wegennet,Grote werken in het wegennet,Agentschap Wegen En Verkeer,"N8 Alveringem, Lo-Reninge en Vleteren en Hoogstade",Uitvoering,Alveringem; Lo-Reninge; Vleteren,0.0,0.0,9250000.0,9250000.0,2027,2027,38002;32030;33041,Alveringem;Lo-Reninge;Vleteren
gip-0571,Grote werken in het wegennet,Grote werken in het wegennet,Agentschap Wegen En Verkeer,N8 Verbinding Ieper-Veurne,fase 3,Alveringem; Ieper; Lo-Reninge; Veurne; Vleteren,1017799.37,0.0,0.0,1017799.37,2025,2025,38002;33011;32030;38025;33041,Alveringem;Ieper;Lo-Reninge;Veurne;Vleteren
gip-0572,Grote werken in het wegennet,Grote werken in het wegennet,Agentschap Wegen En Verkeer,N8 Woesten structureel onderhoud,Uitvoering,Lo-Reninge; Vleteren,0.0,1000000.0,0.0,1000000.0,2026,2026,32030;33041,Lo-Reninge;Vleteren
gip-0573,Grote werken in het wegennet,Grote werken in het wegennet,Agentschap Wegen En Verkeer,N9 - Rondweg (Asse),Onteigening,Asse,500000.0,500000.0,500000.0,1500000.0,2025;2026;2027,2025,23002,Asse
gip-0574,Grote werken in het wegennet,Grote werken in het wegennet,Agentschap Wegen En Verkeer,"Ombouw van de N49 tot autosnelweg, deelproject 1",Uitvoering,Maldegem; Damme,75000.0,0.0,0.0,75000.0,2025,2025,43010;31006,Maldegem;Damme
gip-0575,Grote werken in het wegennet,Grote werken in het wegennet,Agentschap Wegen En Verkeer,"Ombouw van de N49 tot autosnelweg, deelproject 3",Uitvoering,Maldegem; Damme,0.0,0.0,5000000.0,5000000.0,2027,2027,43010;31006,Maldegem;Damme
gip-0576,Grote werken in het wegennet,Grote werken in het wegennet,Agentschap Wegen En Verkeer,Project K-R8,Studie,Kortrijk; Kuurne; Harelbeke,0.0,1200000.0,0.0,1200000.0,2026,2026,34022;34023;34013,Kortrijk;Kuurne;Harelbeke
gip-0577,Grote werken in het wegennet,Grote werken in het wegennet,Agentschap Wegen En Verkeer,Project K-R8 (vervolgstudie),Studie,Kortrijk; Kuurne; Harelbeke,0.0,1800000.0,0.0,1800000.0,2026,2026,34022;34023;34013,Kortrijk;Kuurne;Harelbeke
gip-0578,Grote werken in het wegennet,Grote werken in het wegennet,Agentschap Wegen En Verkeer,R013 Turnhout Zuidelijke ring,herinrichting zuidelijke ring R13 Turnhout,Turnhout,0.0,90000.0,0.0,90000.0,2026,2026,13040,Turnhout
gip-0579,Grote werken in het wegennet,Grote werken in het wegennet,Agentschap Wegen En Verkeer,R12 - Mechelen - Herinrichting Vesten,fase 1+2,Mechelen,0.0,150000.0,0.0,150000.0,2026,2026,12025,Mechelen
gip-0580,Grote werken in het wegennet,Grote werken in het wegennet,Agentschap Wegen En Verkeer,R23 Leuven Toekomstvisie R23 Open Oproep,Studie,Leuven,362500.0,0.0,0.0,362500.0,2025,2025,24062,Leuven
gip-0581,Grote werken in het wegennet,Grote werken in het wegennet,Agentschap Wegen En Verkeer,Viaduct van Wilrijk A12 vernieuwing,Studie,Antwerpen,5000000.0,1500000.0,1500000.0,8000000.0,2025;2026;2027,2025,11002,Antwerpen
gip-0582,Grote werken in het wegennet,Grote werken in het wegennet,Agentschap Wegen En Verkeer,Viaduct van Wilrijk kathodische bescherming + geluid,Viaduct van Wilrijk kathodische bescherming + geluid,Antwerpen,0.0,0.0,24170000.0,24170000.0,2027,2027,11002,Antwerpen
gip-0583,Grote werken in het wegennet,HOV Limburg,De Werkvennootschap,HOV Hasselt - Maasmechelen (Lijn 2) - Uitvoering werken Deel 2,HOV Hasselt - Maasmechelen (Lijn 2) - Uitvoering werken Deel 2,Hasselt; Diepenbeek; Genk; Maasmechelen,0.0,13339150.25,20707213.0,34046363.25,2026;2027,2026,71022;71011;71016;73107,Hasselt;Diepenbeek;Genk;Maasmechelen
gip-0584,Grote werken in het wegennet,HOV Limburg,De Werkvennootschap,HOV Hasselt - Maasmechelen (Lijn 2) - Prijsherzieningen en verrekeningen - lopende werven,HOV Hasselt - Maasmechelen (Lijn 2) - Prijsherzieningen en verrekeningen - lopende werven,Hasselt; Diepenbeek; Genk; Maasmechelen,0.0,641966.0,1454349.0,2096315.0,2026;2027,2026,71022;71011;71016;73107,Hasselt;Diepenbeek;Genk;Maasmechelen
gip-0585,Grote werken in het wegennet,HOV Limburg,De Werkvennootschap,HOV Hasselt - Maasmechelen (Lijn 2) - Studiekosten,HOV Hasselt - Maasmechelen (Lijn 2) - Studiekosten,Hasselt; Diepenbeek; Genk; Maasmechelen,2404589.0,2457600.0,1302400.0,6164589.0,2025;2026;2027,2025,71022;71011;71016;73107,Hasselt;Diepenbeek;Genk;Maasmechelen
gip-0586,Grote werken in het wegennet,HOV Limburg,De Werkvennootschap,HOV Hasselt - Maasmechelen (Lijn 2) - Uitvoering werken niet- aannemer,HOV Hasselt - Maasmechelen (Lijn 2) - Uitvoering werken niet- aannemer,Hasselt; Diepenbeek; Genk; Maasmechelen,1148681.0,570600.0,280600.0,1999881.0,2025;2026;2027,2025,71022;71011;71016;73107,Hasselt;Diepenbeek;Genk;Maasmechelen
gip-0587,Grote werken in het wegennet,HOV Limburg,De Werkvennootschap,HOV Hasselt-Maastricht (Lijn 1) - Studiekosten,HOV Hasselt-Maastricht (Lijn 1) - Studiekosten,Hasselt; Diepenbeek; Bilzen; Lanaken; Maastricht,1793500.0,1835000.0,1988000.0,5616500.0,2025;2026;2027,2025,71022;71011;73006;73042,Hasselt;Diepenbeek;Bilzen;Lanaken
gip-0588,Grote werken in het wegennet,Mechelen Noord,Agentschap Wegen En Verkeer,Ontknoping (Mechelen-Noord),boscompensatie,Mechelen,0.0,500000.0,0.0,500000.0,2026,2026,12025,Mechelen
gip-0589,Grote werken in het wegennet,Mechelen Noord,Agentschap Wegen En Verkeer,Ontknoping (Mechelen-Noord),studiekost,Mechelen,4000000.0,3000000.0,2000000.0,9000000.0,2025;2026;2027,2025,12025,Mechelen
gip-0590,Grote werken in het wegennet,Noord Zuid Limburg,De Werkvennootschap,HOV Hasselt - Noord-Limburg (Lijn 3) - Studiekosten,HOV Hasselt - Noord-Limburg (Lijn 3) - Studiekosten,Hasselt;Hechtel-Eksel;Houthalen- Helchteren;Pelt;Zonhoven,163310.0,140000.0,150000.0,453310.0,2025;2026;2027,2025,71022;72038;72039;72043;71066,Hasselt;Hechtel-Eksel;Houthalen-Helchteren;Pelt;Zonhoven
gip-0591,Grote werken in het wegennet,Noord Zuid Limburg,De Werkvennootschap,HOV Hasselt - Noord-Limburg (Lijn 3) - Uitvoering werken niet- aannemer,HOV Hasselt - Noord-Limburg (Lijn 3) - Uitvoering werken niet- aannemer,Hasselt;Hechtel-Eksel;Houthalen- Helchteren;Pelt;Zonhoven,4000.0,0.0,0.0,4000.0,2025,2025,71022;72038;72039;72043;71066,Hasselt;Hechtel-Eksel;Houthalen-Helchteren;Pelt;Zonhoven
gip-0592,Grote werken in het wegennet,Noord Zuid Limburg,De Werkvennootschap,Noord Zuid Limburg - Prijsherzieningen en verrekeningen - lopende werven,Noord Zuid Limburg - Prijsherzieningen en verrekeningen - lopende werven,Houthalen-Helchteren,49554.0,0.0,0.0,49554.0,2025,2025,72039,Houthalen-Helchteren
gip-0593,Grote werken in het wegennet,Noord Zuid Limburg,De Werkvennootschap,Noord Zuid Limburg - Studiekosten,Noord Zuid Limburg - Studiekosten,Houthalen-Helchteren,4262093.0,217439.02,1067862.44,5547394.46,2025;2026;2027,2025,72039,Houthalen-Helchteren
gip-0594,Grote werken in het wegennet,Noord Zuid Limburg,De Werkvennootschap,Noord Zuid Limburg - Uitvoering DBFM,Noord Zuid Limburg - Uitvoering DBFM,Houthalen-Helchteren,199833.0,3400000.0,12530000.0,16129833.0,2025;2026;2027,2025,72039,Houthalen-Helchteren
gip-0595,Grote werken in het wegennet,Oostelijke Tangent,Agentschap Wegen En Verkeer,R42 Sint-Niklaas en Temse Oostelijke Tangent,Studie,Sint-Niklaas; Temse,700000.0,2800000.0,0.0,3500000.0,2025;2026,2025,46021;46025,Sint-Niklaas;Temse
gip-0596,Grote werken in het wegennet,Oosterweel,Leefbaar Antwerpen door Innovatief Samenwerken,algemeen,algemeen (Compensaties),Antwerpen,1250000.0,500000.0,500000.0,2250000.0,2025;2026;2027,2025,11002,Antwerpen
gip-0597,Grote werken in het wegennet,Oosterweel,Leefbaar Antwerpen door Innovatief Samenwerken,Oosterweel algemeen,Oosterweel algemeen (Projectmanagement),Antwerpen,35764000.0,37416000.0,34685000.0,107865000.0,2025;2026;2027,2025,11002,Antwerpen
gip-0598,Grote werken in het wegennet,Oosterweel,Leefbaar Antwerpen door Innovatief Samenwerken,Oosterweel Kanaaltunnels & R1,Oosterweel KT & R1 (+LBH),Antwerpen,22850000.0,149625000.0,160265000.0,332740000.0,2025;2026;2027,2025,11002,Antwerpen
gip-0599,Grote werken in het wegennet,Oosterweel,Leefbaar Antwerpen door Innovatief Samenwerken,Oosterweel voorbereidende werken,Oosterweel voorber. werken,Antwerpen,12029000.0,7496000.0,5394000.0,24919000.0,2025;2026;2027,2025,11002,Antwerpen
gip-0600,Grote werken in het wegennet,R4 West Oost,De Werkvennootschap,R4 West Oost - Minder Hinder doorstroming,R4 West Oost - Minder Hinder doorstroming,Gent;Evergem;Wachtebeke;Zelzate;NSP,2400000.0,0.0,0.0,2400000.0,2025,2025,44021;44019;44073;43018,Gent;Evergem;Wachtebeke;Zelzate
gip-0601,Grote werken in het wegennet,R4 West Oost,De Werkvennootschap,R4 West Oost - Minder Hinder veer,R4 West Oost - Minder Hinder veer,Gent;Evergem;Wachtebeke;Zelzate;NSP,1500000.0,0.0,0.0,1500000.0,2025,2025,44021;44019;44073;43018,Gent;Evergem;Wachtebeke;Zelzate
gip-0602,Grote werken in het wegennet,R4 West Oost,De Werkvennootschap,R4 West Oost - Prijsherzieningen,R4 West Oost - Prijsherzieningen,Gent;Evergem;Wachtebeke;Zelzate;NSP,4769.0,0.0,0.0,4769.0,2025,2025,44021;44019;44073;43018,Gent;Evergem;Wachtebeke;Zelzate
gip-0603,Grote werken in het wegennet,R4 West Oost,De Werkvennootschap,R4 West Oost - Studiekosten,R4 West Oost - Studiekosten,Gent;Evergem;Wachtebeke;Zelzate;NSP,198573.0,600000.0,725000.0,1523573.0,2025;2026;2027,2025,44021;44019;44073;43018,Gent;Evergem;Wachtebeke;Zelzate
gip-0604,Grote werken in het wegennet,R4 West Oost,De Werkvennootschap,R4 West Oost - Uitvoering werken niet-aannemer,R4 West Oost - Uitvoering werken niet-aannemer,Gent;Evergem;Wachtebeke;Zelzate;NSP,1524108.0,1068363.2,868363.2,3460834.4,2025;2026;2027,2025,44021;44019;44073;43018,Gent;Evergem;Wachtebeke;Zelzate
gip-0605,Grote werken in het wegennet,Rechtnaarzee,De Werkvennootschap,Rechtnaarzee - Studiekosten,Rechtnaarzee - Studiekosten,Middelkerke,50000.0,50000.0,50000.0,150000.0,2025;2026;2027,2025,35011,Middelkerke
gip-0606,Grote werken in het wegennet,Rechtnaarzee,De Werkvennootschap,Rechtnaarzee - Uitvoering DBFM,Rechtnaarzee - Uitvoering DBFM,Middelkerke,0.0,0.0,947500.0,947500.0,2027,2027,35011,Middelkerke
gip-0607,Grote werken in het wegennet,Rond Ronse,De Werkvennootschap,Rond Ronse - Prijsherzieningen en verrekeningen - lopende werven,Rond Ronse - Prijsherzieningen en verrekeningen - lopende werven,Maarkedal,47032.0,600000.0,300000.0,947032.0,2025;2026;2027,2025,45064,Maarkedal
gip-0608,Grote werken in het wegennet,Rond Ronse,De Werkvennootschap,Rond Ronse - QW-Fietssnelweg spoorlijn Oudenaarde - Maarkedal - Ronse - Fase 2,Rond Ronse - QW-Fietssnelweg spoorlijn Oudenaarde - Maarkedal - Ronse - Fase 2,Maarkedal,0.0,5000000.0,5000000.0,10000000.0,2026;2027,2026,45064,Maarkedal
gip-0609,Grote werken in het wegennet,Rond Ronse,De Werkvennootschap,Rond Ronse - Studiekosten,Rond Ronse - Studiekosten,Ronse,3375650.0,3092042.0,2145080.3,8612772.3,2025;2026;2027,2025,45041,Ronse
gip-0610,Grote werken in het wegennet,Rond Ronse,De Werkvennootschap,Rond Ronse - Uitvoering DBFM,Rond Ronse - Uitvoering DBFM,Ronse,874080.0,532270.0,0.0,1406350.0,2025;2026,2025,45041,Ronse
gip-0611,Grote werken in het wegennet,Tweede Tijsmanstunnel,Leefbaar Antwerpen door Innovatief Samenwerken,Tijsmanstunnel,Tijsmanstunnel,Antwerpen,2000000.0,8000000.0,7000000.0,17000000.0,2025;2026;2027,2025,11002,Antwerpen
gip-0612,Grote werken in het wegennet,Viaduct Gentbrugge,De Werkvennootschap,Viaduct Gentbrugge - Studiekosten,Viaduct Gentbrugge - Studiekosten,Gent;Merelbeke-Melle;Destelbergen;Laarne,1120927.0,500000.0,250000.0,1870927.0,2025;2026;2027,2025,44021;44013;42010;44043;44040,Gent;Destelbergen;Laarne;Merelbeke;Melle
gip-0613,Grote werken in het wegennet,Werken aan de Ring,De Werkvennootschap,A8 Halle - Studiekosten,A8 Halle - Studiekosten,Halle,2158760.0,1435000.0,867000.0,4460760.0,2025;2026;2027,2025,23027,Halle
gip-0614,Grote werken in het wegennet,Werken aan de Ring,De Werkvennootschap,A8 Halle - Uitvoering werken niet-aannemer,A8 Halle - Uitvoering werken niet-aannemer,Halle,15000.0,120000.0,250000.0,385000.0,2025;2026;2027,2025,23027,Halle
gip-0615,Grote werken in het wegennet,Werken aan de Ring,De Werkvennootschap,Brabantnet - Luchthaventram,Brabantnet - Luchthaventram,Machelen; Zaventem,34730498.0,55200000.0,41500000.0,131430498.0,2025;2026;2027,2025,23047;23094,Machelen;Zaventem
gip-0616,Grote werken in het wegennet,Werken aan de Ring,De Werkvennootschap,Brabantnet - Prijsherzieningen en verrekeningen - lopende werven,Brabantnet - Prijsherzieningen en verrekeningen - lopende werven,Vlaamse rand,0.0,996000.0,2446500.0,3442500.0,2026;2027,2026,,
gip-0617,Grote werken in het wegennet,Werken aan de Ring,De Werkvennootschap,Brabantnet - Ringtrambus,Brabantnet - Ringtrambus,Grimbergen; Vilvoorde; Machelen; Zaventem,1004109.0,0.0,0.0,1004109.0,2025,2025,23025;23088;23047;23094,Grimbergen;Vilvoorde;Machelen;Zaventem
gip-0618,Grote werken in het wegennet,Werken aan de Ring,De Werkvennootschap,Brabantnet - Studiekosten,Brabantnet - Studiekosten,Vlaamse rand,3655349.0,260000.0,0.0,3915349.0,2025;2026,2025,,
gip-0619,Grote werken in het wegennet,Werken aan de Ring,De Werkvennootschap,Brabantnet - Uitvoering werken niet-aannemer Luchthaventram,Brabantnet - Uitvoering werken niet-aannemer Luchthaventram,Vlaamse rand,177000.0,575000.0,1025000.0,1777000.0,2025;2026;2027,2025,,
gip-0620,Grote werken in het wegennet,Werken aan de Ring,De Werkvennootschap,Brabantnet - Uitvoering werken niet-aannemer Ringtrambus,Brabantnet - Uitvoering werken niet-aannemer Ringtrambus,Grimbergen; Vilvoorde; Machelen; Zaventem,94000.0,60000.0,0.0,154000.0,2025;2026,2025,23025;23088;23047;23094,Grimbergen;Vilvoorde;Machelen;Zaventem
gip-0621,Grote werken in het wegennet,Werken aan de Ring,De Werkvennootschap,Brabantnet - Uitvoering werken niet-aannemer Sneltram,Brabantnet - Uitvoering werken niet-aannemer Sneltram,Grimbergen; Meise; Londerzeel; Willebroek,10000.0,0.0,0.0,10000.0,2025,2025,23025;23050;23045;12040,Grimbergen;Meise;Londerzeel;Willebroek
gip-0622,Grote werken in het wegennet,Werken aan de Ring,De Werkvennootschap,Mobipunten - Prijsherzieningen en verrekeningen - lopende werven,Mobipunten - Prijsherzieningen en verrekeningen - lopende werven,Vlaams-Brabant,0.0,37303.0,0.0,37303.0,2026,2026,,
gip-0623,Grote werken in het wegennet,Werken aan de Ring,De Werkvennootschap,Mobipunten Vlaamse Rand - Studiekosten,Mobipunten Vlaamse Rand - Studiekosten,Vlaams-Brabant,25000.0,0.0,0.0,25000.0,2025,2025,,
gip-0624,Grote werken in het wegennet,Werken aan de Ring,De Werkvennootschap,Mobipunten Vlaamse Rand - Uitvoering werken,Mobipunten Vlaamse Rand - Uitvoering werken,Vlaams-Brabant,30000.0,90000.0,0.0,120000.0,2025;2026,2025,,
gip-0625,Grote werken in het wegennet,Werken aan de Ring,De Werkvennootschap,R0 West - Studiekosten,R0 West - Studiekosten,R0,1000000.0,1000000.0,1000000.0,3000000.0,2025;2026;2027,2025,,
gip-0626,Grote werken in het wegennet,Werken aan de Ring,De Werkvennootschap,R0-Noord - Viaduct Prijsherzieningen en verrekeningen -lopende werven,R0-Noord - Viaduct Prijsherzieningen en verrekeningen -lopende werven,Vilvoorde,0.0,5000000.0,0.0,5000000.0,2026,2026,23088,Vilvoorde
gip-0627,Grote werken in het wegennet,Werken aan de Ring,De Werkvennootschap,R0-Noord - Fase 1 - Complex A201,R0-Noord - Fase 1 - Complex A201,Machelen,5210400.0,0.0,0.0,5210400.0,2025,2025,23047,Machelen
gip-0628,Grote werken in het wegennet,Werken aan de Ring,De Werkvennootschap,R0-Noord - Fase 1 - N8 SPI + QW-RFN8-F212 Zuidelijk deel,R0-Noord - Fase 1 - N8 SPI + QW-RFN8-F212 Zuidelijk deel,Dilbeek,23409637.0,0.0,0.0,23409637.0,2025,2025,23016,Dilbeek
gip-0629,Grote werken in het wegennet,Werken aan de Ring,De Werkvennootschap,R0-Noord - Fase 1 - N8 + RFN8-F212 Zuidelijk deel,R0-Noord - Fase 1 - N8 + RFN8-F212 Zuidelijk deel,Dilbeek,44201175.0,0.0,0.0,44201175.0,2025,2025,23016,Dilbeek
gip-0630,Grote werken in het wegennet,Werken aan de Ring,De Werkvennootschap,R0-Noord - Fase 1 - Overslagzone,R0-Noord - Fase 1 - Overslagzone,Vilvoorde,0.0,0.0,18740397.4,18740397.4,2027,2027,23088,Vilvoorde
gip-0631,Grote werken in het wegennet,Werken aan de Ring,De Werkvennootschap,R0-Noord - Fase 1 - Viaduct Vilvoorde,R0-Noord - Fase 1 - Viaduct Vilvoorde,Vilvoorde,0.0,69405666.61,18083153.71,87488820.32,2026;2027,2026,23088,Vilvoorde
gip-0632,Grote werken in het wegennet,Werken aan de Ring,De Werkvennootschap,R0-Noord - Fase 2 - Zone Zaventem,R0-Noord - Fase 2 - Zone Zaventem,Zaventem,0.0,5560000.0,0.0,5560000.0,2026,2026,23094,Zaventem
gip-0633,Grote werken in het wegennet,Werken aan de Ring,De Werkvennootschap,R0-Noord- QW- F3- Fietstunnel N227 Nossegem,R0-Noord- QW- F3- Fietstunnel N227 Nossegem,R0,0.0,0.0,6500000.0,6500000.0,2027,2027,,
gip-0634,Grote werken in het wegennet,Werken aan de Ring,De Werkvennootschap,R0-Noord - QW-F23 - N260,R0-Noord - QW-F23 - N260,Grimbergen; Vilvoorde,939791.0,0.0,0.0,939791.0,2025,2025,23025;23088,Grimbergen;Vilvoorde
gip-0635,Grote werken in het wegennet,Werken aan de Ring,De Werkvennootschap,R0-Noord - QW-FR0 - Ringfietspad- segment N8 - F212- Noordelijk deel,R0-Noord - QW-FR0 - Ringfietspad- segment N8 - F212- Noordelijk deel,R0,0.0,0.0,42599357.65,42599357.65,2027,2027,,
gip-0636,Grote werken in het wegennet,Werken aan de Ring,De Werkvennootschap,R0-Noord - QW-FR0 - Ringfietspad- Vilvoorde Haaren,R0-Noord - QW-FR0 - Ringfietspad- Vilvoorde Haaren,R0,36717385.0,0.0,0.0,36717385.0,2025,2025,23088,Vilvoorde
gip-0637,Grote werken in het wegennet,Werken aan de Ring,De Werkvennootschap,R0-Noord - QW's Prijsherzieningen en verrekeningen - lopende werven,R0-Noord - QW's Prijsherzieningen en verrekeningen - lopende werven,R0,3727889.0,2500000.0,2500000.0,8727889.0,2025;2026;2027,2025,,
gip-0638,Grote werken in het wegennet,Werken aan de Ring,De Werkvennootschap,R0-Noord - Studiekosten herinrichting + QW,R0-Noord - Studiekosten herinrichting + QW,R0,17077194.0,13720000.0,12450000.0,43247194.0,2025;2026;2027,2025,,
gip-0639,Grote werken in het wegennet,Werken aan de Ring,De Werkvennootschap,R0-Noord - Uitvoering Minder Hinder/ werken niet-aannemer DBFM,R0-Noord - Uitvoering Minder Hinder/ werken niet-aannemer DBFM,R0,1540000.0,11762001.0,9358002.0,22660003.0,2025;2026;2027,2025,,
gip-0640,Grote werken in het wegennet,Werken aan de Ring,De Werkvennootschap,R0-Noord - Uitvoering werken niet-aannemer QW's & fase 1,R0-Noord - Uitvoering werken niet-aannemer QW's & fase 1,R0,2461836.0,3666363.0,3313000.0,9441199.0,2025;2026;2027,2025,,
gip-0641,Grote werken in het wegennet,Werken aan de Ring,De Werkvennootschap,R0-Oost - Prijsherzieningen en verrekeningen - lopende werven,R0-Oost - Prijsherzieningen en verrekeningen - lopende werven,R0,4200000.0,1500000.0,1500000.0,7200000.0,2025;2026;2027,2025,,
gip-0642,Grote werken in het wegennet,Werken aan de Ring,De Werkvennootschap,R0-Oost - QW-F204 - fase 2,R0-Oost - QW-F204 - fase 2,Overijse,70000.0,0.0,0.0,70000.0,2025,2025,23062,Overijse
gip-0643,Grote werken in het wegennet,Werken aan de Ring,De Werkvennootschap,R0-Oost - Studiekosten,R0-Oost - Studiekosten,R0,2617600.0,2137500.0,2290000.0,7045100.0,2025;2026;2027,2025,,
gip-0644,Grote werken in het wegennet,Werken aan de Ring,De Werkvennootschap,R0-Oost - Uitvoering werken niet aannemer,R0-Oost - Uitvoering werken niet aannemer,R0,1457735.0,2958673.25,1385802.07,5802210.32,2025;2026;2027,2025,,
gip-0645,Investeringen in de regionale luchthavens,Instandhouding luchthaveninfrastructuur,Departement Mobiliteit en Openbare Werken,Digitale verkeersleiding regionale luchthaven,Digitale verkeersleiding regionale luchthaven,Vlaanderen,100000.0,0.0,0.0,100000.0,2025,2025,,
gip-0646,Investeringen in de regionale luchthavens,Instandhouding luchthaveninfrastructuur,Departement Mobiliteit en Openbare Werken,Instandhouding luchthaveninfrastructuur Antwerpen,Instandhouding luchthaveninfrastructuur Antwerpen,Luchthaven Antwerpen,12830500.0,2894000.0,0.0,15724500.0,2025;2026,2025,11002,Antwerpen
gip-0647,Investeringen in de regionale luchthavens,Instandhouding luchthaveninfrastructuur,Departement Mobiliteit en Openbare Werken,Instandhouding luchthaveninfrastructuur Oostende,Instandhouding luchthaveninfrastructuur Oostende,Luchthaven Oostende,9498500.0,0.0,0.0,9498500.0,2025,2025,35013,Oostende
gip-0648,Investeringen in duurzaam goederenvervoer,Actieplan Binnenvaart,De Vlaamse Waterweg,Bouwen van laad- en losinstallaties,Bouwen van laad- en losinstallaties,Vlaanderen,13517434.0,6634256.0,8466000.0,28617690.0,2025;2026;2027,2025,,
gip-0649,Investeringen in duurzaam goederenvervoer,Actieplan Binnenvaart,De Vlaamse Waterweg,Diverse studies & steunmaatregelen ter bevordering binnenvaart,Diverse studies & steunmaatregelen ter bevordering binnenvaart,Vlaanderen,508227.0,1270000.0,1200000.0,2978227.0,2025;2026;2027,2025,,
gip-0650,Investeringen in duurzaam goederenvervoer,Actieplan Binnenvaart,De Vlaamse Waterweg,Diverse studies & steunmaatregelen ter bevordering binnenvaart,Mental shift,Vlaanderen,520000.0,520000.0,520000.0,1560000.0,2025;2026;2027,2025,,
gip-0651,Investeringen in duurzaam goederenvervoer,Actieplan Binnenvaart,De Vlaamse Waterweg,Green Deal Binnenvaart,Green Deal Binnenvaart,Vlaanderen,1550000.0,570000.0,530000.0,2650000.0,2025;2026;2027,2025,,
gip-0652,Investeringen in duurzaam goederenvervoer,Actieplan Binnenvaart,De Vlaamse Waterweg,Implementatie regelgeving,Implementatie regelgeving,Vlaanderen,2760000.0,2600000.0,2206000.0,7566000.0,2025;2026;2027,2025,,
gip-0653,Investeringen in duurzaam goederenvervoer,Actieplan Binnenvaart,De Vlaamse Waterweg,Projecten lig- en wachtplaatsen,Projecten lig- en wachtplaatsen - uitbouw binnenvaartservices,Vlaanderen,500000.0,500000.0,500000.0,1500000.0,2025;2026;2027,2025,,
gip-0654,Investeringen in duurzaam goederenvervoer,Beloodsingsmiddelen en hydrografie,Agentschap voor Maritieme Dienstverlening en Kust,"Aanpassing, vernieuwing en modernisering uitrusting varende eenheden","Aanpassing, vernieuwing en modernisering uitrusting varende eenheden",Vlaanderen,1500000.0,1500000.0,2000000.0,5000000.0,2025;2026;2027,2025,,
gip-0655,Investeringen in duurzaam goederenvervoer,Beloodsingsmiddelen en hydrografie,Agentschap voor Maritieme Dienstverlening en Kust,Bouw drie nieuwe jollen,Bouw drie nieuwe jollen,Vlaanderen,0.0,0.0,1500000.0,1500000.0,2027,2027,,
gip-0656,Investeringen in duurzaam goederenvervoer,Beloodsingsmiddelen en hydrografie,Agentschap voor Maritieme Dienstverlening en Kust,Bouw schepen i.h.k.v. beloodsing,Implementeren Vlootplan ihkv beloodsing,Vlaanderen,0.0,20000000.0,20000000.0,40000000.0,2026;2027,2026,,
gip-0657,Investeringen in duurzaam goederenvervoer,Beloodsingsmiddelen en hydrografie,Agentschap voor Maritieme Dienstverlening en Kust,Inzetten vaartuigen van DAB Vloot t.b.v. Survey en Hydrometeo,Inzetten vaartuigen van DAB Vloot t.b.v. Survey en Hydrometeo,Vlaanderen,1000000.0,1000000.0,1100000.0,3100000.0,2025;2026;2027,2025,,
gip-0658,Investeringen in duurzaam goederenvervoer,Beloodsingsmiddelen en hydrografie,Agentschap voor Maritieme Dienstverlening en Kust,Mid-life motoren Wandelaar,Mid-life motoren Wandelaar,Vlaanderen,0.0,0.0,1000000.0,1000000.0,2027,2027,,
gip-0659,Investeringen in duurzaam goederenvervoer,Beloodsingsmiddelen en hydrografie,Agentschap voor Maritieme Dienstverlening en Kust,Project autonoom varen - innovatie,Innovatieprojecten,Vlaanderen,755000.0,500000.0,0.0,1255000.0,2025;2026,2025,,
gip-0660,Investeringen in duurzaam goederenvervoer,Beloodsingsmiddelen en hydrografie,Agentschap voor Maritieme Dienstverlening en Kust,Uitvoeren van hydrografische lodingen op Belgisch en Nederlands Continentaal Plat,Uitvoeren van hydrografische lodingen op Belgisch en Nederlands Continentaal Plat,Vlaanderen,0.0,0.0,300000.0,300000.0,2027,2027,,
gip-0661,Investeringen in duurzaam goederenvervoer,Beloodsingsmiddelen en hydrografie,Agentschap voor Maritieme Dienstverlening en Kust,Uitvoeren van hydrografische lodingen voor de controle van baggerwerken,"Uitvoeren van hydrografische lodingen voor de controle van baggerwerken jachthavens, zeehavens en vaargeulen.",Vlaanderen,1617000.0,1367000.0,1617000.0,4601000.0,2025;2026;2027,2025,,
gip-0662,Investeringen in duurzaam goederenvervoer,Beloodsingsmiddelen en hydrografie,Agentschap voor Maritieme Dienstverlening en Kust,Uitvoering MDK innovatietraject: aankoop onbemand peil platform,Uitvoering MDK innovatietraject: aankoop onbemand peil platform,Vlaanderen,40000.0,40000.0,75000.0,155000.0,2025;2026;2027,2025,,
gip-0663,Investeringen in duurzaam goederenvervoer,Beloodsingsmiddelen en hydrografie,Agentschap voor Maritieme Dienstverlening en Kust,Voorzieningen alternatieve brandstoffen voor de schepen,Voorzieningen alternatieve brandstoffen voor de schepen,Vlaanderen,250000.0,650000.0,450000.0,1350000.0,2025;2026;2027,2025,,
gip-0664,Investeringen in duurzaam goederenvervoer,Digitale transformatie van de binnenvaart,De Vlaamse Waterweg,River Information System (RIS)/scheepvaartmanagement,River Information System (RIS)/scheepvaartmanagement,Vlaanderen,3349000.0,3409000.0,3402000.0,10160000.0,2025;2026;2027,2025,,
gip-0665,Investeringen in duurzaam goederenvervoer,Haveninfrastructuur,Agentschap voor Maritieme Dienstverlening en Kust,Nieuwbouw ponton Koopmanshaven Vlissingen,Nieuwbouw ponton Koopmanshaven Vlissingen,Vlaanderen,850000.0,0.0,0.0,850000.0,2025,2025,,
gip-0666,Investeringen in duurzaam goederenvervoer,Haveninfrastructuur,Agentschap voor Maritieme Dienstverlening en Kust,Veiligheidsvoorzieningen openbaar domein - gefaseerde uitvoeringen,Veiligheidsvoorzieningen openbaar domein - gefaseerde uitvoeringen,Kustjachthavens Vlaanderen,0.0,0.0,1000000.0,1000000.0,2027,2027,,
gip-0667,Investeringen in duurzaam goederenvervoer,Haveninfrastructuur,Agentschap voor Maritieme Dienstverlening en Kust,Zeebrugge maatregelen thv spoorwegtunnels onder N34 + Visartsluis omgeving,Zeebrugge maatregelen thv spoorwegtunnels onder N34 + Visartsluis omgeving,Zeebrugge,0.0,0.0,1250000.0,1250000.0,2027,2027,31005,Brugge
gip-0668,Investeringen in duurzaam goederenvervoer,Haveninfrastructuur,De Vlaamse Waterweg,Aanleg wachtdok Schelde-Rijnkanaal,Aanleg wachtdok Schelde-Rijnkanaal,Antwerpen,3000000.0,3300000.0,0.0,6300000.0,2025;2026,2025,11002,Antwerpen
gip-0669,Investeringen in duurzaam goederenvervoer,Programma afstandsbediening,De Vlaamse Waterweg,Investeringen in afstandsbediening van kunstwerken en afstandbedieningscentrales,"Aanpassing algemene systemen (AIS, telemetrie,...)",Vlaanderen,2350000.0,2050000.0,3050000.0,7450000.0,2025;2026;2027,2025,,
gip-0670,Investeringen in duurzaam goederenvervoer,Programma afstandsbediening,De Vlaamse Waterweg,Investeringen in afstandsbediening van kunstwerken en afstandbedieningscentrales,Bouw van afstandsbedieningscentrales,Vlaanderen,4750000.0,3595000.0,1300000.0,9645000.0,2025;2026;2027,2025,,
gip-0671,Investeringen in duurzaam goederenvervoer,Programma afstandsbediening,De Vlaamse Waterweg,Investeringen in afstandsbediening van kunstwerken en afstandbedieningscentrales,Investeringen in afstandsbediening van kunstwerken en afstandbedieningscentrales,Vlaanderen,3100000.0,2600000.0,2230000.0,7930000.0,2025;2026;2027,2025,,
gip-0672,Investeringen in duurzaam goederenvervoer,Programma afstandsbediening,De Vlaamse Waterweg,Investeringen in afstandsbediening van kunstwerken en afstandbedieningscentrales,Re-engineering,Vlaanderen,1880000.0,4118000.0,1590000.0,7588000.0,2025;2026;2027,2025,,
gip-0673,Investeringen in duurzaam goederenvervoer,Programma afstandsbediening,De Vlaamse Waterweg,Investeringen in afstandsbediening van kunstwerken en afstandbedieningscentrales,Telematica,Vlaanderen,5500000.0,2500000.0,2500000.0,10500000.0,2025;2026;2027,2025,,
gip-0674,Investeringen in duurzaam goederenvervoer,Scheepvaartbegeleiding,Agentschap voor Maritieme Dienstverlening en Kust,"Afname diverse raamcontracten (ICT, consultancy, veiligheidscoördinatie, …)","Afname diverse raamcontracten (ICT, consultancy, veiligheidscoördinatie, …)",Vlaanderen,300000.0,300000.0,300000.0,900000.0,2025;2026;2027,2025,,
gip-0675,Investeringen in duurzaam goederenvervoer,Scheepvaartbegeleiding,Agentschap voor Maritieme Dienstverlening en Kust,ICT ontwikkeling t.b.v. de afdeling Scheepvaartbegeleiding als National Competent Authority (NCA) en Kustwachtpartner,ICT ontwikkeling tbv de afd Scheepvaartbegeleiding als NCA en Kustwachtpartner,Vlaanderen,350000.0,500000.0,500000.0,1350000.0,2025;2026;2027,2025,,
gip-0676,Investeringen in duurzaam goederenvervoer,Scheepvaartbegeleiding,Agentschap voor Maritieme Dienstverlening en Kust,Instandhouding en structureel onderhoud van bouwkundige infrastructuur afdeling Scheepvaartbegeleiding,Instandhouding en structureel onderhoud van bouwkundige infrastructuur afdeling Scheepvaartbegeleiding,Vlaanderen,1000000.0,1000000.0,1400000.0,3400000.0,2025;2026;2027,2025,,
gip-0677,Investeringen in duurzaam goederenvervoer,Scheepvaartbegeleiding,Agentschap voor Maritieme Dienstverlening en Kust,"Uitbreiding en vervangingsinvestering van technische installaties, systemen en infrastructuur tbv verkeersbegeleiding","Uitbreiding en vervangingsinvestering van technische installaties, systemen en infrastructuur tbv verkeersbegeleiding",Vlaanderen,1500000.0,1500000.0,1700000.0,4700000.0,2025;2026;2027,2025,,
gip-0678,Investeringen in duurzaam goederenvervoer,Scheepvaartbegeleiding,Agentschap voor Maritieme Dienstverlening en Kust,"Uitbreiding en vervangsinvesteringen van technische installaties tbv maritieme veiligheid (maritieme signalisatie, CCTV, radiocommunicatie, …)","Uitbreiding en vervangsinvesteringen van technische installaties tbv maritieme veiligheid (maritieme signalisatie, CCTV, radiocommunicatie, …)",Vlaanderen,1000000.0,800000.0,800000.0,2600000.0,2025;2026;2027,2025,,
gip-0679,Investeringen in duurzaam goederenvervoer,Spoorinvesteringen,Departement Mobiliteit en Openbare Werken,Cofinanciering Spoor,Cofinanciering Spoor,Vlaanderen,2180000.0,7840000.0,9115000.0,19135000.0,2025;2026;2027,2025,,
gip-0680,Investeringen in duurzaam goederenvervoer,Terreinontwikkelingen en economische netwerken,De Vlaamse Waterweg,Herontwikkeling Ford Genk,Herontwikkeling Ford Genk,Genk,2875000.0,0.0,0.0,2875000.0,2025,2025,71016,Genk
gip-0681,Investeringen in duurzaam goederenvervoer,Terreinontwikkelingen en economische netwerken,De Vlaamse Waterweg,Overige projectontwikkeling,Overige projectontwikkeling,Vlaanderen,807500.0,6805000.0,3170000.0,10782500.0,2025;2026;2027,2025,,
gip-0682,Regulier onderhoud en exploitatie,herverdeling capex opex,De Lijn,compensatie meerkosten De Lijn capex gerelateerde kosten (herverdeling capex -> opex),compensatie meerkosten De Lijn capex gerelateerde kosten (herverdeling capex -> opex),Vlaanderen,12400000.0,12400000.0,12400000.0,37200000.0,2025;2026;2027,2025,,
gip-0683,Regulier onderhoud en exploitatie,herverdeling capex opex,De Lijn,vergroening exploitanten FFEU (herverdeling capex -> opex),vergroening exploitanten FFEU (herverdeling capex -> opex),Vlaanderen,10000000.0,10000000.0,10000000.0,30000000.0,2025;2026;2027,2025,,
gip-0684,Regulier onderhoud en exploitatie,HKD,Agentschap voor Maritieme Dienstverlening en Kust,Havenkapiteindiensten (HKD),(leeg),Vlaanderen,2435000.0,2435000.0,2435000.0,7305000.0,2025;2026;2027,2025,,
gip-0685,Regulier onderhoud en exploitatie,Regulier onderhoud,Agentschap voor Maritieme Dienstverlening en Kust,Regulier onderhoud: MDK,(leeg),Kustgemeenten,5000000.0,5000000.0,5000000.0,15000000.0,2025;2026;2027,2025,,
gip-0686,Regulier onderhoud en exploitatie,Regulier onderhoud,Agentschap Wegen En Verkeer,Regulier onderhoud: AWV,Uitvoering,Vlaanderen,25000000.0,25000000.0,30000000.0,80000000.0,2025;2026;2027,2025,,
gip-0687,Regulier onderhoud en exploitatie,Regulier onderhoud,De Vlaamse Waterweg,Regulier onderhoud: DVW,(leeg),Vlaanderen,10000000.0,20000000.0,20000000.0,50000000.0,2025;2026;2027,2025,,
gip-0688,Verkeersveiligheid,Handhaving,Agentschap Wegen En Verkeer,"Handhaving (digitalisatie, snelheidscamera's, trajectcontroles, structureel onderhoud, herkeuren en herijken,...)",Uitvoering,Vlaanderen,6000000.0,6000000.0,6000000.0,18000000.0,2025;2026;2027,2025,,
gip-0689,Verkeersveiligheid,"Ingrepen verkeersveiligheid (gevaarlijke punten, schoolroutes,…)",Agentschap Wegen En Verkeer,Aalter N44 Brugstraat,Onteigening,Aalter,0.0,0.0,1000000.0,1000000.0,2027,2027,44084,Aalter
gip-0690,Verkeersveiligheid,"Ingrepen verkeersveiligheid (gevaarlijke punten, schoolroutes,…)",Agentschap Wegen En Verkeer,Bruwaan Noord,Uitvoering,Oudenaarde,65777.96,0.0,0.0,65777.96,2025,2025,45035,Oudenaarde
gip-0691,Verkeersveiligheid,"Ingrepen verkeersveiligheid (gevaarlijke punten, schoolroutes,…)",Agentschap Wegen En Verkeer,Herinrichting Spoorwegovergang thv Stationsomgeving Haacht. Afschaffing overweg en inrichten van een veiliger alternatief voor alle gebruikers van de N21 (minicompetitie AWV/INV/2021/2_P2-17).,Uitvoering,Boortmeerbeek; Haacht,213139.55,0.0,0.0,213139.55,2025,2025,24014;24033,Boortmeerbeek;Haacht
gip-0692,Verkeersveiligheid,"Ingrepen verkeersveiligheid (gevaarlijke punten, schoolroutes,…)",Agentschap Wegen En Verkeer,kleine ingrepen,Uitvoering,Vlaanderen,28000000.0,28000000.0,28000000.0,84000000.0,2025;2026;2027,2025,,
gip-0693,Verkeersveiligheid,"Ingrepen verkeersveiligheid (gevaarlijke punten, schoolroutes,…)",Agentschap Wegen En Verkeer,N303 Zonnebeke veilige fietspaden + aanpak rijbaan,Studie,Zonnebeke,0.0,200000.0,0.0,200000.0,2026,2026,33037,Zonnebeke
gip-0694,Verkeersveiligheid,"Ingrepen verkeersveiligheid (gevaarlijke punten, schoolroutes,…)",Agentschap Wegen En Verkeer,N32 Roeselare rotonde Meensesteenweg - Meiboomlaan,Studie,Roeselare,150000.0,200000.0,3000000.0,3350000.0,2025;2026;2027,2025,36015,Roeselare
gip-0695,Verkeersveiligheid,"Ingrepen verkeersveiligheid (gevaarlijke punten, schoolroutes,…)",Agentschap Wegen En Verkeer,N32 Torhout: heraanleg,Studie,Torhout; Zedelgem,483833.02,0.0,0.0,483833.02,2025,2025,31033;31040,Torhout;Zedelgem
gip-0696,Verkeersveiligheid,"Ingrepen verkeersveiligheid (gevaarlijke punten, schoolroutes,…)",Agentschap Wegen En Verkeer,N34 De Panne - St-Idesbald,Studie,De Panne,0.0,0.0,250000.0,250000.0,2027,2027,38008,De Panne
gip-0697,Verkeersveiligheid,"Ingrepen verkeersveiligheid (gevaarlijke punten, schoolroutes,…)",Agentschap Wegen En Verkeer,N50 Oostkamp: Verkeersveiligheidsmaatregelen,Fase 1,Oostkamp,0.0,1500000.0,0.0,1500000.0,2026,2026,31022,Oostkamp
gip-0698,Verkeersveiligheid,"Ingrepen verkeersveiligheid (gevaarlijke punten, schoolroutes,…)",Agentschap Wegen En Verkeer,N60 Oudenaarde SOVII Bruwaan,Fase 1,Oudenaarde,234954.17,0.0,0.0,234954.17,2025,2025,45035,Oudenaarde
gip-0699,Verkeersveiligheid,"Ingrepen verkeersveiligheid (gevaarlijke punten, schoolroutes,…)",Agentschap Wegen En Verkeer,N71/N746 Lommel aangepast uitvoeringsontwerp,Uitvoering,Lommel,0.0,2000000.0,0.0,2000000.0,2026,2026,72020,Lommel
gip-0700,Verkeersveiligheid,"Ingrepen verkeersveiligheid (gevaarlijke punten, schoolroutes,…)",Agentschap Wegen En Verkeer,N9 Vijfhuizen tot Oordegem,Fase 1,Erpe-Mere; Lede,0.0,0.0,6750000.0,6750000.0,2027,2027,41082;41034,Erpe-Mere;Lede
gip-0701,Verkeersveiligheid,"Ingrepen verkeersveiligheid (gevaarlijke punten, schoolroutes,…)",Agentschap Wegen En Verkeer,N9 Vijfhuizen tot Oordegem,Onteigening,Erpe-Mere; Lede,0.0,220000.0,0.0,220000.0,2026,2026,41082;41034,Erpe-Mere;Lede
gip-0702,Verkeersveiligheid,"Ingrepen verkeersveiligheid (gevaarlijke punten, schoolroutes,…)",Agentschap Wegen En Verkeer,R30 - Brugge kruispunt Gentpoort,Uitvoering,Brugge,1500000.0,0.0,0.0,1500000.0,2025,2025,31005,Brugge
gip-0703,Verkeersveiligheid,"Ingrepen verkeersveiligheid (gevaarlijke punten, schoolroutes,…)",Agentschap Wegen En Verkeer,R32 Hooglede: Fietstunnel thv Honzebrouckstraat,Uitvoering,Hooglede,5581377.96,0.0,0.0,5581377.96,2025,2025,36006,Hooglede
gip-0704,Verkeersveiligheid,"Ingrepen verkeersveiligheid (gevaarlijke punten, schoolroutes,…)",Agentschap Wegen En Verkeer,"Verkeersveiligheid (gevaarlijke punten, schoolroutes, vergevingsgezinde wegen, oversteekplaatsen, signalisatie,afstandbewaking, gladheidsbestrijding...)",Uitvoering,Vlaanderen,4100000.0,2000000.0,2000000.0,8100000.0,2025;2026;2027,2025,,
gip-0705,Verkeersveiligheid,"Ingrepen verkeersveiligheid (gevaarlijke punten, schoolroutes,…)",Agentschap Wegen En Verkeer,Verkeersveiligheid (markering A-wegen),Uitvoering,Vlaanderen,2000000.0,2000000.0,2000000.0,6000000.0,2025;2026;2027,2025,,
gip-0706,Verkeersveiligheid,Verkeerslichten,Agentschap Wegen En Verkeer,Verkeerslichten (incl actieplan),Uitvoering,Vlaanderen,13000000.0,13000000.0,13000000.0,39000000.0,2025;2026;2027,2025,,
gip-0707,Verkeersveiligheid,Verkeersveiligheid op jaagpaden,De Vlaamse Waterweg,Aanleg nieuwe fietsverbinding jaagpad - diverse lokaties Albertkanaal,Aanleg nieuwe fietsverbinding jaagpad - lokale aanpassingen in Beringen en Tessenderlo,Beringen,361025.0,1021185.0,0.0,1382210.0,2025;2026,2025,71004,Beringen
gip-0708,Verkeersveiligheid,Verkeersveiligheid op jaagpaden,De Vlaamse Waterweg,Durme. Aanleg technische wegenis te Lokeren,Durme. Aanleg technische wegenis te Lokeren,Lokeren,0.0,775000.0,0.0,775000.0,2026,2026,46014,Lokeren
gip-0709,Verkeersveiligheid,Verkeersveiligheid op jaagpaden,De Vlaamse Waterweg,fietssnelweg Kanaalroute,Kanaalroute Noord,Vilvoorde,0.0,940000.0,0.0,940000.0,2026,2026,23088,Vilvoorde
gip-0710,Verkeersveiligheid,Verkeersveiligheid op jaagpaden,De Vlaamse Waterweg,Functioneel en recreatief medegebruik van jaagpaden in Vlaanderen,Functioneel en recreatief medegebruik van jaagpaden in Vlaanderen,Vlaanderen,615000.0,565000.0,565000.0,1745000.0,2025;2026;2027,2025,,
gip-0711,Verkeersveiligheid,Verkeersveiligheid op jaagpaden,De Vlaamse Waterweg,Inrichten fiets-o-strade Beerse,Inrichten fiets-o-strade Beerse,Beerse,61890.0,0.0,0.0,61890.0,2025,2025,13004,Beerse
gip-0712,Verkeersveiligheid,Verkeersveiligheid op jaagpaden,De Vlaamse Waterweg,Ontdubbelen havenweg kanaalweg te Genk,Ontdubbelen havenweg kanaalweg te Genk,Genk,275000.0,0.0,0.0,275000.0,2025,2025,71016,Genk
gip-0713,Verkeersveiligheid,Verkeersveiligheid op jaagpaden,De Vlaamse Waterweg,Optimalisatie jaagpaden Dender,Optimalisatie jaagpaden Dender - fase 1,Dender,100000.0,0.0,0.0,100000.0,2025,2025,,
gip-0714,Verkeersveiligheid,Verlichting,Agentschap Wegen En Verkeer,Openbare verlichting,Uitvoering,Vlaanderen,11580000.0,4220000.0,7970000.0,23770000.0,2025;2026;2027,2025,,
gip-0715,Verkeersveiligheid,Wegeninspectie,Agentschap Wegen En Verkeer,Inv. controledispositief meeropbrengsten wegeninsp,Uitvoering,Vlaanderen,1700000.0,1700000.0,1700000.0,5100000.0,2025;2026;2027,2025,,
gip-0716,Verkeersveiligheid,Winterasfalt,Agentschap Wegen En Verkeer,Winterasfalt,Uitvoering,Vlaanderen,743730.0,836000.0,836000.0,2415730.0,2025;2026;2027,2025,,
gip-0717,Waterbeheersing,Divers Waterbeheer,De Vlaamse Waterweg,Aanleg infrastructuur waterrecreatie,Aanleg infrastructuur waterrecreatie - diverse projecten,Antwerpen,154000.0,0.0,0.0,154000.0,2025,2025,11002,Antwerpen
gip-0718,Waterbeheersing,Divers Waterbeheer,De Vlaamse Waterweg,Automatische waterpeilregeling via omloopriolen op kanaal Leuven- DijleAutomatische waterpeilregeling via omloopriolen op kanaal Leuven-Dijle,Automatische waterpeilregeling via omloopriolen op kanaal Leuven- DijleAutomatische waterpeilregeling via omloopriolen op kanaal Leuven-Dijle,Kanaal Leuven-Dijle,1600000.0,0.0,0.0,1600000.0,2025,2025,24062,Leuven
gip-0719,Waterbeheersing,Divers Waterbeheer,De Vlaamse Waterweg,Herwaardering benedenloop Nielse Scheibeek,Herwaardering benedenloop Nielse Scheibeek,Niel,0.0,1250000.0,0.0,1250000.0,2026,2026,11030,Niel
gip-0720,Waterbeheersing,Divers Waterbeheer,De Vlaamse Waterweg,Pompcapaciteit Albertkanaal,"Pompcapaciteit Albertkanaal: Hasselt, Diepenbeek en Genk: Bouwen van pompinstallaties en waterkrachtcentrales ter hoogte van de sluizencomplexen",Limburg,4300000.0,0.0,0.0,4300000.0,2025,2025,63046,Limburg
gip-0721,Waterbeheersing,Divers Waterbeheer,De Vlaamse Waterweg,Pompcapaciteit Albertkanaal,Pompcapaciteit Albertkanaal: Wijnegem,Wijnegem,100000.0,4000000.0,4000000.0,8100000.0,2025;2026;2027,2025,11050,Wijnegem
gip-0722,Waterbeheersing,Divers Waterbeheer,De Vlaamse Waterweg,Pompinstallaties Durme t.h.v. Groot Broek,Pompinstallaties Durme t.h.v. Groot Broek,Temse,4000000.0,0.0,0.0,4000000.0,2025,2025,46025,Temse
gip-0723,Waterbeheersing,Divers Waterbeheer,De Vlaamse Waterweg,Raamovereenkomst huur mobiele pompen in afwachting van ingebruikname effectieve pompen,Raamovereenkomst huur mobiele pompen in afwachting van ingebruikname effectieve pompen - regulier,Vlaanderen,1000000.0,1000000.0,1000000.0,3000000.0,2025;2026;2027,2025,,
gip-0724,Waterbeheersing,Divers Waterbeheer,De Vlaamse Waterweg,"Vernieuwen uitwateringssluis LO, Zenne opwaarts brug Heffen","Vernieuwen uitwateringssluis LO, Zenne opwaarts brug Heffen",Mechelen,0.0,0.0,600000.0,600000.0,2027,2027,12025,Mechelen
gip-0725,Waterbeheersing,Divers Waterbeheer,De Vlaamse Waterweg,Vervaardigen van afsluitschotten voor het afwaarts sluishoofd van de kleine sluis Duffel,Vervaardigen van afsluitschotten voor het afwaarts sluishoofd van de kleine sluis Duffel,Duffel,0.0,0.0,200000.0,200000.0,2027,2027,12009,Duffel
gip-0726,Waterbeheersing,Waterbeheer Dender,De Vlaamse Waterweg,Herbouw stuwsluiscomplex Aalst,Herbouw stuwsluiscomplex Aalst,Dender,3330000.0,0.0,2100000.0,5430000.0,2025;2027,2025,41002,Aalst
gip-0727,Waterbeheersing,Waterbeheer Dender,De Vlaamse Waterweg,Herbouw stuwsluiscomplex Denderleeuw,Herbouw stuwsluiscomplex Denderleeuw,Dender,960000.0,0.0,0.0,960000.0,2025,2025,41011,Denderleeuw
gip-0728,Waterbeheersing,Waterbeheer Dender,De Vlaamse Waterweg,Ruimte voor water - Dender,Fase 1 & Proactief aankoopbeleid,Dender,6100000.0,4500000.0,0.0,10600000.0,2025;2026,2025,,
gip-0729,Waterbeheersing,Waterbeheer Dender,De Vlaamse Waterweg,Ruimte voor water - Dender,Projectondersteuning,Dender,500000.0,500000.0,500000.0,1500000.0,2025;2026;2027,2025,,
gip-0730,Waterbeheersing,Waterbeheer Ijzerbekken,Agentschap Wegen En Verkeer,Maatregelen ifv weerbare westhoek,Uitvoering,West-Vlaanderen,1200000.0,0.0,0.0,1200000.0,2025,2025,,
gip-0731,Waterbeheersing,Waterbeheer Ijzerbekken,De Vlaamse Waterweg,Herbouwen sifons kanaal Plassendale-Nieuwpoort,Herbouwen sifons kanaal Plassendale-Nieuwpoort - Uitvoering,kanaal Plassendale-Nieuwpoort,1747674.0,1550000.0,0.0,3297674.0,2025;2026,2025,38016,Nieuwpoort
gip-0732,Waterbeheersing,Waterbeheer Ijzerbekken,De Vlaamse Waterweg,Opmaak visie waterbeheer West-Vlaanderen,Opmaak visie waterbeheer West-Vlaanderen,Vlaanderen,150000.0,105000.0,0.0,255000.0,2025;2026,2025,,
gip-0733,Waterbeheersing,Waterbeheer Ijzerbekken,De Vlaamse Waterweg,Re-engineering 5 stuwen Ganzepoot en 2 stuwen Kattensas,Re-engineering 5 stuwen Ganzepoot en 2 stuwen Kattensas,Nieuwpoort,0.0,1225000.0,0.0,1225000.0,2026,2026,38016,Nieuwpoort
gip-0734,Waterbeheersing,Waterbeheer Ijzerbekken,De Vlaamse Waterweg,Re-engineering Gravensluis en - brug te Nieuwpoort,Re-engineering Gravensluis en - brug te Nieuwpoort,Nieuwpoort,650000.0,0.0,0.0,650000.0,2025,2025,38016,Nieuwpoort
gip-0735,Waterbeheersing,Waterbeheer Ijzerbekken,De Vlaamse Waterweg,Re-engineering Iepersluis te Nieuwpoort,Re-engineering Iepersluis te Nieuwpoort,Nieuwpoort,0.0,0.0,867000.0,867000.0,2027,2027,38016,Nieuwpoort
gip-0736,Waterbeheersing,Waterbeheer Ijzerbekken,De Vlaamse Waterweg,Re-engineering Veurnesluis en brug over de Veurne-sluis te Nieuwpoort,Re-engineering Veurnesluis en brug over de Veurne-sluis te Nieuwpoort,Nieuwpoort,0.0,0.0,1180000.0,1180000.0,2027,2027,38016,Nieuwpoort
gip-0737,Waterbeheersing,Waterbeheer Ijzerbekken,De Vlaamse Waterweg,Weerbare Westhoek,Weerbare Westhoek,Westhoek,13500000.0,5350000.0,7750000.0,26600000.0,2025;2026;2027,2025,,
gip-0738,Waterbeheersing,Waterbeheer Kust,Agentschap voor Maritieme Dienstverlening en Kust,Aanpassingen Meratorsluis+uitwatering Camerlinckgeleed + Demeysluis,Aanpassingen Meratorsluis+uitwatering Camerlinckgeleed + Demeysluis,Oostende,800000.0,400000.0,0.0,1200000.0,2025;2026,2025,35013,Oostende
gip-0739,Waterbeheersing,Waterbeheer Kust,Agentschap voor Maritieme Dienstverlening en Kust,Aanpassingen Uitwatering Leopold- en schipdonkkanaal + Visart- en Vandammesluis,Aanpassingen Uitwatering Leopold- en schipdonkkanaal + Visart- en Vandammesluis,Zeebrugge,150000.0,850000.0,0.0,1000000.0,2025;2026,2025,31005,Brugge
gip-0740,Waterbeheersing,Waterbeheer Kust,Agentschap voor Maritieme Dienstverlening en Kust,Kustvisie (jachthavens),(leeg),Kustjachthavens Vlaanderen,0.0,750000.0,500000.0,1250000.0,2026;2027,2026,,
gip-0741,Waterbeheersing,Waterbeheer Kust,Agentschap voor Maritieme Dienstverlening en Kust,Mercatorsluis+zone Station - Demeysluis + tunnel - uitwatering Camerlinckgeleed,Mercatorsluis+zone Station - Demeysluis + tunnel - uitwatering Camerlinckgeleed,Oostende,5000000.0,0.0,3750000.0,8750000.0,2025;2027,2025,35013,Oostende
gip-0742,Waterbeheersing,Waterbeheer Kust,Agentschap voor Maritieme Dienstverlening en Kust,Middelkerke - Zeedijk Golfdempende uitbouw (GDU),Middelkerke - Zeedijk GDU,Middelkerke,0.0,2000000.0,1000000.0,3000000.0,2026;2027,2026,35011,Middelkerke
gip-0743,Waterbeheersing,Waterbeheer Kust,Agentschap voor Maritieme Dienstverlening en Kust,Mobiele keringen in de stormmuren Slijkensesteenweg en Vismijnlaan,Mobiele keringen in de stormmuren Slijkensesteenweg en Vismijnlaan,Oostende,1602000.0,0.0,0.0,1602000.0,2025,2025,35013,Oostende
gip-0744,Waterbeheersing,Waterbeheer Kust,Agentschap voor Maritieme Dienstverlening en Kust,"Monitoring topografie, strand en dynamische duinen, slikken en schorren","Monitoring topografie, strand en dynamische duinen, slikken en schorren",Kustgemeenten,0.0,0.0,383000.0,383000.0,2027,2027,,
gip-0745,Waterbeheersing,Waterbeheer Kust,Agentschap voor Maritieme Dienstverlening en Kust,Nieuwpoort - stormvloedkering Nieuwpoort - Wijzigingen,"Nieuwpoort - stormvloedkering Nieuwpoort - Wijzigingen, prijsherzieningen,…",Nieuwpoort,2100000.0,8500000.0,0.0,10600000.0,2025;2026,2025,38016,Nieuwpoort
gip-0746,Waterbeheersing,Waterbeheer Kust,Agentschap voor Maritieme Dienstverlening en Kust,Opvolgingsplatform mobiele keringen,Opvolgingsplatform mobiele keringen,Kustgemeenten,0.0,95000.0,0.0,95000.0,2026,2026,,
gip-0747,Waterbeheersing,Waterbeheer Kust,Agentschap voor Maritieme Dienstverlening en Kust,Renovatie duinvoet De Panne,Renovatie duinvoet De Panne,De Panne,0.0,1000000.0,0.0,1000000.0,2026,2026,38008,De Panne
gip-0748,Waterbeheersing,Waterbeheer Kust,Agentschap voor Maritieme Dienstverlening en Kust,"Samenwerkingsovereenkomst NeXperta (EBS, Geotechniek, WL, ATO,…)","Samenwerkingsovereenkomst NeXperta (EBS, Geotechniek, WL, ATO,…)",Kustgemeenten,676000.0,650000.0,650000.0,1976000.0,2025;2026;2027,2025,,
gip-0749,Waterbeheersing,Waterbeheer Kust,Agentschap voor Maritieme Dienstverlening en Kust,Stormmuren Montgommerydok + zone station-Demeysluis (inl. vernieuwing kaaien)+overstromingsmaatregelen achterhaven Oostende,Overstromingsmaatregelen Montgommerydok + zone station- Demeysluis (inl. vernieuwing kaaien)+overstromingsmaatregelen achterhaven Oostende,Oostende,0.0,555000.0,400000.0,955000.0,2026;2027,2026,35013,Oostende
gip-0750,Waterbeheersing,Waterbeheer Kust,Agentschap voor Maritieme Dienstverlening en Kust,"suppleties (o.a. Oostende, De Haan-Wenduine, Blankenberge,…)","suppleties (o.a. Oostende, De Haan-Wenduine, Blankenberge,…)",Kustgemeenten,0.0,0.0,3000000.0,3000000.0,2027,2027,31004,Blankenberge
gip-0751,Waterbeheersing,Waterbeheer Kust,Agentschap voor Maritieme Dienstverlening en Kust,"Toetsing sluizen, stuwen en uitwateringsconstructies","Toetsing sluizen, stuwen en uitwateringsconstructies",Kustgemeenten,0.0,175000.0,0.0,175000.0,2026,2026,,
gip-0752,Waterbeheersing,Waterbeheer Kust,Agentschap voor Maritieme Dienstverlening en Kust,Zeebrugge - Vandammesluis - uitwatering Leopold- en Schipdonkkanaal + Visartsluis,Zeebrugge - Vandammesluis - uitwatering Leopold- en Schipdonkkanaal + Visartsluis,Zeebrugge,0.0,0.0,1000000.0,1000000.0,2027,2027,31005,Brugge
gip-0753,Waterbeheersing,Waterbeheer Maas,De Vlaamse Waterweg,Bouw doorlaatconstructie Heerenlaak,Bouw doorlaatconstructie Heerenlaak,Maaseik,0.0,5425969.0,915000.0,6340969.0,2026;2027,2026,72021,Maaseik
gip-0754,Waterbeheersing,Waterbeheer Maas,De Vlaamse Waterweg,Gemeenschappelijke Maas,Gemeenschappelijke Maas,Gemeenschappelijke Maas,615000.0,500000.0,1985000.0,3100000.0,2025;2026;2027,2025,,
gip-0755,Waterbeheersing,Waterbeheer Maas,De Vlaamse Waterweg,Herstellen waterdichting kanaalbodem,Herstellen waterdichting kanaalbodem,Albertkanaal,0.0,1600000.0,950000.0,2550000.0,2026;2027,2026,,
gip-0756,Waterbeheersing,Waterbeheer Middengebied,De Vlaamse Waterweg,"European Urban Initiative (EUI) Blue4Green Brugge, vervangen Leonardusstuw incl. slimme sturing","EUI Blue4Green Brugge, vervangen Leonardusstuw incl. slimme sturing",Brugge,100000.0,255000.0,0.0,355000.0,2025;2026,2025,31005,Brugge
gip-0757,Waterbeheersing,Waterbeheer Middengebied,De Vlaamse Waterweg,Herbouwen sifon Damse Vaart,Herbouwen sifon Damse Vaart,Damse Vaart,0.0,0.0,175000.0,175000.0,2027,2027,,
gip-0758,Waterbeheersing,Waterbeheer Middengebied,De Vlaamse Waterweg,Kalibratie Afleidingskanaal van de Leie,Kalibratie Afleidingskanaal van de Leie,Deinze,1420000.0,0.0,0.0,1420000.0,2025,2025,44083,Deinze
gip-0759,Waterbeheersing,Waterbeheer Middengebied,De Vlaamse Waterweg,"Landinrichtingsproject Kalvekant-Zuid, inrichting waterberging langs Moervaart","landinrichtingsproject Kalvekant-Zuid, inrichting waterberging langs Moervaart",Wachtebeke,0.0,460000.0,0.0,460000.0,2026,2026,44073,Wachtebeke
gip-0760,Waterbeheersing,Waterbeheer Middengebied,De Vlaamse Waterweg,Onderzoek en herstel middendijk Afleidingskanaal en Leopoldkanaal,"Onderzoek en herstel middendijk Afleidingskanaal en Leopoldkanaal, werken",Brugge,2208000.0,872000.0,3190000.0,6270000.0,2025;2026;2027,2025,31005,Brugge
gip-0761,Waterbeheersing,Waterbeheer Middengebied,De Vlaamse Waterweg,Pompinstallaties sluizen Leie,Pompinstallaties sluizen Leie,Menen,0.0,3800000.0,3800000.0,7600000.0,2026;2027,2026,34027,Menen
gip-0762,Waterbeheersing,Waterbeheer Middengebied,De Vlaamse Waterweg,Renovatie sas Slijkens Oostende,Renovatie sas Slijkens Oostende,Oostende,81311.0,2700000.0,3700000.0,6481311.0,2025;2026;2027,2025,35013,Oostende
gip-0763,Waterbeheersing,Waterbeheer Middengebied,De Vlaamse Waterweg,Renovatie uitwateringskokers Afleidingskanaal Leie en Leopoldkanaal,Renovatie uitwateringskokers Afleidingskanaal Leie en Leopoldkanaal,Brugge,1300000.0,1300000.0,1300000.0,3900000.0,2025;2026;2027,2025,31005,Brugge
gip-0764,Waterbeheersing,"Waterbeheer Zeeschelde, Benedenschelde, Dijle, Zenne, Demer, Nete",De Vlaamse Waterweg,Aanleg Sigmagebieden,"Aanleg Sigmagebieden, groep 1",Vlaanderen,2057486.0,5400000.0,500000.0,7957486.0,2025;2026;2027,2025,,
gip-0765,Waterbeheersing,"Waterbeheer Zeeschelde, Benedenschelde, Dijle, Zenne, Demer, Nete",De Vlaamse Waterweg,Aanleg Sigmagebieden,"Aanleg Sigmagebieden, groep 2",Vlaanderen,500000.0,1200000.0,700000.0,2400000.0,2025;2026;2027,2025,,
gip-0766,Waterbeheersing,"Waterbeheer Zeeschelde, Benedenschelde, Dijle, Zenne, Demer, Nete",De Vlaamse Waterweg,Bouw van een fietsbrug Waasmunster,Bouw van een fietsbrug Waasmunster,Waasmunster,0.0,2500000.0,0.0,2500000.0,2026,2026,42023,Waasmunster
gip-0767,Waterbeheersing,"Waterbeheer Zeeschelde, Benedenschelde, Dijle, Zenne, Demer, Nete",De Vlaamse Waterweg,Dijkenprogramma Sigmaplan,Dijkenprogramma Sigmaplan,Vlaanderen,11450000.0,15200000.0,24700000.0,51350000.0,2025;2026;2027,2025,,
gip-0768,Waterbeheersing,"Waterbeheer Zeeschelde, Benedenschelde, Dijle, Zenne, Demer, Nete",De Vlaamse Waterweg,Dijkverhoging Zenne te Vilvoorde en Zemst,Dijkverhoging Zenne te Vilvoorde en Zemst,Vilvoorde,0.0,1940000.0,1940000.0,3880000.0,2026;2027,2026,23088,Vilvoorde
gip-0769,Waterbeheersing,"Waterbeheer Zeeschelde, Benedenschelde, Dijle, Zenne, Demer, Nete",De Vlaamse Waterweg,Herinrichten Demervallei,Aanleg Demermeanders en drempels volgens integrale visie Demervallei,Demer,125427.0,2200000.0,1500000.0,3825427.0,2025;2026;2027,2025,,
gip-0770,Waterbeheersing,"Waterbeheer Zeeschelde, Benedenschelde, Dijle, Zenne, Demer, Nete",De Vlaamse Waterweg,Herinrichten Vallei Grote Nete,Herinrichten Vallei Grote Nete,Grote Nete,500000.0,1000000.0,500000.0,2000000.0,2025;2026;2027,2025,,
gip-0771,Waterbeheersing,"Waterbeheer Zeeschelde, Benedenschelde, Dijle, Zenne, Demer, Nete",De Vlaamse Waterweg,"Inrichten Zeeschelde, zone Gentbrugge-Melle","Inrichten Zeeschelde, zone Gentbrugge-Melle - bruggen",Gent,187091.0,0.0,0.0,187091.0,2025,2025,44021,Gent
gip-0772,Waterbeheersing,"Waterbeheer Zeeschelde, Benedenschelde, Dijle, Zenne, Demer, Nete",De Vlaamse Waterweg,Opmaken visie waterbeheer Zennevallei,Opmaken visie waterbeheer Zennevallei,Zenne,0.0,150000.0,500000.0,650000.0,2026;2027,2026,,
gip-0773,Waterbeheersing,"Waterbeheer Zeeschelde, Benedenschelde, Dijle, Zenne, Demer, Nete",De Vlaamse Waterweg,Scheldekaaien,Scheldekaaien,Antwerpen,27675000.0,25810000.0,29680000.0,83165000.0,2025;2026;2027,2025,11002,Antwerpen
gip-0774,Waterbeheersing,"Waterbeheer Zeeschelde, Benedenschelde, Dijle, Zenne, Demer, Nete",De Vlaamse Waterweg,Sigmaplan 3.0,Sigmaplan 3.0,Vlaanderen,1500000.0,1500000.0,1500000.0,4500000.0,2025;2026;2027,2025,,
gip-0775,Waterbeheersing,"Waterbeheer Zeeschelde, Benedenschelde, Dijle, Zenne, Demer, Nete",De Vlaamse Waterweg,Stabilisatiewerken aan Galgenweel Antwerpen linkeroever,Stabilisatiewerken aan Galgenweel Antwerpen linkeroever,Antwerpen,100000.0,0.0,0.0,100000.0,2025,2025,11002,Antwerpen
gip-0776,Waterbeheersing,"Waterbeheer Zeeschelde, Benedenschelde, Dijle, Zenne, Demer, Nete",De Vlaamse Waterweg,"Studies, overhead en andere kosten Sigmaplan",Aanpassen Potpolder IV langs de Durme,Vlaanderen,198489.0,200000.0,200000.0,598489.0,2025;2026;2027,2025,,
gip-0777,Waterbeheersing,"Waterbeheer Zeeschelde, Benedenschelde, Dijle, Zenne, Demer, Nete",De Vlaamse Waterweg,"Studies, overhead en andere kosten Sigmaplan","Studies, overhead en andere kosten Sigmaplan",Vlaanderen,4800000.0,4300000.0,4800000.0,13900000.0,2025;2026;2027,2025,,
