id,programma,subprogramma,entiteit,project,deelproject,locatie,budget2025,budget2026,budget2027,budget_total,investment_years,start_year,municipality_codes,municipality_names
gip-0001,Asset Management,Autosnelwegen,Agentschap Wegen En Verkeer,A1 SO tussen Mech-N en Mech-Z (E19) (WA/INV/A1/27/U1),fase 1,"Mechelen, Rumst",0.0,7042667.0,0.0,7042667.0,2026,2026,12025;11037,Mechelen;Rumst
gip-0002,Asset Management,Autosnelwegen,Agentschap Wegen En Verkeer,A12 Structureel Onderhoud - DP11 (Meise),Uitvoering,"Asse, Dilbeek, Grimbergen, Machelen, Meise, Vilvoorde, Wemmel",0.0,4000000.0,0.0,4000000.0,2026,2026,23002;23016;23025;23047;23050;23088;23102,Asse;Dilbeek;Grimbergen;Machelen;Meise;Vilvoorde;Wemmel
gip-0003,Asset Management,Autosnelwegen,Agentschap Wegen En Verkeer,Ambtshalve maatregelen,Diverse,West-Vlaanderen,0.0,500000.0,0.0,500000.0,2026,2026,,
gip-0004,Asset Management,Autosnelwegen,Agentschap Wegen En Verkeer,Dienstenzones,Dienstenzones,Vlaanderen,0.0,1500000.0,0.0,1500000.0,2026,2026,,
gip-0005,Asset Management,Autosnelwegen,Agentschap Wegen En Verkeer,E40 Goetsenhoven Structureel onderhoud,Uitvoering,"Hoegaarden, Tienen",0.0,5000000.0,0.0,5000000.0,2026,2026,24041;24107,Hoegaarden;Tienen
gip-0006,Asset Management,Autosnelwegen,Agentschap Wegen En Verkeer,FAST,FAST,Vlaanderen,0.0,1215000.0,0.0,1215000.0,2026,2026,,
gip-0007,Asset Management,Autosnelwegen,Agentschap Wegen En Verkeer,Overige kosten,SMA-D problematiek,Vlaanderen,0.0,1500000.0,0.0,1500000.0,2026,2026,,
gip-0008,Asset Management,Autosnelwegen,Agentschap Wegen En Verkeer,PPS ondersteuning,Studiekost PPS,Vlaanderen,0.0,500000.0,0.0,500000.0,2026,2026,,
gip-0009,Asset Management,Autosnelwegen,Agentschap Wegen En Verkeer,ProjectMER R6,Diverse,"Bonheiden, Sint-Katelijne-Waver",0.0,84000.0,0.0,84000.0,2026,2026,12005;12035,Bonheiden;Sint-Katelijne-Waver
gip-0010,Asset Management,Baggerwerken en slibverwerking,Agentschap voor Maritieme Dienstverlening en Kust,Onderhoudsbaggerwerken kustjachthavens Nieuwpoort en Blankenberge en jachthavendokken Oostende en Zeebrugge,Onderhoudsbaggerwerken kustjachthavens Nieuwpoort en Blankenberge en jachthavendokken Oostende en Zeebrugge,Kustjachthavens Vlaanderen,0.0,13667000.0,0.0,13667000.0,2026,2026,31004;31005;38016;35013,Blankenberge;Brugge;Nieuwpoort;Oostende
gip-0011,Asset Management,Baggerwerken en slibverwerking,De Vlaamse Waterweg,Diverse baggerwerken en speciebehandeling,Diverse baggerwerken en speciebehandeling (te bepalen),Vlaanderen,0.0,8080000.0,0.0,8080000.0,2026,2026,,
gip-0012,Asset Management,Baggerwerken en slibverwerking,De Vlaamse Waterweg,Diverse baggerwerken en speciebehandeling,Diverse baggerwerken en speciebehandeling- DOP Lochristi,Lochristi,0.0,500000.0,0.0,500000.0,2026,2026,44034,Lochristi
gip-0013,Asset Management,Baggerwerken en slibverwerking,De Vlaamse Waterweg,Diverse baggerwerken en speciebehandeling,Diverse baggerwerken en speciebehandeling- inrichting en beheer Argex- site,Kruibeke,0.0,2635000.0,0.0,2635000.0,2026,2026,46013,Kruibeke
gip-0014,Asset Management,Baggerwerken en slibverwerking,Departement Mobiliteit en Openbare Werken,Baggerwerken in kanalen,Baggerwerken in kanalen,Vaarpas naar zeehavens,0.0,8500000.0,0.0,8500000.0,2026,2026,,
gip-0015,Asset Management,Baggerwerken en slibverwerking,Departement Mobiliteit en Openbare Werken,Exploitatie slibverwerkingseenheid,Exploitatie slibverwerkingseenheid,Zeehavenoverschrijdend,0.0,38817000.0,0.0,38817000.0,2026,2026,,
gip-0016,Asset Management,Baggerwerken en slibverwerking,Departement Mobiliteit en Openbare Werken,Onderhoudsbaggerwerken vaarpassen,Onderhoudsbaggerwerken vaarpassen,Vaarpas naar zeehavens,0.0,135000000.0,0.0,135000000.0,2026,2026,,
gip-0017,Asset Management,Baggerwerken en slibverwerking,Departement Mobiliteit en Openbare Werken,Realisatie slibverwerkingseenheid,Realisatie slibverwerkingseenheid,Zeehavenoverschrijdend,0.0,5322034.0,0.0,5322034.0,2026,2026,,
gip-0018,Asset Management,Baggerwerken en slibverwerking,Departement Mobiliteit en Openbare Werken,Technisch vaarwegbeheer,Technisch vaarwegbeheer,Zeehaven van Antwerpen,0.0,7500000.0,0.0,7500000.0,2026,2026,11002,Antwerpen
gip-0019,Asset Management,Gewestwegen,Agentschap Wegen En Verkeer,N001 Herinrichting Koningin Astridlaan Kontich,Diverse,Kontich,0.0,3600000.0,0.0,3600000.0,2026,2026,11024,Kontich
gip-0020,Asset Management,Gewestwegen,Agentschap Wegen En Verkeer,N014 RANST - Oostmalsesteenweg,Uitvoering,Ranst,0.0,11001.0,0.0,11001.0,2026,2026,11035,Ranst
gip-0021,Asset Management,Gewestwegen,Agentschap Wegen En Verkeer,N10 Berlaar-HODB Herinrichting Aarschotsebaan,Diverse,"Heist-op-den-Berg, Putte",0.0,560000.0,0.0,560000.0,2026,2026,12014;12029,Heist-op-den-Berg;Putte
gip-0022,Asset Management,Gewestwegen,Agentschap Wegen En Verkeer,N2 Herent Garageboulevard,Diverse,"Herent, Leuven",0.0,50000.0,0.0,50000.0,2026,2026,24038;24062,Herent;Leuven
gip-0023,Asset Management,Gewestwegen,Agentschap Wegen En Verkeer,N2 Wegenisontwerp: Leuven - Tielt-Winge (Diest),Studie,"Leuven, Lubbeek, Tielt-Winge",0.0,200000.0,0.0,200000.0,2026,2026,24062;24066;24135,Leuven;Lubbeek;Tielt-Winge
gip-0024,Asset Management,Gewestwegen,Agentschap Wegen En Verkeer,N2/11 Tielt-Winge/Bekkevoort FP & StructOnderh N2,Diverse,"Bekkevoort, Tielt-Winge",0.0,500000.0,0.0,500000.0,2026,2026,24008;24135,Bekkevoort;Tielt-Winge
gip-0025,Asset Management,Gewestwegen,Agentschap Wegen En Verkeer,N26 Mechelen Structureel onderhoud FP (ism Pidpa),fase 1,"Boortmeerbeek, Mechelen",0.0,1000000.0,0.0,1000000.0,2026,2026,24014;12025,Boortmeerbeek;Mechelen
gip-0026,Asset Management,Gewestwegen,Agentschap Wegen En Verkeer,N272 Galmaarden: Structureel onderhoud rijweg,fase 1,Pajottegem,0.0,4000000.0,0.0,4000000.0,2026,2026,23023,Galmaarden
gip-0027,Asset Management,Gewestwegen,Agentschap Wegen En Verkeer,N311 Wervik structureel onderhoud,Uitvoering,Wervik,0.0,728503.0,0.0,728503.0,2026,2026,33029,Wervik
gip-0028,Asset Management,Gewestwegen,Agentschap Wegen En Verkeer,N32 Roeselare: Meensesteenweg doortocht,Uitvoering,Roeselare,0.0,2265000.0,0.0,2265000.0,2026,2026,36015,Roeselare
gip-0029,Asset Management,Gewestwegen,Agentschap Wegen En Verkeer,N33 Oostende Torhoutsesteenweg,Studie,Oostende,0.0,500000.0,0.0,500000.0,2026,2026,35013,Oostende
gip-0030,Asset Management,Gewestwegen,Agentschap Wegen En Verkeer,N34 Nieuwpoort - Structureel onderhoud fase 2,Fase 2,Nieuwpoort,0.0,150000.0,0.0,150000.0,2026,2026,38016,Nieuwpoort
gip-0031,Asset Management,Gewestwegen,Agentschap Wegen En Verkeer,N347 Poperinge - Diepenmeers en Sint-Bertinusstraa,fase 2,Poperinge,0.0,2361745.0,0.0,2361745.0,2026,2026,33021,Poperinge
gip-0032,Asset Management,Gewestwegen,Agentschap Wegen En Verkeer,N367 Gistel - Structureel onderhoud met fietspaden,fase 3,Gistel,0.0,3291537.0,0.0,3291537.0,2026,2026,35005,Gistel
gip-0033,Asset Management,Gewestwegen,Agentschap Wegen En Verkeer,N368 Beernem - Herinrichting kruispunt met N370,Uitvoering,Beernem,0.0,1500000.0,0.0,1500000.0,2026,2026,31003,Beernem
gip-0034,Asset Management,Gewestwegen,Agentschap Wegen En Verkeer,N403 Heraanleg van de weg,Diverse,"Sint-Gillis-Waas, Sint-Niklaas, Stekene",0.0,40000.0,0.0,40000.0,2026,2026,46020;46021;46024,Sint-Gillis-Waas;Sint-Niklaas;Stekene
gip-0035,Asset Management,Gewestwegen,Agentschap Wegen En Verkeer,N437 St-Martens-Latem heraanleg Pontstraat,Diverse,"Deinze, Sint-Martens-Latem",0.0,10000.0,0.0,10000.0,2026,2026,44083;44064,Deinze;Sint-Martens-Latem
gip-0036,Asset Management,Gewestwegen,Agentschap Wegen En Verkeer,N43-N459 Zulte Staatsbaan en Centrumstraat,Diverse,Zulte,0.0,70000.0,0.0,70000.0,2026,2026,44081,Zulte
gip-0037,Asset Management,Gewestwegen,Agentschap Wegen En Verkeer,N44 Knesselare Knokseweg,Diverse,Aalter,0.0,160000.0,0.0,160000.0,2026,2026,44084,Aalter
gip-0038,Asset Management,Gewestwegen,Agentschap Wegen En Verkeer,N456 Gent omlegging wegvak New Orleansstraat,Ontwerpstudie,Gent,0.0,200000.0,0.0,200000.0,2026,2026,44021,Gent
gip-0039,Asset Management,Gewestwegen,Agentschap Wegen En Verkeer,N462 Wetteren fietspaden Westrem,Diverse,Wetteren,0.0,420000.0,0.0,420000.0,2026,2026,42025,Wetteren
gip-0040,Asset Management,Gewestwegen,Agentschap Wegen En Verkeer,N485 Kruibeke Temse heraanleg tussen E17 en N419,Diverse,"Kruibeke, Temse",0.0,100000.0,0.0,100000.0,2026,2026,46013;46025,Kruibeke;Temse
gip-0041,Asset Management,Gewestwegen,Agentschap Wegen En Verkeer,N50 Oostkamp: Verkeersveiligheidsmaatregelen,fase 1,Oostkamp,0.0,1500000.0,0.0,1500000.0,2026,2026,31022,Oostkamp
gip-0042,Asset Management,Gewestwegen,Agentschap Wegen En Verkeer,"N702 x Kiezelstraat, Hasselt",Diverse,"Diepenbeek, Hasselt",0.0,136000.0,0.0,136000.0,2026,2026,71011;71022,Diepenbeek;Hasselt
gip-0043,Asset Management,Gewestwegen,Agentschap Wegen En Verkeer,N79 Tongeren - omleiding Overhaem,Uitvoering,Tongeren-Borgloon,0.0,1850000.0,0.0,1850000.0,2026,2026,73009;73083,Borgloon;Tongeren
gip-0044,Asset Management,Gewestwegen,Agentschap Wegen En Verkeer,Ontsluiting gevangenis Leopoldsburg/Reigersvliet,Uitvoering,Leopoldsburg,0.0,800000.0,0.0,800000.0,2026,2026,71034,Leopoldsburg
gip-0045,Asset Management,Gewestwegen,Agentschap Wegen En Verkeer,R013 Turnhout herinrichting kruispunt N124,Uitvoering,Turnhout,0.0,900000.0,0.0,900000.0,2026,2026,13040,Turnhout
gip-0046,Asset Management,Gewestwegen,Agentschap Wegen En Verkeer,R22 Machelen - Herinrichting Woluwelaan,Diverse,Machelen,0.0,482750.0,0.0,482750.0,2026,2026,23047,Machelen
gip-0047,Asset Management,Gewestwegen,Agentschap Wegen En Verkeer,R23 Heraanleg Tervuursevest,Ontwerpstudie,Leuven,0.0,100000.0,0.0,100000.0,2026,2026,24062,Leuven
gip-0048,Asset Management,Gewestwegen,Agentschap Wegen En Verkeer,R30 Brugge onveilige situaties stationsomgeving,Divere,Brugge,0.0,20000.0,0.0,20000.0,2026,2026,31005,Brugge
gip-0049,Asset Management,Gewestwegen,Agentschap Wegen En Verkeer,R30 Brugge onveilige situaties stationsomgeving,fase 1,Brugge,0.0,400000.0,0.0,400000.0,2026,2026,31005,Brugge
gip-0050,Asset Management,Gewestwegen,Agentschap Wegen En Verkeer,R30 Kruispoort - herinrichting kruispunt,Studie,Brugge,0.0,200000.0,0.0,200000.0,2026,2026,31005,Brugge
gip-0051,Asset Management,Gewestwegen,Agentschap Wegen En Verkeer,Structureel onderhoud,Verhardingen N-wegen,Vlaanderen,0.0,5000000.0,0.0,5000000.0,2026,2026,,
gip-0052,Asset Management,Gewestwegen,Agentschap Wegen En Verkeer,Terugbetaling subsidies,Uitvoering,Vlaanderen,0.0,20786000.0,0.0,20786000.0,2026,2026,,
gip-0053,Asset Management,Haveninfrastructuur,Agentschap voor Maritieme Dienstverlening en Kust,Glooiing linker- en rechterhavenoever,Glooiing linker- en rechterhavenoever - fase 2,Nieuwpoort,0.0,10000000.0,0.0,10000000.0,2026,2026,38016,Nieuwpoort
gip-0054,Asset Management,Haveninfrastructuur,De Vlaamse Waterweg,Vernieuwen jachthaven Doel,Vernieuwen jachthaven Doel fase 2 & aanmeersteiger,Beveren,0.0,3290000.0,0.0,3290000.0,2026,2026,46003,Beveren
gip-0055,Asset Management,Haveninfrastructuur,Departement Mobiliteit en Openbare Werken,Behoud natuurdoelstellingen havengebieden,Behoud natuurdoelstellingen havengebieden,Zeehaven van Antwerpen,0.0,634000.0,0.0,634000.0,2026,2026,11002,Antwerpen
gip-0056,Asset Management,Haveninfrastructuur,Departement Mobiliteit en Openbare Werken,Instandhouding haveninfrastructuur Gent,Instandhouding haveninfrastructuur Gent,Zeehaven van Gent,0.0,4867000.0,0.0,4867000.0,2026,2026,44021,Gent
gip-0057,Asset Management,Haveninfrastructuur,Departement Mobiliteit en Openbare Werken,Instandhouding haveninfrastructuur Oostende,Instandhouding haveninfrastructuur Oostende,Zeehaven van Oostende,0.0,26200000.0,0.0,26200000.0,2026,2026,35013,Oostende
gip-0058,Asset Management,Haveninfrastructuur,Departement Mobiliteit en Openbare Werken,Instandhouding haveninfrastructuur Schelde,Instandhouding haveninfrastructuur Schelde,Zeehaven van Antwerpen,0.0,1150000.0,0.0,1150000.0,2026,2026,11002,Antwerpen
gip-0059,Asset Management,Haveninfrastructuur,Departement Mobiliteit en Openbare Werken,Instandhouding haveninfrastructuur Zeebrugge,Instandhouding haveninfrastructuur Zeebrugge,Zeehaven van Zeebrugge,0.0,100000.0,0.0,100000.0,2026,2026,,
gip-0060,Asset Management,Havenwegen,Agentschap Wegen En Verkeer,N101 SO Havenwegen Scheldelaan,Uitvoering,Antwerpen,0.0,4575000.0,0.0,4575000.0,2026,2026,11002,Antwerpen
gip-0061,Asset Management,Havenwegen,Agentschap Wegen En Verkeer,Structureel onderhoud N180 (P10-P11),Uitvoering,Antwerpen,0.0,5425000.0,0.0,5425000.0,2026,2026,11002,Antwerpen
gip-0062,Asset Management,Kunstwerken/Bruggen,Agentschap Wegen En Verkeer,A013 Antwerpen Vervanging brug Sterckshoflei+Cornelis,Diverse,Antwerpen,0.0,1000000.0,0.0,1000000.0,2026,2026,11002,Antwerpen
gip-0063,Asset Management,Kunstwerken/Bruggen,Agentschap Wegen En Verkeer,A10 Dilbeek Vervanging brug J. Mertensstraat (Dilbeek),Diverse,Dilbeek,0.0,120000.0,0.0,120000.0,2026,2026,23016,Dilbeek
gip-0064,Asset Management,Kunstwerken/Bruggen,Agentschap Wegen En Verkeer,A10/E40 Drongen Vervanging Goedingebrug over Leie,Uitvoering,Gent,0.0,26000000.0,0.0,26000000.0,2026,2026,44021,Gent
gip-0065,Asset Management,Kunstwerken/Bruggen,Agentschap Wegen En Verkeer,A10/E40 Erpe Mere Vervanging brug spoor,Diverse,Erpe-Mere,0.0,3084971.0,0.0,3084971.0,2026,2026,41082,Erpe-Mere
gip-0066,Asset Management,Kunstwerken/Bruggen,Agentschap Wegen En Verkeer,A3 / N3 - Boogbrug over E40 (Bertem),Diverse,Bertem,0.0,350000.0,0.0,350000.0,2026,2026,24009,Bertem
gip-0067,Asset Management,Kunstwerken/Bruggen,Agentschap Wegen En Verkeer,A4 Overijse vernieuwen brug O9 over Bredestraat,Diverse,Overijse,0.0,200000.0,0.0,200000.0,2026,2026,23062,Overijse
gip-0068,Asset Management,Kunstwerken/Bruggen,Agentschap Wegen En Verkeer,Brug over Zwarte Beek Diest,fase 1,Diest,0.0,2000000.0,0.0,2000000.0,2026,2026,24020,Diest
gip-0069,Asset Management,Kunstwerken/Bruggen,Agentschap Wegen En Verkeer,Externe ondersteuning/diensten,"Bruginspecties,Assistentie bruginspecties/controlewaterpassing,Controlewaterpassing",Vlaanderen,0.0,3780000.0,0.0,3780000.0,2026,2026,,
gip-0070,Asset Management,Kunstwerken/Bruggen,Agentschap Wegen En Verkeer,Instandhouding R0 brug: Boechoutlaan Str-Bev (W19),Uitvoering,Grimbergen,0.0,1000000.0,0.0,1000000.0,2026,2026,23025,Grimbergen
gip-0071,Asset Management,Kunstwerken/Bruggen,Agentschap Wegen En Verkeer,Instandhouding R0 brug: Boechoutlaan Str-Bev (W26),Uitvoering,Grimbergen,0.0,1000000.0,0.0,1000000.0,2026,2026,23025,Grimbergen
gip-0072,Asset Management,Kunstwerken/Bruggen,Agentschap Wegen En Verkeer,Instandhouding R0 brug: N9b Groot-Bijgaarden (R25),Uitvoering,Dilbeek,0.0,500000.0,0.0,500000.0,2026,2026,23016,Dilbeek
gip-0073,Asset Management,Kunstwerken/Bruggen,Agentschap Wegen En Verkeer,Instandhouding R0 brug: R22 Machelen (D8),Uitvoering,Machelen,0.0,1300000.0,0.0,1300000.0,2026,2026,23047,Machelen
gip-0074,Asset Management,Kunstwerken/Bruggen,Agentschap Wegen En Verkeer,Instandhouding R0 brug: Viaduct Pelgrimslaan (R26),Uitvoering,Dilbeek,0.0,1300000.0,0.0,1300000.0,2026,2026,23016,Dilbeek
gip-0075,Asset Management,Kunstwerken/Bruggen,Agentschap Wegen En Verkeer,Instandhouding Viaduct Oudenburg,Uitvoering,Oudenburg,0.0,2000000.0,0.0,2000000.0,2026,2026,35014,Oudenburg
gip-0076,Asset Management,Kunstwerken/Bruggen,Agentschap Wegen En Verkeer,N1 R10 Antwerpen Heraanleg Singel x Grotesteenweg,Uitvoering,Antwerpen,0.0,1730000.0,0.0,1730000.0,2026,2026,11002,Antwerpen
gip-0077,Asset Management,Kunstwerken/Bruggen,Agentschap Wegen En Verkeer,N139 dringende herstelling brug 5 Arendonk,Diverse,Arendonk,0.0,81688.0,0.0,81688.0,2026,2026,13001,Arendonk
gip-0078,Asset Management,Kunstwerken/Bruggen,Agentschap Wegen En Verkeer,N9 Adegem - vernieuwen brug over Afleidingskanaal,Uitvoering,"Eeklo, Maldegem",0.0,5176519.0,0.0,5176519.0,2026,2026,43005;43010,Eeklo;Maldegem
gip-0079,Asset Management,Kunstwerken/Bruggen,Agentschap Wegen En Verkeer,PPS Overbruggen 1,Studiekosten PPS-projecten,Vlaanderen,0.0,5376540.0,0.0,5376540.0,2026,2026,,
gip-0080,Asset Management,Kunstwerken/Bruggen,Agentschap Wegen En Verkeer,PPS Overbruggen 1,Uitvoeringsaspecten buiten PPS,Vlaanderen,0.0,2733460.0,0.0,2733460.0,2026,2026,,
gip-0081,Asset Management,Kunstwerken/Bruggen,Agentschap Wegen En Verkeer,R0 - Vernieuwen brug Drasop,Diverse,Halle,0.0,250000.0,0.0,250000.0,2026,2026,23027,Halle
gip-0082,Asset Management,Kunstwerken/Bruggen,Agentschap Wegen En Verkeer,R1 (afrit zuid) Antwerpen - Afbraak brug 5337,fase 1,Antwerpen,0.0,200000.0,0.0,200000.0,2026,2026,11002,Antwerpen
gip-0083,Asset Management,Kunstwerken/Bruggen,Agentschap Wegen En Verkeer,R40 Keizersviaduct,fase 1,Gent,0.0,3000000.0,0.0,3000000.0,2026,2026,44021,Gent
gip-0084,Asset Management,Kunstwerken/Bruggen,Agentschap Wegen En Verkeer,Structureel onderhoud,Kunstwerken,Vlaanderen,0.0,15000000.0,0.0,15000000.0,2026,2026,,
gip-0085,Asset Management,Kunstwerken/Bruggen,Agentschap Wegen En Verkeer,Structureel onderhoud,Kunstwerken - regulier onderhoud,Vlaanderen,0.0,3500000.0,0.0,3500000.0,2026,2026,,
gip-0086,Asset Management,Kunstwerken/Bruggen,Agentschap Wegen En Verkeer,Structureel onderhoud kunstwerken,Diverse,Vlaanderen,0.0,600000.0,0.0,600000.0,2026,2026,,
gip-0087,Asset Management,Kunstwerken/Bruggen,Agentschap Wegen En Verkeer,Vernieuwen brug over Dijle te Rotselaar,Diverse,Rotselaar,0.0,40000.0,0.0,40000.0,2026,2026,24094,Rotselaar
gip-0088,Asset Management,Kunstwerken/Bruggen,De Vlaamse Waterweg,Anti-corrosiebescherming metalen structuren AZZ,Anti-corrosiebescherming metalen structuren AZZ,Vlaanderen,0.0,532000.0,0.0,532000.0,2026,2026,,
gip-0089,Asset Management,Kunstwerken/Bruggen,De Vlaamse Waterweg,Bouw Brigandbrug te Ingelmunster,Bouw Brigandbrug te Ingelmunster,Ingelmunster,0.0,28000.0,0.0,28000.0,2026,2026,36007,Ingelmunster
gip-0090,Asset Management,Kunstwerken/Bruggen,De Vlaamse Waterweg,Bouwen wegbrug Beerse - werken,Bouwen wegbrug Beerse - werken,Beerse,0.0,250000.0,0.0,250000.0,2026,2026,13004,Beerse
gip-0091,Asset Management,Kunstwerken/Bruggen,De Vlaamse Waterweg,Herbouw Meulestedebrug Gent,Herbouw Meulestedebrug Gent - regulier,Gent,0.0,2720000.0,0.0,2720000.0,2026,2026,44021,Gent
gip-0092,Asset Management,Kunstwerken/Bruggen,De Vlaamse Waterweg,Herbouw Spanjeveerbrug Mendonk,Herbouw Spanjeveerbrug Mendonk,Gent,0.0,250000.0,0.0,250000.0,2026,2026,44021,Gent
gip-0093,Asset Management,Kunstwerken/Bruggen,De Vlaamse Waterweg,Herbouw van 3 bruggen over de Zenne,Herbouw van 3 bruggen over de Zenne,Vilvoorde,0.0,13000.0,0.0,13000.0,2026,2026,23088,Vilvoorde
gip-0094,Asset Management,Kunstwerken/Bruggen,De Vlaamse Waterweg,Herbouw Waasmunsterbrug (incl. jaagpad & fietstunnel),Herbouw Waasmunsterbrug (incl. jaagpad & fietstunnel),Waasmunster,0.0,5450000.0,0.0,5450000.0,2026,2026,42023,Waasmunster
gip-0095,Asset Management,Kunstwerken/Bruggen,De Vlaamse Waterweg,Herbouw wegbruggen N116 Mol-ter-Nete,Herbouw wegbruggen N116 Mol-ter-Nete,Broechem,0.0,21000.0,0.0,21000.0,2026,2026,,
gip-0096,Asset Management,Kunstwerken/Bruggen,De Vlaamse Waterweg,Herstel Emblembrug te Ranst,Herstel Emblembrug te Ranst,Ranst,0.0,700000.0,0.0,700000.0,2026,2026,11035,Ranst
gip-0097,Asset Management,Kunstwerken/Bruggen,De Vlaamse Waterweg,Herstel muur t.h.v. Zennegat RO,Herstel muur t.h.v. Zennegat RO,Mechelen,0.0,70000.0,0.0,70000.0,2026,2026,12025,Mechelen
gip-0098,Asset Management,Kunstwerken/Bruggen,De Vlaamse Waterweg,Herstelling Sint-Annabrug Aalst,Herstelling Sint-Annabrug Aalst,Aalst,0.0,1000000.0,0.0,1000000.0,2026,2026,41002,Aalst
gip-0099,Asset Management,Kunstwerken/Bruggen,De Vlaamse Waterweg,"Onderhoud EMU's bruggen, sluizen & stuwen",Re-engineering pompstation en sluis Moen,Zwevegem,0.0,80000.0,0.0,80000.0,2026,2026,34042,Zwevegem
gip-0100,Asset Management,Kunstwerken/Bruggen,De Vlaamse Waterweg,Onderhoud spoorwegbruggen,Aandeel DVW onderhoud spoorwegbruggen,Vlaanderen,0.0,1000000.0,0.0,1000000.0,2026,2026,,
gip-0101,Asset Management,Kunstwerken/Bruggen,De Vlaamse Waterweg,PPS - beweegbare kunstwerken,PPS - beweegbare kunstwerken - studie,Vlaanderen,0.0,1000000.0,0.0,1000000.0,2026,2026,,
gip-0102,Asset Management,Kunstwerken/Bruggen,De Vlaamse Waterweg,PPS - beweegbare kunstwerken,PPS - beweegbare kunstwerken - uitvoering,Vlaanderen,0.0,250000.0,0.0,250000.0,2026,2026,,
gip-0103,Asset Management,Kunstwerken/Bruggen,De Vlaamse Waterweg,"Renovatie baileybruggen te Bocholt, Geel en Lommel","Renovatie baileybruggen te Bocholt, Geel en Lommel","Bocholt, Geel, Lommel",0.0,19000.0,0.0,19000.0,2026,2026,72003;13008;72020,Bocholt;Geel;Lommel
gip-0104,Asset Management,Kunstwerken/Bruggen,De Vlaamse Waterweg,Renovatie Centrumbrug te Izegem,Renovatie Centrumbrug te Izegem,Izegem,0.0,49000.0,0.0,49000.0,2026,2026,36008,Izegem
gip-0105,Asset Management,Kunstwerken/Bruggen,De Vlaamse Waterweg,Renovatie Stalhillebrug te Brugge,Renovatie Stalhillebrug te Brugge,Brugge,0.0,850000.0,0.0,850000.0,2026,2026,31005,Brugge
gip-0106,Asset Management,Kunstwerken/Bruggen,De Vlaamse Waterweg,Renoveren stuw Lembeek,Renoveren stuw Lembeek,Lembeek,0.0,8500.0,0.0,8500.0,2026,2026,,
gip-0107,Asset Management,Kunstwerken/Bruggen,De Vlaamse Waterweg,Stabiliseren talud van de Zuid Willemsvaart nabij brug Smeermaas,Stabiliseren talud van de Zuid Willemsvaart nabij brug Smeermaas,Lanaken,0.0,1280000.0,0.0,1280000.0,2026,2026,73042,Lanaken
gip-0108,Asset Management,Kunstwerken/Bruggen,De Vlaamse Waterweg,Structurele renovatie Boudewijnbrug te Brugge,Structurele renovatie Boudewijnbrug te Brugge,Brugge,0.0,367000.0,0.0,367000.0,2026,2026,31005,Brugge
gip-0109,Asset Management,Kunstwerken/Bruggen,De Vlaamse Waterweg,Structurele renovatie sasbrug Lembeek,Structurele renovatie sasbrug Lembeek,Halle,0.0,20000.0,0.0,20000.0,2026,2026,23027,Halle
gip-0110,Asset Management,Kunstwerken/Bruggen,De Vlaamse Waterweg,Vervangen opleggingen Drongenbrug W4 over de Ringvaart te Gent,Vervangen opleggingen Drongenbrug W4 over de Ringvaart te Gent,Gent,0.0,250000.0,0.0,250000.0,2026,2026,44021,Gent
gip-0111,Asset Management,Kunstwerken/Bruggen,De Vlaamse Waterweg,Vervangen van UPS'en op de kunstwerken,Vervangen van UPS'en op de kunstwerken,Vlaanderen,0.0,200000.0,0.0,200000.0,2026,2026,,
gip-0112,Asset Management,Kunstwerken/Bruggen,Departement Mobiliteit en Openbare Werken,Studiekosten PPS Kunstwerken,Studiekosten PPS Kunstwerken,Vlaanderen,0.0,5971000.0,0.0,5971000.0,2026,2026,,
gip-0113,Asset Management,Militaire mobiliteit,Agentschap Wegen En Verkeer,Dual use A-wegen: Studie,Studie,Vlaanderen,0.0,3235000.0,0.0,3235000.0,2026,2026,,
gip-0114,Asset Management,Patrimonium,Agentschap voor Maritieme Dienstverlening en Kust,Realisatie uitbreiding sanitair gebouw,Realisatie uitbreiding sanitair gebouw,Nieuwpoort,0.0,1000000.0,0.0,1000000.0,2026,2026,38016,Nieuwpoort
gip-0115,Asset Management,Patrimonium,Agentschap Wegen En Verkeer,Assetinformatie,"Afstandsbewaking - digitaal assetmanagement,Assetmanagement,VLAG,AWV digitale wegbeheerder,BIM,BIM - samenwerkingsovereenkomst BIM@BMOW,Lambert",Vlaanderen,0.0,5340000.0,0.0,5340000.0,2026,2026,,
gip-0116,Asset Management,Patrimonium,Agentschap Wegen En Verkeer,Dynamisch verkeersmanagement,"Zone 30 centraal systeem,Structureel onderhoud,Filebeveiliging,ICT voor DVM,Installatie zone 30",Vlaanderen,0.0,7100000.0,0.0,7100000.0,2026,2026,,
gip-0117,Asset Management,Patrimonium,Agentschap Wegen En Verkeer,Onderhoud kunstwerken en botsers,"Groen- en netheidsbestek kunstwerken,Onderhoud botsers",Vlaanderen,0.0,1750000.0,0.0,1750000.0,2026,2026,,
gip-0118,Asset Management,Patrimonium,De Lijn,Dienstvoertuigen - personenwagens en camionettes,Dienstvoertuigen - personenwagens en camionettes,Vlaanderen,0.0,1840000.0,0.0,1840000.0,2026,2026,,
gip-0119,Asset Management,Patrimonium,De Lijn,Investeringen in het kader van datasecurity en NIS2,Investeringen in het kader van datasecurity en NIS2,Vlaanderen,0.0,6282492.0,0.0,6282492.0,2026,2026,,
gip-0120,Asset Management,Patrimonium,De Lijn,Laadinfrastructuur personenwagens,Laadinfrastructuur personenwagens,Vlaanderen,0.0,700000.0,0.0,700000.0,2026,2026,,
gip-0121,Asset Management,Patrimonium,De Lijn,Leveren & plaatsen nood-oplaadpunten fietsen,Leveren & plaatsen nood-oplaadpunten fietsen,Vlaanderen,0.0,225000.0,0.0,225000.0,2026,2026,,
gip-0122,Asset Management,Patrimonium,De Lijn,Milieu Transformatie - Waterstudies,Milieu Transformatie - Waterstudies,Gentbrugge,0.0,500000.0,0.0,500000.0,2026,2026,,
gip-0123,Asset Management,Patrimonium,De Lijn,Nieuwe stel- en werkplaatsen trams en bussen Wissenhage,Nieuwe stel- en werkplaatsen trams en bussen Wissenhage - Bouwen stelplaats en aansluiting Blaisantvest,Gent,0.0,155000.0,0.0,155000.0,2026,2026,44021,Gent
gip-0124,Asset Management,Patrimonium,De Lijn,Nieuwe stelplaats luchthaven Deurne,Nieuwe stelplaats luchthaven Deurne,Deurne,0.0,9000.0,0.0,9000.0,2026,2026,11002,Antwerpen
gip-0125,Asset Management,Patrimonium,De Lijn,Onderhoudscentra Antwerpen PAL dakwerkstand,Onderhoudscentra Antwerpen PAL dakwerkstand,Antwerpen,0.0,500000.0,0.0,500000.0,2026,2026,11002,Antwerpen
gip-0126,Asset Management,Patrimonium,De Lijn,Onderhoudscentra Antwerpen PAL wielendraaibank,Onderhoudscentra Antwerpen PAL wielendraaibank,Antwerpen,0.0,1400000.0,0.0,1400000.0,2026,2026,11002,Antwerpen
gip-0127,Asset Management,Patrimonium,De Lijn,Ontmoetingsplaats Antwerpen (INFÍNITI),Ontmoetingsplaats Antwerpen (INFÍNITI),Antwerpen,0.0,2200000.0,0.0,2200000.0,2026,2026,11002,Antwerpen
gip-0128,Asset Management,Patrimonium,De Lijn,Overdracht De Werkvennootschap,Overdracht De Werkvennootschap,Vlaanderen,0.0,1575000.0,0.0,1575000.0,2026,2026,,
gip-0129,Asset Management,Patrimonium,De Lijn,Stelplaats Antwerpen - Deurne Tram-uitbreiding,Stelplaats Antwerpen - Deurne Tram-uitbreiding,Antwerpen,0.0,115000.0,0.0,115000.0,2026,2026,11002,Antwerpen
gip-0130,Asset Management,Patrimonium,De Lijn,Stelplaats Antwerpen - Mechelen,Stelplaats Antwerpen - Mechelen,Mechelen,0.0,75000.0,0.0,75000.0,2026,2026,12025,Mechelen
gip-0131,Asset Management,Patrimonium,De Lijn,Stelplaats Brabantnet Diegem,Stelplaats Brabantnet Diegem - bouwkost,Diegem,0.0,90000.0,0.0,90000.0,2026,2026,23047,Machelen
gip-0132,Asset Management,Patrimonium,De Lijn,Stelplaats Het Rad,Stelplaats Het Rad,Anderlecht,0.0,75000.0,0.0,75000.0,2026,2026,21001,Anderlecht
gip-0133,Asset Management,Patrimonium,De Lijn,Stelplaats Oostende,Stelplaats Oostende - aankoop grond,Oostende,0.0,100000.0,0.0,100000.0,2026,2026,35013,Oostende
gip-0134,Asset Management,Patrimonium,De Lijn,Stelplaatsaanleg Antwerpen - OC Rumst,Nieuwe stelplaats Rumst - fase 2 - onderhoudscentrum,Rumst,0.0,9000.0,0.0,9000.0,2026,2026,11037,Rumst
gip-0135,Asset Management,Patrimonium,De Lijn,Stelplaatsaanleg Antwerpen - Rumst,Nieuwe stelplaats Rumst,Rumst,0.0,75000.0,0.0,75000.0,2026,2026,11037,Rumst
gip-0136,Asset Management,Patrimonium,De Lijn,Stelplaatsaanleg Asse,Stelplaatsaanleg Asse,Asse,0.0,75000.0,0.0,75000.0,2026,2026,23002,Asse
gip-0137,Asset Management,Patrimonium,De Lijn,Stelplaatsaanleg Oost-Vlaanderen - Aalst/Hofstade,Stelplaatsaanleg Oost-Vlaanderen - Aalst/Hofstade - grond,Aalst,0.0,5800000.0,0.0,5800000.0,2026,2026,41002,Aalst
gip-0138,Asset Management,Patrimonium,De Lijn,Stelplaatsvernieuwing - Vernieuwen HVAC en GBS,Stelplaatsvernieuwing - Vernieuwen HVAC en GBS,Vlaanderen,0.0,3045000.0,0.0,3045000.0,2026,2026,,
gip-0139,Asset Management,Patrimonium,De Lijn,Stelplaatsvernieuwing - Vernieuwen Was- en bio-installaties,Stelplaatsvernieuwing -Vernieuwen Was- en bio-installaties,Vlaanderen,0.0,450000.0,0.0,450000.0,2026,2026,,
gip-0140,Asset Management,Patrimonium,De Lijn,Stelplaatsvernieuwing Gentbrugge - Vernieuwen Chillers,Stelplaatsvernieuwing Gentbrugge - Vernieuwen Chillers,Gentbrugge,0.0,115000.0,0.0,115000.0,2026,2026,,
gip-0141,Asset Management,Patrimonium,De Lijn,Stelplaatsvernieuwing Gentbrugge - Vernieuwing Dispatch,Stelplaatsvernieuwing Gentbrugge - Vernieuwing Dispatch,Gentbrugge,0.0,850000.0,0.0,850000.0,2026,2026,,
gip-0142,Asset Management,Patrimonium,De Lijn,Stelplaatsvernieuwing Kortrijk,Stelplaatsvernieuwing Kortrijk,Kortrijk,0.0,1400000.0,0.0,1400000.0,2026,2026,34022,Kortrijk
gip-0143,Asset Management,Patrimonium,De Lijn,Stelplaatsvernieuwing Lanaken - chauffeurslokaal,Stelplaatsvernieuwing Lanaken - chauffeurslokaal,Lanaken,0.0,700000.0,0.0,700000.0,2026,2026,73042,Lanaken
gip-0144,Asset Management,Patrimonium,De Lijn,Vervanging Dienstvoertuigen LEZ,Vervanging zware dienstvoertuigen,Vlaanderen,0.0,1830000.0,0.0,1830000.0,2026,2026,,
gip-0145,Asset Management,Patrimonium,De Vlaamse Waterweg,Bodemsaneringswerken Boom Hoek,Bodemsaneringswerken Boom Hoek,Boom,0.0,1168000.0,0.0,1168000.0,2026,2026,11005,Boom
gip-0146,Asset Management,Patrimonium,De Vlaamse Waterweg,Bodemsaneringswerken Bos van Aa te Zemst,Bodemsaneringswerken Bos van Aa te Zemst,Zemst,0.0,125000.0,0.0,125000.0,2026,2026,23096,Zemst
gip-0147,Asset Management,Patrimonium,De Vlaamse Waterweg,Bodemsaneringswerken kleiputten Terhage,Bodemsaneringswerken kleiputten Terhage,Terhagen,0.0,249000.0,0.0,249000.0,2026,2026,,
gip-0148,Asset Management,Patrimonium,De Vlaamse Waterweg,Bodemsaneringswerken van terreinen in beheer bij de Vlaamse Waterweg nv,Bodemsaneringswerken van terreinen in beheer bij de Vlaamse Waterweg nv,Vlaanderen,0.0,315000.0,0.0,315000.0,2026,2026,,
gip-0149,Asset Management,Patrimonium,De Vlaamse Waterweg,Opmaak Oriënterend bodemonderzoek (OBO) en Beschrijvend bodemonderzoek (BBO): bodemonderzoek risicopercelen overdracht gronden aan DVW i.k.v. de fusie,Opmaak OBO en BBO: bodemonderzoek risicopercelen overdracht gronden aan DVW i.k.v. de fusie,Vlaanderen,0.0,1992300.0,0.0,1992300.0,2026,2026,,
gip-0150,Asset Management,Patrimonium,De Vlaamse Waterweg,Optimalisatieprojecten,Optimalisatieprojecten,Vlaanderen,0.0,1985000.0,0.0,1985000.0,2026,2026,,
gip-0151,Asset Management,Patrimonium,De Vlaamse Waterweg,Revisie mechanische onderdelen stuwen Asper en Oudenaarde,Revisie mechanische onderdelen stuwen Asper en Oudenaarde,"Gavere, Oudenaarde",0.0,880000.0,0.0,880000.0,2026,2026,44020;45035,Gavere;Oudenaarde
gip-0152,Asset Management,Patrimonium,De Vlaamse Waterweg,Strategisch vastgoedplan,Investeren in Energie-Efficiëntie Richtlijn & Klimaatplan,Vlaanderen,0.0,1205000.0,0.0,1205000.0,2026,2026,,
gip-0153,Asset Management,Patrimonium,De Vlaamse Waterweg,Strategisch vastgoedplan,structureel onderhoud gebouwen,Vlaanderen,0.0,1345000.0,0.0,1345000.0,2026,2026,,
gip-0154,Asset Management,Patrimonium,De Vlaamse Waterweg,Watersite,Watersite,Vilvoorde,0.0,650000.0,0.0,650000.0,2026,2026,23088,Vilvoorde
gip-0155,Asset Management,Patrimonium,Departement Mobiliteit en Openbare Werken,EAMS-vervanging iAsset,EAMS-vervanging iAsset,Vlaanderen,0.0,1110000.0,0.0,1110000.0,2026,2026,,
gip-0156,Asset Management,Sluizen,De Vlaamse Waterweg,"BS. Renovatie sluizen Asper, Oudenaarde en Kerkhove","BS. Renovatie sluizen Asper, Oudenaarde en Kerkhove - werken",Boven-Schelde,0.0,18500000.0,0.0,18500000.0,2026,2026,45035,Oudenaarde
gip-0157,Asset Management,Sluizen,De Vlaamse Waterweg,Mechanische aanpassing sluis Viersel,Mechanische aanpassing sluis Viersel,Viersel,0.0,415000.0,0.0,415000.0,2026,2026,,
gip-0158,Asset Management,Sluizen,De Vlaamse Waterweg,PPS sluizen Bovenschelde,PPS sluizen Bovenschelde - studie,Boven-Schelde,0.0,1700000.0,0.0,1700000.0,2026,2026,,
gip-0159,Asset Management,Sluizen,De Vlaamse Waterweg,Re-engineering kleine sluis Evergem,Re-engineering kleine sluis Evergem,Evergem,0.0,550000.0,0.0,550000.0,2026,2026,44019,Evergem
gip-0160,Asset Management,Sluizen,De Vlaamse Waterweg,Re-engineering pompstation en sluis Bossuit,Re-engineering pompstation en sluis Bossuit,Zwevegem,0.0,5970000.0,0.0,5970000.0,2026,2026,34042,Zwevegem
gip-0161,Asset Management,Sluizen,De Vlaamse Waterweg,Re-engineering sluis Denderbelle,Re-engineering sluis Denderbelle,Lebbeke,0.0,295000.0,0.0,295000.0,2026,2026,42011,Lebbeke
gip-0162,Asset Management,Sluizen,De Vlaamse Waterweg,Re-engineering sluis Dendermonde - kabeltrommels,Re-engineering sluis Dendermonde - kabeltrommels,Dendermonde,0.0,500000.0,0.0,500000.0,2026,2026,42006,Dendermonde
gip-0163,Asset Management,Sluizen,De Vlaamse Waterweg,Renovatie Dampoortsluis,Renovatie Dampoortsluis,Brugge,0.0,320000.0,0.0,320000.0,2026,2026,31005,Brugge
gip-0164,Asset Management,Sluizen,De Vlaamse Waterweg,Renovatie rails roldeuren sluis Wintam,Renovatie rails roldeuren sluis Wintam,Bornem,0.0,4305000.0,0.0,4305000.0,2026,2026,12007,Bornem
gip-0165,Asset Management,Sluizen,De Vlaamse Waterweg,Vervangen sluisdeuren sluizen Briegden en Neerharen,Vervangen sluisdeuren sluizen Briegden en Neerharen - regulier,Lanaken,0.0,1000000.0,0.0,1000000.0,2026,2026,73042,Lanaken
gip-0166,Asset Management,Sluizen,De Vlaamse Waterweg,Zeekanaal Brussel-Schelde: Renovatie sluisdeuren sluis Wintam,Renovatie sluisdeuren Wintam,Bornem,0.0,27000.0,0.0,27000.0,2026,2026,12007,Bornem
gip-0167,Asset Management,Sluizen,Departement Mobiliteit en Openbare Werken,Beschikbaarheidsvergoeding Kieldrechtsluis,Beschikbaarheidsvergoeding Kieldrechtsluis,Zeehaven van Antwerpen,0.0,18055025.0,0.0,18055025.0,2026,2026,11002,Antwerpen
gip-0168,Asset Management,Sluizen,Departement Mobiliteit en Openbare Werken,Instandhouding Berendrecht- en Zandvliet sluizencomplex,Instandhouding Berendrecht- en Zandvliet sluizencomplex,Zeehaven van Antwerpen,0.0,2200000.0,0.0,2200000.0,2026,2026,11002,Antwerpen
gip-0169,Asset Management,Sluizen,Departement Mobiliteit en Openbare Werken,Instandhouding Boudewijn- en Van Cauwelaert sluizencomplex,Instandhouding Boudewijn- en Van Cauwelaert sluizencomplex,Zeehaven van Antwerpen,0.0,3000000.0,0.0,3000000.0,2026,2026,11002,Antwerpen
gip-0170,Asset Management,Sluizen,Departement Mobiliteit en Openbare Werken,Instandhouding Kallosluis,Instandhouding Kallosluis,Zeehaven van Antwerpen,0.0,100000.0,0.0,100000.0,2026,2026,11002,Antwerpen
gip-0171,Asset Management,Sluizen,Departement Mobiliteit en Openbare Werken,Instandhouding Pierre Vandammesluis,Instandhouding Pierre Vandammesluis,Zeehaven van Zeebrugge,0.0,3000000.0,0.0,3000000.0,2026,2026,,
gip-0172,Asset Management,Sporen,De Lijn,Gent - Ledebergstraat-Eggermontstraat,Spoorvernieuwing Gent - Ledebergstraat-Eggermontstraat,Gent,0.0,6280000.0,0.0,6280000.0,2026,2026,44021,Gent
gip-0173,Asset Management,Sporen,De Lijn,Omgevingsvergunningen,Omgevingsvergunningen,Vlaanderen,0.0,105000.0,0.0,105000.0,2026,2026,,
gip-0174,Asset Management,Sporen,De Lijn,Spooraanleg Antwerpen - Wissels nationale bank,Spooraanleg Antwerpen - Wissels nationale bank,Antwerpen,0.0,78000.0,0.0,78000.0,2026,2026,11002,Antwerpen
gip-0175,Asset Management,Sporen,De Lijn,Spoorvernieuwing Antwerpen - Astridplein,Spoorvernieuwing Antwerpen - Astridplein,Antwerpen,0.0,10000.0,0.0,10000.0,2026,2026,11002,Antwerpen
gip-0176,Asset Management,Sporen,De Lijn,Spoorvernieuwing Antwerpen - Bochten,Spoorvernieuwing Antwerpen - Bochten,Antwerpen,0.0,1800000.0,0.0,1800000.0,2026,2026,11002,Antwerpen
gip-0177,Asset Management,Sporen,De Lijn,Spoorvernieuwing Antwerpen - Boekenberglei,Spoorvernieuwing Antwerpen - Boekenberglei,Antwerpen,0.0,11715096.0,0.0,11715096.0,2026,2026,11002,Antwerpen
gip-0178,Asset Management,Sporen,De Lijn,Spoorvernieuwing Antwerpen - Gitschotelei,Spoorvernieuwing Antwerpen - Gitschotelei,Antwerpen,0.0,4320000.0,0.0,4320000.0,2026,2026,11002,Antwerpen
gip-0179,Asset Management,Sporen,De Lijn,Spoorvernieuwing Antwerpen - Grotesteenweg Extra Muros/Mortsel,Spoorvernieuwing Antwerpen - Grotesteenweg Extra Muros/Mortsel,Antwerpen,0.0,10050000.0,0.0,10050000.0,2026,2026,11002,Antwerpen
gip-0180,Asset Management,Sporen,De Lijn,Spoorvernieuwing Antwerpen - Grotesteenweg Harmonie,Spoorvernieuwing Antwerpen - Grotesteenweg Harmonie,Antwerpen,0.0,45000.0,0.0,45000.0,2026,2026,11002,Antwerpen
gip-0181,Asset Management,Sporen,De Lijn,Spoorvernieuwing Antwerpen - Grotesteenweg Singel,Spoorvernieuwing Antwerpen - Grotesteenweg Singel,Antwerpen,0.0,410000.0,0.0,410000.0,2026,2026,11002,Antwerpen
gip-0182,Asset Management,Sporen,De Lijn,Spoorvernieuwing Antwerpen - Herentalsebaan II,Spoorvernieuwing Antwerpen - Herentalsebaan II,Antwerpen,0.0,400000.0,0.0,400000.0,2026,2026,11002,Antwerpen
gip-0183,Asset Management,Sporen,De Lijn,Spoorvernieuwing Antwerpen - Hoboken Antwerpsesteenweg,Spoorvernieuwing Antwerpen - Hoboken Antwerpsesteenweg,Antwerpen,0.0,125000.0,0.0,125000.0,2026,2026,11002,Antwerpen
gip-0184,Asset Management,Sporen,De Lijn,Spoorvernieuwing Antwerpen - Kolonel Silvertoplaan,Spoorvernieuwing Antwerpen - Kolonel Silvertoplaan,Antwerpen,0.0,2925000.0,0.0,2925000.0,2026,2026,11002,Antwerpen
gip-0185,Asset Management,Sporen,De Lijn,Spoorvernieuwing Antwerpen - Laksborslei,Spoorvernieuwing Antwerpen - Laksborslei,Antwerpen,0.0,5000.0,0.0,5000.0,2026,2026,11002,Antwerpen
gip-0186,Asset Management,Sporen,De Lijn,Spoorvernieuwing Antwerpen - Linkeroever-Blancefloerl Busbaan,Spoorvernieuwing Antwerpen - Linkeroever-Blancefloerl Busbaan,Antwerpen,0.0,820000.0,0.0,820000.0,2026,2026,11002,Antwerpen
gip-0187,Asset Management,Sporen,De Lijn,Spoorvernieuwing Antwerpen - Meirbrug,Spoorvernieuwing Antwerpen - Meirbrug,Antwerpen,0.0,12030000.0,0.0,12030000.0,2026,2026,11002,Antwerpen
gip-0188,Asset Management,Sporen,De Lijn,Spoorvernieuwing Antwerpen - Melkmarkt-Kipdorp-Koepoortstraat,Spoorvernieuwing Antwerpen - Melkmarkt-Kipdorp-Koepoortstraat,Antwerpen,0.0,445000.0,0.0,445000.0,2026,2026,11002,Antwerpen
gip-0189,Asset Management,Sporen,De Lijn,Spoorvernieuwing Antwerpen - P&R linkeroever,Spoorvernieuwing Antwerpen - P&R linkeroever,Antwerpen,0.0,3000.0,0.0,3000.0,2026,2026,11002,Antwerpen
gip-0190,Asset Management,Sporen,De Lijn,Spoorvernieuwing Antwerpen - Rolwagenstraat,Spoorvernieuwing Antwerpen - Rolwagenstraat,Antwerpen,0.0,10000.0,0.0,10000.0,2026,2026,11002,Antwerpen
gip-0191,Asset Management,Sporen,De Lijn,Spoorvernieuwing Antwerpen - Schijnpoort,Spoorvernieuwing Antwerpen - Schijnpoort,Antwerpen,0.0,130000.0,0.0,130000.0,2026,2026,11002,Antwerpen
gip-0192,Asset Management,Sporen,De Lijn,Spoorvernieuwing Antwerpen - Turnhoutsebaan,Spoorvernieuwing Antwerpen - Turnhoutsebaan,Antwerpen,0.0,10000.0,0.0,10000.0,2026,2026,11002,Antwerpen
gip-0193,Asset Management,Sporen,De Lijn,Spoorvernieuwing Antwerpen -Bochten Van de Wouwerstraat,Spoorvernieuwing Antwerpen -Bochten Van de Wouwerstraat,Antwerpen,0.0,70000.0,0.0,70000.0,2026,2026,11002,Antwerpen
gip-0194,Asset Management,Sporen,De Lijn,Spoorvernieuwing Antwerpen Borsbeekbrug,Spoorvernieuwing Antwerpen Borsbeekbrug,Antwerpen,0.0,110000.0,0.0,110000.0,2026,2026,11002,Antwerpen
gip-0195,Asset Management,Sporen,De Lijn,Spoorvernieuwing Antwerpen -Cogels-Osylei,Spoorvernieuwing Antwerpen -Cogels-Osylei,Antwerpen,0.0,12000.0,0.0,12000.0,2026,2026,11002,Antwerpen
gip-0196,Asset Management,Sporen,De Lijn,Spoorvernieuwing Antwerpen Cruyslei,Spoorvernieuwing Antwerpen Cruyslei,Antwerpen,0.0,22500.0,0.0,22500.0,2026,2026,11002,Antwerpen
gip-0197,Asset Management,Sporen,De Lijn,Spoorvernieuwing Gent - Bochten,Spoorvernieuwing Gent - Bochten,Gent,0.0,300000.0,0.0,300000.0,2026,2026,44021,Gent
gip-0198,Asset Management,Sporen,De Lijn,Spoorvernieuwing Gent - bochten en wissels - Kobra,Spoorvernieuwing Gent - bochten en wissels - Kobra,Gent,0.0,505000.0,0.0,505000.0,2026,2026,44021,Gent
gip-0199,Asset Management,Sporen,De Lijn,Spoorvernieuwing Gent - Lijn 1 Poperingestraat-Wondelgem,Spoorvernieuwing Gent - Lijn 1 Poperingestraat-Wondelgem,Gent,0.0,4650000.0,0.0,4650000.0,2026,2026,44021,Gent
gip-0200,Asset Management,Sporen,De Lijn,Spoorvernieuwing Gent - Petercelle-as,Spoorvernieuwing Gent - Petercelle-as,Gent,0.0,65000.0,0.0,65000.0,2026,2026,44021,Gent
gip-0201,Asset Management,Sporen,De Lijn,Spoorvernieuwing Gent - Vernieuwen beveiligingsautomaten in 4 tractiestations,Spoorvernieuwing Gent - Vernieuwen beveiligingsautomaten in 4 tractiestations,Gent,0.0,50000.0,0.0,50000.0,2026,2026,44021,Gent
gip-0202,Asset Management,Sporen,De Lijn,Spoorvernieuwing Gent Kolegemstraat - Brielken,Spoorvernieuwing Gent Kolegemstraat - Brielken,Gent,0.0,8120000.0,0.0,8120000.0,2026,2026,44021,Gent
gip-0203,Asset Management,Sporen,De Lijn,Spoorvernieuwing Gent Rabotstraat en hoofdbrug,Spoorvernieuwing Gent Rabotstraat en hoofdbrug,Gent,0.0,60000.0,0.0,60000.0,2026,2026,44021,Gent
gip-0204,Asset Management,Sporen,De Lijn,Spoorvernieuwing Gent UZ - Verplaatsen eindhalte,Spoorvernieuwing Gent UZ - Verplaatsen eindhalte,Gent,0.0,450000.0,0.0,450000.0,2026,2026,44021,Gent
gip-0205,Asset Management,Sporen,De Lijn,Spoorvernieuwing Kust - De Panne Esplanade - Adinkerkelaan,Spoorvernieuwing - Kust De Panne Esplanade - Adinkerkelaan,De Panne,0.0,40000.0,0.0,40000.0,2026,2026,38008,De Panne
gip-0206,Asset Management,Sporen,De Lijn,Spoorvernieuwing Kust - Knokke Arcadelaan,Spoorvernieuwing kust - Knokke Arcadelaan,Knokke,0.0,170000.0,0.0,170000.0,2026,2026,31043,Knokke-Heist
gip-0207,Asset Management,Sporen,De Lijn,Spoorvernieuwing Kust - Oostende - Middelkerke,Spoorvernieuwing Kust - Oostende - Middelkerke,Oostende,0.0,10000000.0,0.0,10000000.0,2026,2026,35013,Oostende
gip-0208,Asset Management,Sporen,De Lijn,Spoorvernieuwing Kust - Oostende-Northlaan,Spoorvernieuwing Kust - Oostende-Northlaan,Oostende,0.0,40000.0,0.0,40000.0,2026,2026,35013,Oostende
gip-0209,Asset Management,Sporen,De Lijn,Spoorvernieuwing Kust - tractiestations,Spoorvernieuwing kust - tractiestations,Kustgemeenten,0.0,270000.0,0.0,270000.0,2026,2026,,
gip-0210,Asset Management,Sporen,De Lijn,Spoorvernieuwing Kust - Zeebrugge-Nieuwe zeesluis,Spoorvernieuwing Kust - Zeebrugge-Nieuwe zeesluis,Zeebrugge,0.0,600000.0,0.0,600000.0,2026,2026,31005,Brugge
gip-0211,Asset Management,Sporen,De Lijn,Spoorvernieuwing Kust - Zuidspoor - Bredende-Oostende,Spoorvernieuwing Kust - Zuidspoor - Bredende-Oostende,Bredene,0.0,40000.0,0.0,40000.0,2026,2026,35002,Bredene
gip-0212,Asset Management,Sporen,De Lijn,Tractienet Antwerpen,tractienet Antwerpen,Antwerpen,0.0,450000.0,0.0,450000.0,2026,2026,11002,Antwerpen
gip-0213,Asset Management,Tunnels,Agentschap Wegen En Verkeer,Investeringen in tunnels,Deelrenovaties tunnels,Vlaanderen,0.0,34133851.0,0.0,34133851.0,2026,2026,,
gip-0214,Asset Management,Tunnels,Agentschap Wegen En Verkeer,Investeringen in tunnels,"Milieu en omgeving ifv tunnels,Onderhoud en kleine herstellingen,Instandhouding&uitbouw tunnelbewakings-&comm.syst.",Vlaanderen,0.0,4000000.0,0.0,4000000.0,2026,2026,,
gip-0215,Asset Management,Tunnels,Agentschap Wegen En Verkeer,Investeringen in tunnels,Renovatie en upgrade VC,Vlaanderen,0.0,4280000.0,0.0,4280000.0,2026,2026,,
gip-0216,Asset Management,Tunnels,Agentschap Wegen En Verkeer,Investeringen in tunnels,Waterzuivering tunnels,Vlaanderen,0.0,6742187.0,0.0,6742187.0,2026,2026,,
gip-0217,Asset Management,Tunnels,Agentschap Wegen En Verkeer,Pompstations inv,Nieuwe pompstations AWV/INV/BDG/50/B018,West-Vlaanderen,0.0,536399.0,0.0,536399.0,2026,2026,,
gip-0218,Asset Management,Tunnels,Agentschap Wegen En Verkeer,Pompstations inv,Nieuwe pompstations AWV/INV/BDG/50/B021,West-Vlaanderen,0.0,300000.0,0.0,300000.0,2026,2026,,
gip-0219,Asset Management,Tunnels,Agentschap Wegen En Verkeer,Pompstations inv,Nieuwe pompstations AWV/INV/BDG/50/B022,West-Vlaanderen,0.0,188000.0,0.0,188000.0,2026,2026,,
gip-0220,Asset Management,Tunnels,Agentschap Wegen En Verkeer,Pompstations inv,Renovatie pompstations Antwerpen,Antwerpen,0.0,223200.0,0.0,223200.0,2026,2026,11002,Antwerpen
gip-0221,Asset Management,Tunnels,Agentschap Wegen En Verkeer,Pompstations inv,Renovatie pompstations Limburg,Limburg,0.0,240000.0,0.0,240000.0,2026,2026,63046,Limburg
gip-0222,Asset Management,Tunnels,Agentschap Wegen En Verkeer,Pompstations inv,Renovatie pompstations Oost-Vlaanderen,Oost-Vlaanderen,0.0,206400.0,0.0,206400.0,2026,2026,,
gip-0223,Asset Management,Tunnels,Agentschap Wegen En Verkeer,Pompstations inv,Renovatie pompstations Vlaams-Brabant,Vlaams-Brabant,0.0,182400.0,0.0,182400.0,2026,2026,,
gip-0224,Asset Management,Tunnels,Agentschap Wegen En Verkeer,Pompstations inv,Renovatie pompstations West-Vlaanderen,West-Vlaanderen,0.0,348000.0,0.0,348000.0,2026,2026,,
gip-0225,Asset Management,Tunnels,Agentschap Wegen En Verkeer,Renovatie Beverentunnel,Totaalrenovaties tunnels,Beveren-Kruibeke-Zwijndrecht,0.0,20000000.0,0.0,20000000.0,2026,2026,11056;46013;46003,Zwijndrecht;Kruibeke;Beveren
gip-0226,Asset Management,Tunnels,Agentschap Wegen En Verkeer,Renovatie Leonardtunnel,Totaalrenovaties tunnels,Tervuren,0.0,3900000.0,0.0,3900000.0,2026,2026,24104,Tervuren
gip-0227,Asset Management,Tunnels,Agentschap Wegen En Verkeer,Renovatie Sint-Annatunnel,Dienstgebouw - bouwkundig en gebouwgebonden instal,Antwerpen,0.0,5440000.0,0.0,5440000.0,2026,2026,11002,Antwerpen
gip-0228,Asset Management,Tunnels,Agentschap Wegen En Verkeer,Tunnels Algemeen - Onderzoeken en studies,Studie tunnel,Vlaanderen,0.0,6650000.0,0.0,6650000.0,2026,2026,,
gip-0229,Asset Management,Tunnels,De Lijn,PMA Station Meir - Renovatie,PMA Station Meir - Renovatie,Antwerpen,0.0,30000.0,0.0,30000.0,2026,2026,11002,Antwerpen
gip-0230,Asset Management,Tunnels,De Lijn,Premetro Antwerpen - Opwaardering wanden,Premetro Antwerpen - Opwaardering wanden,Antwerpen,0.0,100000.0,0.0,100000.0,2026,2026,11002,Antwerpen
gip-0231,Asset Management,Tunnels,De Lijn,Premetro Antwerpen - Relighting tunnels,Premetro Antwerpen - Relighting tunnels,Antwerpen,0.0,750000.0,0.0,750000.0,2026,2026,11002,Antwerpen
gip-0232,Asset Management,Tunnels,De Lijn,Premetro Antwerpen - Station Plantin,Premetro Antwerpen - station Plantin,Antwerpen,0.0,30000.0,0.0,30000.0,2026,2026,11002,Antwerpen
gip-0233,Asset Management,Tunnels,De Lijn,Premetro Antwerpen - Tunnelrenovatie MiHi - Bus Buffer,Premetro Antwerpen - Tunnelrenovatie MiHi - Bus Buffer,Antwerpen,0.0,350000.0,0.0,350000.0,2026,2026,11002,Antwerpen
gip-0234,Asset Management,Tunnels,De Lijn,Premetro Antwerpen - Wayfinding,Premetro Antwerpen - Wayfinding studie,Antwerpen,0.0,76024.0,0.0,76024.0,2026,2026,11002,Antwerpen
gip-0235,Asset Management,Tunnels,De Lijn,Premetro Antwerpen Tunnelrenovatie,Premetro Antwerpen Tunnelrenovatie,Antwerpen,0.0,200000.0,0.0,200000.0,2026,2026,11002,Antwerpen
gip-0236,Asset Management,Tunnels,De Lijn,Premetroaanleg - Antwerpen - Station Groenplaats,Premetroaanleg - Antwerpen - Station Groenplaats - uitvoering,Antwerpen,0.0,15600000.0,0.0,15600000.0,2026,2026,11002,Antwerpen
gip-0237,Asset Management,Tunnels,De Lijn,Premetroaanleg - Antwerpen - Toegangspoortje premetro,Premetroaanleg - Antwerpen - Toegangspoortje premetro,Antwerpen,0.0,1850000.0,0.0,1850000.0,2026,2026,11002,Antwerpen
gip-0238,Asset Management,Waterwegen,De Vlaamse Waterweg,Ijzer - Herstellen halfverharding jaagpad in Poperinge-Stavele- Roesbrugge,Ijzer - Herstellen halfverharding jaagpad in Poperinge-Stavele- Roesbrugge,Poperinge-Stavele-Roesbrugge,0.0,500000.0,0.0,500000.0,2026,2026,33021,Poperinge
gip-0239,Asset Management,Waterwegen,De Vlaamse Waterweg,Kanaal Brussel Schelde - afwerken 10.000 tons vak,Ontsluiting van de Boulevardbrug tussen het Zeekanaal Brussel-Schelde en A12,Kanaal Brussel-Schelde,0.0,100000.0,0.0,100000.0,2026,2026,21004,Brussel
gip-0240,Asset Management,Waterwegen,De Vlaamse Waterweg,KRL. Structurele herstelling sluis Ooigem.,KRL. Structurele herstelling sluis Ooigem.,Wielsbeke,0.0,355000.0,0.0,355000.0,2026,2026,37017,Wielsbeke
gip-0241,Asset Management,Waterwegen,De Vlaamse Waterweg,Leie - oplossen bottleneck jaagpad bij firma Geldof (F7),Leie - oplossen bottleneck jaagpad bij firma Geldof (F7),Harelbeke,0.0,300000.0,0.0,300000.0,2026,2026,34013,Harelbeke
gip-0242,Asset Management,Waterwegen,De Vlaamse Waterweg,Nieuwe fiets- en voetgangersbrug sas Ruisbroek,Nieuwe fiets- en voetgangersbrug sas Ruisbroek,Sint-Pieters-Leeuw,0.0,50000.0,0.0,50000.0,2026,2026,23077,Sint-Pieters-Leeuw
gip-0243,Asset Management,Waterwegen,De Vlaamse Waterweg,Opvullen overdieptes kaaimuren Boven-Schelde,Opvullen overdieptes kaaimuren Boven-Schelde,Oudenaarde,0.0,500000.0,0.0,500000.0,2026,2026,45035,Oudenaarde
gip-0244,Asset Management,Waterwegen,De Vlaamse Waterweg,Opwaardering kanaal naar Charleroi,Herbouw Bospoortbrug te halle - regulier,Halle,0.0,1282000.0,0.0,1282000.0,2026,2026,23027,Halle
gip-0245,Asset Management,Waterwegen,De Vlaamse Waterweg,Opwaardering kanaal naar Charleroi,Opwaardering kanaal naar Charleroi - fases 1 tem 4,Kanaal naar Charleroi,0.0,490000.0,0.0,490000.0,2026,2026,52011,Charleroi
gip-0246,Asset Management,Waterwegen,De Vlaamse Waterweg,Opwaardering kanaal naar Charleroi,Opwaardering kanaal naar Charleroi - verwerving,Kanaal naar Charleroi,0.0,100000.0,0.0,100000.0,2026,2026,52011,Charleroi
gip-0247,Asset Management,Waterwegen,De Vlaamse Waterweg,Renovatie kaaien doortocht Halle,Renovatie kaaien doortocht Halle,Halle,0.0,470000.0,0.0,470000.0,2026,2026,23027,Halle
gip-0248,Asset Management,Waterwegen,De Vlaamse Waterweg,Renovatie kaaimuur Wiedauwkaai (incl. kade Varo) te Gent,Renovatie kaaimuur Wiedauwkaai (incl. kade Varo) te Gent,Gent,0.0,280000.0,0.0,280000.0,2026,2026,44021,Gent
gip-0249,Asset Management,Waterwegen,De Vlaamse Waterweg,Renovatie muren Dijledoortocht in Mechelen (Binnendijle),Renovatie muren Dijledoortocht in Mechelen (Binnendijle) - studie,Mechelen,0.0,670000.0,0.0,670000.0,2026,2026,12025,Mechelen
gip-0250,Asset Management,Waterwegen,De Vlaamse Waterweg,Structurele herstellingswerken Neeroeteren - Geisteren,Structurele herstellingswerken Neeroeteren - Geisteren,Maaseik,0.0,255000.0,0.0,255000.0,2026,2026,72021,Maaseik
gip-0251,Asset Management,Waterwegen,De Vlaamse Waterweg,"Zeekanaal Brussel-Schelde - Herstellen jaagpaden in Willebroek (Tisselt), Kapelle-Op-Den-Bos en Zemst (F23)","Zeekanaal Brussel-Schelde - Herstellen jaagpaden in Willebroek (Tisselt), Kapelle-Op-Den-Bos en Zemst (F23)",Kanaal Brussel-Schelde,0.0,1000000.0,0.0,1000000.0,2026,2026,21004,Brussel
gip-0252,Diversen en recurrente kosten,Datasecurity en NIS1,Agentschap Wegen En Verkeer,Beveiliging en privacy,"Beveiliging en privacy algemeen,NIS2",Vlaanderen,0.0,4155000.0,0.0,4155000.0,2026,2026,,
gip-0253,Diversen en recurrente kosten,Digitalisering en databeheer,Agentschap voor Maritieme Dienstverlening en Kust,Beheer en onderhoud Informatie Systemen,Beheer en onderhoud Informatie Systemen,Vlaanderen,0.0,40000.0,0.0,40000.0,2026,2026,,
gip-0254,Diversen en recurrente kosten,Digitalisering en databeheer,Agentschap voor Maritieme Dienstverlening en Kust,Modernisatie ICT omgeving en process automatisatie via ICT applicatie ontwikkeling,Modernisatie ICT omgeving (maximaal/radicaal digitaal) en applicatie ontwikkeling ter verhoging van efficientie en aanleveren van data aan derden en burger.,Vlaanderen,0.0,480000.0,0.0,480000.0,2026,2026,,
gip-0255,Diversen en recurrente kosten,Digitalisering en databeheer,Agentschap voor Maritieme Dienstverlening en Kust,Samenwerkingsovereenkomst KMI - kustweerbericht,Samenwerkingsovereenkomst KMI - kustweerbericht,Vlaanderen,0.0,800000.0,0.0,800000.0,2026,2026,,
gip-0256,Diversen en recurrente kosten,Digitalisering en databeheer,Agentschap voor Maritieme Dienstverlening en Kust,Speciale leveringen hard- en software ICT-dienstverlener VO buiten normale onderhoud,Speciale leveringen hard- en software ICT-dienstverlener VO buiten normale onderhoud,Vlaanderen,0.0,30000.0,0.0,30000.0,2026,2026,,
gip-0257,Diversen en recurrente kosten,Digitalisering en databeheer,Agentschap Wegen En Verkeer,Digitale strategie,"Technische ondersteuning proces investeringen,Digitaliseren werfopvolging,Digitaliseren (herbruikbare bouwstenen),Netwerk en telematicatoepassingen,Varia",Vlaanderen,0.0,5400000.0,0.0,5400000.0,2026,2026,,
gip-0258,Diversen en recurrente kosten,Digitalisering en databeheer,Agentschap Wegen En Verkeer,Investeringen in het kabelnetwerk,Uitvoering,Vlaanderen,0.0,2000000.0,0.0,2000000.0,2026,2026,,
gip-0259,Diversen en recurrente kosten,Digitalisering en databeheer,Agentschap Wegen En Verkeer,Investeringen verkeerscentrum,Investeringen verkeerscentrum algemeen,Vlaanderen,0.0,1600000.0,0.0,1600000.0,2026,2026,,
gip-0260,Diversen en recurrente kosten,Digitalisering en databeheer,Agentschap Wegen En Verkeer,Netwerk en telematicatoepassingen,Netwerk en telematicatoepassingen,Vlaanderen,0.0,2000000.0,0.0,2000000.0,2026,2026,,
gip-0261,Diversen en recurrente kosten,Digitalisering en databeheer,Agentschap Wegen En Verkeer,PIO,PIO,Vlaanderen,0.0,600000.0,0.0,600000.0,2026,2026,,
gip-0262,Diversen en recurrente kosten,Digitalisering en databeheer,De Lijn,Digitale radio,digitale radio,Vlaanderen,0.0,260000.0,0.0,260000.0,2026,2026,,
gip-0263,Diversen en recurrente kosten,Digitalisering en databeheer,De Lijn,Enveloppe ICT,"ICT investeringen De Lijn - oa servers, netwerk, aankoop hardware, changes",Vlaanderen,0.0,4504000.0,0.0,4504000.0,2026,2026,,
gip-0264,Diversen en recurrente kosten,Digitalisering en databeheer,De Lijn,IT aan boord van het voertuig,IT aan boord van het voertuig,Vlaanderen,0.0,5841742.0,0.0,5841742.0,2026,2026,,
gip-0265,Diversen en recurrente kosten,Digitalisering en databeheer,De Lijn,Strategische projecten,"Strategische investeringen - ERP (maintenance, support)",Vlaanderen,0.0,7292764.0,0.0,7292764.0,2026,2026,,
gip-0266,Diversen en recurrente kosten,Digitalisering en databeheer,De Lijn,Strategische projecten,"Strategische investeringen - Overige (transversaal) - voornamelijk procesoptimalisaties en opzet nieuwe tools (oa uitrol nieuw EPMO proces, digitalisering afvalstofregister, platform arbeidsongevallen, …)",Vlaanderen,0.0,1025000.0,0.0,1025000.0,2026,2026,,
gip-0267,Diversen en recurrente kosten,Digitalisering en databeheer,De Lijn,Strategische projecten,Strategische investeringen - Planningsefficientie,Vlaanderen,0.0,2870000.0,0.0,2870000.0,2026,2026,,
gip-0268,Diversen en recurrente kosten,Digitalisering en databeheer,De Vlaamse Waterweg,Investeren in ondersteunende ICT-platformen,Investeren in ondersteunende ICT-platformen,Vlaanderen,0.0,3605000.0,0.0,3605000.0,2026,2026,,
gip-0269,Diversen en recurrente kosten,Externe ondersteuning,Agentschap voor Maritieme Dienstverlening en Kust,Kustwacht,Kustwacht,Vlaanderen,0.0,100000.0,0.0,100000.0,2026,2026,,
gip-0270,Diversen en recurrente kosten,Externe ondersteuning,Agentschap voor Maritieme Dienstverlening en Kust,Structurele initiatieven ihkv optimalisatie samenwerking en dienstverlening MDK,Structurele initiatieven ihkv optimalisatie samenwerking en dienstverlening MDK,Vlaanderen,0.0,1000000.0,0.0,1000000.0,2026,2026,,
gip-0271,Diversen en recurrente kosten,Externe ondersteuning,Agentschap Wegen En Verkeer,Afbraak woningen,Afbraak woningen,Oost-Vlaanderen,0.0,130000.0,0.0,130000.0,2026,2026,,
gip-0272,Diversen en recurrente kosten,Externe ondersteuning,Agentschap Wegen En Verkeer,Doorrekening dMOW voor opname taken,Opname taken door dMOW,Vlaanderen,0.0,2052000.0,0.0,2052000.0,2026,2026,,
gip-0273,Diversen en recurrente kosten,Externe ondersteuning,Agentschap Wegen En Verkeer,Externe ondersteuning/diensten,Externe ondersteuning/diensten,Vlaanderen,0.0,16457500.0,0.0,16457500.0,2026,2026,,
gip-0274,Diversen en recurrente kosten,Externe ondersteuning,Agentschap Wegen En Verkeer,Kapitaaloverdracht aan VLM voor grondenbanken,Uitvoering,Vlaanderen,0.0,500000.0,0.0,500000.0,2026,2026,,
gip-0275,Diversen en recurrente kosten,Externe ondersteuning,Agentschap Wegen En Verkeer,Overdracht ikv grondenbanken,overdracht ikv grondenbanken,Vlaanderen,0.0,22000.0,0.0,22000.0,2026,2026,,
gip-0276,Diversen en recurrente kosten,Externe ondersteuning,De Vlaamse Waterweg,Diverse (Technische ondersteuning),Diverse (Technische ondersteuning),Vlaanderen,0.0,5000000.0,0.0,5000000.0,2026,2026,,
gip-0277,Diversen en recurrente kosten,Externe ondersteuning,Departement Mobiliteit en Openbare Werken,Technische ondersteuning en Milieuzorg via raamovereenkomsten en middelenverbintenissen,Technische ondersteuning en Milieuzorg via raamovereenkomsten en middelenverbintenissen,Zeehavenoverschrijdend,0.0,6000000.0,0.0,6000000.0,2026,2026,,
gip-0278,Diversen en recurrente kosten,"Prijsherzieningen, verrekeningen, kleine uitgaven",Agentschap voor Maritieme Dienstverlening en Kust,Investeringen in cybersecurity (incl. NIS2),Investeringen in cybersecurity (incl. NIS2),Vlaanderen,0.0,750000.0,0.0,750000.0,2026,2026,,
gip-0279,Diversen en recurrente kosten,"Prijsherzieningen, verrekeningen, kleine uitgaven",Agentschap voor Maritieme Dienstverlening en Kust,Nieuwe en vervanging verouderde apparatuur hydrografie en hydrometeo,Nieuwe en vervanging verouderde apparatuur hydrografie en hydrometeo,Vlaanderen,0.0,250000.0,0.0,250000.0,2026,2026,,
gip-0280,Diversen en recurrente kosten,"Prijsherzieningen, verrekeningen, kleine uitgaven",Agentschap Wegen En Verkeer,Overige kosten,Aan- en afsluitingen V&W-installaties,Vlaanderen,0.0,450000.0,0.0,450000.0,2026,2026,,
gip-0281,Diversen en recurrente kosten,"Prijsherzieningen, verrekeningen, kleine uitgaven",Agentschap Wegen En Verkeer,Overige kosten,Herzieningen,Vlaanderen,0.0,25500000.0,0.0,25500000.0,2026,2026,,
gip-0282,Diversen en recurrente kosten,"Prijsherzieningen, verrekeningen, kleine uitgaven",Agentschap Wegen En Verkeer,Overige kosten,Onteigening,Vlaanderen,0.0,20000000.0,0.0,20000000.0,2026,2026,,
gip-0283,Diversen en recurrente kosten,"Prijsherzieningen, verrekeningen, kleine uitgaven",Agentschap Wegen En Verkeer,Overige kosten,Overige kosten investeringsprojecten,Vlaanderen,0.0,1250000.0,0.0,1250000.0,2026,2026,,
gip-0284,Diversen en recurrente kosten,"Prijsherzieningen, verrekeningen, kleine uitgaven",Agentschap Wegen En Verkeer,Overige kosten,Retributies spoorwegovergangen,Vlaanderen,0.0,100000.0,0.0,100000.0,2026,2026,,
gip-0285,Diversen en recurrente kosten,"Prijsherzieningen, verrekeningen, kleine uitgaven",Agentschap Wegen En Verkeer,Overige kosten,Verrekeningen,Vlaanderen,0.0,9224879.0,0.0,9224879.0,2026,2026,,
gip-0286,Diversen en recurrente kosten,"Prijsherzieningen, verrekeningen, kleine uitgaven",De Lijn,Containerinvesteringen vanaf 2015,Containerinvesteringen vanaf 2015,Vlaanderen,0.0,3000000.0,0.0,3000000.0,2026,2026,,
gip-0287,Diversen en recurrente kosten,"Prijsherzieningen, verrekeningen, kleine uitgaven",De Lijn,Enveloppe verrekeningen vanaf 2019,Enveloppe verrekeningen en prijsherzieningen,Vlaanderen,0.0,2000000.0,0.0,2000000.0,2026,2026,,
gip-0288,Diversen en recurrente kosten,"Prijsherzieningen, verrekeningen, kleine uitgaven",De Lijn,Herstelling en restauratie historisch patrimonium,Herstelling en restauratie historisch patrimonium,Vlaanderen,0.0,187500.0,0.0,187500.0,2026,2026,,
gip-0289,Diversen en recurrente kosten,"Prijsherzieningen, verrekeningen, kleine uitgaven",De Lijn,Raamovereenkomst Grondonderzoek,Raamovereenkomst Grondonderzoek,Vlaanderen,0.0,100000.0,0.0,100000.0,2026,2026,,
gip-0290,Diversen en recurrente kosten,"Prijsherzieningen, verrekeningen, kleine uitgaven",De Lijn,Raamovereenkomst veiligheidscoördinatie vanaf 2018,Raamovereenkomst veiligheidscoördinatie vanaf 2018,Vlaanderen,0.0,58835.0,0.0,58835.0,2026,2026,,
gip-0291,Diversen en recurrente kosten,"Prijsherzieningen, verrekeningen, kleine uitgaven",De Vlaamse Waterweg,"Diverse (Herzieningen, Verrekeningen, onverwachte kosten)","Diverse (Herzieningen, Verrekeningen, onverwachte kosten)",Vlaanderen,0.0,1227000.0,0.0,1227000.0,2026,2026,,
gip-0292,Diversen en recurrente kosten,"Prijsherzieningen, verrekeningen, kleine uitgaven",De Vlaamse Waterweg,"Diversen (verrekeningen, herzieningen, studies en algemeenheden)","Diversen (verrekeningen, herzieningen, studies en algemeenheden)",Vlaanderen,0.0,38000.0,0.0,38000.0,2026,2026,,
gip-0293,Diversen en recurrente kosten,"Prijsherzieningen, verrekeningen, kleine uitgaven",Departement Mobiliteit en Openbare Werken,Onroerende Voorheffing,Onroerende Voorheffing,Zeehavenoverschrijdend,0.0,800000.0,0.0,800000.0,2026,2026,,
gip-0294,Diversen en recurrente kosten,"Verwervingen, innames & onteigeningen",Beleidsdomein Mobiliteit en Openbare Werken,Buffer voor onteigeningen,Buffer voor onteigeningen,Vlaanderen,0.0,28724000.0,0.0,28724000.0,2026,2026,,
gip-0295,Diversen en recurrente kosten,Wettelijke verplichtingen,Agentschap Wegen En Verkeer,AREI conformiteit,AREI,Vlaanderen,0.0,4000000.0,0.0,4000000.0,2026,2026,,
gip-0296,Diversen en recurrente kosten,Wettelijke verplichtingen,Agentschap Wegen En Verkeer,Asbestinventarisatie,Asbestinventarisatie,Vlaanderen,0.0,2000000.0,0.0,2000000.0,2026,2026,,
gip-0297,Duurzaam personenvervoer en modal shift,Beschikbaarheidsvergoedingen,De Lijn,DBFM Brabo 2,DBFM Brabo 2,Antwerpen,0.0,9841688.0,0.0,9841688.0,2026,2026,11002,Antwerpen
gip-0298,Duurzaam personenvervoer en modal shift,Beschikbaarheidsvergoedingen,De Lijn,DBFM Brugge,DBFM Brugge,Brugge,0.0,3387426.0,0.0,3387426.0,2026,2026,31005,Brugge
gip-0299,Duurzaam personenvervoer en modal shift,Beschikbaarheidsvergoedingen,De Lijn,DBFM Hasselt,DBFM Hasselt,Hasselt,0.0,5784665.0,0.0,5784665.0,2026,2026,71022,Hasselt
gip-0300,Duurzaam personenvervoer en modal shift,Beschikbaarheidsvergoedingen,De Lijn,DBFM Leuven-noord,DBFM Leuven-noord,Leuven noord,0.0,2073738.0,0.0,2073738.0,2026,2026,24062,Leuven
gip-0301,Duurzaam personenvervoer en modal shift,Beschikbaarheidsvergoedingen,De Lijn,DBFM Livan 1,DBFM Livan 1,Antwerpen,0.0,9656008.0,0.0,9656008.0,2026,2026,11002,Antwerpen
gip-0302,Duurzaam personenvervoer en modal shift,Beschikbaarheidsvergoedingen,De Lijn,DBFM Oostende,DBFM Oostende,Oostende,0.0,3404241.0,0.0,3404241.0,2026,2026,35013,Oostende
gip-0303,Duurzaam personenvervoer en modal shift,Beschikbaarheidsvergoedingen,De Lijn,DBFM Overijse,DBFM Overijse,Overijse,0.0,1022364.0,0.0,1022364.0,2026,2026,23062,Overijse
gip-0304,Duurzaam personenvervoer en modal shift,Beschikbaarheidsvergoedingen,De Lijn,DBFM Sint-Niklaas,DBFM Sint-Niklaas,Sint-Niklaas,0.0,2084601.0,0.0,2084601.0,2026,2026,46021,Sint-Niklaas
gip-0305,Duurzaam personenvervoer en modal shift,Beschikbaarheidsvergoedingen,De Lijn,DBFM Tongeren,DBFM Tongeren,Tongeren,0.0,762480.0,0.0,762480.0,2026,2026,73083,Tongeren
gip-0306,Duurzaam personenvervoer en modal shift,Beschikbaarheidsvergoedingen,De Lijn,DBFM Zomergem,DBFM Zomergem,Zomergem,0.0,582502.0,0.0,582502.0,2026,2026,44085,Lievegem
gip-0307,Duurzaam personenvervoer en modal shift,Beschikbaarheidsvergoedingen,De Lijn,MV2020 - Verlenging tramlijn Deurne-Wijn,MV2020 - Verlenging tramlijn Deurne-Wijn,Antwerpen,0.0,16066550.0,0.0,16066550.0,2026,2026,11002,Antwerpen
gip-0308,Duurzaam personenvervoer en modal shift,Doorstromingsprojecten,Agentschap Wegen En Verkeer,Innovatie en C-CAM,Mobilidata 2,Vlaanderen,0.0,6380000.0,0.0,6380000.0,2026,2026,,
gip-0309,Duurzaam personenvervoer en modal shift,Doorstromingsprojecten,Agentschap Wegen En Verkeer,N355 Koksijde Kinderlaan,Studie,Koksijde,0.0,73397.0,0.0,73397.0,2026,2026,38014,Koksijde
gip-0310,Duurzaam personenvervoer en modal shift,Doorstromingsprojecten,Agentschap Wegen En Verkeer,N35f Diksmuide-nieuwe omleiding tussen N 35/N369,fase 4,Diksmuide,0.0,12940624.0,0.0,12940624.0,2026,2026,32003,Diksmuide
gip-0311,Duurzaam personenvervoer en modal shift,Doorstromingsprojecten,Agentschap Wegen En Verkeer,N35f Diksmuide-nieuwe omleiding tussen N 35/N369,fase 5,Diksmuide,0.0,200000.0,0.0,200000.0,2026,2026,32003,Diksmuide
gip-0312,Duurzaam personenvervoer en modal shift,Doorstromingsprojecten,Agentschap Wegen En Verkeer,N458 Gent Wiedauwkaai doorstromingsmaatregelen,Diverse,Gent,0.0,40000.0,0.0,40000.0,2026,2026,44021,Gent
gip-0313,Duurzaam personenvervoer en modal shift,Doorstromingsprojecten,Agentschap Wegen En Verkeer,N750 Genk Ontsluiting ZOL,Studie,Genk,0.0,100000.0,0.0,100000.0,2026,2026,71016,Genk
gip-0314,Duurzaam personenvervoer en modal shift,Doorstromingsprojecten,Agentschap Wegen En Verkeer,N753 Tongeren: omleidingsweg fase 2,Diverse,Tongeren,0.0,365000.0,0.0,365000.0,2026,2026,73083,Tongeren
gip-0315,Duurzaam personenvervoer en modal shift,Doorstromingsprojecten,Agentschap Wegen En Verkeer,N8 Ninove heraanleg Elisabethlaan en Leopoldlaan,Diverse,Ninove,0.0,80000.0,0.0,80000.0,2026,2026,41048,Ninove
gip-0316,Duurzaam personenvervoer en modal shift,Doorstromingsprojecten,Agentschap Wegen En Verkeer,R018 Retie herinrichting van de ring,Diverse,Retie,0.0,37500.0,0.0,37500.0,2026,2026,13036,Retie
gip-0317,Duurzaam personenvervoer en modal shift,Doorstromingsprojecten,Agentschap Wegen En Verkeer,R40 Gent heraanleg kruispunt Groot-Brittanniëlaan,Diverse,Gent,0.0,130900.0,0.0,130900.0,2026,2026,44021,Gent
gip-0318,Duurzaam personenvervoer en modal shift,Fietsinfrastructuur,Agentschap Wegen En Verkeer,N014 Zandhoven fase 3: kanaal-N116,Diverse,"Ranst, Zandhoven",0.0,6000.0,0.0,6000.0,2026,2026,11035;11054,Ranst;Zandhoven
gip-0319,Duurzaam personenvervoer en modal shift,Fietsinfrastructuur,Agentschap Wegen En Verkeer,N014 Zandhoven fase 3: kanaal-N116,Studie,"Ranst, Zandhoven",0.0,500000.0,0.0,500000.0,2026,2026,11035;11054,Ranst;Zandhoven
gip-0320,Duurzaam personenvervoer en modal shift,Fietsinfrastructuur,Agentschap Wegen En Verkeer,N148 St Bernardsesteenweg,Diverse,Antwerpen,0.0,22517.0,0.0,22517.0,2026,2026,11002,Antwerpen
gip-0321,Duurzaam personenvervoer en modal shift,Fietsinfrastructuur,Agentschap Wegen En Verkeer,N17 Herinrichting kruispunt Mechelsepoort,Diverse,Dendermonde,0.0,1400000.0,0.0,1400000.0,2026,2026,42006,Dendermonde
gip-0322,Duurzaam personenvervoer en modal shift,Fietsinfrastructuur,Agentschap Wegen En Verkeer,N177 Aanleg fietspad naast spoorweg te Boom,Uitvoering,Boom,0.0,500000.0,0.0,500000.0,2026,2026,11005,Boom
gip-0323,Duurzaam personenvervoer en modal shift,Fietsinfrastructuur,Agentschap Wegen En Verkeer,N19E Verbinding Vuntcomplex - Kessel-Losestweg,Diverse,Leuven,0.0,50000.0,0.0,50000.0,2026,2026,24062,Leuven
gip-0324,Duurzaam personenvervoer en modal shift,Fietsinfrastructuur,Agentschap Wegen En Verkeer,N2 Bilzen: spoorwegtunnel,Diverse,Bilzen,0.0,750000.0,0.0,750000.0,2026,2026,73006,Bilzen
gip-0325,Duurzaam personenvervoer en modal shift,Fietsinfrastructuur,Agentschap Wegen En Verkeer,N229 Rotselaar/Leuven: Tss rondpunt en E314,Uitvoering,"Leuven, Rotselaar",0.0,4685000.0,0.0,4685000.0,2026,2026,24062;24094,Leuven;Rotselaar
gip-0326,Duurzaam personenvervoer en modal shift,Fietsinfrastructuur,Agentschap Wegen En Verkeer,N285 Fietspaden relanceplan 2021,Diverse,"Roosdaal, Ternat",0.0,7000.0,0.0,7000.0,2026,2026,23097;23086,Roosdaal;Ternat
gip-0327,Duurzaam personenvervoer en modal shift,Fietsinfrastructuur,Agentschap Wegen En Verkeer,N3 St. Truiden: fietspaden,Diverse,Sint-Truiden,0.0,750000.0,0.0,750000.0,2026,2026,71053,Sint-Truiden
gip-0328,Duurzaam personenvervoer en modal shift,Fietsinfrastructuur,Agentschap Wegen En Verkeer,N303 Zonnebeke veilige fietspaden + aanpak rijbaan,Studie,Zonnebeke,0.0,200000.0,0.0,200000.0,2026,2026,33037,Zonnebeke
gip-0329,Duurzaam personenvervoer en modal shift,Fietsinfrastructuur,Agentschap Wegen En Verkeer,N34/F34 Blankenberge - Zeebrugge,Studie,"Blankenberge, Brugge",0.0,300000.0,0.0,300000.0,2026,2026,31004;31005,Blankenberge;Brugge
gip-0330,Duurzaam personenvervoer en modal shift,Fietsinfrastructuur,Agentschap Wegen En Verkeer,N34/F34 Wenduine - Blankenberge,Studie,"Blankenberge, De Haan",0.0,130000.0,0.0,130000.0,2026,2026,31004;35029,Blankenberge;De Haan
gip-0331,Duurzaam personenvervoer en modal shift,Fietsinfrastructuur,Agentschap Wegen En Verkeer,N370 Wingene-Beernem: fietspaden,Studie,"Beernem, Wingene",0.0,300000.0,0.0,300000.0,2026,2026,31003;37018,Beernem;Wingene
gip-0332,Duurzaam personenvervoer en modal shift,Fietsinfrastructuur,Agentschap Wegen En Verkeer,N38 Ieper - fietsverbinding ikv Pilkemseweg,Uitvoering,Ieper,0.0,614000.0,0.0,614000.0,2026,2026,33011,Ieper
gip-0333,Duurzaam personenvervoer en modal shift,Fietsinfrastructuur,Agentschap Wegen En Verkeer,N382 Wielsbeke,Studie,Wielsbeke,0.0,250000.0,0.0,250000.0,2026,2026,37017,Wielsbeke
gip-0334,Duurzaam personenvervoer en modal shift,Fietsinfrastructuur,Agentschap Wegen En Verkeer,N447 Destelbergen aanleg fietspaden,Studie,Destelbergen,0.0,200000.0,0.0,200000.0,2026,2026,44013,Destelbergen
gip-0335,Duurzaam personenvervoer en modal shift,Fietsinfrastructuur,Agentschap Wegen En Verkeer,N47 Opwijk - fietsbrug Leirekensroute,Diverse,Opwijk,0.0,50000.0,0.0,50000.0,2026,2026,23060,Opwijk
gip-0336,Duurzaam personenvervoer en modal shift,Fietsinfrastructuur,Agentschap Wegen En Verkeer,N47 Opwijk - fietsbrug Leirekensroute,fase 1,Opwijk,0.0,8300000.0,0.0,8300000.0,2026,2026,23060,Opwijk
gip-0337,Duurzaam personenvervoer en modal shift,Fietsinfrastructuur,Agentschap Wegen En Verkeer,N48 Brakel Ronsestraat,Diverse,Brakel,0.0,350000.0,0.0,350000.0,2026,2026,45059,Brakel
gip-0338,Duurzaam personenvervoer en modal shift,Fietsinfrastructuur,Agentschap Wegen En Verkeer,N722 Sint-Truiden: aanleg fietspaden Sint-Truiden -fase 2,Fase 2,"Alken, Hasselt, Sint-Truiden",0.0,907776.0,0.0,907776.0,2026,2026,73001;71022;71053,Alken;Hasselt;Sint-Truiden
gip-0339,Duurzaam personenvervoer en modal shift,Fietsinfrastructuur,Agentschap Wegen En Verkeer,N722 St-Truiden(ST) - Alken(A): aanleg fietspaden,Diverse,"Alken, Hasselt, Sint-Truiden",0.0,150000.0,0.0,150000.0,2026,2026,73001;71022;71053,Alken;Hasselt;Sint-Truiden
gip-0340,Duurzaam personenvervoer en modal shift,Fietsinfrastructuur,Agentschap Wegen En Verkeer,N730 Tongeren: fietstunnel,Diverse,Tongeren,0.0,260000.0,0.0,260000.0,2026,2026,73083,Tongeren
gip-0341,Duurzaam personenvervoer en modal shift,Fietsinfrastructuur,Agentschap Wegen En Verkeer,N747 Peer Mod 13 aanleg fietspaden,Diverse,"Bocholt, Hechtel-Eksel, Peer, Pelt",0.0,250000.0,0.0,250000.0,2026,2026,72003;72038;72030;72043,Bocholt;Hechtel-Eksel;Peer;Pelt
gip-0342,Duurzaam personenvervoer en modal shift,Fietsinfrastructuur,Agentschap Wegen En Verkeer,N79 Riemst:Vroenhoven,Diverse,Riemst,0.0,150000.0,0.0,150000.0,2026,2026,73066,Riemst
gip-0343,Duurzaam personenvervoer en modal shift,Fietsinfrastructuur,Agentschap Wegen En Verkeer,N9 Aalst Heraanleg kruispunt Haring en Parklaan,Studie,Aalst,0.0,350000.0,0.0,350000.0,2026,2026,41002,Aalst
gip-0344,Duurzaam personenvervoer en modal shift,Fietsinfrastructuur,Agentschap Wegen En Verkeer,R26 Diest Kiss and ride station,Studie,Diest,0.0,350000.0,0.0,350000.0,2026,2026,24020,Diest
gip-0345,Duurzaam personenvervoer en modal shift,Fietsinfrastructuur,Agentschap Wegen En Verkeer,R43 Eeklo fase 2 Fietstunnel Raverschootstraat,Diverse,Eeklo,0.0,100000.0,0.0,100000.0,2026,2026,43005,Eeklo
gip-0346,Duurzaam personenvervoer en modal shift,Fietsinfrastructuur,Agentschap Wegen En Verkeer,"R71 fietsbrug Elfde Liniestraat, Hasselt",Diverse,Hasselt,0.0,250000.0,0.0,250000.0,2026,2026,71022,Hasselt
gip-0347,Duurzaam personenvervoer en modal shift,Fietsinfrastructuur,Agentschap Wegen En Verkeer,R71 x N702 Hasselt (Plopsa),Diverse,Hasselt,0.0,2050000.0,0.0,2050000.0,2026,2026,71022,Hasselt
gip-0348,Duurzaam personenvervoer en modal shift,Fietsinfrastructuur,Agentschap Wegen En Verkeer,Sloop woningen,Diverse,Vlaanderen,0.0,15000.0,0.0,15000.0,2026,2026,,
gip-0349,Duurzaam personenvervoer en modal shift,Fietsinfrastructuur,Agentschap Wegen En Verkeer,WVB - Afbraak onteigende woningen,Afbraak woningen,"Aarschot, Asse, Herent",0.0,200000.0,0.0,200000.0,2026,2026,24001;23002;24038,Aarschot;Asse;Herent
gip-0350,Duurzaam personenvervoer en modal shift,Fietsinfrastructuur,Agentschap Wegen En Verkeer,WVB - Afbraak onteigende woningen,Diverse,"Aarschot, Asse, Herent, Kampenhout",0.0,40000.0,0.0,40000.0,2026,2026,24001;23002;24038;23038,Aarschot;Asse;Herent;Kampenhout
gip-0351,Duurzaam personenvervoer en modal shift,Fietsinfrastructuur,De Vlaamse Waterweg,Aanpassing aan fietsbrug Lanklaar,Aanpassing aan fietsbrug Lanklaar,Dilsen-Stokkem,0.0,1250000.0,0.0,1250000.0,2026,2026,72041,Dilsen-Stokkem
gip-0352,Duurzaam personenvervoer en modal shift,Fietsinfrastructuur,De Vlaamse Waterweg,Bouw fietsbrug te Landegem,Bouw fietsbrug te Landegem,Deinze,0.0,300000.0,0.0,300000.0,2026,2026,44083,Deinze
gip-0353,Duurzaam personenvervoer en modal shift,Fietsinfrastructuur,De Vlaamse Waterweg,Bouw fietsbrug ter hoogte van de Reningebrug te Lo-Reninge,Bouw fietsbrug ter hoogte van de Reningebrug te Lo-Reninge,Lo-Reninge,0.0,200000.0,0.0,200000.0,2026,2026,32030,Lo-Reninge
gip-0354,Duurzaam personenvervoer en modal shift,Fietsinfrastructuur,De Vlaamse Waterweg,Bouw van een fiets- en voetgangersbrug te Aalter,Bouw van een fiets- en voetgangersbrug te Aalter,Aalter,0.0,300000.0,0.0,300000.0,2026,2026,44084,Aalter
gip-0355,Duurzaam personenvervoer en modal shift,Fietsinfrastructuur,De Vlaamse Waterweg,Bouw van een fietsbrug Gent t.h.v. Eiland Zwijnaarde,Bouw van een fietsbrug Gent t.h.v. Eiland Zwijnaarde,Gent,0.0,90000.0,0.0,90000.0,2026,2026,44021,Gent
gip-0356,Duurzaam personenvervoer en modal shift,Fietsinfrastructuur,De Vlaamse Waterweg,Bovenschelde te Oudenaarde. Scheldeboordenkop - Trekweg,Bovenschelde te Oudenaarde. Scheldeboordenkop - Trekweg,Oudenaarde,0.0,215000.0,0.0,215000.0,2026,2026,45035,Oudenaarde
gip-0357,Duurzaam personenvervoer en modal shift,Fietsinfrastructuur,De Vlaamse Waterweg,Fiets- en voetgangersbrug Schelde incl. Scheldebalkon,Fiets- en voetgangersbrug Schelde incl. Scheldebalkon - Voorstudies en begeleiding ifv de uitvoering (prefinanciering),Antwerpen,0.0,2160000.0,0.0,2160000.0,2026,2026,11002,Antwerpen
gip-0358,Duurzaam personenvervoer en modal shift,Fietsinfrastructuur,De Vlaamse Waterweg,Fiets- en voetgangersbrug Schelde incl. Scheldebalkon,Fiets- en voetgangersbrug Schelde incl. Scheldebalkon uitvoering,Antwerpen,0.0,7792000.0,0.0,7792000.0,2026,2026,11002,Antwerpen
gip-0359,Duurzaam personenvervoer en modal shift,Fietsinfrastructuur,De Vlaamse Waterweg,Heraanleg kruispunt en brug N39 - Waterplein te Adinkerke,Heraanleg kruispunt en brug N39 - Waterplein te Adinkerke,De Panne,0.0,100000.0,0.0,100000.0,2026,2026,38008,De Panne
gip-0360,Duurzaam personenvervoer en modal shift,Fietsinfrastructuur,Departement Mobiliteit en Openbare Werken,"Inv.subs. tov fiets- en doortochtenbeleid,schoolom","Inv.subs. tov fiets- en doortochtenbeleid,schoolom",Vlaanderen,0.0,25000000.0,0.0,25000000.0,2026,2026,,
gip-0361,Duurzaam personenvervoer en modal shift,Fietsinfrastructuur,Leefbaar Antwerpen door Innovatief Samenwerken,Fietsinfra FR02,Fietsinfra FR02,Antwerpen,0.0,300000.0,0.0,300000.0,2026,2026,11002,Antwerpen
gip-0362,Duurzaam personenvervoer en modal shift,Fietsinfrastructuur,Leefbaar Antwerpen door Innovatief Samenwerken,Flankerend beleid Fietsinfrastructuur,Flankerend (Beheersvergoeding),Antwerpen,0.0,5196000.0,0.0,5196000.0,2026,2026,11002,Antwerpen
gip-0363,Duurzaam personenvervoer en modal shift,Fietsinfrastructuur,Leefbaar Antwerpen door Innovatief Samenwerken,Flankerend beleid Verkeersveiligheid,Flankerend (Verkeersveiligheid),Antwerpen,0.0,5464000.0,0.0,5464000.0,2026,2026,11002,Antwerpen
gip-0364,Duurzaam personenvervoer en modal shift,Flankerende maatregelen Oosterweel,Leefbaar Antwerpen door Innovatief Samenwerken,Flankerend Beleid Minder hinder - tarief en ticketintegratie,Flankerend (Minder Hinder),Antwerpen,0.0,1700000.0,0.0,1700000.0,2026,2026,11002,Antwerpen
gip-0365,Duurzaam personenvervoer en modal shift,Flankerende maatregelen Oosterweel,Leefbaar Antwerpen door Innovatief Samenwerken,Flankerend beleid projectoverschrijdende minder hinder,Flankerend (Minder Hinder),Antwerpen,0.0,5000000.0,0.0,5000000.0,2026,2026,11002,Antwerpen
gip-0366,Duurzaam personenvervoer en modal shift,Flankerende maatregelen Oosterweel,Leefbaar Antwerpen door Innovatief Samenwerken,Flankerend beleid Toekomstverbond,Flankerend (Toekomstverbond),Antwerpen,0.0,9383000.0,0.0,9383000.0,2026,2026,11002,Antwerpen
gip-0367,Duurzaam personenvervoer en modal shift,Flankerende maatregelen Oosterweel,Leefbaar Antwerpen door Innovatief Samenwerken,Station Sport,Station Sport OV,Antwerpen,0.0,600000.0,0.0,600000.0,2026,2026,11002,Antwerpen
gip-0368,Duurzaam personenvervoer en modal shift,Flankerende maatregelen Oosterweel,Leefbaar Antwerpen door Innovatief Samenwerken,Studie OV corridor Oost,Studie OV corridor Oost,Antwerpen,0.0,500000.0,0.0,500000.0,2026,2026,11002,Antwerpen
gip-0369,Duurzaam personenvervoer en modal shift,Flankerende maatregelen Oosterweel,Leefbaar Antwerpen door Innovatief Samenwerken,Tramlijn - Districtenroute,Tramlijn - Districtenroute: quick wins,Antwerpen,0.0,300000.0,0.0,300000.0,2026,2026,11002,Antwerpen
gip-0370,Duurzaam personenvervoer en modal shift,Hoppinpunten en carpool,Agentschap Wegen En Verkeer,Carpoolparking II Deerlijk,fase 1,Deerlijk,0.0,490000.0,0.0,490000.0,2026,2026,34009,Deerlijk
gip-0371,Duurzaam personenvervoer en modal shift,Hoppinpunten en carpool,Agentschap Wegen En Verkeer,R30 Brugge Komvest,Uitvoering,Brugge,0.0,500000.0,0.0,500000.0,2026,2026,31005,Brugge
gip-0372,Duurzaam personenvervoer en modal shift,Leefbaarheidsprojecten Oosterweel,Leefbaar Antwerpen door Innovatief Samenwerken,Leefbaarheid - fase II,Leefbaarheid - fase II,Antwerpen,0.0,626200000.0,0.0,626200000.0,2026,2026,11002,Antwerpen
gip-0373,Duurzaam personenvervoer en modal shift,Masterplan toegankelijke haltes,Agentschap Wegen En Verkeer,Masterplan toegankelijke haltes,Masterplan toegankelijke haltes,Vlaanderen,0.0,800000.0,0.0,800000.0,2026,2026,,
gip-0374,Duurzaam personenvervoer en modal shift,Reizigersinformatie,De Lijn,Reizigersinformatie,Reizigersinformatie,Vlaanderen,0.0,2057000.0,0.0,2057000.0,2026,2026,,
gip-0375,Duurzaam personenvervoer en modal shift,Reizigersinformatie,De Lijn,Verkoopskanalen en informatie reizigers,Verkoopskanalen en informatie reizigers,Vlaanderen,0.0,4388916.0,0.0,4388916.0,2026,2026,,
gip-0376,Duurzaam personenvervoer en modal shift,Stationsomgevingen,De Lijn,Autobusstation Brussel Zuid,Autobusstation Brussel Zuid,Brussel Zuid,0.0,440000.0,0.0,440000.0,2026,2026,21004,Brussel
gip-0377,Duurzaam personenvervoer en modal shift,Stationsomgevingen,De Lijn,Genk,Genk,Genk,0.0,135000.0,0.0,135000.0,2026,2026,71016,Genk
gip-0378,Duurzaam personenvervoer en modal shift,Stationsomgevingen,De Lijn,Gent Sint Pieters,Gent Sint Pieters,Gent,0.0,40000.0,0.0,40000.0,2026,2026,44021,Gent
gip-0379,Duurzaam personenvervoer en modal shift,Stationsomgevingen,De Lijn,Harelbeke,Harelbeke,Harelbeke,0.0,30000.0,0.0,30000.0,2026,2026,34013,Harelbeke
gip-0380,Duurzaam personenvervoer en modal shift,Stationsomgevingen,De Lijn,Herentals,Herentals,Herentals,0.0,65000.0,0.0,65000.0,2026,2026,13011,Herentals
gip-0381,Duurzaam personenvervoer en modal shift,Stationsomgevingen,De Lijn,Kortrijk,Kortrijk,Kortrijk,0.0,80000.0,0.0,80000.0,2026,2026,34022,Kortrijk
gip-0382,Duurzaam personenvervoer en modal shift,Stationsomgevingen,De Lijn,Lokeren,Lokeren,Lokeren,0.0,268000.0,0.0,268000.0,2026,2026,46014,Lokeren
gip-0383,Duurzaam personenvervoer en modal shift,Stationsomgevingen,De Lijn,Maaseik,Maaseik,Maaseik,0.0,100000.0,0.0,100000.0,2026,2026,72021,Maaseik
gip-0384,Duurzaam personenvervoer en modal shift,Stationsomgevingen,De Lijn,Malle,Malle,Malle,0.0,10000.0,0.0,10000.0,2026,2026,11057,Malle
gip-0385,Duurzaam personenvervoer en modal shift,Stationsomgevingen,De Lijn,Mechelen,Mechelen,Mechelen,0.0,11610.0,0.0,11610.0,2026,2026,12025,Mechelen
gip-0386,Duurzaam personenvervoer en modal shift,Stationsomgevingen,De Lijn,Menen,Menen,Menen,0.0,188000.0,0.0,188000.0,2026,2026,34027,Menen
gip-0387,Duurzaam personenvervoer en modal shift,Stationsomgevingen,De Lijn,Oelegem Halteaankondiging P&R,Oelegem Halteaankondiging P&R,Oelegem,0.0,170000.0,0.0,170000.0,2026,2026,,
gip-0388,Duurzaam personenvervoer en modal shift,Stationsomgevingen,De Lijn,Toegankelijkeid autobusstations,Toegankelijkeid autobusstations,Vlaanderen,0.0,219000.0,0.0,219000.0,2026,2026,,
gip-0389,Duurzaam personenvervoer en modal shift,Stationsomgevingen,De Lijn,Tongeren,Tongeren,Tongeren,0.0,235000.0,0.0,235000.0,2026,2026,73083,Tongeren
gip-0390,Duurzaam personenvervoer en modal shift,Stationsomgevingen,De Lijn,Turnhout,Turnhout,Turnhout,0.0,188000.0,0.0,188000.0,2026,2026,13040,Turnhout
gip-0391,Duurzaam personenvervoer en modal shift,Stationsomgevingen,De Lijn,Vilvoorde,Vilvoorde,Vilvoorde,0.0,158000.0,0.0,158000.0,2026,2026,23088,Vilvoorde
gip-0392,Duurzaam personenvervoer en modal shift,Stationsomgevingen,De Lijn,Willebroek,Willebroek,Willebroek,0.0,5000.0,0.0,5000.0,2026,2026,12040,Willebroek
gip-0393,Duurzaam personenvervoer en modal shift,Trams,De Lijn,Aanbesteding tramcontract,Aanbesteding tramcontract,Vlaanderen,0.0,85206.0,0.0,85206.0,2026,2026,,
gip-0394,Duurzaam personenvervoer en modal shift,Trams,De Lijn,Midlife Revisie Hermelijntrams,Midlife Revisie Hermelijntrams,Vlaanderen,0.0,5739191.0,0.0,5739191.0,2026,2026,,
gip-0395,Duurzaam personenvervoer en modal shift,Trams,De Lijn,POC Anti Collision System OTIV,POC Anti Collision System OTIV,Vlaanderen,0.0,50000.0,0.0,50000.0,2026,2026,,
gip-0396,Duurzaam personenvervoer en modal shift,Vergroening bussen,De Lijn,E-bussysteem,E-bussysteem - aankoop e-bussen,Vlaanderen,0.0,29563495.0,0.0,29563495.0,2026,2026,,
gip-0397,Duurzaam personenvervoer en modal shift,Vergroening bussen,De Lijn,E-bussysteem,E-bussysteem - laadinfrastructuur en stelplaatsen,Vlaanderen,0.0,70602953.0,0.0,70602953.0,2026,2026,,
gip-0398,Duurzaam personenvervoer en modal shift,Vergroening bussen,De Lijn,E-bussysteem,E-bussysteem - projectresources + studies,Vlaanderen,0.0,2632811.0,0.0,2632811.0,2026,2026,,
gip-0399,Duurzaam personenvervoer en modal shift,Vergroening bussen,De Lijn,E-bussysteem,E-bussysteem - software vergroening en projectmanagement,Vlaanderen,0.0,1467187.0,0.0,1467187.0,2026,2026,,
gip-0400,Duurzaam personenvervoer en modal shift,Verkeersleefbaarheidsprojecten,Agentschap Wegen En Verkeer,E17 Menen - bodemsanering LAR Rekkem,Uitvoering,Menen,0.0,450000.0,0.0,450000.0,2026,2026,34027,Menen
gip-0401,Duurzaam personenvervoer en modal shift,Verkeersleefbaarheidsprojecten,Agentschap Wegen En Verkeer,N8 Kortrijk - herinrichting Meensesteenweg,Studie,Kortrijk,0.0,450000.0,0.0,450000.0,2026,2026,34022,Kortrijk
gip-0402,Grote investeringen in de zeehavens,Extra Containercapaciteit Antwerpen,De Vlaamse Waterweg,Complex project Extra Containercapaciteit Antwerpen,Complex project Extra Containercapaciteit Antwerpen,Beveren,0.0,200000.0,0.0,200000.0,2026,2026,46003,Beveren
gip-0403,Grote investeringen in de zeehavens,Extra Containercapaciteit Antwerpen,Departement Mobiliteit en Openbare Werken,Complex project Extra Containercapaciteit Antwerpen,Complex project Extra Containercapaciteit Antwerpen,Zeehaven van Antwerpen,0.0,2270000.0,0.0,2270000.0,2026,2026,11002,Antwerpen
gip-0404,Grote investeringen in de zeehavens,Extra Containercapaciteit Antwerpen,Departement Mobiliteit en Openbare Werken,Heraanleg E34,Heraanleg E34,Zeehaven van Antwerpen,0.0,2550000.0,0.0,2550000.0,2026,2026,11002,Antwerpen
gip-0405,Grote investeringen in de zeehavens,Extra Containercapaciteit Antwerpen,Departement Mobiliteit en Openbare Werken,Verbond Ommeland,Verbond Ommeland,Haven van Antwerpen,0.0,2000000.0,0.0,2000000.0,2026,2026,11002,Antwerpen
gip-0406,Grote investeringen in de zeehavens,Kanaal Gent-Terneuzen,Departement Mobiliteit en Openbare Werken,Nieuwe Sluis Terneuzen,Nieuwe Sluis Terneuzen,Zeehavenoverschrijdend,0.0,15000000.0,0.0,15000000.0,2026,2026,,
gip-0407,Grote investeringen in de zeehavens,Nieuwe Sluis Zeebrugge,Departement Mobiliteit en Openbare Werken,Complex project Nieuwe Sluis Zeebrugge,Complex project Nieuwe Sluis Zeebrugge,Zeehaven van Zeebrugge,0.0,3300000.0,0.0,3300000.0,2026,2026,,
gip-0408,Grote investeringen in de zeehavens,Royerssluis,Departement Mobiliteit en Openbare Werken,Bouw sluizen - Royerssluis,Bouw sluizen - Royerssluis,Zeehaven van Antwerpen,0.0,19500000.0,0.0,19500000.0,2026,2026,11002,Antwerpen
gip-0409,Grote investeringen in de zeehavens,Voorhaven Oostende,Departement Mobiliteit en Openbare Werken,Ontwikkeling oostelijk havenareaal,Ontwikkeling oostelijk havenareaal,Zeehaven van Oostende,0.0,700000.0,0.0,700000.0,2026,2026,35013,Oostende
gip-0410,Grote werken in het waterwegennet,Albertkanaal,De Vlaamse Waterweg,Beschikbaarheidsvergoeding PPS Verhogen bruggen Albertkanaal,Beschikbaarheidsvergoeding PPS Verhogen bruggen Albertkanaal - fase 1,Albertkanaal,0.0,4930000.0,0.0,4930000.0,2026,2026,,
gip-0411,Grote werken in het waterwegennet,Albertkanaal,De Vlaamse Waterweg,Beschikbaarheidsvergoeding PPS Verhogen bruggen Albertkanaal,Beschikbaarheidsvergoeding PPS Verhogen bruggen Albertkanaal - fase 2,Albertkanaal,0.0,6720000.0,0.0,6720000.0,2026,2026,,
gip-0412,Grote werken in het waterwegennet,Albertkanaal,De Vlaamse Waterweg,Diverse kosten verhogen bruggen,"Diverse kosten verhogen bruggen (proeven, nutsleidingen, verrekeningen, herzieningen,…)",Vlaanderen,0.0,1590000.0,0.0,1590000.0,2026,2026,,
gip-0413,Grote werken in het waterwegennet,Albertkanaal,De Vlaamse Waterweg,Herbouw wegbrug Turnhoutsebaan Wijnegem (BR52),Herbouw wegbrug Turnhoutsebaan Wijnegem (BR52),Wijnegem,0.0,3025000.0,0.0,3025000.0,2026,2026,11050,Wijnegem
gip-0414,Grote werken in het waterwegennet,Albertkanaal,De Vlaamse Waterweg,Verhogen wegbrug Kempische poort (N74) Hasselt (BR17),Verhogen wegbrug Kempische poort (N74) Hasselt (BR17),Hasselt,0.0,70000.0,0.0,70000.0,2026,2026,71022,Hasselt
gip-0415,Grote werken in het waterwegennet,Albertkanaal,De Vlaamse Waterweg,Vernieuwen oevers tussen Hoogmolenbrug en brug van den Azijn,"Vernieuwen oevers tussen Hoogmolenbrug en brug van den Azijn, RO afwaarts Kruiningenstraat",Schoten,0.0,200000.0,0.0,200000.0,2026,2026,11040,Schoten
gip-0416,Grote werken in het waterwegennet,Albertkanaal,De Vlaamse Waterweg,"Verruimig AK zone Antwerpen,",Verruimig afwaarts brug van Azijn tot Lobroekdok,Antwerpen,0.0,4600000.0,0.0,4600000.0,2026,2026,11002,Antwerpen
gip-0417,Grote werken in het waterwegennet,Seine Schelde,De Vlaamse Waterweg,Bouw 2de sluis Ooigem,Bouw 2e sluis Ooigem - studie,Wielsbeke,0.0,1000000.0,0.0,1000000.0,2026,2026,37017,Wielsbeke
gip-0418,Grote werken in het waterwegennet,Seine Schelde,De Vlaamse Waterweg,Bouw fietsbrug op F422 te Deinze,Bouw fietsbrug op F422 te Deinze,Deinze,0.0,35000.0,0.0,35000.0,2026,2026,44083,Deinze
gip-0419,Grote werken in het waterwegennet,Seine Schelde,De Vlaamse Waterweg,Bouw vispassage Menen,Bouw vispassage Menen,Menen,0.0,900000.0,0.0,900000.0,2026,2026,34027,Menen
gip-0420,Grote werken in het waterwegennet,Seine Schelde,De Vlaamse Waterweg,Diversen Seine Schelde,Diversen Seine-Schelde: projectmanagement en communicatiekosten,Vlaanderen,0.0,3210000.0,0.0,3210000.0,2026,2026,,
gip-0421,Grote werken in het waterwegennet,Seine Schelde,De Vlaamse Waterweg,Doortocht Wervik,Doortocht Wervik,Wervik,0.0,2000000.0,0.0,2000000.0,2026,2026,33029,Wervik
gip-0422,Grote werken in het waterwegennet,Seine Schelde,De Vlaamse Waterweg,Herbouw fietsbrug Nevele,Herbouw fietsbrug Nevele,Nevele,0.0,205000.0,0.0,205000.0,2026,2026,,
gip-0423,Grote werken in het waterwegennet,Seine Schelde,De Vlaamse Waterweg,Herbouw Krakelebrug te Brugge,Herbouw Krakelebrug te Brugge - studie,Brugge,0.0,386000.0,0.0,386000.0,2026,2026,31005,Brugge
gip-0424,Grote werken in het waterwegennet,Seine Schelde,De Vlaamse Waterweg,Herbouw wegbrug Wevelgem-Lauwe,Herbouw wegbrug Wevelgem-Lauwe,Wevelgem,0.0,8575000.0,0.0,8575000.0,2026,2026,34041,Wevelgem
gip-0425,Grote werken in het waterwegennet,Seine Schelde,De Vlaamse Waterweg,"Kalibratie Leie, pand 140 - oevers","Kalibratie Leie, pand 140 - oevers",Leie,0.0,10300000.0,0.0,10300000.0,2026,2026,,
gip-0426,Grote werken in het waterwegennet,Seine Schelde,De Vlaamse Waterweg,"Kalibratie Leie, pand 150/160 - oevers","Kalibratie Leie, pand 150/160 - oevers",Leie,0.0,18450.0,0.0,18450.0,2026,2026,,
gip-0427,Grote werken in het waterwegennet,Seine Schelde,De Vlaamse Waterweg,Kanaal Bossuit Kortrijk: Economische ontwikkeling huidig kanaal,Opwaardering kanaal Bossuit-Kortrijk - 2 investeren in huidig kanaal,Kanaal Bossuit-Kortrijk,0.0,1000000.0,0.0,1000000.0,2026,2026,34022,Kortrijk
gip-0428,Grote werken in het waterwegennet,Seine Schelde,De Vlaamse Waterweg,Leie-as,Leie-as,Vlaanderen,0.0,1465800.0,0.0,1465800.0,2026,2026,,
gip-0429,Grote werken in het waterwegennet,Seine Schelde,De Vlaamse Waterweg,Opwaardering kanaal Roeselare-Leie,Opwaardering kanaal Roeselare-Leie - Lysbrug,Kanaal Roeselare-Leie,0.0,600000.0,0.0,600000.0,2026,2026,36015,Roeselare
gip-0430,Grote werken in het waterwegennet,Seine Schelde,De Vlaamse Waterweg,Opwaardering kanaal Roeselare-Leie,Opwaardering kanaal Roeselare-Leie - studies,Kanaal Roeselare-Leie,0.0,585000.0,0.0,585000.0,2026,2026,36015,Roeselare
gip-0431,Grote werken in het waterwegennet,Seine Schelde,De Vlaamse Waterweg,Opwaardering kanaal Roeselare-Leie - werken,Opwaardering kanaal Roeselare-Leie - werken,Kanaal Roeselare-Leie,0.0,53000.0,0.0,53000.0,2026,2026,36015,Roeselare
gip-0432,Grote werken in het waterwegennet,Seine Schelde,De Vlaamse Waterweg,Stadsvaart Brugge - herbouw Steenbruggebrug,Stadsvaart Brugge - herbouw Steenbruggebrug - werken (aandeel DVW),Brugge,0.0,771000.0,0.0,771000.0,2026,2026,31005,Brugge
gip-0433,Grote werken in het waterwegennet,Seine Schelde,De Vlaamse Waterweg,Tijdelijke Kruispoortbrug Brugge,Tijdelijke Kruispoortbrug Brugge,Brugge,0.0,170000.0,0.0,170000.0,2026,2026,31005,Brugge
gip-0434,Grote werken in het waterwegennet,Seine Schelde,De Vlaamse Waterweg,Vernieuwen Kop van de Vaart te Roeselare,Vernieuwen Kop van de Vaart te Roeselare,Roeselare,0.0,1060000.0,0.0,1060000.0,2026,2026,36015,Roeselare
gip-0435,Grote werken in het waterwegennet,Seine Schelde,De Vlaamse Waterweg,Vernieuwen van oevers en kaaimuren kanaal Roeselare-Leie,Vernieuwen van kaaimuren kanaal Roeselare-Leie,Kanaal Roeselare-Leie,0.0,160000.0,0.0,160000.0,2026,2026,36015,Roeselare
gip-0436,Grote werken in het waterwegennet,Seine Schelde,De Vlaamse Waterweg,Vernieuwen van oevers en kaaimuren kanaal Roeselare-Leie,Vernieuwen van oevers kanaal Roeselare-Leie,Kanaal Roeselare-Leie,0.0,3352000.0,0.0,3352000.0,2026,2026,36015,Roeselare
gip-0437,Grote werken in het wegennet,Seine Schelde,De Werkvennootschap,Onteigeningen De Werkvennootschap,Onteigeningen De Werkvennootschap,Vlaanderen,0.0,20000000.0,0.0,20000000.0,2026,2026,,
gip-0438,Grote werken in het wegennet,Beschikbaarheidsvergoedingen,Agentschap Wegen En Verkeer,Brabo 1,Uitvoering,"Antwerpen, Boechout, Mortsel, Wijnegem",0.0,7364963.0,0.0,7364963.0,2026,2026,11002;11004;11029;11050,Antwerpen;Boechout;Mortsel;Wijnegem
gip-0439,Grote werken in het wegennet,Beschikbaarheidsvergoedingen,Agentschap Wegen En Verkeer,Brabo 2,Brabo 2,Antwerpen,0.0,1237113.0,0.0,1237113.0,2026,2026,11002,Antwerpen
gip-0440,Grote werken in het wegennet,Beschikbaarheidsvergoedingen,Agentschap Wegen En Verkeer,Brabo 2,Brabo 2 - Stad Antwerpen,Antwerpen,0.0,8602784.0,0.0,8602784.0,2026,2026,11002,Antwerpen
gip-0441,Grote werken in het wegennet,Beschikbaarheidsvergoedingen,Agentschap Wegen En Verkeer,NZK,Diverse,"Geel, Kasterlee, Westerlo",0.0,67128.0,0.0,67128.0,2026,2026,13008;13017;13049,Geel;Kasterlee;Westerlo
gip-0442,Grote werken in het wegennet,Beschikbaarheidsvergoedingen,Agentschap Wegen En Verkeer,NZK,Uitvoering,"Geel, Kasterlee, Westerlo",0.0,20078946.0,0.0,20078946.0,2026,2026,13008;13017;13049,Geel;Kasterlee;Westerlo
gip-0443,Grote werken in het wegennet,Beschikbaarheidsvergoedingen,Agentschap Wegen En Verkeer,Via A11,Uitvoering,"Brugge, Knokke-Heist",0.0,56370049.0,0.0,56370049.0,2026,2026,31005;31043,Brugge;Knokke-Heist
gip-0444,Grote werken in het wegennet,Beschikbaarheidsvergoedingen,Agentschap Wegen En Verkeer,Via R4 Gent,Uitvoering,"Gent, Merelbeke",0.0,8698194.0,0.0,8698194.0,2026,2026,44021;44043,Gent;Merelbeke
gip-0445,Grote werken in het wegennet,Beschikbaarheidsvergoedingen,Agentschap Wegen En Verkeer,Via Zaventem,Uitvoering,"Machelen, Steenokkerzeel, Vilvoorde",0.0,5967550.0,0.0,5967550.0,2026,2026,23047;23081;23088,Machelen;Steenokkerzeel;Vilvoorde
gip-0446,Grote werken in het wegennet,BTW projecten DWV,Agentschap Wegen En Verkeer,BTW aan De Werkvennootschap,BTW aan De Werkvennootschap,Vlaanderen,0.0,20002000.0,0.0,20002000.0,2026,2026,,
gip-0447,Grote werken in het wegennet,E403,Agentschap Wegen En Verkeer,E403 Roeselare Brugge - verbreding,Studie,"Ardooie, Izegem, Lichtervelde, Oostkamp, Torhout, Zedelgem",0.0,5400000.0,0.0,5400000.0,2026,2026,37020;36008;36011;31022;31033;31040,Ardooie;Izegem;Lichtervelde;Oostkamp;Torhout;Zedelgem
gip-0448,Grote werken in het wegennet,Flankerende maatregelen Oosterweel,Leefbaar Antwerpen door Innovatief Samenwerken,A12 OV: Tramlijn A12 - UZA,Tramlijn UZA - aandeel OV,Antwerpen,0.0,550000.0,0.0,550000.0,2026,2026,11002,Antwerpen
gip-0449,Grote werken in het wegennet,Gentspoort,De Werkvennootschap,Gentspoort - Studiekosten,Gentspoort - Studiekosten,Gent,0.0,5580551.0,0.0,5580551.0,2026,2026,44021,Gent
gip-0450,Grote werken in het wegennet,Gentspoort,De Werkvennootschap,Gentspoort - Uitvoering niet-aannemer,Gentspoort - Uitvoering niet-aannemer,Gent,0.0,897500.0,0.0,897500.0,2026,2026,44021,Gent
gip-0451,Grote werken in het wegennet,Grote projecten,Agentschap Wegen En Verkeer,A12 Aartselaar Ombouw A12 tot prim. weg- rout2030,Studie,"Aartselaar, Antwerpen",0.0,1943228.0,0.0,1943228.0,2026,2026,11001;11002,Aartselaar;Antwerpen
gip-0452,Grote werken in het wegennet,Grote projecten,Agentschap Wegen En Verkeer,CP Oostelijke Verbinding - onderzoeksfase,Studie,"Antwerpen, Kapellen, Ranst, Stabroek, Wommelgem",0.0,300000.0,0.0,300000.0,2026,2026,11002;11023;11035;11044;11052,Antwerpen;Kapellen;Ranst;Stabroek;Wommelgem
gip-0453,Grote werken in het wegennet,Grote projecten,Agentschap Wegen En Verkeer,N20 Hasselt ontsluiting Jessa,Fase 2,Hasselt,0.0,500000.0,0.0,500000.0,2026,2026,71022,Hasselt
gip-0454,Grote werken in het wegennet,Grote projecten,Agentschap Wegen En Verkeer,N79 Tongeren: omleidingsweg fase 3,fase 3,Tongeren,0.0,21500000.0,0.0,21500000.0,2026,2026,73083,Tongeren
gip-0455,Grote werken in het wegennet,Grote projecten,Agentschap Wegen En Verkeer,N9 Rondweg (Asse),Diverse,Asse,0.0,135000.0,0.0,135000.0,2026,2026,23002,Asse
gip-0456,Grote werken in het wegennet,Grote projecten,Agentschap Wegen En Verkeer,R1 A112 Antwerpen Knoop Zuid,Studie,Antwerpen,0.0,5100000.0,0.0,5100000.0,2026,2026,11002,Antwerpen
gip-0457,Grote werken in het wegennet,Grote projecten,Agentschap Wegen En Verkeer,R4-oost Zelzate-ombouw tot Vlaamse hoofdweg,Ontwerpstudie,Zelzate,0.0,600000.0,0.0,600000.0,2026,2026,43018,Zelzate
gip-0458,Grote werken in het wegennet,Grote werken in het wegennet,Agentschap Wegen En Verkeer,N171 Rumst doortrekking fase 3,Studie,Rumst,0.0,1500000.0,0.0,1500000.0,2026,2026,11037,Rumst
gip-0459,Grote werken in het wegennet,Grote werken in het wegennet,Agentschap Wegen En Verkeer,N26 Mechelen Arsenaalverbinding,fase 1,Mechelen,0.0,2100000.0,0.0,2100000.0,2026,2026,12025,Mechelen
gip-0460,Grote werken in het wegennet,Grote werken in het wegennet,Agentschap Wegen En Verkeer,R013 Turnhout Zuidelijke ring,Studie,Turnhout,0.0,90000.0,0.0,90000.0,2026,2026,13040,Turnhout
gip-0461,Grote werken in het wegennet,Grote werken in het wegennet,Agentschap Wegen En Verkeer,Totaalpakket R8,Fase 2,"Harelbeke, Kortrijk",0.0,3710000.0,0.0,3710000.0,2026,2026,34013;34022,Harelbeke;Kortrijk
gip-0462,Grote werken in het wegennet,HOV Limburg,De Werkvennootschap,HOV Hasselt - Maasmechelen (Lijn 2) - Prijsherzieningen en verrekeningen - lopende werven,HOV Hasselt - Maasmechelen (Lijn 2) - Prijsherzieningen en verrekeningen - lopende werven,"Hasselt, Diepenbeek, Genk, Maasmechelen",0.0,1050000.0,0.0,1050000.0,2026,2026,71022;71011;71016;73107,Hasselt;Diepenbeek;Genk;Maasmechelen
gip-0463,Grote werken in het wegennet,HOV Limburg,De Werkvennootschap,HOV Hasselt - Maasmechelen (Lijn 2) - Studiekosten,HOV Hasselt - Maasmechelen (Lijn 2) - Studiekosten,"Hasselt, Diepenbeek, Genk, Maasmechelen",0.0,2210656.0,0.0,2210656.0,2026,2026,71022;71011;71016;73107,Hasselt;Diepenbeek;Genk;Maasmechelen
gip-0464,Grote werken in het wegennet,HOV Limburg,De Werkvennootschap,HOV Hasselt - Maasmechelen (Lijn 2) - Uitvoering werken niet- aannemer,HOV Hasselt - Maasmechelen (Lijn 2) - Uitvoering werken niet-aannemer,"Hasselt, Diepenbeek, Genk, Maasmechelen",0.0,633725.0,0.0,633725.0,2026,2026,71022;71011;71016;73107,Hasselt;Diepenbeek;Genk;Maasmechelen
gip-0465,Grote werken in het wegennet,HOV Limburg,De Werkvennootschap,HOV Hasselt-Maastricht (Lijn 1) - Studiekosten,HOV Hasselt-Maastricht (Lijn 1) - Studiekosten,"Hasselt, Diepenbeek, Bilzen, Lanaken, Maastricht",0.0,600000.0,0.0,600000.0,2026,2026,71022;71011;73006;73042,Hasselt;Diepenbeek;Bilzen;Lanaken
gip-0466,Grote werken in het wegennet,Mechelen Noord,Agentschap Wegen En Verkeer,A1 Mechelen - Conceptstudie Westelijke Ringweg,Studie,Mechelen,0.0,4500000.0,0.0,4500000.0,2026,2026,12025,Mechelen
gip-0467,Grote werken in het wegennet,Noord Zuid Limburg,De Werkvennootschap,HOV Hasselt - Noord-Limburg (Lijn 3) - Studiekosten,HOV Hasselt - Noord-Limburg (Lijn 3) - Studiekosten,"Hasselt,Hechtel-Eksel,Houthalen- Helchteren,Pelt,Zonhoven",0.0,90000.0,0.0,90000.0,2026,2026,71022;72038;72039;72043;71066,Hasselt;Hechtel-Eksel;Houthalen-Helchteren;Pelt;Zonhoven
gip-0468,Grote werken in het wegennet,Noord Zuid Limburg,De Werkvennootschap,Noord Zuid Limburg - Prijsherzieningen en verrekeningen - lopende werven,Noord Zuid Limburg - Prijsherzieningen en verrekeningen - lopende werven,Houthalen-Helchteren,0.0,225000.0,0.0,225000.0,2026,2026,72039,Houthalen-Helchteren
gip-0469,Grote werken in het wegennet,Noord Zuid Limburg,De Werkvennootschap,Noord Zuid Limburg - Studiekosten,Noord Zuid Limburg - Studiekosten,Houthalen-Helchteren,0.0,3832439.0,0.0,3832439.0,2026,2026,72039,Houthalen-Helchteren
gip-0470,Grote werken in het wegennet,Noord Zuid Limburg,De Werkvennootschap,Noord Zuid Limburg - Uitvoering DBFM,Noord Zuid Limburg - Uitvoering DBFM,Houthalen-Helchteren,0.0,3977528.0,0.0,3977528.0,2026,2026,72039,Houthalen-Helchteren
gip-0471,Grote werken in het wegennet,Oostelijke Tangent,Agentschap Wegen En Verkeer,R42 Sint-Niklaas en Temse Oostelijke Tangent,Diverse,"Sint-Niklaas, Temse",0.0,50000.0,0.0,50000.0,2026,2026,46021;46025,Sint-Niklaas;Temse
gip-0472,Grote werken in het wegennet,Oostelijke Tangent,Agentschap Wegen En Verkeer,R42 Sint-Niklaas en Temse Oostelijke Tangent,Studie,"Sint-Niklaas, Temse",0.0,3000000.0,0.0,3000000.0,2026,2026,46021;46025,Sint-Niklaas;Temse
gip-0473,Grote werken in het wegennet,Oosterweel,Leefbaar Antwerpen door Innovatief Samenwerken,Algemeen,algemeen (Compensaties),Antwerpen,0.0,550000.0,0.0,550000.0,2026,2026,11002,Antwerpen
gip-0474,Grote werken in het wegennet,Oosterweel,Leefbaar Antwerpen door Innovatief Samenwerken,Oosterweel algemeen,Oosterweel algemeen (Projectmanagement),Antwerpen,0.0,26757000.0,0.0,26757000.0,2026,2026,11002,Antwerpen
gip-0475,Grote werken in het wegennet,Oosterweel,Leefbaar Antwerpen door Innovatief Samenwerken,Oosterweel Kanaaltunnels & R1,Oosterweel KT & R1 (+LBH),Antwerpen,0.0,1006726000.0,0.0,1006726000.0,2026,2026,11002,Antwerpen
gip-0476,Grote werken in het wegennet,Oosterweel,Leefbaar Antwerpen door Innovatief Samenwerken,Oosterweel voorbereidende werken,Oosterweel voorber. werken,Antwerpen,0.0,8247000.0,0.0,8247000.0,2026,2026,11002,Antwerpen
gip-0477,Grote werken in het wegennet,R4 West Oost,De Werkvennootschap,R4 West Oost - Minder Hinder doorstroming,R4 West Oost - Minder Hinder doorstroming,"Gent,Evergem",0.0,1437356.0,0.0,1437356.0,2026,2026,44021;44019,Gent;Evergem
gip-0478,Grote werken in het wegennet,R4 West Oost,De Werkvennootschap,R4 West Oost - Minder Hinder veer,R4 West Oost - Minder Hinder veer,"Gent,NSP",0.0,1588730.0,0.0,1588730.0,2026,2026,44021,Gent
gip-0479,Grote werken in het wegennet,R4 West Oost,De Werkvennootschap,R4 West Oost - Studiekosten,R4 West Oost - Studiekosten,"Gent,Evergem,Lochristi,Zelzate,NSP",0.0,645000.0,0.0,645000.0,2026,2026,44021;44019;44034;43018,Gent;Evergem;Lochristi;Zelzate
gip-0480,Grote werken in het wegennet,R4 West Oost,De Werkvennootschap,R4 West Oost - Uitvoering werken niet-aannemer,R4 West Oost - Uitvoering werken niet-aannemer,"Gent,Evergem,Lochristi,Zelzate,NSP",0.0,1186847.0,0.0,1186847.0,2026,2026,44021;44019;44034;43018,Gent;Evergem;Lochristi;Zelzate
gip-0481,Grote werken in het wegennet,Rond Ronse,De Werkvennootschap,Rond Ronse - Studiekosten,Rond Ronse - Studiekosten,Ronse,0.0,1300034.0,0.0,1300034.0,2026,2026,45041,Ronse
gip-0482,Grote werken in het wegennet,Rond Ronse,De Werkvennootschap,Rond Ronse - Uitvoering DBFM,Rond Ronse - Uitvoering DBFM,Ronse,0.0,980024.0,0.0,980024.0,2026,2026,45041,Ronse
gip-0483,Grote werken in het wegennet,Tweede Tijsmanstunnel,Leefbaar Antwerpen door Innovatief Samenwerken,Tijsmanstunnel,Tijsmanstunnel,Antwerpen,0.0,7000000.0,0.0,7000000.0,2026,2026,11002,Antwerpen
gip-0484,Grote werken in het wegennet,Viaduct Gentbrugge,De Werkvennootschap,Viaduct Gentbrugge - Studiekosten,Viaduct Gentbrugge - Studiekosten,"Gent,Merelbeke-Melle,Destelbergen,Laarne",0.0,1111160.0,0.0,1111160.0,2026,2026,44021;44013;42010;44043;44040,Gent;Destelbergen;Laarne;Merelbeke;Melle
gip-0485,Grote werken in het wegennet,Werken aan de Ring,De Werkvennootschap,A8 Halle - Studiekosten,A8 Halle - Studiekosten,Halle,0.0,3545000.0,0.0,3545000.0,2026,2026,23027,Halle
gip-0486,Grote werken in het wegennet,Werken aan de Ring,De Werkvennootschap,A8 Halle - Uitvoering werken niet-aannemer,A8 Halle - Uitvoering werken niet-aannemer,Halle,0.0,120000.0,0.0,120000.0,2026,2026,23027,Halle
gip-0487,Grote werken in het wegennet,Werken aan de Ring,De Werkvennootschap,Brabantnet - Luchthaventram,Brabantnet - Luchthaventram,"Machelen, Zaventem",0.0,45010000.0,0.0,45010000.0,2026,2026,23047;23094,Machelen;Zaventem
gip-0488,Grote werken in het wegennet,Werken aan de Ring,De Werkvennootschap,Brabantnet - Prijsherzieningen en verrekeningen - lopende werven,Brabantnet - Prijsherzieningen en verrekeningen - lopende werven,Vlaamse Rand,0.0,2444237.0,0.0,2444237.0,2026,2026,,
gip-0489,Grote werken in het wegennet,Werken aan de Ring,De Werkvennootschap,Brabantnet - Ringtrambus,Brabantnet - Ringtrambus,"Grimbergen, Vilvoorde, Machelen, Zaventem",0.0,1068736.0,0.0,1068736.0,2026,2026,23025;23088;23047;23094,Grimbergen;Vilvoorde;Machelen;Zaventem
gip-0490,Grote werken in het wegennet,Werken aan de Ring,De Werkvennootschap,Brabantnet - Studiekosten,Brabantnet - Studiekosten,Vlaamse Rand,0.0,939866.0,0.0,939866.0,2026,2026,,
gip-0491,Grote werken in het wegennet,Werken aan de Ring,De Werkvennootschap,Brabantnet - Uitvoering werken niet-aannemer Luchthaventram,Brabantnet - Uitvoering werken niet-aannemer Luchthaventram,Vlaamse Rand,0.0,576000.0,0.0,576000.0,2026,2026,,
gip-0492,Grote werken in het wegennet,Werken aan de Ring,De Werkvennootschap,Brabantnet - Uitvoering werken niet-aannemer Ringtrambus,Brabantnet - Uitvoering werken niet-aannemer Ringtrambus,"Grimbergen, Vilvoorde, Machelen, Zaventem",0.0,203916.0,0.0,203916.0,2026,2026,23025;23088;23047;23094,Grimbergen;Vilvoorde;Machelen;Zaventem
gip-0493,Grote werken in het wegennet,Werken aan de Ring,De Werkvennootschap,Mobipunten Vlaamse Rand - Uitvoering werken,Mobipunten Vlaamse Rand - Uitvoering werken,Dilbeek,0.0,6039457.0,0.0,6039457.0,2026,2026,23016,Dilbeek
gip-0494,Grote werken in het wegennet,Werken aan de Ring,De Werkvennootschap,R0-Noord - Viaduct Prijsherzieningen en verrekeningen -lopende werven,R0-Noord - Viaduct Prijsherzieningen en verrekeningen -lopende werven,Vilvoorde,0.0,3474000.0,0.0,3474000.0,2026,2026,23088,Vilvoorde
gip-0495,Grote werken in het wegennet,Werken aan de Ring,De Werkvennootschap,R0-Noord - Fase 1 - N8 SPI + QW-RFN8-F212 Zuidelijk deel,R0-Noord - Fase 1 - N8 SPI + QW-RFN8-F212 Zuidelijk deel,Dilbeek,0.0,26154644.0,0.0,26154644.0,2026,2026,23016,Dilbeek
gip-0496,Grote werken in het wegennet,Werken aan de Ring,De Werkvennootschap,R0-Noord - Fase 1 - Viaduct Vilvoorde,R0-Noord - Fase 1 - Viaduct Vilvoorde,Vilvoorde,0.0,69405667.0,0.0,69405667.0,2026,2026,23088,Vilvoorde
gip-0497,Grote werken in het wegennet,Werken aan de Ring,De Werkvennootschap,R0-Noord - Fase 2 - Zone Zaventem,R0-Noord - Fase 2 - Zone Zaventem,Zaventem,0.0,2500000.0,0.0,2500000.0,2026,2026,23094,Zaventem
gip-0498,Grote werken in het wegennet,Werken aan de Ring,De Werkvennootschap,R0-Noord - QW-FR0 - Ringfietspad- segment N8 - F212- Noordelijk deel,R0-Noord - QW-FR0 - Ringfietspad- segment N8 - F212- Noordelijk deel,R0,0.0,455978.0,0.0,455978.0,2026,2026,,
gip-0499,Grote werken in het wegennet,Werken aan de Ring,De Werkvennootschap,R0-Noord - QW's Prijsherzieningen en verrekeningen - lopende werven,R0-Noord - QW's Prijsherzieningen en verrekeningen - lopende werven,R0,0.0,2761701.0,0.0,2761701.0,2026,2026,,
gip-0500,Grote werken in het wegennet,Werken aan de Ring,De Werkvennootschap,R0-Noord - Studiekosten herinrichting + QW,R0-Noord - Studiekosten herinrichting + QW,R0,0.0,12983977.0,0.0,12983977.0,2026,2026,,
gip-0501,Grote werken in het wegennet,Werken aan de Ring,De Werkvennootschap,R0-Noord - Uitvoering Minder Hinder/ werken niet-aannemer DBFM,R0-Noord - Uitvoering Minder Hinder/ werken niet-aannemer DBFM,R0,0.0,7562295.0,0.0,7562295.0,2026,2026,,
gip-0502,Grote werken in het wegennet,Werken aan de Ring,De Werkvennootschap,R0-Noord - Uitvoering werken niet-aannemer QW's & fase 1,R0-Noord - Uitvoering werken niet-aannemer QW's & fase 1,R0,0.0,3544592.0,0.0,3544592.0,2026,2026,,
gip-0503,Grote werken in het wegennet,Werken aan de Ring,De Werkvennootschap,R0-Oost - Prijsherzieningen en verrekeningen - lopende werven,R0-Oost - Prijsherzieningen en verrekeningen - lopende werven,R0,0.0,3800000.0,0.0,3800000.0,2026,2026,,
gip-0504,Grote werken in het wegennet,Werken aan de Ring,De Werkvennootschap,R0-Oost - QW-F204 - fase 2,R0-Oost - QW-F204 - fase 2,Overijse,0.0,111291.0,0.0,111291.0,2026,2026,23062,Overijse
gip-0505,Grote werken in het wegennet,Werken aan de Ring,De Werkvennootschap,R0-Oost - Studiekosten,R0-Oost - Studiekosten,R0,0.0,2041388.0,0.0,2041388.0,2026,2026,,
gip-0506,Grote werken in het wegennet,Werken aan de Ring,De Werkvennootschap,R0-Oost - Uitvoering werken niet aannemer,R0-Oost - Uitvoering werken niet aannemer,R0,0.0,2310706.0,0.0,2310706.0,2026,2026,,
gip-0507,Investeringen in de regionale luchthavens,Instandhouding luchthaveninfrastructuur,Departement Mobiliteit en Openbare Werken,Instandhouding luchthaveninfrastructuur Antwerpen,Instandhouding luchthaveninfrastructuur Antwerpen,Luchthaven Antwerpen,0.0,15605000.0,0.0,15605000.0,2026,2026,11002,Antwerpen
gip-0508,Investeringen in de regionale luchthavens,Instandhouding luchthaveninfrastructuur,Departement Mobiliteit en Openbare Werken,Instandhouding luchthaveninfrastructuur Oostende,Instandhouding luchthaveninfrastructuur Oostende,Luchthaven Oostende,0.0,6175000.0,0.0,6175000.0,2026,2026,35013,Oostende
gip-0509,Investeringen in duurzaam goederenvervoer,Beloodsingsmiddelen en hydrografie,Agentschap voor Maritieme Dienstverlening en Kust,"Aanpassing, vernieuwing en modernisering uitrusting varende eenheden","Aanpassing, vernieuwing en modernisering uitrusting varende eenheden",Vlaanderen,0.0,1500000.0,0.0,1500000.0,2026,2026,,
gip-0510,Investeringen in duurzaam goederenvervoer,Beloodsingsmiddelen en hydrografie,Agentschap voor Maritieme Dienstverlening en Kust,Bouw schepen i.h.k.v. beloodsing,Implementeren Vlootplan ihkv beloodsing,Vlaanderen,0.0,20000000.0,0.0,20000000.0,2026,2026,,
gip-0511,Investeringen in duurzaam goederenvervoer,Beloodsingsmiddelen en hydrografie,Agentschap voor Maritieme Dienstverlening en Kust,Inzetten vaartuigen van DAB Vloot t.b.v. Survey en Hydrometeo,Inzetten vaartuigen van DAB Vloot t.b.v. Survey en Hydrometeo,Vlaanderen,0.0,1000000.0,0.0,1000000.0,2026,2026,,
gip-0512,Investeringen in duurzaam goederenvervoer,Beloodsingsmiddelen en hydrografie,Agentschap voor Maritieme Dienstverlening en Kust,Project autonoom varen - innovatie,Innovatieprojecten,Vlaanderen,0.0,500000.0,0.0,500000.0,2026,2026,,
gip-0513,Investeringen in duurzaam goederenvervoer,Beloodsingsmiddelen en hydrografie,Agentschap voor Maritieme Dienstverlening en Kust,Uitvoeren van hydrografische lodingen voor de controle van baggerwerken,"Uitvoeren van hydrografische lodingen voor de controle van baggerwerken jachthavens, zeehavens en vaargeulen.",Vlaanderen,0.0,1367000.0,0.0,1367000.0,2026,2026,,
gip-0514,Investeringen in duurzaam goederenvervoer,Beloodsingsmiddelen en hydrografie,Agentschap voor Maritieme Dienstverlening en Kust,Uitvoering MDK innovatietraject: aankoop onbemand peil platform,Uitvoering MDK innovatietraject: aankoop onbemand peil platform,Vlaanderen,0.0,40000.0,0.0,40000.0,2026,2026,,
gip-0515,Investeringen in duurzaam goederenvervoer,Beloodsingsmiddelen en hydrografie,Agentschap voor Maritieme Dienstverlening en Kust,Voorzieningen alternatieve brandstoffen voor de schepen,Voorzieningen alternatieve brandstoffen voor de schepen,Vlaanderen,0.0,650000.0,0.0,650000.0,2026,2026,,
gip-0516,Investeringen in duurzaam goederenvervoer,Digitale transformatie van de binnenvaart,De Vlaamse Waterweg,River Information System (RIS)/scheepvaartmanagement,River Information System (RIS)/scheepvaartmanagement,Vlaanderen,0.0,3089000.0,0.0,3089000.0,2026,2026,,
gip-0517,Investeringen in duurzaam goederenvervoer,Haveninfrastructuur,De Vlaamse Waterweg,Aanleg wachtdok Schelde-Rijnkanaal,Aanleg wachtdok Schelde-Rijnkanaal,Schelde-Rijnkanaal,0.0,523000.0,0.0,523000.0,2026,2026,,
gip-0518,Investeringen in duurzaam goederenvervoer,Overslagmogelijkheden,De Vlaamse Waterweg,Bouwen van laad- en losinstallaties,Bouwen van laad- en losinstallaties,Vlaanderen,0.0,6338000.0,0.0,6338000.0,2026,2026,,
gip-0519,Investeringen in duurzaam goederenvervoer,Overslagmogelijkheden,De Vlaamse Waterweg,Diverse studies & steunmaatregelen ter bevordering binnenvaart,Diverse studies & steunmaatregelen ter bevordering binnenvaart,Vlaanderen,0.0,482500.0,0.0,482500.0,2026,2026,,
gip-0520,Investeringen in duurzaam goederenvervoer,Overslagmogelijkheden,De Vlaamse Waterweg,Diverse studies & steunmaatregelen ter bevordering binnenvaart,Mental shift,Vlaanderen,0.0,520000.0,0.0,520000.0,2026,2026,,
gip-0521,Investeringen in duurzaam goederenvervoer,Programma afstandsbediening,De Vlaamse Waterweg,Investeringen in afstandsbediening van kunstwerken en afstandbedieningscentrales,"Aanpassing algemene systemen (AIS, telemetrie,...)",Vlaanderen,0.0,2550000.0,0.0,2550000.0,2026,2026,,
gip-0522,Investeringen in duurzaam goederenvervoer,Programma afstandsbediening,De Vlaamse Waterweg,Investeringen in afstandsbediening van kunstwerken en afstandbedieningscentrales,Bouw van afstandsbedieningscentrales,Vlaanderen,0.0,1000000.0,0.0,1000000.0,2026,2026,,
gip-0523,Investeringen in duurzaam goederenvervoer,Programma afstandsbediening,De Vlaamse Waterweg,Investeringen in afstandsbediening van kunstwerken en afstandbedieningscentrales,Investeringen in afstandsbediening van kunstwerken en afstandbedieningscentrales,Vlaanderen,0.0,2300000.0,0.0,2300000.0,2026,2026,,
gip-0524,Investeringen in duurzaam goederenvervoer,Programma afstandsbediening,De Vlaamse Waterweg,Investeringen in afstandsbediening van kunstwerken en afstandbedieningscentrales,Re-engineering,Vlaanderen,0.0,7503000.0,0.0,7503000.0,2026,2026,,
gip-0525,Investeringen in duurzaam goederenvervoer,Programma afstandsbediening,De Vlaamse Waterweg,Investeringen in afstandsbediening van kunstwerken en afstandbedieningscentrales,Telematica,Vlaanderen,0.0,2570000.0,0.0,2570000.0,2026,2026,,
gip-0526,Investeringen in duurzaam goederenvervoer,Scheepvaartbegeleiding,Agentschap voor Maritieme Dienstverlening en Kust,"Afname diverse raamcontracten (ICT, consultancy, veiligheidscoördinatie, …)","Afname diverse raamcontracten (ICT, consultancy, veiligheidscoördinatie, …)",Vlaanderen,0.0,300000.0,0.0,300000.0,2026,2026,,
gip-0527,Investeringen in duurzaam goederenvervoer,Scheepvaartbegeleiding,Agentschap voor Maritieme Dienstverlening en Kust,ICT ontwikkeling t.b.v. de afdeling Scheepvaartbegeleiding als National Competent Authority (NCA) en Kustwachtpartner,ICT ontwikkeling tbv de afd Scheepvaartbegeleiding als NCA en Kustwachtpartner,Vlaanderen,0.0,500000.0,0.0,500000.0,2026,2026,,
gip-0528,Investeringen in duurzaam goederenvervoer,Scheepvaartbegeleiding,Agentschap voor Maritieme Dienstverlening en Kust,Instandhouding en structureel onderhoud van bouwkundige infrastructuur afdeling Scheepvaartbegeleiding,Instandhouding en structureel onderhoud van bouwkundige infrastructuur afdeling Scheepvaartbegeleiding,Vlaanderen,0.0,1000000.0,0.0,1000000.0,2026,2026,,
gip-0529,Investeringen in duurzaam goederenvervoer,Scheepvaartbegeleiding,Agentschap voor Maritieme Dienstverlening en Kust,"Uitbreiding en vervangingsinvestering van technische installaties, systemen en infrastructuur tbv verkeersbegeleiding","Uitbreiding en vervangingsinvestering van technische installaties, systemen en infrastructuur tbv verkeersbegeleiding",Vlaanderen,0.0,1500000.0,0.0,1500000.0,2026,2026,,
gip-0530,Investeringen in duurzaam goederenvervoer,Scheepvaartbegeleiding,Agentschap voor Maritieme Dienstverlening en Kust,"Uitbreiding en vervangsinvesteringen van technische installaties tbv maritieme veiligheid (maritieme signalisatie, CCTV, radiocommunicatie, …)","Uitbreiding en vervangsinvesteringen van technische installaties tbv maritieme veiligheid (maritieme signalisatie, CCTV, radiocommunicatie, …)",Vlaanderen,0.0,800000.0,0.0,800000.0,2026,2026,,
gip-0531,Investeringen in duurzaam goederenvervoer,Spoorinvesteringen,Departement Mobiliteit en Openbare Werken,Stationsomgeving Mechelen,Stationsomgeving Mechelen,Mechelen,0.0,1930000.0,0.0,1930000.0,2026,2026,12025,Mechelen
gip-0532,Investeringen in duurzaam goederenvervoer,Terreinontwikkelingen en economische netwerken,De Vlaamse Waterweg,Herontwikkeling Ford Genk,Herontwikkeling Ford Genk,Genk,0.0,2390000.0,0.0,2390000.0,2026,2026,71016,Genk
gip-0533,Investeringen in duurzaam goederenvervoer,Terreinontwikkelingen en economische netwerken,De Vlaamse Waterweg,Overige projectontwikkeling,Overige projectontwikkeling,Vlaanderen,0.0,4077000.0,0.0,4077000.0,2026,2026,,
gip-0534,Investeringen in duurzaam goederenvervoer,Veilig scheepvaartverkeer,De Vlaamse Waterweg,Implementatie regelgeving,Implementatie regelgeving,Vlaanderen,0.0,1900000.0,0.0,1900000.0,2026,2026,,
gip-0535,Investeringen in duurzaam goederenvervoer,Veilig scheepvaartverkeer,De Vlaamse Waterweg,Projecten lig- en wachtplaatsen,Projecten lig- en wachtplaatsen - uitbouw binnenvaartservices,Vlaanderen,0.0,675000.0,0.0,675000.0,2026,2026,,
gip-0536,Investeringen in duurzaam goederenvervoer,Vergroening binnenvaart,De Vlaamse Waterweg,Green Deal Binnenvaart,Green Deal Binnenvaart,Vlaanderen,0.0,550000.0,0.0,550000.0,2026,2026,,
gip-0537,Verkeersveiligheid,"Ingrepen verkeersveiligheid (gevaarlijke punten, schoolroutes,…)",Agentschap Wegen En Verkeer,Aanpassen en vernieuwen signalisatie,Duurzame markeringen,Vlaanderen,0.0,2000000.0,0.0,2000000.0,2026,2026,,
gip-0538,Verkeersveiligheid,"Ingrepen verkeersveiligheid (gevaarlijke punten, schoolroutes,…)",Agentschap Wegen En Verkeer,E40 inrichting parking Boutersem,Boscompensatie,Boutersem,0.0,136196.0,0.0,136196.0,2026,2026,24016,Boutersem
gip-0539,Verkeersveiligheid,"Ingrepen verkeersveiligheid (gevaarlijke punten, schoolroutes,…)",Agentschap Wegen En Verkeer,Gladheidsmeetsystemen langs autosnelwegen,Gladheidsmeetsystemen langs autosnelwegen,Vlaanderen,0.0,300000.0,0.0,300000.0,2026,2026,,
gip-0540,Verkeersveiligheid,"Ingrepen verkeersveiligheid (gevaarlijke punten, schoolroutes,…)",Agentschap Wegen En Verkeer,Handhaving,"Connectiviteit handhavingsinstallaties,Structureel onderhoud handhaving,Mobiele trajectcontrole,Herkeuring en herijking handhavingsinstallaties,Digitalisatie flitspalen RLC en SNC",Vlaanderen,0.0,2108981.0,0.0,2108981.0,2026,2026,,
gip-0541,Verkeersveiligheid,"Ingrepen verkeersveiligheid (gevaarlijke punten, schoolroutes,…)",Agentschap Wegen En Verkeer,Ingrepen/onderhoud beperkt omv. verkeersveiligheid,Ingrepen/onderhoud beperkt omv. verkeersveiligheid,Vlaanderen,0.0,28000000.0,0.0,28000000.0,2026,2026,,
gip-0542,Verkeersveiligheid,"Ingrepen verkeersveiligheid (gevaarlijke punten, schoolroutes,…)",Agentschap Wegen En Verkeer,N115 Merksem Oudebareellei,Diverse,Antwerpen,0.0,15000.0,0.0,15000.0,2026,2026,11002,Antwerpen
gip-0543,Verkeersveiligheid,"Ingrepen verkeersveiligheid (gevaarlijke punten, schoolroutes,…)",Agentschap Wegen En Verkeer,N32 Roeselare rotonde Meensesteenweg - Meiboomlaan,Studie,Roeselare,0.0,200000.0,0.0,200000.0,2026,2026,36015,Roeselare
gip-0544,Verkeersveiligheid,"Ingrepen verkeersveiligheid (gevaarlijke punten, schoolroutes,…)",Agentschap Wegen En Verkeer,N6 Bergensesteenweg (Sint-Pieters-Leeuw),Diverse,Sint-Pieters-Leeuw,0.0,800000.0,0.0,800000.0,2026,2026,23077,Sint-Pieters-Leeuw
gip-0545,Verkeersveiligheid,"Ingrepen verkeersveiligheid (gevaarlijke punten, schoolroutes,…)",Agentschap Wegen En Verkeer,N70 Gent Herinrichting complex R4/N70,Diverse,"Gent, Lochristi",0.0,60000.0,0.0,60000.0,2026,2026,44021;44034,Gent;Lochristi
gip-0546,Verkeersveiligheid,"Ingrepen verkeersveiligheid (gevaarlijke punten, schoolroutes,…)",Agentschap Wegen En Verkeer,N71 Lommel Overkapping Singel thv Stationstraat,Diverse,Lommel,0.0,120000.0,0.0,120000.0,2026,2026,72020,Lommel
gip-0547,Verkeersveiligheid,"Ingrepen verkeersveiligheid (gevaarlijke punten, schoolroutes,…)",Agentschap Wegen En Verkeer,N71 Lommel Overkapping Singel thv Stationstraat,Fase 2,Lommel,0.0,2000000.0,0.0,2000000.0,2026,2026,72020,Lommel
gip-0548,Verkeersveiligheid,"Ingrepen verkeersveiligheid (gevaarlijke punten, schoolroutes,…)",Agentschap Wegen En Verkeer,N9 Melle heraanleg wegvak nabij R4 - doorstroming,Diverse,Melle,0.0,20000.0,0.0,20000.0,2026,2026,44040,Melle
gip-0549,Verkeersveiligheid,"Ingrepen verkeersveiligheid (gevaarlijke punten, schoolroutes,…)",Agentschap Wegen En Verkeer,R30 Brugge kruispunt Gentpoort,fase 1,Brugge,0.0,1000000.0,0.0,1000000.0,2026,2026,31005,Brugge
gip-0550,Verkeersveiligheid,"Ingrepen verkeersveiligheid (gevaarlijke punten, schoolroutes,…)",Agentschap Wegen En Verkeer,R30 Brugge kruispunt Gentpoort,Uitvoering,Brugge,0.0,1500000.0,0.0,1500000.0,2026,2026,31005,Brugge
gip-0551,Verkeersveiligheid,Verkeerslichten,Agentschap Wegen En Verkeer,Verkeerslichten,"Verkeerslichten VRI (incl. actieplan),VLCC randbestekken (tellingen, detectie,...)",Vlaanderen,0.0,13000000.0,0.0,13000000.0,2026,2026,,
gip-0552,Verkeersveiligheid,Verkeersveiligheid op jaagpaden,De Vlaamse Waterweg,Aanleg nieuwe fietsverbinding jaagpad - diverse lokaties Albertkanaal,Aanleg nieuwe fietsverbinding jaagpad - lokale aanpassingen in Beringen en Tessenderlo,Beringen,0.0,361000.0,0.0,361000.0,2026,2026,71004,Beringen
gip-0553,Verkeersveiligheid,Verkeersveiligheid op jaagpaden,De Vlaamse Waterweg,Durme. Aanleg technische wegenis te Lokeren,Durme. Aanleg technische wegenis te Lokeren,Lokeren,0.0,5000.0,0.0,5000.0,2026,2026,46014,Lokeren
gip-0554,Verkeersveiligheid,Verkeersveiligheid op jaagpaden,De Vlaamse Waterweg,Functioneel en recreatief medegebruik van jaagpaden in Vlaanderen,Functioneel en recreatief medegebruik van jaagpaden in Vlaanderen,Vlaanderen,0.0,565000.0,0.0,565000.0,2026,2026,,
gip-0555,Verkeersveiligheid,Verlichting,Agentschap Wegen En Verkeer,Openbare verlichting,"Addenda wegverlichting,Openbare verlichting",Vlaanderen,0.0,14285663.0,0.0,14285663.0,2026,2026,,
gip-0556,Verkeersveiligheid,Wegeninspectie,Agentschap Wegen En Verkeer,Inv. controledispositief meeropbrengsten wegeninsp,Inv. controledispositief meeropbrengsten wegeninsp,Vlaanderen,0.0,1393000.0,0.0,1393000.0,2026,2026,,
gip-0557,Verkeersveiligheid,Winterasfalt,Agentschap Wegen En Verkeer,Winterasfalt,Winterasfalt,Oost-Vlaanderen,0.0,938592.0,0.0,938592.0,2026,2026,,
gip-0558,Waterbeheersing,Divers Waterbeheer,De Vlaamse Waterweg,Herwaardering benedenloop Nielse Scheibeek,Herwaardering benedenloop Nielse Scheibeek,Niel,0.0,1300000.0,0.0,1300000.0,2026,2026,11030,Niel
gip-0559,Waterbeheersing,Divers Waterbeheer,De Vlaamse Waterweg,Optimalisatie infrastructuur waterbeheersing kanaal naar Charleroi,Optimalisatie infrastructuur waterbeheersing kanaal naar Charleroi,Kanaal Brussel-Charleroi,0.0,120000.0,0.0,120000.0,2026,2026,52011;21004,Charleroi;Brussel
gip-0560,Waterbeheersing,Divers Waterbeheer,De Vlaamse Waterweg,Pompcapaciteit Albertkanaal,"Pompcapaciteit Albertkanaal: Hasselt, Diepenbeek en Genk: Bouwen van pompinstallaties en waterkrachtcentrales ter hoogte van de sluizencomplexen",Limburg,0.0,1600000.0,0.0,1600000.0,2026,2026,63046,Limburg
gip-0561,Waterbeheersing,Divers Waterbeheer,De Vlaamse Waterweg,Pompcapaciteit Albertkanaal,Pompcapaciteit Albertkanaal: Wijnegem,Wijnegem,0.0,40300.0,0.0,40300.0,2026,2026,11050,Wijnegem
gip-0562,Waterbeheersing,Divers Waterbeheer,De Vlaamse Waterweg,Pompinstallaties Durme t.h.v. Groot Broek,Pompinstallaties Durme t.h.v. Groot Broek,Temse,0.0,1444100.0,0.0,1444100.0,2026,2026,46025,Temse
gip-0563,Waterbeheersing,Divers Waterbeheer,De Vlaamse Waterweg,Raamovereenkomst huur mobiele pompen in afwachting van ingebruikname effectieve pompen,Raamovereenkomst huur mobiele pompen in afwachting van ingebruikname effectieve pompen - regulier,Vlaanderen,0.0,1000000.0,0.0,1000000.0,2026,2026,,
gip-0564,Waterbeheersing,Waterbeheer Dender,De Vlaamse Waterweg,Aanpassingen pand Denderleeuw - Teralfene,Aanpassingen pand Denderleeuw - Teralfene,Denderleeuw,0.0,100000.0,0.0,100000.0,2026,2026,41011,Denderleeuw
gip-0565,Waterbeheersing,Waterbeheer Dender,De Vlaamse Waterweg,Afschaffing stuwsluiscomplex Teralfene,Afschaffing stuwsluiscomplex Teralfene,Teralfene,0.0,100000.0,0.0,100000.0,2026,2026,,
gip-0566,Waterbeheersing,Waterbeheer Dender,De Vlaamse Waterweg,Herbouw stuw idegem,Herbouw stuw idegem,Idegem,0.0,100000.0,0.0,100000.0,2026,2026,,
gip-0567,Waterbeheersing,Waterbeheer Dender,De Vlaamse Waterweg,Herbouw stuw Pollare Ninove,herbouw stuw Pollare Ninove,Dender,0.0,100000.0,0.0,100000.0,2026,2026,41048,Ninove
gip-0568,Waterbeheersing,Waterbeheer Dender,De Vlaamse Waterweg,Herbouw stuwsluiscomplex Aalst,Herbouw stuwsluiscomplex Aalst,Dender,0.0,5288000.0,0.0,5288000.0,2026,2026,41002,Aalst
gip-0569,Waterbeheersing,Waterbeheer Dender,De Vlaamse Waterweg,Herbouw stuwsluiscomplex Denderleeuw,Herbouw stuwsluiscomplex Denderleeuw,Dender,0.0,950000.0,0.0,950000.0,2026,2026,41011,Denderleeuw
gip-0570,Waterbeheersing,Waterbeheer Dender,De Vlaamse Waterweg,Ruimte voor water - Dender,Projectondersteuning,Dender,0.0,2000000.0,0.0,2000000.0,2026,2026,,
gip-0571,Waterbeheersing,Waterbeheer Ijzerbekken,Agentschap Wegen En Verkeer,Maatregelen ifv weerbare westhoek,Uitvoering,Heuvelland,0.0,1200000.0,0.0,1200000.0,2026,2026,33039,Heuvelland
gip-0572,Waterbeheersing,Waterbeheer Ijzerbekken,De Vlaamse Waterweg,Herbouwen sifons kanaal Plassendale-Nieuwpoort,Herbouwen sifons kanaal Plassendale-Nieuwpoort - Uitvoering,kanaal Plassendale-Nieuwpoort,0.0,550000.0,0.0,550000.0,2026,2026,38016,Nieuwpoort
gip-0573,Waterbeheersing,Waterbeheer Ijzerbekken,De Vlaamse Waterweg,Opmaak visie waterbeheer West-Vlaanderen,Opmaak visie waterbeheer West-Vlaanderen,Vlaanderen,0.0,150000.0,0.0,150000.0,2026,2026,,
gip-0574,Waterbeheersing,Waterbeheer Ijzerbekken,De Vlaamse Waterweg,Re-engineering Gravensluis en - brug te Nieuwpoort,Re-engineering Gravensluis en - brug te Nieuwpoort,Nieuwpoort,0.0,2005000.0,0.0,2005000.0,2026,2026,38016,Nieuwpoort
gip-0575,Waterbeheersing,Waterbeheer Ijzerbekken,De Vlaamse Waterweg,Weerbare Westhoek,Weerbare Westhoek,Westhoek,0.0,3170000.0,0.0,3170000.0,2026,2026,,
gip-0576,Waterbeheersing,Waterbeheer Kust,Agentschap voor Maritieme Dienstverlening en Kust,Aanpassingen Meratorsluis+uitwatering Camerlinckgeleed + Demeysluis,Aanpassingen Meratorsluis+uitwatering Camerlinckgeleed + Demeysluis,Oostende,0.0,400000.0,0.0,400000.0,2026,2026,35013,Oostende
gip-0577,Waterbeheersing,Waterbeheer Kust,Agentschap voor Maritieme Dienstverlening en Kust,Aanpassingen Uitwatering Leopold- en schipdonkkanaal + Visart- en Vandammesluis,Aanpassingen Uitwatering Leopold- en schipdonkkanaal + Visart- en Vandammesluis,Zeebrugge,0.0,600000.0,0.0,600000.0,2026,2026,31005,Brugge
gip-0578,Waterbeheersing,Waterbeheer Kust,Agentschap voor Maritieme Dienstverlening en Kust,Kustvisie (jachthavens),Kustvisie (jachthavens),Kustjachthavens Vlaanderen,0.0,750000.0,0.0,750000.0,2026,2026,,
gip-0579,Waterbeheersing,Waterbeheer Kust,Agentschap voor Maritieme Dienstverlening en Kust,Middelkerke - Zeedijk Golfdempende uitbouw (GDU),Middelkerke - Zeedijk GDU,Middelkerke,0.0,2000000.0,0.0,2000000.0,2026,2026,35011,Middelkerke
gip-0580,Waterbeheersing,Waterbeheer Kust,Agentschap voor Maritieme Dienstverlening en Kust,Nieuwpoort - stormvloedkering Nieuwpoort - Wijzigingen,"Nieuwpoort - stormvloedkering Nieuwpoort - Wijzigingen, prijsherzieningen,…",Nieuwpoort,0.0,8500000.0,0.0,8500000.0,2026,2026,38016,Nieuwpoort
gip-0581,Waterbeheersing,Waterbeheer Kust,Agentschap voor Maritieme Dienstverlening en Kust,Opvolgingsplatform mobiele keringen,Opvolgingsplatform mobiele keringen,Kustgemeenten,0.0,95000.0,0.0,95000.0,2026,2026,,
gip-0582,Waterbeheersing,Waterbeheer Kust,Agentschap voor Maritieme Dienstverlening en Kust,Renovatie duinvoet De Panne,Renovatie duinvoet De Panne,De Panne,0.0,1000000.0,0.0,1000000.0,2026,2026,38008,De Panne
gip-0583,Waterbeheersing,Waterbeheer Kust,Agentschap voor Maritieme Dienstverlening en Kust,"Samenwerkingsovereenkomst NeXperta (EBS, Geotechniek, WL, ATO,…)","Samenwerkingsovereenkomst NeXperta (EBS, Geotechniek, WL, ATO,…)",Kustgemeenten,0.0,250000.0,0.0,250000.0,2026,2026,,
gip-0584,Waterbeheersing,Waterbeheer Kust,Agentschap voor Maritieme Dienstverlening en Kust,Stormmuren Montgommerydok + zone station-Demeysluis (inl. vernieuwing kaaien)+overstromingsmaatregelen achterhaven Oostende,Overstromingsmaatregelen Montgommerydok + zone station- Demeysluis (inl. vernieuwing kaaien)+overstromingsmaatregelen achterhaven Oostende,Oostende,0.0,555000.0,0.0,555000.0,2026,2026,35013,Oostende
gip-0585,Waterbeheersing,Waterbeheer Kust,Agentschap voor Maritieme Dienstverlening en Kust,"Toetsing sluizen, stuwen en uitwateringsconstructies","Toetsing sluizen, stuwen en uitwateringsconstructies",Kustgemeenten,0.0,175000.0,0.0,175000.0,2026,2026,,
gip-0586,Waterbeheersing,Waterbeheer Maas,De Vlaamse Waterweg,Bouw doorlaatconstructie Heerenlaak,Bouw doorlaatconstructie Heerenlaak,Maaseik,0.0,5426000.0,0.0,5426000.0,2026,2026,72021,Maaseik
gip-0587,Waterbeheersing,Waterbeheer Maas,De Vlaamse Waterweg,Gemeenschappelijke Maas,Gemeenschappelijke Maas,Gemeenschappelijke Maas,0.0,460000.0,0.0,460000.0,2026,2026,,
gip-0588,Waterbeheersing,Waterbeheer Maas,De Vlaamse Waterweg,Herstellen waterdichting kanaalbodem,Herstellen waterdichting kanaalbodem,Albertkanaal,0.0,2000000.0,0.0,2000000.0,2026,2026,,
gip-0589,Waterbeheersing,Waterbeheer Middengebied,De Vlaamse Waterweg,"European Urban Initiative (EUI) Blue4Green Brugge, vervangen Leonardusstuw incl. slimme sturing","EUI Blue4Green Brugge, vervangen Leonardusstuw incl. slimme sturing",Brugge,0.0,690000.0,0.0,690000.0,2026,2026,31005,Brugge
gip-0590,Waterbeheersing,Waterbeheer Middengebied,De Vlaamse Waterweg,Kalibratie Afleidingskanaal van de Leie,Kalibratie Afleidingskanaal van de Leie,Deinze,0.0,9000.0,0.0,9000.0,2026,2026,44083,Deinze
gip-0591,Waterbeheersing,Waterbeheer Middengebied,De Vlaamse Waterweg,"Landinrichtingsproject Kalvekant-Zuid, inrichting waterberging langs Moervaart","landinrichtingsproject Kalvekant-Zuid, inrichting waterberging langs Moervaart",Wachtebeke,0.0,460000.0,0.0,460000.0,2026,2026,44073,Wachtebeke
gip-0592,Waterbeheersing,Waterbeheer Middengebied,De Vlaamse Waterweg,Onderzoek en herstel middendijk Afleidingskanaal en Leopoldkanaal,"Onderzoek en herstel middendijk Afleidingskanaal en Leopoldkanaal, werken",Brugge,0.0,872000.0,0.0,872000.0,2026,2026,31005,Brugge
gip-0593,Waterbeheersing,Waterbeheer Middengebied,De Vlaamse Waterweg,Renovatie sas Slijkens Oostende,Renovatie sas Slijkens Oostende,Oostende,0.0,3000000.0,0.0,3000000.0,2026,2026,35013,Oostende
gip-0594,Waterbeheersing,Waterbeheer Middengebied,De Vlaamse Waterweg,Renovatie uitwateringskokers Afleidingskanaal Leie en Leopoldkanaal,Renovatie uitwateringskokers Afleidingskanaal Leie en Leopoldkanaal,Brugge,0.0,2600000.0,0.0,2600000.0,2026,2026,31005,Brugge
gip-0595,Waterbeheersing,"Waterbeheer Zeeschelde, Benedenschelde, Dijle, Zenne, Demer, Nete",De Vlaamse Waterweg,Aanleg Sigmagebieden,"Aanleg Sigmagebieden, groep 1",Vlaanderen,0.0,3662000.0,0.0,3662000.0,2026,2026,,
gip-0596,Waterbeheersing,"Waterbeheer Zeeschelde, Benedenschelde, Dijle, Zenne, Demer, Nete",De Vlaamse Waterweg,Aanleg Sigmagebieden,"Aanleg Sigmagebieden, groep 2",Vlaanderen,0.0,880000.0,0.0,880000.0,2026,2026,,
gip-0597,Waterbeheersing,"Waterbeheer Zeeschelde, Benedenschelde, Dijle, Zenne, Demer, Nete",De Vlaamse Waterweg,Dijkenprogramma Sigmaplan,Dijkenprogramma Sigmaplan,Vlaanderen,0.0,8556000.0,0.0,8556000.0,2026,2026,,
gip-0598,Waterbeheersing,"Waterbeheer Zeeschelde, Benedenschelde, Dijle, Zenne, Demer, Nete",De Vlaamse Waterweg,Herinrichten Demervallei,Aanleg Demermeanders en drempels volgens integrale visie Demervallei,Demer,0.0,1216000.0,0.0,1216000.0,2026,2026,,
gip-0599,Waterbeheersing,"Waterbeheer Zeeschelde, Benedenschelde, Dijle, Zenne, Demer, Nete",De Vlaamse Waterweg,Herinrichten Vallei Grote Nete,Herinrichten Vallei Grote Nete,Grote Nete,0.0,226000.0,0.0,226000.0,2026,2026,,
gip-0600,Waterbeheersing,"Waterbeheer Zeeschelde, Benedenschelde, Dijle, Zenne, Demer, Nete",De Vlaamse Waterweg,"Inrichten Zeeschelde, zone Gentbrugge-Melle","Inrichten Zeeschelde, zone Gentbrugge-Melle - bruggen",Gent,0.0,140000.0,0.0,140000.0,2026,2026,44021,Gent
gip-0601,Waterbeheersing,"Waterbeheer Zeeschelde, Benedenschelde, Dijle, Zenne, Demer, Nete",De Vlaamse Waterweg,Opmaken visie waterbeheer Zennevallei,Opmaken visie waterbeheer Zennevallei,Zenne,0.0,150000.0,0.0,150000.0,2026,2026,,
gip-0602,Waterbeheersing,"Waterbeheer Zeeschelde, Benedenschelde, Dijle, Zenne, Demer, Nete",De Vlaamse Waterweg,Scheldekaaien,Scheldekaaien,Antwerpen,0.0,25697000.0,0.0,25697000.0,2026,2026,11002,Antwerpen
gip-0603,Waterbeheersing,"Waterbeheer Zeeschelde, Benedenschelde, Dijle, Zenne, Demer, Nete",De Vlaamse Waterweg,Sigmaplan 3.0,Sigmaplan 3.0,Vlaanderen,0.0,1500000.0,0.0,1500000.0,2026,2026,,
gip-0604,Waterbeheersing,"Waterbeheer Zeeschelde, Benedenschelde, Dijle, Zenne, Demer, Nete",De Vlaamse Waterweg,"Studies, overhead en andere kosten Sigmaplan","Studies, overhead en andere kosten Sigmaplan",Vlaanderen,0.0,4700000.0,0.0,4700000.0,2026,2026,,
gip-0605,Waterbeheersing,"Waterbeheer Zeeschelde, Benedenschelde, Dijle, Zenne, Demer, Nete",De Vlaamse Waterweg,Verwerving & flankerende maatregelen Sigmaplan,Verwerving & flankerende maatregelen Sigmaplan,Vlaanderen,0.0,2000000.0,0.0,2000000.0,2026,2026,,
