period_end,period_year,period_month,period_label,period_short,hoofdberoepsgroep,beroepsgroep,beroep,vacatures
2017-12-31,2017,12,januari 2017 - december 2017,Dec 2017,Bouwberoepen,Bouwtechnici,Architect,7
2017-12-31,2017,12,januari 2017 - december 2017,Dec 2017,Bouwberoepen,Bouwtechnici,BIM-expert (Building Information Modeling),18
2017-12-31,2017,12,januari 2017 - december 2017,Dec 2017,Bouwberoepen,Bouwtechnici,Bodemonderzoeker,5
2017-12-31,2017,12,januari 2017 - december 2017,Dec 2017,Bouwberoepen,Bouwtechnici,Bouwkundig tekenaar,182
2017-12-31,2017,12,januari 2017 - december 2017,Dec 2017,Bouwberoepen,Bouwtechnici,Calculator bouw,350
2017-12-31,2017,12,januari 2017 - december 2017,Dec 2017,Bouwberoepen,Bouwtechnici,EPB-verslaggever,1
2017-12-31,2017,12,januari 2017 - december 2017,Dec 2017,Bouwberoepen,Bouwtechnici,Ingenieur studie en advies bouw,154
2017-12-31,2017,12,januari 2017 - december 2017,Dec 2017,Bouwberoepen,Bouwtechnici,Interieurarchitect interieurvormgever,56
2017-12-31,2017,12,januari 2017 - december 2017,Dec 2017,Bouwberoepen,Bouwtechnici,Landmeter,27
2017-12-31,2017,12,januari 2017 - december 2017,Dec 2017,Bouwberoepen,Bouwtechnici,Landschapsarchitect,5
2017-12-31,2017,12,januari 2017 - december 2017,Dec 2017,Bouwberoepen,Bouwtechnici,Projectleider bouw en openbare werken,215
2017-12-31,2017,12,januari 2017 - december 2017,Dec 2017,Bouwberoepen,Bouwtechnici,Veiligheidscoördinator,9
2017-12-31,2017,12,januari 2017 - december 2017,Dec 2017,Bouwberoepen,Bouwtechnici,Werfbediende,47
2017-12-31,2017,12,januari 2017 - december 2017,Dec 2017,Bouwberoepen,Bouwtechnici,Werfleider,583
2017-12-31,2017,12,januari 2017 - december 2017,Dec 2017,Bouwberoepen,Bouwvakkers,"Aansluiter van waterleidingen, rioleringen en warmtenetten",17
2017-12-31,2017,12,januari 2017 - december 2017,Dec 2017,Bouwberoepen,Bouwvakkers,Asbestverwijderaar,67
2017-12-31,2017,12,januari 2017 - december 2017,Dec 2017,Bouwberoepen,Bouwvakkers,Bekister-betonneerder,231
2017-12-31,2017,12,januari 2017 - december 2017,Dec 2017,Bouwberoepen,Bouwvakkers,Beveiligingstechnicus,181
2017-12-31,2017,12,januari 2017 - december 2017,Dec 2017,Bouwberoepen,Bouwvakkers,Brandertechnicus,20
2017-12-31,2017,12,januari 2017 - december 2017,Dec 2017,Bouwberoepen,Bouwvakkers,Daktimmerman,70
2017-12-31,2017,12,januari 2017 - december 2017,Dec 2017,Bouwberoepen,Bouwvakkers,Dakwerker,763
2017-12-31,2017,12,januari 2017 - december 2017,Dec 2017,Bouwberoepen,Bouwvakkers,Datacommunicatie- en netwerktechnicus,1783
2017-12-31,2017,12,januari 2017 - december 2017,Dec 2017,Bouwberoepen,Bouwvakkers,Dekvloerlegger,36
2017-12-31,2017,12,januari 2017 - december 2017,Dec 2017,Bouwberoepen,Bouwvakkers,Elektrotechnisch installateur,67
2017-12-31,2017,12,januari 2017 - december 2017,Dec 2017,Bouwberoepen,Bouwvakkers,Gevelreiniger,16
2017-12-31,2017,12,januari 2017 - december 2017,Dec 2017,Bouwberoepen,Bouwvakkers,Gevelrenoveerder-betonhersteller,50
2017-12-31,2017,12,januari 2017 - december 2017,Dec 2017,Bouwberoepen,Bouwvakkers,Glaswerker,31
2017-12-31,2017,12,januari 2017 - december 2017,Dec 2017,Bouwberoepen,Bouwvakkers,Industrieel isolatiewerker,76
2017-12-31,2017,12,januari 2017 - december 2017,Dec 2017,Bouwberoepen,Bouwvakkers,Installateur elektrotechnische basiscomponenten,11
2017-12-31,2017,12,januari 2017 - december 2017,Dec 2017,Bouwberoepen,Bouwvakkers,Installateur energiemanagementsystemen,2
2017-12-31,2017,12,januari 2017 - december 2017,Dec 2017,Bouwberoepen,Bouwvakkers,Installateur gebouwenautomatisering,3
2017-12-31,2017,12,januari 2017 - december 2017,Dec 2017,Bouwberoepen,Bouwvakkers,Installateur nutsvoorzieningen,51
2017-12-31,2017,12,januari 2017 - december 2017,Dec 2017,Bouwberoepen,Bouwvakkers,Interieurbouwer,305
2017-12-31,2017,12,januari 2017 - december 2017,Dec 2017,Bouwberoepen,Bouwvakkers,Isoleerder ruwbouw en dak,56
2017-12-31,2017,12,januari 2017 - december 2017,Dec 2017,Bouwberoepen,Bouwvakkers,Medewerker ruwbouw,668
2017-12-31,2017,12,januari 2017 - december 2017,Dec 2017,Bouwberoepen,Bouwvakkers,Metselaar,1022
2017-12-31,2017,12,januari 2017 - december 2017,Dec 2017,Bouwberoepen,Bouwvakkers,Monteur installatietechnieken,1046
2017-12-31,2017,12,januari 2017 - december 2017,Dec 2017,Bouwberoepen,Bouwvakkers,Natuursteenbewerker,34
2017-12-31,2017,12,januari 2017 - december 2017,Dec 2017,Bouwberoepen,Bouwvakkers,Onderhoudsmedewerker gebouwen,78
2017-12-31,2017,12,januari 2017 - december 2017,Dec 2017,Bouwberoepen,Bouwvakkers,Onderhoudsmedewerker wegennet,5
2017-12-31,2017,12,januari 2017 - december 2017,Dec 2017,Bouwberoepen,Bouwvakkers,Plaatser binnenschrijnwerk,221
2017-12-31,2017,12,januari 2017 - december 2017,Dec 2017,Bouwberoepen,Bouwvakkers,Plaatser buitenschrijnwerk,505
2017-12-31,2017,12,januari 2017 - december 2017,Dec 2017,Bouwberoepen,Bouwvakkers,Plaatser van boven- en ondergrondse leidingen,65
2017-12-31,2017,12,januari 2017 - december 2017,Dec 2017,Bouwberoepen,Bouwvakkers,Plaatser van houten vloerbedekking,26
2017-12-31,2017,12,januari 2017 - december 2017,Dec 2017,Bouwberoepen,Bouwvakkers,Plaatser van soepele vloerbekledingen,15
2017-12-31,2017,12,januari 2017 - december 2017,Dec 2017,Bouwberoepen,Bouwvakkers,Rioollegger,38
2017-12-31,2017,12,januari 2017 - december 2017,Dec 2017,Bouwberoepen,Bouwvakkers,Schilder-decorateur,410
2017-12-31,2017,12,januari 2017 - december 2017,Dec 2017,Bouwberoepen,Bouwvakkers,Schrijnwerker houtbouw,36
2017-12-31,2017,12,januari 2017 - december 2017,Dec 2017,Bouwberoepen,Bouwvakkers,Steigerbouwer,101
2017-12-31,2017,12,januari 2017 - december 2017,Dec 2017,Bouwberoepen,Bouwvakkers,Stukadoor,249
2017-12-31,2017,12,januari 2017 - december 2017,Dec 2017,Bouwberoepen,Bouwvakkers,Technicus hernieuwbare energietechnieken,76
2017-12-31,2017,12,januari 2017 - december 2017,Dec 2017,Bouwberoepen,Bouwvakkers,Technicus installatietechnieken,99
2017-12-31,2017,12,januari 2017 - december 2017,Dec 2017,Bouwberoepen,Bouwvakkers,Vloerder-tegelzetter,277
2017-12-31,2017,12,januari 2017 - december 2017,Dec 2017,Bouwberoepen,Bouwvakkers,Voeger,52
2017-12-31,2017,12,januari 2017 - december 2017,Dec 2017,Bouwberoepen,Bouwvakkers,Wegenwerker,452
2017-12-31,2017,12,januari 2017 - december 2017,Dec 2017,Bouwberoepen,Machinisten en kraanmannen,Bediener grondverzetmachines,207
2017-12-31,2017,12,januari 2017 - december 2017,Dec 2017,Bouwberoepen,Machinisten en kraanmannen,Bediener machines horizontale boringen,9
2017-12-31,2017,12,januari 2017 - december 2017,Dec 2017,Bouwberoepen,Machinisten en kraanmannen,Bediener machines verticale boringen,5
2017-12-31,2017,12,januari 2017 - december 2017,Dec 2017,Bouwberoepen,Machinisten en kraanmannen,Bediener van betonnerings- en asfalteringsmachines,8
2017-12-31,2017,12,januari 2017 - december 2017,Dec 2017,Bouwberoepen,Machinisten en kraanmannen,Kraanbestuurder,181
2017-12-31,2017,12,januari 2017 - december 2017,Dec 2017,Bouwberoepen,Machinisten en kraanmannen,Torenkraanbediener,19
2017-12-31,2017,12,januari 2017 - december 2017,Dec 2017,Dienstverlenende beroepen,Adviesverleners,Arbeidsbemiddelaar-jobcoach,1
2017-12-31,2017,12,januari 2017 - december 2017,Dec 2017,Dienstverlenende beroepen,Experts vastgoed,Rentmeester,1
2017-12-31,2017,12,januari 2017 - december 2017,Dec 2017,Dienstverlenende beroepen,Experts vastgoed,Vastgoedbemiddelaar verkoop en verhuur,12
2017-12-31,2017,12,januari 2017 - december 2017,Dec 2017,Dienstverlenende beroepen,Experts vastgoed,Vastgoedpromotor,18
2017-12-31,2017,12,januari 2017 - december 2017,Dec 2017,Dienstverlenende beroepen,Juridische dienstverleners,Juridisch medewerker,2
2017-12-31,2017,12,januari 2017 - december 2017,Dec 2017,Dienstverlenende beroepen,Juridische dienstverleners,Jurist,2
2017-12-31,2017,12,januari 2017 - december 2017,Dec 2017,Dienstverlenende beroepen,Medewerkers in finance,Accountmanager in de financiële sector,2
2017-12-31,2017,12,januari 2017 - december 2017,Dec 2017,Dienstverlenende beroepen,Medewerkers in finance,Adviseur beleggingen,2
2017-12-31,2017,12,januari 2017 - december 2017,Dec 2017,Dienstverlenende beroepen,Medewerkers in finance,Back-office medewerker in de financiële sector,1
2017-12-31,2017,12,januari 2017 - december 2017,Dec 2017,Dienstverlenende beroepen,Medewerkers in finance,Beheerder verzekeringen,1
2017-12-31,2017,12,januari 2017 - december 2017,Dec 2017,Dienstverlenende beroepen,Medewerkers in finance,Belastingadviseur,1
2017-12-31,2017,12,januari 2017 - december 2017,Dec 2017,Dienstverlenende beroepen,Medewerkers in finance,Financieel analist,1
2017-12-31,2017,12,januari 2017 - december 2017,Dec 2017,Dienstverlenende beroepen,Ordehandhavers en reddingswerkers,Bewakingsagent,1
2017-12-31,2017,12,januari 2017 - december 2017,Dec 2017,Dienstverlenende beroepen,Persoonlijke dienstverleners,Animator,4
2017-12-31,2017,12,januari 2017 - december 2017,Dec 2017,Dienstverlenende beroepen,Persoonlijke dienstverleners,Conciërge,2
2017-12-31,2017,12,januari 2017 - december 2017,Dec 2017,Dienstverlenende beroepen,Persoonlijke dienstverleners,Schoonheidsspecialist,1
2017-12-31,2017,12,januari 2017 - december 2017,Dec 2017,Dienstverlenende beroepen,Schoonmaak- en onderhoudspersoneel,Carwashmedewerker,3
2017-12-31,2017,12,januari 2017 - december 2017,Dec 2017,Dienstverlenende beroepen,Schoonmaak- en onderhoudspersoneel,Huishoudhulp-poetshulp,12
2017-12-31,2017,12,januari 2017 - december 2017,Dec 2017,Dienstverlenende beroepen,Schoonmaak- en onderhoudspersoneel,Industrieel reiniger,25
2017-12-31,2017,12,januari 2017 - december 2017,Dec 2017,Dienstverlenende beroepen,Schoonmaak- en onderhoudspersoneel,Leidinggevende schoonmaak,0
2017-12-31,2017,12,januari 2017 - december 2017,Dec 2017,Dienstverlenende beroepen,Schoonmaak- en onderhoudspersoneel,Onderhoudsmedewerker affichering en straatmeubilair,1
2017-12-31,2017,12,januari 2017 - december 2017,Dec 2017,Dienstverlenende beroepen,Schoonmaak- en onderhoudspersoneel,Ruitenwasser,20
2017-12-31,2017,12,januari 2017 - december 2017,Dec 2017,Dienstverlenende beroepen,Schoonmaak- en onderhoudspersoneel,Schoonmaker van ruimten en lokalen,73
2017-12-31,2017,12,januari 2017 - december 2017,Dec 2017,Handels- en verkoopberoepen,Verkooppersoneel,Assistent winkelmanager,7
2017-12-31,2017,12,januari 2017 - december 2017,Dec 2017,Handels- en verkoopberoepen,Verkooppersoneel,Technisch adviseur klantenondersteuning,6
2017-12-31,2017,12,januari 2017 - december 2017,Dec 2017,Handels- en verkoopberoepen,Verkooppersoneel,"Verhuurder van gereedschappen, transportmiddelen of vrijetijdsmaterieel",2
2017-12-31,2017,12,januari 2017 - december 2017,Dec 2017,Handels- en verkoopberoepen,Verkooppersoneel,Winkelmanager,1
2017-12-31,2017,12,januari 2017 - december 2017,Dec 2017,Handels- en verkoopberoepen,Verkooppersoneel,Winkelmedewerker,4
2017-12-31,2017,12,januari 2017 - december 2017,Dec 2017,Handels- en verkoopberoepen,Verkooppersoneel,Winkelverkoper,152
2017-12-31,2017,12,januari 2017 - december 2017,Dec 2017,Handels- en verkoopberoepen,Vertegenwoordigers,Vertegenwoordiger B2B,312
2017-12-31,2017,12,januari 2017 - december 2017,Dec 2017,Handels- en verkoopberoepen,Vertegenwoordigers,Vertegenwoordiger B2C,5
2017-12-31,2017,12,januari 2017 - december 2017,Dec 2017,Horecaberoepen,Horecapersoneel,Hulpkok,2
2017-12-31,2017,12,januari 2017 - december 2017,Dec 2017,Horecaberoepen,Horecapersoneel,Hulpkok grootkeuken,2
2017-12-31,2017,12,januari 2017 - december 2017,Dec 2017,Horecaberoepen,Horecapersoneel,Kamerjongen-Kamermeisje,3
2017-12-31,2017,12,januari 2017 - december 2017,Dec 2017,Horecaberoepen,Horecapersoneel,Kelner,1
2017-12-31,2017,12,januari 2017 - december 2017,Dec 2017,Horecaberoepen,Horecapersoneel,Kok,2
2017-12-31,2017,12,januari 2017 - december 2017,Dec 2017,Horecaberoepen,Horecapersoneel,Maître d'hôtel,2
2017-12-31,2017,12,januari 2017 - december 2017,Dec 2017,Horecaberoepen,Horecapersoneel,Medewerker fastfood,3
2017-12-31,2017,12,januari 2017 - december 2017,Dec 2017,Horecaberoepen,Horecapersoneel,Polyvalent hotelmedewerker,1
2017-12-31,2017,12,januari 2017 - december 2017,Dec 2017,Industriële beroepen en ambachten,Beoefenaars van ambachten,Ambachtelijk glasbewerker,2
2017-12-31,2017,12,januari 2017 - december 2017,Dec 2017,Industriële beroepen en ambachten,Beoefenaars van ambachten,Ambachtelijk metaalbewerker,1
2017-12-31,2017,12,januari 2017 - december 2017,Dec 2017,Industriële beroepen en ambachten,Beoefenaars van ambachten,Decorateur van kunst- en artisanale objecten,1
2017-12-31,2017,12,januari 2017 - december 2017,Dec 2017,Industriële beroepen en ambachten,Bewerkers van voeding,Productieoperator voedingsindustrie,12
2017-12-31,2017,12,januari 2017 - december 2017,Dec 2017,Industriële beroepen en ambachten,Bewerkers van voeding,Slager,3
2017-12-31,2017,12,januari 2017 - december 2017,Dec 2017,Industriële beroepen en ambachten,Diverse productiemedewerkers en operatoren,Industrieel schilder,81
2017-12-31,2017,12,januari 2017 - december 2017,Dec 2017,Industriële beroepen en ambachten,Diverse productiemedewerkers en operatoren,Ontginner gassen en vloeistoffen,3
2017-12-31,2017,12,januari 2017 - december 2017,Dec 2017,Industriële beroepen en ambachten,Diverse productiemedewerkers en operatoren,Productiemedewerker,51
2017-12-31,2017,12,januari 2017 - december 2017,Dec 2017,Industriële beroepen en ambachten,Diverse productiemedewerkers en operatoren,Productiemedewerker prefabbeton,11
2017-12-31,2017,12,januari 2017 - december 2017,Dec 2017,Industriële beroepen en ambachten,Diverse productiemedewerkers en operatoren,Productieoperator bouw- en prefabmaterialen,3
2017-12-31,2017,12,januari 2017 - december 2017,Dec 2017,Industriële beroepen en ambachten,Diverse productiemedewerkers en operatoren,Productieoperator elektrische en elektronische componenten,99
2017-12-31,2017,12,januari 2017 - december 2017,Dec 2017,Industriële beroepen en ambachten,Diverse productiemedewerkers en operatoren,"Productieoperator van stortbeton, cement, asfalt en granulaten",19
2017-12-31,2017,12,januari 2017 - december 2017,Dec 2017,Industriële beroepen en ambachten,Diverse productiemedewerkers en operatoren,Regelaar-afsteller van productie-installaties,1
2017-12-31,2017,12,januari 2017 - december 2017,Dec 2017,Industriële beroepen en ambachten,Diverse productiemedewerkers en operatoren,Sorteerder recyclage,1
2017-12-31,2017,12,januari 2017 - december 2017,Dec 2017,Industriële beroepen en ambachten,Diverse productiemedewerkers en operatoren,Uitvoerder van werken op hoogte,35
2017-12-31,2017,12,januari 2017 - december 2017,Dec 2017,Industriële beroepen en ambachten,Diverse productiemedewerkers en operatoren,Verpakker,1
2017-12-31,2017,12,januari 2017 - december 2017,Dec 2017,Industriële beroepen en ambachten,Diverse productiemedewerkers en operatoren,Verpakkingsoperator,1
2017-12-31,2017,12,januari 2017 - december 2017,Dec 2017,Industriële beroepen en ambachten,Drukkers,Digitaal drukker,4
2017-12-31,2017,12,januari 2017 - december 2017,Dec 2017,Industriële beroepen en ambachten,Drukkers,Operator print & sign,1
2017-12-31,2017,12,januari 2017 - december 2017,Dec 2017,Industriële beroepen en ambachten,Industriële technici,Expert productieproces en -methodes,16
2017-12-31,2017,12,januari 2017 - december 2017,Dec 2017,Industriële beroepen en ambachten,Industriële technici,Industrieel elektromecanicien,842
2017-12-31,2017,12,januari 2017 - december 2017,Dec 2017,Industriële beroepen en ambachten,Industriële technici,Industrieel laborant,5
2017-12-31,2017,12,januari 2017 - december 2017,Dec 2017,Industriële beroepen en ambachten,Industriële technici,Industrieel onderhoudstechnicus,314
2017-12-31,2017,12,januari 2017 - december 2017,Dec 2017,Industriële beroepen en ambachten,Industriële technici,Koeltechnicus,83
2017-12-31,2017,12,januari 2017 - december 2017,Dec 2017,Industriële beroepen en ambachten,Industriële technici,Lifttechnicus,32
2017-12-31,2017,12,januari 2017 - december 2017,Dec 2017,Industriële beroepen en ambachten,Industriële technici,Medewerker kwaliteitscontrole,10
2017-12-31,2017,12,januari 2017 - december 2017,Dec 2017,Industriële beroepen en ambachten,Industriële technici,Onderhoudstechnicus industriële automatisering,38
2017-12-31,2017,12,januari 2017 - december 2017,Dec 2017,Industriële beroepen en ambachten,Industriële technici,Onderhoudstechnicus waterdistributie en sanering,5
2017-12-31,2017,12,januari 2017 - december 2017,Dec 2017,Industriële beroepen en ambachten,Industriële technici,Ontwerper industriële automatisering,11
2017-12-31,2017,12,januari 2017 - december 2017,Dec 2017,Industriële beroepen en ambachten,Industriële technici,Productieplanner,88
2017-12-31,2017,12,januari 2017 - december 2017,Dec 2017,Industriële beroepen en ambachten,Industriële technici,Regeltechnicus klimatisatie,184
2017-12-31,2017,12,januari 2017 - december 2017,Dec 2017,Industriële beroepen en ambachten,Industriële technici,Technicus elektro en elektronica,48
2017-12-31,2017,12,januari 2017 - december 2017,Dec 2017,Industriële beroepen en ambachten,Industriële technici,Technicus elektronische installaties,77
2017-12-31,2017,12,januari 2017 - december 2017,Dec 2017,Industriële beroepen en ambachten,Industriële technici,Werkvoorbereider,55
2017-12-31,2017,12,januari 2017 - december 2017,Dec 2017,Industriële beroepen en ambachten,Medewerkers houtindustrie,Machinaal houtbewerker,6
2017-12-31,2017,12,januari 2017 - december 2017,Dec 2017,Industriële beroepen en ambachten,Medewerkers houtindustrie,Meubelmaker,68
2017-12-31,2017,12,januari 2017 - december 2017,Dec 2017,Industriële beroepen en ambachten,Medewerkers houtindustrie,Meubelstoffeerder,0
2017-12-31,2017,12,januari 2017 - december 2017,Dec 2017,Industriële beroepen en ambachten,Medewerkers houtindustrie,Operator CNC-gestuurde houtbewerkingsmachines,3
2017-12-31,2017,12,januari 2017 - december 2017,Dec 2017,Industriële beroepen en ambachten,Medewerkers houtindustrie,Productieoperator hout,4
2017-12-31,2017,12,januari 2017 - december 2017,Dec 2017,Industriële beroepen en ambachten,Medewerkers houtindustrie,Werkplaatsschrijnwerker,166
2017-12-31,2017,12,januari 2017 - december 2017,Dec 2017,Industriële beroepen en ambachten,Monteurs en installateurs elektrotechniek,Bordenbouwer - Elektromonteur machinebouw,71
2017-12-31,2017,12,januari 2017 - december 2017,Dec 2017,Industriële beroepen en ambachten,Monteurs en installateurs elektrotechniek,Elektrotechnicus,1146
2017-12-31,2017,12,januari 2017 - december 2017,Dec 2017,Industriële beroepen en ambachten,Professionals in de metaalindustrie,Bankwerker,7
2017-12-31,2017,12,januari 2017 - december 2017,Dec 2017,Industriële beroepen en ambachten,Professionals in de metaalindustrie,Insteller-omsteller plaatbewerking,15
2017-12-31,2017,12,januari 2017 - december 2017,Dec 2017,Industriële beroepen en ambachten,Professionals in de metaalindustrie,Insteller-omsteller verspaning,91
2017-12-31,2017,12,januari 2017 - december 2017,Dec 2017,Industriële beroepen en ambachten,Professionals in de metaalindustrie,Machinebouwer,19
2017-12-31,2017,12,januari 2017 - december 2017,Dec 2017,Industriële beroepen en ambachten,Professionals in de metaalindustrie,Manueel lasser,188
2017-12-31,2017,12,januari 2017 - december 2017,Dec 2017,Industriële beroepen en ambachten,Professionals in de metaalindustrie,Monteur staalconstructies,195
2017-12-31,2017,12,januari 2017 - december 2017,Dec 2017,Industriële beroepen en ambachten,Professionals in de metaalindustrie,Operator montage en assemblage,44
2017-12-31,2017,12,januari 2017 - december 2017,Dec 2017,Industriële beroepen en ambachten,Professionals in de metaalindustrie,Pijpfitter,29
2017-12-31,2017,12,januari 2017 - december 2017,Dec 2017,Industriële beroepen en ambachten,Professionals in de metaalindustrie,Productieoperator metaal,25
2017-12-31,2017,12,januari 2017 - december 2017,Dec 2017,Industriële beroepen en ambachten,Professionals in de metaalindustrie,Rigger-monteerder,15
2017-12-31,2017,12,januari 2017 - december 2017,Dec 2017,Industriële beroepen en ambachten,Specialisten chemie en kunststoffen,Procesoperator chemische industrie,7
2017-12-31,2017,12,januari 2017 - december 2017,Dec 2017,Industriële beroepen en ambachten,Specialisten chemie en kunststoffen,Productiemedewerker kunststofverwerking,1
2017-12-31,2017,12,januari 2017 - december 2017,Dec 2017,Industriële beroepen en ambachten,Technisch leidinggevenden,Afdelingsverantwoordelijke productie,9
2017-12-31,2017,12,januari 2017 - december 2017,Dec 2017,Industriële beroepen en ambachten,Technisch leidinggevenden,Productiemanager,19
2017-12-31,2017,12,januari 2017 - december 2017,Dec 2017,Industriële beroepen en ambachten,Technisch leidinggevenden,Projectmanager engineering,57
2017-12-31,2017,12,januari 2017 - december 2017,Dec 2017,Industriële beroepen en ambachten,Technisch leidinggevenden,Teamleader productie,9
2017-12-31,2017,12,januari 2017 - december 2017,Dec 2017,Industriële beroepen en ambachten,Technisch leidinggevenden,Verantwoordelijke beheer en onderhoud van voertuigen,8
2017-12-31,2017,12,januari 2017 - december 2017,Dec 2017,Industriële beroepen en ambachten,Technisch leidinggevenden,Verantwoordelijke industrieel onderhoud,29
2017-12-31,2017,12,januari 2017 - december 2017,Dec 2017,Industriële beroepen en ambachten,Technisch leidinggevenden,Verantwoordelijke kwaliteitscontrole,8
2017-12-31,2017,12,januari 2017 - december 2017,Dec 2017,Industriële beroepen en ambachten,Tekenaars en vormgevers,Grafisch vormgever,3
2017-12-31,2017,12,januari 2017 - december 2017,Dec 2017,Industriële beroepen en ambachten,Tekenaars en vormgevers,Mode- en textielontwerper,1
2017-12-31,2017,12,januari 2017 - december 2017,Dec 2017,Industriële beroepen en ambachten,Tekenaars en vormgevers,Productontwikkelaar,4
2017-12-31,2017,12,januari 2017 - december 2017,Dec 2017,Industriële beroepen en ambachten,Tekenaars en vormgevers,"Tekenaar-ontwerper elektriciteit, elektronica",37
2017-12-31,2017,12,januari 2017 - december 2017,Dec 2017,Industriële beroepen en ambachten,Tekenaars en vormgevers,Tekenaar-ontwerper mechanica,22
2017-12-31,2017,12,januari 2017 - december 2017,Dec 2017,Industriële beroepen en ambachten,Voer- en werktuigherstellers,OD-technicus van zware bedrijfsvoertuigen,1
2017-12-31,2017,12,januari 2017 - december 2017,Dec 2017,Industriële beroepen en ambachten,Voer- en werktuigherstellers,Onderhoudsmecanicien van personenwagens en lichte bedrijfsvoertuigen,8
2017-12-31,2017,12,januari 2017 - december 2017,Dec 2017,Industriële beroepen en ambachten,Voer- en werktuigherstellers,Onderhoudsmecanicien van zware bedrijfsvoertuigen,35
2017-12-31,2017,12,januari 2017 - december 2017,Dec 2017,Industriële beroepen en ambachten,Voer- en werktuigherstellers,Plaatwerker carrosserie,1
2017-12-31,2017,12,januari 2017 - december 2017,Dec 2017,Industriële beroepen en ambachten,Voer- en werktuigherstellers,"Technicus van tuin-, park- en bosmachines",1
2017-12-31,2017,12,januari 2017 - december 2017,Dec 2017,Industriële beroepen en ambachten,Voer- en werktuigherstellers,"Technicus werf-, landbouw- en hefmachines",33
2017-12-31,2017,12,januari 2017 - december 2017,Dec 2017,Industriële beroepen en ambachten,Voer- en werktuigherstellers,Vliegtuigtechnicus,1
2017-12-31,2017,12,januari 2017 - december 2017,Dec 2017,Industriële beroepen en ambachten,Voer- en werktuigherstellers,Werktuigkundige scheepvaart,2
2017-12-31,2017,12,januari 2017 - december 2017,Dec 2017,"Land-, tuin- en bosbouw- en visserijberoepen","Land-, tuin- en bosbouwers en vissers",Bestuurder van bosexploitatiemachines,2
2017-12-31,2017,12,januari 2017 - december 2017,Dec 2017,"Land-, tuin- en bosbouw- en visserijberoepen","Land-, tuin- en bosbouwers en vissers",Medewerker landbouw,5
2017-12-31,2017,12,januari 2017 - december 2017,Dec 2017,"Land-, tuin- en bosbouw- en visserijberoepen","Land-, tuin- en bosbouwers en vissers",Medewerker loonwerk,2
2017-12-31,2017,12,januari 2017 - december 2017,Dec 2017,"Land-, tuin- en bosbouw- en visserijberoepen","Land-, tuin- en bosbouwers en vissers",Medewerker tuin- en groenaanleg en -onderhoud,67
2017-12-31,2017,12,januari 2017 - december 2017,Dec 2017,"Land-, tuin- en bosbouw- en visserijberoepen","Land-, tuin- en bosbouwers en vissers",Medewerker tuinbouw,9
2017-12-31,2017,12,januari 2017 - december 2017,Dec 2017,"Land-, tuin- en bosbouw- en visserijberoepen","Land-, tuin- en bosbouwers en vissers",Productieverantwoordelijke land- en tuinbouw,1
2017-12-31,2017,12,januari 2017 - december 2017,Dec 2017,"Land-, tuin- en bosbouw- en visserijberoepen","Land-, tuin- en bosbouwers en vissers",Verantwoordelijke tuin- en groenaanleg en -onderhoud,11
2017-12-31,2017,12,januari 2017 - december 2017,Dec 2017,"Medische, paramedische en verzorgende beroepen","Verpleegkundigen, vroedvrouwen en zorgpersoneel",Persoonlijk assistent,0
2017-12-31,2017,12,januari 2017 - december 2017,Dec 2017,Onbekend,Onbekend,Onbekend,0
2017-12-31,2017,12,januari 2017 - december 2017,Dec 2017,Organisatieondersteunende en kennisberoepen,Accountants,Accountant,46
2017-12-31,2017,12,januari 2017 - december 2017,Dec 2017,Organisatieondersteunende en kennisberoepen,Accountants,Assistent accountancy,55
2017-12-31,2017,12,januari 2017 - december 2017,Dec 2017,Organisatieondersteunende en kennisberoepen,Accountants,Credit collector,3
2017-12-31,2017,12,januari 2017 - december 2017,Dec 2017,Organisatieondersteunende en kennisberoepen,Accountants,Dossierbeheerder accountancy,1
2017-12-31,2017,12,januari 2017 - december 2017,Dec 2017,Organisatieondersteunende en kennisberoepen,Administratief medewerkers,Managementassistent,46
2017-12-31,2017,12,januari 2017 - december 2017,Dec 2017,Organisatieondersteunende en kennisberoepen,Administratief medewerkers,Onthaalmedewerker,21
2017-12-31,2017,12,januari 2017 - december 2017,Dec 2017,Organisatieondersteunende en kennisberoepen,Administratief medewerkers,Polyvalent administratief medewerker,462
2017-12-31,2017,12,januari 2017 - december 2017,Dec 2017,Organisatieondersteunende en kennisberoepen,Administratief medewerkers,Technisch-administratief medewerker,130
2017-12-31,2017,12,januari 2017 - december 2017,Dec 2017,Organisatieondersteunende en kennisberoepen,Bedrijfsadviseurs,Adviseur bedrijfsorganisatie en management,2
2017-12-31,2017,12,januari 2017 - december 2017,Dec 2017,Organisatieondersteunende en kennisberoepen,Bedrijfsadviseurs,Business en financial controller,17
2017-12-31,2017,12,januari 2017 - december 2017,Dec 2017,Organisatieondersteunende en kennisberoepen,Bedrijfsadviseurs,Compliance officer,1
2017-12-31,2017,12,januari 2017 - december 2017,Dec 2017,Organisatieondersteunende en kennisberoepen,Bedrijfsadviseurs,Mediabuyer,1
2017-12-31,2017,12,januari 2017 - december 2017,Dec 2017,Organisatieondersteunende en kennisberoepen,Bedrijfsadviseurs,Milieucoördinator,7
2017-12-31,2017,12,januari 2017 - december 2017,Dec 2017,Organisatieondersteunende en kennisberoepen,Bedrijfsadviseurs,Preventieadviseur,28
2017-12-31,2017,12,januari 2017 - december 2017,Dec 2017,Organisatieondersteunende en kennisberoepen,Bedrijfsadviseurs,Projectmanager business,1
2017-12-31,2017,12,januari 2017 - december 2017,Dec 2017,Organisatieondersteunende en kennisberoepen,Controleurs en inspecteurs,Controleur sociale inspectie,1
2017-12-31,2017,12,januari 2017 - december 2017,Dec 2017,Organisatieondersteunende en kennisberoepen,Controleurs en inspecteurs,Technisch inspecteur industrie,4
2017-12-31,2017,12,januari 2017 - december 2017,Dec 2017,Organisatieondersteunende en kennisberoepen,HR-experts,Payroll advisor,12
2017-12-31,2017,12,januari 2017 - december 2017,Dec 2017,Organisatieondersteunende en kennisberoepen,HR-experts,Personeelsmedewerker,35
2017-12-31,2017,12,januari 2017 - december 2017,Dec 2017,Organisatieondersteunende en kennisberoepen,HR-experts,Verantwoordelijke werving en opleiding,29
2017-12-31,2017,12,januari 2017 - december 2017,Dec 2017,Organisatieondersteunende en kennisberoepen,Informatici en ICT-medewerkers,ICT architect,1
2017-12-31,2017,12,januari 2017 - december 2017,Dec 2017,Organisatieondersteunende en kennisberoepen,Informatici en ICT-medewerkers,Integratie expert ICT,6
2017-12-31,2017,12,januari 2017 - december 2017,Dec 2017,Organisatieondersteunende en kennisberoepen,Informatici en ICT-medewerkers,Netwerk engineer telecom,3
2017-12-31,2017,12,januari 2017 - december 2017,Dec 2017,Organisatieondersteunende en kennisberoepen,Informatici en ICT-medewerkers,Software ontwikkelaar,14
2017-12-31,2017,12,januari 2017 - december 2017,Dec 2017,Organisatieondersteunende en kennisberoepen,Informatici en ICT-medewerkers,Software tester,1
2017-12-31,2017,12,januari 2017 - december 2017,Dec 2017,Organisatieondersteunende en kennisberoepen,Informatici en ICT-medewerkers,Support medewerker ICT,96
2017-12-31,2017,12,januari 2017 - december 2017,Dec 2017,Organisatieondersteunende en kennisberoepen,Informatici en ICT-medewerkers,Systeembeheerder,4
2017-12-31,2017,12,januari 2017 - december 2017,Dec 2017,Organisatieondersteunende en kennisberoepen,Leidinggevenden,Administratief en financieel verantwoordelijke,12
2017-12-31,2017,12,januari 2017 - december 2017,Dec 2017,Organisatieondersteunende en kennisberoepen,Leidinggevenden,Algemeen directeur,18
2017-12-31,2017,12,januari 2017 - december 2017,Dec 2017,Organisatieondersteunende en kennisberoepen,Leidinggevenden,Facility manager,2
2017-12-31,2017,12,januari 2017 - december 2017,Dec 2017,Organisatieondersteunende en kennisberoepen,Leidinggevenden,HR-manager,12
2017-12-31,2017,12,januari 2017 - december 2017,Dec 2017,Organisatieondersteunende en kennisberoepen,Leidinggevenden,Marketingmanager,28
2017-12-31,2017,12,januari 2017 - december 2017,Dec 2017,Organisatieondersteunende en kennisberoepen,Leidinggevenden,Verantwoordelijke ICT,16
2017-12-31,2017,12,januari 2017 - december 2017,Dec 2017,Organisatieondersteunende en kennisberoepen,Leidinggevenden,Verantwoordelijke aankoop,0
2017-12-31,2017,12,januari 2017 - december 2017,Dec 2017,Organisatieondersteunende en kennisberoepen,Leidinggevenden,Verantwoordelijke klantendienst,1
2017-12-31,2017,12,januari 2017 - december 2017,Dec 2017,Organisatieondersteunende en kennisberoepen,"Medewerkers commerciële strategie, marketing en verkoop",Aankoper,38
2017-12-31,2017,12,januari 2017 - december 2017,Dec 2017,Organisatieondersteunende en kennisberoepen,"Medewerkers commerciële strategie, marketing en verkoop",Commercieel medewerker binnendienst,42
2017-12-31,2017,12,januari 2017 - december 2017,Dec 2017,Organisatieondersteunende en kennisberoepen,"Medewerkers commerciële strategie, marketing en verkoop",Contactcenter medewerker,184
2017-12-31,2017,12,januari 2017 - december 2017,Dec 2017,Organisatieondersteunende en kennisberoepen,"Medewerkers commerciële strategie, marketing en verkoop",Digital marketeer,2
2017-12-31,2017,12,januari 2017 - december 2017,Dec 2017,Organisatieondersteunende en kennisberoepen,"Medewerkers commerciële strategie, marketing en verkoop",Digital sales assistant,23
2017-12-31,2017,12,januari 2017 - december 2017,Dec 2017,Organisatieondersteunende en kennisberoepen,"Medewerkers commerciële strategie, marketing en verkoop",Pricing analist,1
2017-12-31,2017,12,januari 2017 - december 2017,Dec 2017,Organisatieondersteunende en kennisberoepen,"Medewerkers commerciële strategie, marketing en verkoop",Productmanager,2
2017-12-31,2017,12,januari 2017 - december 2017,Dec 2017,Organisatieondersteunende en kennisberoepen,"Medewerkers commerciële strategie, marketing en verkoop",Sales engineer,35
2017-12-31,2017,12,januari 2017 - december 2017,Dec 2017,Organisatieondersteunende en kennisberoepen,"Medewerkers commerciële strategie, marketing en verkoop",Verantwoordelijke verkooppromotie,3
2017-12-31,2017,12,januari 2017 - december 2017,Dec 2017,Organisatieondersteunende en kennisberoepen,Onderzoeksmedewerkers en beleidsexperten,Wetenschappelijk onderzoeker,2
2017-12-31,2017,12,januari 2017 - december 2017,Dec 2017,Organisatieondersteunende en kennisberoepen,Specialisten kennisbeheer en communicatie,Medewerker communicatie,1
2017-12-31,2017,12,januari 2017 - december 2017,Dec 2017,Pedagogische beroepen,Opvoedkundig personeel,Kinderbegeleider baby's en peuters,3
2017-12-31,2017,12,januari 2017 - december 2017,Dec 2017,Pedagogische beroepen,Opvoedkundig personeel,Kinderbegeleider schoolgaande kinderen,1
2017-12-31,2017,12,januari 2017 - december 2017,Dec 2017,Transport- en logistieke beroepen,Bestuurders in het wegtransport,Taxichauffeur en chauffeur privévervoer,9
2017-12-31,2017,12,januari 2017 - december 2017,Dec 2017,Transport- en logistieke beroepen,Bestuurders in het wegtransport,Vrachtwagenbestuurder,313
2017-12-31,2017,12,januari 2017 - december 2017,Dec 2017,Transport- en logistieke beroepen,Transport- en logistiek personeel,Dispatcher goederenvervoer,23
2017-12-31,2017,12,januari 2017 - december 2017,Dec 2017,Transport- en logistieke beroepen,Transport- en logistiek personeel,Dispatcher personenvervoer,14
2017-12-31,2017,12,januari 2017 - december 2017,Dec 2017,Transport- en logistieke beroepen,Transport- en logistiek personeel,Heftruckchauffeur,56
2017-12-31,2017,12,januari 2017 - december 2017,Dec 2017,Transport- en logistieke beroepen,Transport- en logistiek personeel,Koerier besteller,25
2017-12-31,2017,12,januari 2017 - december 2017,Dec 2017,Transport- en logistieke beroepen,Transport- en logistiek personeel,Logistiek verantwoordelijke,84
2017-12-31,2017,12,januari 2017 - december 2017,Dec 2017,Transport- en logistieke beroepen,Transport- en logistiek personeel,Magazijnbeheerder,13
2017-12-31,2017,12,januari 2017 - december 2017,Dec 2017,Transport- en logistieke beroepen,Transport- en logistiek personeel,Magazijnmedewerker,219
2017-12-31,2017,12,januari 2017 - december 2017,Dec 2017,Transport- en logistieke beroepen,Transport- en logistiek personeel,Medewerker internationaal goederenverkeer,4
2017-12-31,2017,12,januari 2017 - december 2017,Dec 2017,Transport- en logistieke beroepen,Transport- en logistiek personeel,Reachtruckchauffeur,12
2017-12-31,2017,12,januari 2017 - december 2017,Dec 2017,Transport- en logistieke beroepen,"Werknemers spoor-, water-, luchttransport",Schipper-stuurman binnenscheepvaart,8
2017-12-31,2017,12,januari 2017 - december 2017,Dec 2017,Transport- en logistieke beroepen,"Werknemers spoor-, water-, luchttransport",Spoorwerker,23
2017-12-31,2017,12,januari 2017 - december 2017,Dec 2017,Vrijetijds- en artistieke beroepen,"Medewerkers bij toerisme, vrije tijd en sport",Eventmanager,1
2017-12-31,2017,12,januari 2017 - december 2017,Dec 2017,Vrijetijds- en artistieke beroepen,"Medewerkers bij toerisme, vrije tijd en sport",Fitnessbegeleider,2
2017-12-31,2017,12,januari 2017 - december 2017,Dec 2017,Vrijetijds- en artistieke beroepen,Podium- en audiovisuele technici,Podiumtechnicus licht en beeld,1
2018-12-31,2018,12,januari 2018 - december 2018,Dec 2018,Bouwberoepen,Bouwtechnici,Architect,3
2018-12-31,2018,12,januari 2018 - december 2018,Dec 2018,Bouwberoepen,Bouwtechnici,BIM-expert (Building Information Modeling),14
2018-12-31,2018,12,januari 2018 - december 2018,Dec 2018,Bouwberoepen,Bouwtechnici,Bodemonderzoeker,3
2018-12-31,2018,12,januari 2018 - december 2018,Dec 2018,Bouwberoepen,Bouwtechnici,Bouwkundig tekenaar,172
2018-12-31,2018,12,januari 2018 - december 2018,Dec 2018,Bouwberoepen,Bouwtechnici,Calculator bouw,353
2018-12-31,2018,12,januari 2018 - december 2018,Dec 2018,Bouwberoepen,Bouwtechnici,EPB-verslaggever,3
2018-12-31,2018,12,januari 2018 - december 2018,Dec 2018,Bouwberoepen,Bouwtechnici,Energiedeskundige gebouwen,1
2018-12-31,2018,12,januari 2018 - december 2018,Dec 2018,Bouwberoepen,Bouwtechnici,Ingenieur studie en advies bouw,152
2018-12-31,2018,12,januari 2018 - december 2018,Dec 2018,Bouwberoepen,Bouwtechnici,Interieurarchitect interieurvormgever,60
2018-12-31,2018,12,januari 2018 - december 2018,Dec 2018,Bouwberoepen,Bouwtechnici,Landmeter,28
2018-12-31,2018,12,januari 2018 - december 2018,Dec 2018,Bouwberoepen,Bouwtechnici,Landschapsarchitect,2
2018-12-31,2018,12,januari 2018 - december 2018,Dec 2018,Bouwberoepen,Bouwtechnici,Projectleider bouw en openbare werken,284
2018-12-31,2018,12,januari 2018 - december 2018,Dec 2018,Bouwberoepen,Bouwtechnici,Veiligheidscoördinator,14
2018-12-31,2018,12,januari 2018 - december 2018,Dec 2018,Bouwberoepen,Bouwtechnici,Werfbediende,26
2018-12-31,2018,12,januari 2018 - december 2018,Dec 2018,Bouwberoepen,Bouwtechnici,Werfleider,787
2018-12-31,2018,12,januari 2018 - december 2018,Dec 2018,Bouwberoepen,Bouwvakkers,"Aansluiter van waterleidingen, rioleringen en warmtenetten",35
2018-12-31,2018,12,januari 2018 - december 2018,Dec 2018,Bouwberoepen,Bouwvakkers,Asbestverwijderaar,25
2018-12-31,2018,12,januari 2018 - december 2018,Dec 2018,Bouwberoepen,Bouwvakkers,Bekister-betonneerder,305
2018-12-31,2018,12,januari 2018 - december 2018,Dec 2018,Bouwberoepen,Bouwvakkers,Beveiligingstechnicus,107
2018-12-31,2018,12,januari 2018 - december 2018,Dec 2018,Bouwberoepen,Bouwvakkers,Brandertechnicus,15
2018-12-31,2018,12,januari 2018 - december 2018,Dec 2018,Bouwberoepen,Bouwvakkers,Daktimmerman,73
2018-12-31,2018,12,januari 2018 - december 2018,Dec 2018,Bouwberoepen,Bouwvakkers,Dakwerker,842
2018-12-31,2018,12,januari 2018 - december 2018,Dec 2018,Bouwberoepen,Bouwvakkers,Datacommunicatie- en netwerktechnicus,3915
2018-12-31,2018,12,januari 2018 - december 2018,Dec 2018,Bouwberoepen,Bouwvakkers,Dekvloerlegger,35
2018-12-31,2018,12,januari 2018 - december 2018,Dec 2018,Bouwberoepen,Bouwvakkers,Elektrotechnisch installateur,70
2018-12-31,2018,12,januari 2018 - december 2018,Dec 2018,Bouwberoepen,Bouwvakkers,Gevelreiniger,15
2018-12-31,2018,12,januari 2018 - december 2018,Dec 2018,Bouwberoepen,Bouwvakkers,Gevelrenoveerder-betonhersteller,102
2018-12-31,2018,12,januari 2018 - december 2018,Dec 2018,Bouwberoepen,Bouwvakkers,Glaswerker,31
2018-12-31,2018,12,januari 2018 - december 2018,Dec 2018,Bouwberoepen,Bouwvakkers,Industrieel isolatiewerker,64
2018-12-31,2018,12,januari 2018 - december 2018,Dec 2018,Bouwberoepen,Bouwvakkers,Installateur elektrotechnische basiscomponenten,60
2018-12-31,2018,12,januari 2018 - december 2018,Dec 2018,Bouwberoepen,Bouwvakkers,Installateur energiemanagementsystemen,2
2018-12-31,2018,12,januari 2018 - december 2018,Dec 2018,Bouwberoepen,Bouwvakkers,Installateur gebouwenautomatisering,1
2018-12-31,2018,12,januari 2018 - december 2018,Dec 2018,Bouwberoepen,Bouwvakkers,Installateur nutsvoorzieningen,101
2018-12-31,2018,12,januari 2018 - december 2018,Dec 2018,Bouwberoepen,Bouwvakkers,Interieurbouwer,348
2018-12-31,2018,12,januari 2018 - december 2018,Dec 2018,Bouwberoepen,Bouwvakkers,Isoleerder ruwbouw en dak,22
2018-12-31,2018,12,januari 2018 - december 2018,Dec 2018,Bouwberoepen,Bouwvakkers,Medewerker ruwbouw,771
2018-12-31,2018,12,januari 2018 - december 2018,Dec 2018,Bouwberoepen,Bouwvakkers,Metselaar,1008
2018-12-31,2018,12,januari 2018 - december 2018,Dec 2018,Bouwberoepen,Bouwvakkers,Monteur installatietechnieken,1071
2018-12-31,2018,12,januari 2018 - december 2018,Dec 2018,Bouwberoepen,Bouwvakkers,Natuursteenbewerker,20
2018-12-31,2018,12,januari 2018 - december 2018,Dec 2018,Bouwberoepen,Bouwvakkers,Onderhoudsmedewerker gebouwen,132
2018-12-31,2018,12,januari 2018 - december 2018,Dec 2018,Bouwberoepen,Bouwvakkers,Onderhoudsmedewerker wegennet,5
2018-12-31,2018,12,januari 2018 - december 2018,Dec 2018,Bouwberoepen,Bouwvakkers,Onderwaterwerker,5
2018-12-31,2018,12,januari 2018 - december 2018,Dec 2018,Bouwberoepen,Bouwvakkers,Plaatser binnenschrijnwerk,142
2018-12-31,2018,12,januari 2018 - december 2018,Dec 2018,Bouwberoepen,Bouwvakkers,Plaatser buitenschrijnwerk,547
2018-12-31,2018,12,januari 2018 - december 2018,Dec 2018,Bouwberoepen,Bouwvakkers,Plaatser van boven- en ondergrondse leidingen,135
2018-12-31,2018,12,januari 2018 - december 2018,Dec 2018,Bouwberoepen,Bouwvakkers,Plaatser van houten vloerbedekking,39
2018-12-31,2018,12,januari 2018 - december 2018,Dec 2018,Bouwberoepen,Bouwvakkers,Plaatser van soepele vloerbekledingen,37
2018-12-31,2018,12,januari 2018 - december 2018,Dec 2018,Bouwberoepen,Bouwvakkers,Rioollegger,44
2018-12-31,2018,12,januari 2018 - december 2018,Dec 2018,Bouwberoepen,Bouwvakkers,Schilder-decorateur,403
2018-12-31,2018,12,januari 2018 - december 2018,Dec 2018,Bouwberoepen,Bouwvakkers,Schrijnwerker houtbouw,32
2018-12-31,2018,12,januari 2018 - december 2018,Dec 2018,Bouwberoepen,Bouwvakkers,Steigerbouwer,85
2018-12-31,2018,12,januari 2018 - december 2018,Dec 2018,Bouwberoepen,Bouwvakkers,Stukadoor,282
2018-12-31,2018,12,januari 2018 - december 2018,Dec 2018,Bouwberoepen,Bouwvakkers,Technicus hernieuwbare energietechnieken,81
2018-12-31,2018,12,januari 2018 - december 2018,Dec 2018,Bouwberoepen,Bouwvakkers,Technicus installatietechnieken,70
2018-12-31,2018,12,januari 2018 - december 2018,Dec 2018,Bouwberoepen,Bouwvakkers,Vloerder-tegelzetter,287
2018-12-31,2018,12,januari 2018 - december 2018,Dec 2018,Bouwberoepen,Bouwvakkers,Voeger,51
2018-12-31,2018,12,januari 2018 - december 2018,Dec 2018,Bouwberoepen,Bouwvakkers,Wegenwerker,576
2018-12-31,2018,12,januari 2018 - december 2018,Dec 2018,Bouwberoepen,Machinisten en kraanmannen,Bediener grondverzetmachines,251
2018-12-31,2018,12,januari 2018 - december 2018,Dec 2018,Bouwberoepen,Machinisten en kraanmannen,Bediener machines horizontale boringen,7
2018-12-31,2018,12,januari 2018 - december 2018,Dec 2018,Bouwberoepen,Machinisten en kraanmannen,Bediener machines verticale boringen,20
2018-12-31,2018,12,januari 2018 - december 2018,Dec 2018,Bouwberoepen,Machinisten en kraanmannen,Bediener van betonnerings- en asfalteringsmachines,3
2018-12-31,2018,12,januari 2018 - december 2018,Dec 2018,Bouwberoepen,Machinisten en kraanmannen,Kraanbestuurder,242
2018-12-31,2018,12,januari 2018 - december 2018,Dec 2018,Bouwberoepen,Machinisten en kraanmannen,Torenkraanbediener,20
2018-12-31,2018,12,januari 2018 - december 2018,Dec 2018,Dienstverlenende beroepen,Adviesverleners,Arbeidsbemiddelaar-jobcoach,0
2018-12-31,2018,12,januari 2018 - december 2018,Dec 2018,Dienstverlenende beroepen,Experts vastgoed,Vastgoedbemiddelaar verkoop en verhuur,4
2018-12-31,2018,12,januari 2018 - december 2018,Dec 2018,Dienstverlenende beroepen,Experts vastgoed,Vastgoedpromotor,19
2018-12-31,2018,12,januari 2018 - december 2018,Dec 2018,Dienstverlenende beroepen,Juridische dienstverleners,Juridisch medewerker,15
2018-12-31,2018,12,januari 2018 - december 2018,Dec 2018,Dienstverlenende beroepen,Juridische dienstverleners,Jurist,8
2018-12-31,2018,12,januari 2018 - december 2018,Dec 2018,Dienstverlenende beroepen,Medewerkers in finance,Accountmanager in de financiële sector,16
2018-12-31,2018,12,januari 2018 - december 2018,Dec 2018,Dienstverlenende beroepen,Medewerkers in finance,Beheerder verzekeringen,1
2018-12-31,2018,12,januari 2018 - december 2018,Dec 2018,Dienstverlenende beroepen,Persoonlijke dienstverleners,Conciërge,1
2018-12-31,2018,12,januari 2018 - december 2018,Dec 2018,Dienstverlenende beroepen,Persoonlijke dienstverleners,Schoonheidsspecialist,1
2018-12-31,2018,12,januari 2018 - december 2018,Dec 2018,Dienstverlenende beroepen,Schoonmaak- en onderhoudspersoneel,Huishoudhulp-poetshulp,19
2018-12-31,2018,12,januari 2018 - december 2018,Dec 2018,Dienstverlenende beroepen,Schoonmaak- en onderhoudspersoneel,Industrieel reiniger,23
2018-12-31,2018,12,januari 2018 - december 2018,Dec 2018,Dienstverlenende beroepen,Schoonmaak- en onderhoudspersoneel,Onderhoudsmedewerker affichering en straatmeubilair,3
2018-12-31,2018,12,januari 2018 - december 2018,Dec 2018,Dienstverlenende beroepen,Schoonmaak- en onderhoudspersoneel,Ruitenwasser,52
2018-12-31,2018,12,januari 2018 - december 2018,Dec 2018,Dienstverlenende beroepen,Schoonmaak- en onderhoudspersoneel,Schoonmaker van ruimten en lokalen,42
2018-12-31,2018,12,januari 2018 - december 2018,Dec 2018,Handels- en verkoopberoepen,Verkooppersoneel,Assistent winkelmanager,9
2018-12-31,2018,12,januari 2018 - december 2018,Dec 2018,Handels- en verkoopberoepen,Verkooppersoneel,Technisch adviseur klantenondersteuning,5
2018-12-31,2018,12,januari 2018 - december 2018,Dec 2018,Handels- en verkoopberoepen,Verkooppersoneel,"Verhuurder van gereedschappen, transportmiddelen of vrijetijdsmaterieel",4
2018-12-31,2018,12,januari 2018 - december 2018,Dec 2018,Handels- en verkoopberoepen,Verkooppersoneel,Winkelmanager,2
2018-12-31,2018,12,januari 2018 - december 2018,Dec 2018,Handels- en verkoopberoepen,Verkooppersoneel,Winkelmedewerker,4
2018-12-31,2018,12,januari 2018 - december 2018,Dec 2018,Handels- en verkoopberoepen,Verkooppersoneel,Winkelverkoper,125
2018-12-31,2018,12,januari 2018 - december 2018,Dec 2018,Handels- en verkoopberoepen,Vertegenwoordigers,Vertegenwoordiger B2B,324
2018-12-31,2018,12,januari 2018 - december 2018,Dec 2018,Handels- en verkoopberoepen,Vertegenwoordigers,Vertegenwoordiger B2C,13
2018-12-31,2018,12,januari 2018 - december 2018,Dec 2018,Horecaberoepen,Horecapersoneel,Afwasser,1
2018-12-31,2018,12,januari 2018 - december 2018,Dec 2018,Horecaberoepen,Horecapersoneel,Horecamanager,3
2018-12-31,2018,12,januari 2018 - december 2018,Dec 2018,Horecaberoepen,Horecapersoneel,Hotelreceptionist,3
2018-12-31,2018,12,januari 2018 - december 2018,Dec 2018,Horecaberoepen,Horecapersoneel,Hulpkelner,1
2018-12-31,2018,12,januari 2018 - december 2018,Dec 2018,Horecaberoepen,Horecapersoneel,Hulpkok,0
2018-12-31,2018,12,januari 2018 - december 2018,Dec 2018,Horecaberoepen,Horecapersoneel,Kamerjongen-Kamermeisje,3
2018-12-31,2018,12,januari 2018 - december 2018,Dec 2018,Horecaberoepen,Horecapersoneel,Kelner,8
2018-12-31,2018,12,januari 2018 - december 2018,Dec 2018,Horecaberoepen,Horecapersoneel,Keukenmedewerker,1
2018-12-31,2018,12,januari 2018 - december 2018,Dec 2018,Horecaberoepen,Horecapersoneel,Kok,3
2018-12-31,2018,12,januari 2018 - december 2018,Dec 2018,Horecaberoepen,Horecapersoneel,Medewerker fastfood,2
2018-12-31,2018,12,januari 2018 - december 2018,Dec 2018,Industriële beroepen en ambachten,Beoefenaars van ambachten,Ambachtelijk metaalbewerker,6
2018-12-31,2018,12,januari 2018 - december 2018,Dec 2018,Industriële beroepen en ambachten,Beoefenaars van ambachten,Decorateur van kunst- en artisanale objecten,2
2018-12-31,2018,12,januari 2018 - december 2018,Dec 2018,Industriële beroepen en ambachten,Bewerkers van voeding,Productieoperator voedingsindustrie,2
2018-12-31,2018,12,januari 2018 - december 2018,Dec 2018,Industriële beroepen en ambachten,Bewerkers van voeding,Slachter,1
2018-12-31,2018,12,januari 2018 - december 2018,Dec 2018,Industriële beroepen en ambachten,Bewerkers van voeding,Slager,12
2018-12-31,2018,12,januari 2018 - december 2018,Dec 2018,Industriële beroepen en ambachten,Diverse productiemedewerkers en operatoren,Industrieel schilder,53
2018-12-31,2018,12,januari 2018 - december 2018,Dec 2018,Industriële beroepen en ambachten,Diverse productiemedewerkers en operatoren,Matrijswisselaar,1
2018-12-31,2018,12,januari 2018 - december 2018,Dec 2018,Industriële beroepen en ambachten,Diverse productiemedewerkers en operatoren,Ontginner gassen en vloeistoffen,0
2018-12-31,2018,12,januari 2018 - december 2018,Dec 2018,Industriële beroepen en ambachten,Diverse productiemedewerkers en operatoren,Operator glasbewerking,1
2018-12-31,2018,12,januari 2018 - december 2018,Dec 2018,Industriële beroepen en ambachten,Diverse productiemedewerkers en operatoren,Productiemedewerker,37
2018-12-31,2018,12,januari 2018 - december 2018,Dec 2018,Industriële beroepen en ambachten,Diverse productiemedewerkers en operatoren,Productiemedewerker prefabbeton,21
2018-12-31,2018,12,januari 2018 - december 2018,Dec 2018,Industriële beroepen en ambachten,Diverse productiemedewerkers en operatoren,Productieoperator elektrische en elektronische componenten,228
2018-12-31,2018,12,januari 2018 - december 2018,Dec 2018,Industriële beroepen en ambachten,Diverse productiemedewerkers en operatoren,"Productieoperator van stortbeton, cement, asfalt en granulaten",13
2018-12-31,2018,12,januari 2018 - december 2018,Dec 2018,Industriële beroepen en ambachten,Diverse productiemedewerkers en operatoren,Sorteerder recyclage,0
2018-12-31,2018,12,januari 2018 - december 2018,Dec 2018,Industriële beroepen en ambachten,Diverse productiemedewerkers en operatoren,Uitvoerder van werken op hoogte,38
2018-12-31,2018,12,januari 2018 - december 2018,Dec 2018,Industriële beroepen en ambachten,Drukkers,Digitaal drukker,1
2018-12-31,2018,12,januari 2018 - december 2018,Dec 2018,Industriële beroepen en ambachten,Industriële technici,Expert productieproces en -methodes,24
2018-12-31,2018,12,januari 2018 - december 2018,Dec 2018,Industriële beroepen en ambachten,Industriële technici,Industrieel elektromecanicien,1100
2018-12-31,2018,12,januari 2018 - december 2018,Dec 2018,Industriële beroepen en ambachten,Industriële technici,Industrieel laborant,13
2018-12-31,2018,12,januari 2018 - december 2018,Dec 2018,Industriële beroepen en ambachten,Industriële technici,Industrieel onderhoudstechnicus,308
2018-12-31,2018,12,januari 2018 - december 2018,Dec 2018,Industriële beroepen en ambachten,Industriële technici,Koeltechnicus,119
2018-12-31,2018,12,januari 2018 - december 2018,Dec 2018,Industriële beroepen en ambachten,Industriële technici,Lifttechnicus,33
2018-12-31,2018,12,januari 2018 - december 2018,Dec 2018,Industriële beroepen en ambachten,Industriële technici,Medewerker kwaliteitscontrole,6
2018-12-31,2018,12,januari 2018 - december 2018,Dec 2018,Industriële beroepen en ambachten,Industriële technici,Onderhoudstechnicus industriële automatisering,29
2018-12-31,2018,12,januari 2018 - december 2018,Dec 2018,Industriële beroepen en ambachten,Industriële technici,Onderhoudstechnicus waterdistributie en sanering,10
2018-12-31,2018,12,januari 2018 - december 2018,Dec 2018,Industriële beroepen en ambachten,Industriële technici,Ontwerper industriële automatisering,16
2018-12-31,2018,12,januari 2018 - december 2018,Dec 2018,Industriële beroepen en ambachten,Industriële technici,Productieplanner,57
2018-12-31,2018,12,januari 2018 - december 2018,Dec 2018,Industriële beroepen en ambachten,Industriële technici,Regeltechnicus klimatisatie,146
2018-12-31,2018,12,januari 2018 - december 2018,Dec 2018,Industriële beroepen en ambachten,Industriële technici,Technicus elektro en elektronica,22
2018-12-31,2018,12,januari 2018 - december 2018,Dec 2018,Industriële beroepen en ambachten,Industriële technici,Technicus elektronische installaties,96
2018-12-31,2018,12,januari 2018 - december 2018,Dec 2018,Industriële beroepen en ambachten,Industriële technici,"Technicus veiligheid, hygiëne en leefmilieu",1
2018-12-31,2018,12,januari 2018 - december 2018,Dec 2018,Industriële beroepen en ambachten,Industriële technici,Werkvoorbereider,90
2018-12-31,2018,12,januari 2018 - december 2018,Dec 2018,Industriële beroepen en ambachten,Medewerkers houtindustrie,Machinaal houtbewerker,4
2018-12-31,2018,12,januari 2018 - december 2018,Dec 2018,Industriële beroepen en ambachten,Medewerkers houtindustrie,Meubelmaker,84
2018-12-31,2018,12,januari 2018 - december 2018,Dec 2018,Industriële beroepen en ambachten,Medewerkers houtindustrie,Operator CNC-gestuurde houtbewerkingsmachines,5
2018-12-31,2018,12,januari 2018 - december 2018,Dec 2018,Industriële beroepen en ambachten,Medewerkers houtindustrie,Productieoperator hout,11
2018-12-31,2018,12,januari 2018 - december 2018,Dec 2018,Industriële beroepen en ambachten,Medewerkers houtindustrie,Werkplaatsschrijnwerker,169
2018-12-31,2018,12,januari 2018 - december 2018,Dec 2018,Industriële beroepen en ambachten,Monteurs en installateurs elektrotechniek,Bordenbouwer - Elektromonteur machinebouw,132
2018-12-31,2018,12,januari 2018 - december 2018,Dec 2018,Industriële beroepen en ambachten,Monteurs en installateurs elektrotechniek,Elektrotechnicus,1139
2018-12-31,2018,12,januari 2018 - december 2018,Dec 2018,Industriële beroepen en ambachten,Monteurs en installateurs elektrotechniek,Technicus industriële elektriciteit,1
2018-12-31,2018,12,januari 2018 - december 2018,Dec 2018,Industriële beroepen en ambachten,Precisietechniekers,Slotenmaker,3
2018-12-31,2018,12,januari 2018 - december 2018,Dec 2018,Industriële beroepen en ambachten,Professionals in de metaalindustrie,Bankwerker,5
2018-12-31,2018,12,januari 2018 - december 2018,Dec 2018,Industriële beroepen en ambachten,Professionals in de metaalindustrie,Insteller-omsteller plaatbewerking,15
2018-12-31,2018,12,januari 2018 - december 2018,Dec 2018,Industriële beroepen en ambachten,Professionals in de metaalindustrie,Insteller-omsteller verspaning,138
2018-12-31,2018,12,januari 2018 - december 2018,Dec 2018,Industriële beroepen en ambachten,Professionals in de metaalindustrie,Machinebouwer,25
2018-12-31,2018,12,januari 2018 - december 2018,Dec 2018,Industriële beroepen en ambachten,Professionals in de metaalindustrie,Manueel lasser,232
2018-12-31,2018,12,januari 2018 - december 2018,Dec 2018,Industriële beroepen en ambachten,Professionals in de metaalindustrie,Monteur staalconstructies,199
2018-12-31,2018,12,januari 2018 - december 2018,Dec 2018,Industriële beroepen en ambachten,Professionals in de metaalindustrie,Operator montage en assemblage,40
2018-12-31,2018,12,januari 2018 - december 2018,Dec 2018,Industriële beroepen en ambachten,Professionals in de metaalindustrie,Pijpfitter,84
2018-12-31,2018,12,januari 2018 - december 2018,Dec 2018,Industriële beroepen en ambachten,Professionals in de metaalindustrie,Productieoperator metaal,8
2018-12-31,2018,12,januari 2018 - december 2018,Dec 2018,Industriële beroepen en ambachten,Professionals in de metaalindustrie,Rigger-monteerder,44
2018-12-31,2018,12,januari 2018 - december 2018,Dec 2018,Industriële beroepen en ambachten,Specialisten chemie en kunststoffen,Procesoperator chemische industrie,6
2018-12-31,2018,12,januari 2018 - december 2018,Dec 2018,Industriële beroepen en ambachten,Specialisten chemie en kunststoffen,Productiemedewerker kunststofverwerking,2
2018-12-31,2018,12,januari 2018 - december 2018,Dec 2018,Industriële beroepen en ambachten,Technisch leidinggevenden,Afdelingsverantwoordelijke productie,3
2018-12-31,2018,12,januari 2018 - december 2018,Dec 2018,Industriële beroepen en ambachten,Technisch leidinggevenden,Productiemanager,10
2018-12-31,2018,12,januari 2018 - december 2018,Dec 2018,Industriële beroepen en ambachten,Technisch leidinggevenden,Projectmanager engineering,113
2018-12-31,2018,12,januari 2018 - december 2018,Dec 2018,Industriële beroepen en ambachten,Technisch leidinggevenden,Teamleader productie,4
2018-12-31,2018,12,januari 2018 - december 2018,Dec 2018,Industriële beroepen en ambachten,Technisch leidinggevenden,Verantwoordelijke beheer en onderhoud van voertuigen,9
2018-12-31,2018,12,januari 2018 - december 2018,Dec 2018,Industriële beroepen en ambachten,Technisch leidinggevenden,Verantwoordelijke industrieel onderhoud,32
2018-12-31,2018,12,januari 2018 - december 2018,Dec 2018,Industriële beroepen en ambachten,Technisch leidinggevenden,Verantwoordelijke kwaliteitscontrole,12
2018-12-31,2018,12,januari 2018 - december 2018,Dec 2018,Industriële beroepen en ambachten,Technisch leidinggevenden,Verantwoordelijke onderzoek en ontwikkeling,2
2018-12-31,2018,12,januari 2018 - december 2018,Dec 2018,Industriële beroepen en ambachten,Tekenaars en vormgevers,Grafisch vormgever,2
2018-12-31,2018,12,januari 2018 - december 2018,Dec 2018,Industriële beroepen en ambachten,Tekenaars en vormgevers,Productontwikkelaar,1
2018-12-31,2018,12,januari 2018 - december 2018,Dec 2018,Industriële beroepen en ambachten,Tekenaars en vormgevers,"Tekenaar-ontwerper elektriciteit, elektronica",42
2018-12-31,2018,12,januari 2018 - december 2018,Dec 2018,Industriële beroepen en ambachten,Tekenaars en vormgevers,Tekenaar-ontwerper mechanica,10
2018-12-31,2018,12,januari 2018 - december 2018,Dec 2018,Industriële beroepen en ambachten,Voer- en werktuigherstellers,Onderhoudsmecanicien van personenwagens en lichte bedrijfsvoertuigen,7
2018-12-31,2018,12,januari 2018 - december 2018,Dec 2018,Industriële beroepen en ambachten,Voer- en werktuigherstellers,Onderhoudsmecanicien van zware bedrijfsvoertuigen,58
2018-12-31,2018,12,januari 2018 - december 2018,Dec 2018,Industriële beroepen en ambachten,Voer- en werktuigherstellers,Plaatwerker carrosserie,9
2018-12-31,2018,12,januari 2018 - december 2018,Dec 2018,Industriële beroepen en ambachten,Voer- en werktuigherstellers,"Technicus werf-, landbouw- en hefmachines",73
2018-12-31,2018,12,januari 2018 - december 2018,Dec 2018,Industriële beroepen en ambachten,Voer- en werktuigherstellers,Voorbewerker carrosserie,9
2018-12-31,2018,12,januari 2018 - december 2018,Dec 2018,"Land-, tuin- en bosbouw- en visserijberoepen","Land-, tuin- en bosbouwers en vissers",Medewerker landbouw,12
2018-12-31,2018,12,januari 2018 - december 2018,Dec 2018,"Land-, tuin- en bosbouw- en visserijberoepen","Land-, tuin- en bosbouwers en vissers",Medewerker loonwerk,3
2018-12-31,2018,12,januari 2018 - december 2018,Dec 2018,"Land-, tuin- en bosbouw- en visserijberoepen","Land-, tuin- en bosbouwers en vissers",Medewerker paardenhouderij,1
2018-12-31,2018,12,januari 2018 - december 2018,Dec 2018,"Land-, tuin- en bosbouw- en visserijberoepen","Land-, tuin- en bosbouwers en vissers",Medewerker tuin- en groenaanleg en -onderhoud,71
2018-12-31,2018,12,januari 2018 - december 2018,Dec 2018,"Land-, tuin- en bosbouw- en visserijberoepen","Land-, tuin- en bosbouwers en vissers",Medewerker tuinbouw,10
2018-12-31,2018,12,januari 2018 - december 2018,Dec 2018,"Land-, tuin- en bosbouw- en visserijberoepen","Land-, tuin- en bosbouwers en vissers",Productieverantwoordelijke land- en tuinbouw,1
2018-12-31,2018,12,januari 2018 - december 2018,Dec 2018,"Land-, tuin- en bosbouw- en visserijberoepen","Land-, tuin- en bosbouwers en vissers",Verantwoordelijke tuin- en groenaanleg en -onderhoud,3
2018-12-31,2018,12,januari 2018 - december 2018,Dec 2018,"Medische, paramedische en verzorgende beroepen","Verpleegkundigen, vroedvrouwen en zorgpersoneel",Persoonlijk assistent,0
2018-12-31,2018,12,januari 2018 - december 2018,Dec 2018,Organisatieondersteunende en kennisberoepen,Accountants,Accountant,97
2018-12-31,2018,12,januari 2018 - december 2018,Dec 2018,Organisatieondersteunende en kennisberoepen,Accountants,Assistent accountancy,85
2018-12-31,2018,12,januari 2018 - december 2018,Dec 2018,Organisatieondersteunende en kennisberoepen,Accountants,Credit collector,3
2018-12-31,2018,12,januari 2018 - december 2018,Dec 2018,Organisatieondersteunende en kennisberoepen,Administratief medewerkers,Managementassistent,43
2018-12-31,2018,12,januari 2018 - december 2018,Dec 2018,Organisatieondersteunende en kennisberoepen,Administratief medewerkers,Onthaalmedewerker,32
2018-12-31,2018,12,januari 2018 - december 2018,Dec 2018,Organisatieondersteunende en kennisberoepen,Administratief medewerkers,Polyvalent administratief medewerker,509
2018-12-31,2018,12,januari 2018 - december 2018,Dec 2018,Organisatieondersteunende en kennisberoepen,Administratief medewerkers,Technisch-administratief medewerker,129
2018-12-31,2018,12,januari 2018 - december 2018,Dec 2018,Organisatieondersteunende en kennisberoepen,Bedrijfsadviseurs,Adviseur bedrijfsorganisatie en management,1
2018-12-31,2018,12,januari 2018 - december 2018,Dec 2018,Organisatieondersteunende en kennisberoepen,Bedrijfsadviseurs,Business analist,1
2018-12-31,2018,12,januari 2018 - december 2018,Dec 2018,Organisatieondersteunende en kennisberoepen,Bedrijfsadviseurs,Business en financial controller,13
2018-12-31,2018,12,januari 2018 - december 2018,Dec 2018,Organisatieondersteunende en kennisberoepen,Bedrijfsadviseurs,Mediabuyer,1
2018-12-31,2018,12,januari 2018 - december 2018,Dec 2018,Organisatieondersteunende en kennisberoepen,Bedrijfsadviseurs,Milieucoördinator,2
2018-12-31,2018,12,januari 2018 - december 2018,Dec 2018,Organisatieondersteunende en kennisberoepen,Bedrijfsadviseurs,Preventieadviseur,52
2018-12-31,2018,12,januari 2018 - december 2018,Dec 2018,Organisatieondersteunende en kennisberoepen,Bedrijfsadviseurs,Projectmanager business,7
2018-12-31,2018,12,januari 2018 - december 2018,Dec 2018,Organisatieondersteunende en kennisberoepen,Controleurs en inspecteurs,Technisch inspecteur industrie,8
2018-12-31,2018,12,januari 2018 - december 2018,Dec 2018,Organisatieondersteunende en kennisberoepen,HR-experts,Payroll advisor,10
2018-12-31,2018,12,januari 2018 - december 2018,Dec 2018,Organisatieondersteunende en kennisberoepen,HR-experts,Personeelsmedewerker,34
2018-12-31,2018,12,januari 2018 - december 2018,Dec 2018,Organisatieondersteunende en kennisberoepen,HR-experts,Verantwoordelijke werving en opleiding,66
2018-12-31,2018,12,januari 2018 - december 2018,Dec 2018,Organisatieondersteunende en kennisberoepen,Informatici en ICT-medewerkers,ICT architect,1
2018-12-31,2018,12,januari 2018 - december 2018,Dec 2018,Organisatieondersteunende en kennisberoepen,Informatici en ICT-medewerkers,Integratie expert ICT,7
2018-12-31,2018,12,januari 2018 - december 2018,Dec 2018,Organisatieondersteunende en kennisberoepen,Informatici en ICT-medewerkers,Netwerkbeheerder,1
2018-12-31,2018,12,januari 2018 - december 2018,Dec 2018,Organisatieondersteunende en kennisberoepen,Informatici en ICT-medewerkers,Software analist,2
2018-12-31,2018,12,januari 2018 - december 2018,Dec 2018,Organisatieondersteunende en kennisberoepen,Informatici en ICT-medewerkers,Software ontwikkelaar,8
2018-12-31,2018,12,januari 2018 - december 2018,Dec 2018,Organisatieondersteunende en kennisberoepen,Informatici en ICT-medewerkers,Support medewerker ICT,51
2018-12-31,2018,12,januari 2018 - december 2018,Dec 2018,Organisatieondersteunende en kennisberoepen,Informatici en ICT-medewerkers,Systeembeheerder,3
2018-12-31,2018,12,januari 2018 - december 2018,Dec 2018,Organisatieondersteunende en kennisberoepen,Leidinggevenden,Administratief en financieel verantwoordelijke,54
2018-12-31,2018,12,januari 2018 - december 2018,Dec 2018,Organisatieondersteunende en kennisberoepen,Leidinggevenden,Algemeen directeur,14
2018-12-31,2018,12,januari 2018 - december 2018,Dec 2018,Organisatieondersteunende en kennisberoepen,Leidinggevenden,Facility manager,5
2018-12-31,2018,12,januari 2018 - december 2018,Dec 2018,Organisatieondersteunende en kennisberoepen,Leidinggevenden,HR-manager,3
2018-12-31,2018,12,januari 2018 - december 2018,Dec 2018,Organisatieondersteunende en kennisberoepen,Leidinggevenden,Marketingmanager,23
2018-12-31,2018,12,januari 2018 - december 2018,Dec 2018,Organisatieondersteunende en kennisberoepen,Leidinggevenden,Sales manager,1
2018-12-31,2018,12,januari 2018 - december 2018,Dec 2018,Organisatieondersteunende en kennisberoepen,Leidinggevenden,Verantwoordelijke ICT,7
2018-12-31,2018,12,januari 2018 - december 2018,Dec 2018,Organisatieondersteunende en kennisberoepen,Leidinggevenden,Verantwoordelijke aankoop,2
2018-12-31,2018,12,januari 2018 - december 2018,Dec 2018,Organisatieondersteunende en kennisberoepen,Leidinggevenden,Verantwoordelijke contactcenter,4
2018-12-31,2018,12,januari 2018 - december 2018,Dec 2018,Organisatieondersteunende en kennisberoepen,Leidinggevenden,Verantwoordelijke klantendienst,5
2018-12-31,2018,12,januari 2018 - december 2018,Dec 2018,Organisatieondersteunende en kennisberoepen,Leidinggevenden,Verantwoordelijke verkoopadministratie,1
2018-12-31,2018,12,januari 2018 - december 2018,Dec 2018,Organisatieondersteunende en kennisberoepen,"Medewerkers commerciële strategie, marketing en verkoop",Aankoper,57
2018-12-31,2018,12,januari 2018 - december 2018,Dec 2018,Organisatieondersteunende en kennisberoepen,"Medewerkers commerciële strategie, marketing en verkoop",Accountmanager sales,1
2018-12-31,2018,12,januari 2018 - december 2018,Dec 2018,Organisatieondersteunende en kennisberoepen,"Medewerkers commerciële strategie, marketing en verkoop",Commercieel medewerker binnendienst,89
2018-12-31,2018,12,januari 2018 - december 2018,Dec 2018,Organisatieondersteunende en kennisberoepen,"Medewerkers commerciële strategie, marketing en verkoop",Contactcenter medewerker,1287
2018-12-31,2018,12,januari 2018 - december 2018,Dec 2018,Organisatieondersteunende en kennisberoepen,"Medewerkers commerciële strategie, marketing en verkoop",Digital marketeer,2
2018-12-31,2018,12,januari 2018 - december 2018,Dec 2018,Organisatieondersteunende en kennisberoepen,"Medewerkers commerciële strategie, marketing en verkoop",Digital sales assistant,21
2018-12-31,2018,12,januari 2018 - december 2018,Dec 2018,Organisatieondersteunende en kennisberoepen,"Medewerkers commerciële strategie, marketing en verkoop",Marketing assistent,9
2018-12-31,2018,12,januari 2018 - december 2018,Dec 2018,Organisatieondersteunende en kennisberoepen,"Medewerkers commerciële strategie, marketing en verkoop",Productmanager,2
2018-12-31,2018,12,januari 2018 - december 2018,Dec 2018,Organisatieondersteunende en kennisberoepen,"Medewerkers commerciële strategie, marketing en verkoop",Sales engineer,73
2018-12-31,2018,12,januari 2018 - december 2018,Dec 2018,Organisatieondersteunende en kennisberoepen,"Medewerkers commerciële strategie, marketing en verkoop",Verantwoordelijke verkooppromotie,0
2018-12-31,2018,12,januari 2018 - december 2018,Dec 2018,Organisatieondersteunende en kennisberoepen,Onderzoeksmedewerkers en beleidsexperten,Beleidsdeskundige,2
2018-12-31,2018,12,januari 2018 - december 2018,Dec 2018,Organisatieondersteunende en kennisberoepen,Onderzoeksmedewerkers en beleidsexperten,Wetenschappelijk onderzoeker,2
2018-12-31,2018,12,januari 2018 - december 2018,Dec 2018,Organisatieondersteunende en kennisberoepen,Specialisten kennisbeheer en communicatie,Erfgoedkundige,1
2018-12-31,2018,12,januari 2018 - december 2018,Dec 2018,Organisatieondersteunende en kennisberoepen,Specialisten kennisbeheer en communicatie,Vertaler,6
2018-12-31,2018,12,januari 2018 - december 2018,Dec 2018,Pedagogische beroepen,Onderwijzend en leidinggevend personeel in onderwijs,Pedagogisch coördinator,1
2018-12-31,2018,12,januari 2018 - december 2018,Dec 2018,Pedagogische beroepen,Opvoedkundig personeel,Kinderbegeleider baby's en peuters,0
2018-12-31,2018,12,januari 2018 - december 2018,Dec 2018,Pedagogische beroepen,Opvoedkundig personeel,Monitor-begeleider in de sociale economie,1
2018-12-31,2018,12,januari 2018 - december 2018,Dec 2018,Transport- en logistieke beroepen,Bestuurders in het wegtransport,Taxichauffeur en chauffeur privévervoer,3
2018-12-31,2018,12,januari 2018 - december 2018,Dec 2018,Transport- en logistieke beroepen,Bestuurders in het wegtransport,Vrachtwagenbestuurder,428
2018-12-31,2018,12,januari 2018 - december 2018,Dec 2018,Transport- en logistieke beroepen,Transport- en logistiek personeel,Dispatcher goederenvervoer,39
2018-12-31,2018,12,januari 2018 - december 2018,Dec 2018,Transport- en logistieke beroepen,Transport- en logistiek personeel,Dispatcher personenvervoer,5
2018-12-31,2018,12,januari 2018 - december 2018,Dec 2018,Transport- en logistieke beroepen,Transport- en logistiek personeel,Heftruckchauffeur,1
2018-12-31,2018,12,januari 2018 - december 2018,Dec 2018,Transport- en logistieke beroepen,Transport- en logistiek personeel,Koerier besteller,13
2018-12-31,2018,12,januari 2018 - december 2018,Dec 2018,Transport- en logistieke beroepen,Transport- en logistiek personeel,Logistiek verantwoordelijke,52
2018-12-31,2018,12,januari 2018 - december 2018,Dec 2018,Transport- en logistieke beroepen,Transport- en logistiek personeel,Magazijnbeheerder,20
2018-12-31,2018,12,januari 2018 - december 2018,Dec 2018,Transport- en logistieke beroepen,Transport- en logistiek personeel,Magazijnmedewerker,349
2018-12-31,2018,12,januari 2018 - december 2018,Dec 2018,Transport- en logistieke beroepen,Transport- en logistiek personeel,Medewerker internationaal goederenverkeer,1
2018-12-31,2018,12,januari 2018 - december 2018,Dec 2018,Transport- en logistieke beroepen,Transport- en logistiek personeel,Reachtruckchauffeur,2
2018-12-31,2018,12,januari 2018 - december 2018,Dec 2018,Transport- en logistieke beroepen,Transport- en logistiek personeel,Verantwoordelijke logistieke site,2
2018-12-31,2018,12,januari 2018 - december 2018,Dec 2018,Transport- en logistieke beroepen,"Werknemers spoor-, water-, luchttransport",Schipper-stuurman binnenscheepvaart,13
2018-12-31,2018,12,januari 2018 - december 2018,Dec 2018,Transport- en logistieke beroepen,"Werknemers spoor-, water-, luchttransport",Spoorwerker,44
2018-12-31,2018,12,januari 2018 - december 2018,Dec 2018,Vrijetijds- en artistieke beroepen,"Medewerkers bij toerisme, vrije tijd en sport",Eventmanager,2
2018-12-31,2018,12,januari 2018 - december 2018,Dec 2018,Vrijetijds- en artistieke beroepen,"Medewerkers bij toerisme, vrije tijd en sport",Redder,5
2018-12-31,2018,12,januari 2018 - december 2018,Dec 2018,Vrijetijds- en artistieke beroepen,Podium- en audiovisuele technici,Podiumtechnicus licht en beeld,1
2019-12-31,2019,12,januari 2019 - december 2019,Dec 2019,Bouwberoepen,Bouwtechnici,Architect,4
2019-12-31,2019,12,januari 2019 - december 2019,Dec 2019,Bouwberoepen,Bouwtechnici,BIM-expert (Building Information Modeling),11
2019-12-31,2019,12,januari 2019 - december 2019,Dec 2019,Bouwberoepen,Bouwtechnici,Bodemonderzoeker,13
2019-12-31,2019,12,januari 2019 - december 2019,Dec 2019,Bouwberoepen,Bouwtechnici,Bouwkundig tekenaar,198
2019-12-31,2019,12,januari 2019 - december 2019,Dec 2019,Bouwberoepen,Bouwtechnici,Calculator bouw,290
2019-12-31,2019,12,januari 2019 - december 2019,Dec 2019,Bouwberoepen,Bouwtechnici,EPB-verslaggever,5
2019-12-31,2019,12,januari 2019 - december 2019,Dec 2019,Bouwberoepen,Bouwtechnici,Expert technische controle en keuring bouw,1
2019-12-31,2019,12,januari 2019 - december 2019,Dec 2019,Bouwberoepen,Bouwtechnici,Ingenieur studie en advies bouw,184
2019-12-31,2019,12,januari 2019 - december 2019,Dec 2019,Bouwberoepen,Bouwtechnici,Interieurarchitect interieurvormgever,81
2019-12-31,2019,12,januari 2019 - december 2019,Dec 2019,Bouwberoepen,Bouwtechnici,Landmeter,38
2019-12-31,2019,12,januari 2019 - december 2019,Dec 2019,Bouwberoepen,Bouwtechnici,Landschapsarchitect,3
2019-12-31,2019,12,januari 2019 - december 2019,Dec 2019,Bouwberoepen,Bouwtechnici,Projectleider bouw en openbare werken,295
2019-12-31,2019,12,januari 2019 - december 2019,Dec 2019,Bouwberoepen,Bouwtechnici,Veiligheidscoördinator,10
2019-12-31,2019,12,januari 2019 - december 2019,Dec 2019,Bouwberoepen,Bouwtechnici,Verantwoordelijke onderhoud van gebouwen en infrastructuur,1
2019-12-31,2019,12,januari 2019 - december 2019,Dec 2019,Bouwberoepen,Bouwtechnici,Werfbediende,33
2019-12-31,2019,12,januari 2019 - december 2019,Dec 2019,Bouwberoepen,Bouwtechnici,Werfleider,798
2019-12-31,2019,12,januari 2019 - december 2019,Dec 2019,Bouwberoepen,Bouwvakkers,"Aansluiter van waterleidingen, rioleringen en warmtenetten",11
2019-12-31,2019,12,januari 2019 - december 2019,Dec 2019,Bouwberoepen,Bouwvakkers,Asbestverwijderaar,44
2019-12-31,2019,12,januari 2019 - december 2019,Dec 2019,Bouwberoepen,Bouwvakkers,Bekister-betonneerder,219
2019-12-31,2019,12,januari 2019 - december 2019,Dec 2019,Bouwberoepen,Bouwvakkers,Beveiligingstechnicus,84
2019-12-31,2019,12,januari 2019 - december 2019,Dec 2019,Bouwberoepen,Bouwvakkers,Brandertechnicus,19
2019-12-31,2019,12,januari 2019 - december 2019,Dec 2019,Bouwberoepen,Bouwvakkers,Daktimmerman,79
2019-12-31,2019,12,januari 2019 - december 2019,Dec 2019,Bouwberoepen,Bouwvakkers,Dakwerker,955
2019-12-31,2019,12,januari 2019 - december 2019,Dec 2019,Bouwberoepen,Bouwvakkers,Datacommunicatie- en netwerktechnicus,532
2019-12-31,2019,12,januari 2019 - december 2019,Dec 2019,Bouwberoepen,Bouwvakkers,Dekvloerlegger,20
2019-12-31,2019,12,januari 2019 - december 2019,Dec 2019,Bouwberoepen,Bouwvakkers,Elektrotechnisch installateur,95
2019-12-31,2019,12,januari 2019 - december 2019,Dec 2019,Bouwberoepen,Bouwvakkers,Gevelreiniger,21
2019-12-31,2019,12,januari 2019 - december 2019,Dec 2019,Bouwberoepen,Bouwvakkers,Gevelrenoveerder-betonhersteller,59
2019-12-31,2019,12,januari 2019 - december 2019,Dec 2019,Bouwberoepen,Bouwvakkers,Glaswerker,47
2019-12-31,2019,12,januari 2019 - december 2019,Dec 2019,Bouwberoepen,Bouwvakkers,Industrieel isolatiewerker,72
2019-12-31,2019,12,januari 2019 - december 2019,Dec 2019,Bouwberoepen,Bouwvakkers,Installateur elektrotechnische basiscomponenten,22
2019-12-31,2019,12,januari 2019 - december 2019,Dec 2019,Bouwberoepen,Bouwvakkers,Installateur energiemanagementsystemen,13
2019-12-31,2019,12,januari 2019 - december 2019,Dec 2019,Bouwberoepen,Bouwvakkers,Installateur gebouwenautomatisering,0
2019-12-31,2019,12,januari 2019 - december 2019,Dec 2019,Bouwberoepen,Bouwvakkers,Installateur nutsvoorzieningen,69
2019-12-31,2019,12,januari 2019 - december 2019,Dec 2019,Bouwberoepen,Bouwvakkers,Interieurbouwer,290
2019-12-31,2019,12,januari 2019 - december 2019,Dec 2019,Bouwberoepen,Bouwvakkers,Isoleerder ruwbouw en dak,46
2019-12-31,2019,12,januari 2019 - december 2019,Dec 2019,Bouwberoepen,Bouwvakkers,Medewerker ruwbouw,886
2019-12-31,2019,12,januari 2019 - december 2019,Dec 2019,Bouwberoepen,Bouwvakkers,Metselaar,800
2019-12-31,2019,12,januari 2019 - december 2019,Dec 2019,Bouwberoepen,Bouwvakkers,Monteur installatietechnieken,961
2019-12-31,2019,12,januari 2019 - december 2019,Dec 2019,Bouwberoepen,Bouwvakkers,Natuursteenbewerker,19
2019-12-31,2019,12,januari 2019 - december 2019,Dec 2019,Bouwberoepen,Bouwvakkers,Onderhoudsmedewerker gebouwen,106
2019-12-31,2019,12,januari 2019 - december 2019,Dec 2019,Bouwberoepen,Bouwvakkers,Onderhoudsmedewerker wegennet,2
2019-12-31,2019,12,januari 2019 - december 2019,Dec 2019,Bouwberoepen,Bouwvakkers,Plaatser binnenschrijnwerk,211
2019-12-31,2019,12,januari 2019 - december 2019,Dec 2019,Bouwberoepen,Bouwvakkers,Plaatser buitenschrijnwerk,542
2019-12-31,2019,12,januari 2019 - december 2019,Dec 2019,Bouwberoepen,Bouwvakkers,Plaatser van boven- en ondergrondse leidingen,195
2019-12-31,2019,12,januari 2019 - december 2019,Dec 2019,Bouwberoepen,Bouwvakkers,Plaatser van houten vloerbedekking,28
2019-12-31,2019,12,januari 2019 - december 2019,Dec 2019,Bouwberoepen,Bouwvakkers,Plaatser van soepele vloerbekledingen,24
2019-12-31,2019,12,januari 2019 - december 2019,Dec 2019,Bouwberoepen,Bouwvakkers,Rioollegger,24
2019-12-31,2019,12,januari 2019 - december 2019,Dec 2019,Bouwberoepen,Bouwvakkers,Schilder-decorateur,395
2019-12-31,2019,12,januari 2019 - december 2019,Dec 2019,Bouwberoepen,Bouwvakkers,Schrijnwerker houtbouw,30
2019-12-31,2019,12,januari 2019 - december 2019,Dec 2019,Bouwberoepen,Bouwvakkers,Steigerbouwer,75
2019-12-31,2019,12,januari 2019 - december 2019,Dec 2019,Bouwberoepen,Bouwvakkers,Stukadoor,323
2019-12-31,2019,12,januari 2019 - december 2019,Dec 2019,Bouwberoepen,Bouwvakkers,Technicus hernieuwbare energietechnieken,108
2019-12-31,2019,12,januari 2019 - december 2019,Dec 2019,Bouwberoepen,Bouwvakkers,Technicus installatietechnieken,58
2019-12-31,2019,12,januari 2019 - december 2019,Dec 2019,Bouwberoepen,Bouwvakkers,Vloerder-tegelzetter,215
2019-12-31,2019,12,januari 2019 - december 2019,Dec 2019,Bouwberoepen,Bouwvakkers,Voeger,47
2019-12-31,2019,12,januari 2019 - december 2019,Dec 2019,Bouwberoepen,Bouwvakkers,Wegenwerker,512
2019-12-31,2019,12,januari 2019 - december 2019,Dec 2019,Bouwberoepen,Machinisten en kraanmannen,Bediener grondverzetmachines,230
2019-12-31,2019,12,januari 2019 - december 2019,Dec 2019,Bouwberoepen,Machinisten en kraanmannen,Bediener machines horizontale boringen,13
2019-12-31,2019,12,januari 2019 - december 2019,Dec 2019,Bouwberoepen,Machinisten en kraanmannen,Bediener machines verticale boringen,11
2019-12-31,2019,12,januari 2019 - december 2019,Dec 2019,Bouwberoepen,Machinisten en kraanmannen,Bediener van betonnerings- en asfalteringsmachines,0
2019-12-31,2019,12,januari 2019 - december 2019,Dec 2019,Bouwberoepen,Machinisten en kraanmannen,Kraanbestuurder,251
2019-12-31,2019,12,januari 2019 - december 2019,Dec 2019,Bouwberoepen,Machinisten en kraanmannen,Torenkraanbediener,16
2019-12-31,2019,12,januari 2019 - december 2019,Dec 2019,Dienstverlenende beroepen,Adviesverleners,Arbeidsbemiddelaar-jobcoach,2
2019-12-31,2019,12,januari 2019 - december 2019,Dec 2019,Dienstverlenende beroepen,Experts vastgoed,Rentmeester,1
2019-12-31,2019,12,januari 2019 - december 2019,Dec 2019,Dienstverlenende beroepen,Experts vastgoed,Vastgoedbemiddelaar verkoop en verhuur,7
2019-12-31,2019,12,januari 2019 - december 2019,Dec 2019,Dienstverlenende beroepen,Experts vastgoed,Vastgoedpromotor,6
2019-12-31,2019,12,januari 2019 - december 2019,Dec 2019,Dienstverlenende beroepen,Juridische dienstverleners,Juridisch medewerker,24
2019-12-31,2019,12,januari 2019 - december 2019,Dec 2019,Dienstverlenende beroepen,Juridische dienstverleners,Jurist,15
2019-12-31,2019,12,januari 2019 - december 2019,Dec 2019,Dienstverlenende beroepen,Medewerkers in finance,Adviseur verzekeringen,1
2019-12-31,2019,12,januari 2019 - december 2019,Dec 2019,Dienstverlenende beroepen,Medewerkers in finance,Beheerder verzekeringen,2
2019-12-31,2019,12,januari 2019 - december 2019,Dec 2019,Dienstverlenende beroepen,Medewerkers in finance,Belastingadviseur,1
2019-12-31,2019,12,januari 2019 - december 2019,Dec 2019,Dienstverlenende beroepen,Medewerkers in finance,Financieel analist,1
2019-12-31,2019,12,januari 2019 - december 2019,Dec 2019,Dienstverlenende beroepen,Persoonlijke dienstverleners,Conciërge,2
2019-12-31,2019,12,januari 2019 - december 2019,Dec 2019,Dienstverlenende beroepen,Persoonlijke dienstverleners,Kapper,1
2019-12-31,2019,12,januari 2019 - december 2019,Dec 2019,Dienstverlenende beroepen,Persoonlijke dienstverleners,Schoonheidsspecialist,1
2019-12-31,2019,12,januari 2019 - december 2019,Dec 2019,Dienstverlenende beroepen,Schoonmaak- en onderhoudspersoneel,Carwashmedewerker,1
2019-12-31,2019,12,januari 2019 - december 2019,Dec 2019,Dienstverlenende beroepen,Schoonmaak- en onderhoudspersoneel,Huishoudhulp-poetshulp,24
2019-12-31,2019,12,januari 2019 - december 2019,Dec 2019,Dienstverlenende beroepen,Schoonmaak- en onderhoudspersoneel,Industrieel reiniger,64
2019-12-31,2019,12,januari 2019 - december 2019,Dec 2019,Dienstverlenende beroepen,Schoonmaak- en onderhoudspersoneel,Onderhoudsmedewerker affichering en straatmeubilair,3
2019-12-31,2019,12,januari 2019 - december 2019,Dec 2019,Dienstverlenende beroepen,Schoonmaak- en onderhoudspersoneel,Ruitenwasser,7
2019-12-31,2019,12,januari 2019 - december 2019,Dec 2019,Dienstverlenende beroepen,Schoonmaak- en onderhoudspersoneel,Schoonmaker van ruimten en lokalen,34
2019-12-31,2019,12,januari 2019 - december 2019,Dec 2019,Handels- en verkoopberoepen,Verkooppersoneel,Technisch adviseur klantenondersteuning,0
2019-12-31,2019,12,januari 2019 - december 2019,Dec 2019,Handels- en verkoopberoepen,Verkooppersoneel,"Verhuurder van gereedschappen, transportmiddelen of vrijetijdsmaterieel",4
2019-12-31,2019,12,januari 2019 - december 2019,Dec 2019,Handels- en verkoopberoepen,Verkooppersoneel,Winkelmanager,2
2019-12-31,2019,12,januari 2019 - december 2019,Dec 2019,Handels- en verkoopberoepen,Verkooppersoneel,Winkelmedewerker,5
2019-12-31,2019,12,januari 2019 - december 2019,Dec 2019,Handels- en verkoopberoepen,Verkooppersoneel,Winkelverkoper,137
2019-12-31,2019,12,januari 2019 - december 2019,Dec 2019,Handels- en verkoopberoepen,Vertegenwoordigers,Vertegenwoordiger B2B,271
2019-12-31,2019,12,januari 2019 - december 2019,Dec 2019,Handels- en verkoopberoepen,Vertegenwoordigers,Vertegenwoordiger B2C,31
2019-12-31,2019,12,januari 2019 - december 2019,Dec 2019,Horecaberoepen,Horecapersoneel,Horecamanager,3
2019-12-31,2019,12,januari 2019 - december 2019,Dec 2019,Horecaberoepen,Horecapersoneel,Hotelreceptionist,1
2019-12-31,2019,12,januari 2019 - december 2019,Dec 2019,Horecaberoepen,Horecapersoneel,Hulpkok,6
2019-12-31,2019,12,januari 2019 - december 2019,Dec 2019,Horecaberoepen,Horecapersoneel,Kelner,6
2019-12-31,2019,12,januari 2019 - december 2019,Dec 2019,Horecaberoepen,Horecapersoneel,Keukenmedewerker,5
2019-12-31,2019,12,januari 2019 - december 2019,Dec 2019,Horecaberoepen,Horecapersoneel,Kok,1
2019-12-31,2019,12,januari 2019 - december 2019,Dec 2019,Horecaberoepen,Horecapersoneel,Maître d'hôtel,1
2019-12-31,2019,12,januari 2019 - december 2019,Dec 2019,Horecaberoepen,Horecapersoneel,Medewerker fastfood,4
2019-12-31,2019,12,januari 2019 - december 2019,Dec 2019,Industriële beroepen en ambachten,Beoefenaars van ambachten,Ambachtelijk metaalbewerker,4
2019-12-31,2019,12,januari 2019 - december 2019,Dec 2019,Industriële beroepen en ambachten,Beoefenaars van ambachten,Decorateur van kunst- en artisanale objecten,1
2019-12-31,2019,12,januari 2019 - december 2019,Dec 2019,Industriële beroepen en ambachten,Bewerkers van voeding,Productieoperator voedingsindustrie,11
2019-12-31,2019,12,januari 2019 - december 2019,Dec 2019,Industriële beroepen en ambachten,Bewerkers van voeding,Slager,36
2019-12-31,2019,12,januari 2019 - december 2019,Dec 2019,Industriële beroepen en ambachten,Bewerkers van voeding,Uitsnijder-uitbener,1
2019-12-31,2019,12,januari 2019 - december 2019,Dec 2019,Industriële beroepen en ambachten,Confectie- en lederwerkers,Polyvalent stikster,3
2019-12-31,2019,12,januari 2019 - december 2019,Dec 2019,Industriële beroepen en ambachten,Diverse productiemedewerkers en operatoren,Industrieel schilder,97
2019-12-31,2019,12,januari 2019 - december 2019,Dec 2019,Industriële beroepen en ambachten,Diverse productiemedewerkers en operatoren,Operator in de keramiekindustrie,1
2019-12-31,2019,12,januari 2019 - december 2019,Dec 2019,Industriële beroepen en ambachten,Diverse productiemedewerkers en operatoren,Productiemedewerker,52
2019-12-31,2019,12,januari 2019 - december 2019,Dec 2019,Industriële beroepen en ambachten,Diverse productiemedewerkers en operatoren,Productiemedewerker prefabbeton,25
2019-12-31,2019,12,januari 2019 - december 2019,Dec 2019,Industriële beroepen en ambachten,Diverse productiemedewerkers en operatoren,Productieoperator elektrische en elektronische componenten,275
2019-12-31,2019,12,januari 2019 - december 2019,Dec 2019,Industriële beroepen en ambachten,Diverse productiemedewerkers en operatoren,"Productieoperator van stortbeton, cement, asfalt en granulaten",37
2019-12-31,2019,12,januari 2019 - december 2019,Dec 2019,Industriële beroepen en ambachten,Diverse productiemedewerkers en operatoren,Sorteerder recyclage,2
2019-12-31,2019,12,januari 2019 - december 2019,Dec 2019,Industriële beroepen en ambachten,Diverse productiemedewerkers en operatoren,Uitvoerder van werken op hoogte,34
2019-12-31,2019,12,januari 2019 - december 2019,Dec 2019,Industriële beroepen en ambachten,Diverse productiemedewerkers en operatoren,Verpakker,4
2019-12-31,2019,12,januari 2019 - december 2019,Dec 2019,Industriële beroepen en ambachten,Drukkers,Digitaal drukker,0
2019-12-31,2019,12,januari 2019 - december 2019,Dec 2019,Industriële beroepen en ambachten,Industriële technici,Expert productieproces en -methodes,33
2019-12-31,2019,12,januari 2019 - december 2019,Dec 2019,Industriële beroepen en ambachten,Industriële technici,Industrieel elektromecanicien,723
2019-12-31,2019,12,januari 2019 - december 2019,Dec 2019,Industriële beroepen en ambachten,Industriële technici,Industrieel laborant,3
2019-12-31,2019,12,januari 2019 - december 2019,Dec 2019,Industriële beroepen en ambachten,Industriële technici,Industrieel onderhoudstechnicus,163
2019-12-31,2019,12,januari 2019 - december 2019,Dec 2019,Industriële beroepen en ambachten,Industriële technici,Koeltechnicus,111
2019-12-31,2019,12,januari 2019 - december 2019,Dec 2019,Industriële beroepen en ambachten,Industriële technici,Lifttechnicus,19
2019-12-31,2019,12,januari 2019 - december 2019,Dec 2019,Industriële beroepen en ambachten,Industriële technici,Medewerker kwaliteitscontrole,18
2019-12-31,2019,12,januari 2019 - december 2019,Dec 2019,Industriële beroepen en ambachten,Industriële technici,Onderhoudstechnicus industriële automatisering,15
2019-12-31,2019,12,januari 2019 - december 2019,Dec 2019,Industriële beroepen en ambachten,Industriële technici,Onderhoudstechnicus waterdistributie en sanering,1
2019-12-31,2019,12,januari 2019 - december 2019,Dec 2019,Industriële beroepen en ambachten,Industriële technici,Ontwerper industriële automatisering,39
2019-12-31,2019,12,januari 2019 - december 2019,Dec 2019,Industriële beroepen en ambachten,Industriële technici,Productieplanner,74
2019-12-31,2019,12,januari 2019 - december 2019,Dec 2019,Industriële beroepen en ambachten,Industriële technici,Regeltechnicus klimatisatie,215
2019-12-31,2019,12,januari 2019 - december 2019,Dec 2019,Industriële beroepen en ambachten,Industriële technici,Technicus elektro en elektronica,121
2019-12-31,2019,12,januari 2019 - december 2019,Dec 2019,Industriële beroepen en ambachten,Industriële technici,Technicus elektronische installaties,129
2019-12-31,2019,12,januari 2019 - december 2019,Dec 2019,Industriële beroepen en ambachten,Industriële technici,Werkvoorbereider,52
2019-12-31,2019,12,januari 2019 - december 2019,Dec 2019,Industriële beroepen en ambachten,Medewerkers houtindustrie,Machinaal houtbewerker,3
2019-12-31,2019,12,januari 2019 - december 2019,Dec 2019,Industriële beroepen en ambachten,Medewerkers houtindustrie,Meubelmaker,66
2019-12-31,2019,12,januari 2019 - december 2019,Dec 2019,Industriële beroepen en ambachten,Medewerkers houtindustrie,Operator CNC-gestuurde houtbewerkingsmachines,8
2019-12-31,2019,12,januari 2019 - december 2019,Dec 2019,Industriële beroepen en ambachten,Medewerkers houtindustrie,Productieoperator hout,9
2019-12-31,2019,12,januari 2019 - december 2019,Dec 2019,Industriële beroepen en ambachten,Medewerkers houtindustrie,Werkplaatsschrijnwerker,197
2019-12-31,2019,12,januari 2019 - december 2019,Dec 2019,Industriële beroepen en ambachten,Monteurs en installateurs elektrotechniek,Bordenbouwer - Elektromonteur machinebouw,94
2019-12-31,2019,12,januari 2019 - december 2019,Dec 2019,Industriële beroepen en ambachten,Monteurs en installateurs elektrotechniek,Elektrotechnicus,1018
2019-12-31,2019,12,januari 2019 - december 2019,Dec 2019,Industriële beroepen en ambachten,Precisietechniekers,Slotenmaker,4
2019-12-31,2019,12,januari 2019 - december 2019,Dec 2019,Industriële beroepen en ambachten,Professionals in de metaalindustrie,Bankwerker,1
2019-12-31,2019,12,januari 2019 - december 2019,Dec 2019,Industriële beroepen en ambachten,Professionals in de metaalindustrie,Insteller-omsteller plaatbewerking,10
2019-12-31,2019,12,januari 2019 - december 2019,Dec 2019,Industriële beroepen en ambachten,Professionals in de metaalindustrie,Insteller-omsteller verspaning,56
2019-12-31,2019,12,januari 2019 - december 2019,Dec 2019,Industriële beroepen en ambachten,Professionals in de metaalindustrie,Machinebouwer,0
2019-12-31,2019,12,januari 2019 - december 2019,Dec 2019,Industriële beroepen en ambachten,Professionals in de metaalindustrie,Manueel lasser,207
2019-12-31,2019,12,januari 2019 - december 2019,Dec 2019,Industriële beroepen en ambachten,Professionals in de metaalindustrie,Monteur staalconstructies,230
2019-12-31,2019,12,januari 2019 - december 2019,Dec 2019,Industriële beroepen en ambachten,Professionals in de metaalindustrie,Operator montage en assemblage,66
2019-12-31,2019,12,januari 2019 - december 2019,Dec 2019,Industriële beroepen en ambachten,Professionals in de metaalindustrie,Pijpfitter,58
2019-12-31,2019,12,januari 2019 - december 2019,Dec 2019,Industriële beroepen en ambachten,Professionals in de metaalindustrie,Productieoperator metaal,16
2019-12-31,2019,12,januari 2019 - december 2019,Dec 2019,Industriële beroepen en ambachten,Professionals in de metaalindustrie,Rigger-monteerder,41
2019-12-31,2019,12,januari 2019 - december 2019,Dec 2019,Industriële beroepen en ambachten,Specialisten chemie en kunststoffen,Procesoperator chemische industrie,6
2019-12-31,2019,12,januari 2019 - december 2019,Dec 2019,Industriële beroepen en ambachten,Specialisten chemie en kunststoffen,Productiemedewerker kunststofverwerking,5
2019-12-31,2019,12,januari 2019 - december 2019,Dec 2019,Industriële beroepen en ambachten,Technisch leidinggevenden,Afdelingsverantwoordelijke productie,5
2019-12-31,2019,12,januari 2019 - december 2019,Dec 2019,Industriële beroepen en ambachten,Technisch leidinggevenden,Productiemanager,15
2019-12-31,2019,12,januari 2019 - december 2019,Dec 2019,Industriële beroepen en ambachten,Technisch leidinggevenden,Projectmanager engineering,117
2019-12-31,2019,12,januari 2019 - december 2019,Dec 2019,Industriële beroepen en ambachten,Technisch leidinggevenden,Teamleader productie,10
2019-12-31,2019,12,januari 2019 - december 2019,Dec 2019,Industriële beroepen en ambachten,Technisch leidinggevenden,Verantwoordelijke beheer en onderhoud van voertuigen,23
2019-12-31,2019,12,januari 2019 - december 2019,Dec 2019,Industriële beroepen en ambachten,Technisch leidinggevenden,Verantwoordelijke industrieel onderhoud,17
2019-12-31,2019,12,januari 2019 - december 2019,Dec 2019,Industriële beroepen en ambachten,Technisch leidinggevenden,Verantwoordelijke kwaliteitscontrole,11
2019-12-31,2019,12,januari 2019 - december 2019,Dec 2019,Industriële beroepen en ambachten,Technisch leidinggevenden,Verantwoordelijke onderzoek en ontwikkeling,1
2019-12-31,2019,12,januari 2019 - december 2019,Dec 2019,Industriële beroepen en ambachten,Tekenaars en vormgevers,Grafisch vormgever,7
2019-12-31,2019,12,januari 2019 - december 2019,Dec 2019,Industriële beroepen en ambachten,Tekenaars en vormgevers,Productontwikkelaar,2
2019-12-31,2019,12,januari 2019 - december 2019,Dec 2019,Industriële beroepen en ambachten,Tekenaars en vormgevers,"Tekenaar-ontwerper elektriciteit, elektronica",55
2019-12-31,2019,12,januari 2019 - december 2019,Dec 2019,Industriële beroepen en ambachten,Tekenaars en vormgevers,Tekenaar-ontwerper mechanica,28
2019-12-31,2019,12,januari 2019 - december 2019,Dec 2019,Industriële beroepen en ambachten,Voer- en werktuigherstellers,OAD-technicus van personenwagens en lichte bedrijfsvoertuigen,1
2019-12-31,2019,12,januari 2019 - december 2019,Dec 2019,Industriële beroepen en ambachten,Voer- en werktuigherstellers,Onderhoudsmecanicien van personenwagens en lichte bedrijfsvoertuigen,5
2019-12-31,2019,12,januari 2019 - december 2019,Dec 2019,Industriële beroepen en ambachten,Voer- en werktuigherstellers,Onderhoudsmecanicien van zware bedrijfsvoertuigen,36
2019-12-31,2019,12,januari 2019 - december 2019,Dec 2019,Industriële beroepen en ambachten,Voer- en werktuigherstellers,Plaatwerker carrosserie,5
2019-12-31,2019,12,januari 2019 - december 2019,Dec 2019,Industriële beroepen en ambachten,Voer- en werktuigherstellers,Spuiter carrosserie,1
2019-12-31,2019,12,januari 2019 - december 2019,Dec 2019,Industriële beroepen en ambachten,Voer- en werktuigherstellers,"Technicus van tuin-, park- en bosmachines",1
2019-12-31,2019,12,januari 2019 - december 2019,Dec 2019,Industriële beroepen en ambachten,Voer- en werktuigherstellers,"Technicus werf-, landbouw- en hefmachines",64
2019-12-31,2019,12,januari 2019 - december 2019,Dec 2019,Industriële beroepen en ambachten,Voer- en werktuigherstellers,Voorbewerker carrosserie,6
2019-12-31,2019,12,januari 2019 - december 2019,Dec 2019,Industriële beroepen en ambachten,Voer- en werktuigherstellers,Werktuigkundige scheepvaart,6
2019-12-31,2019,12,januari 2019 - december 2019,Dec 2019,"Land-, tuin- en bosbouw- en visserijberoepen","Land-, tuin- en bosbouwers en vissers",Bestuurder van bosexploitatiemachines,3
2019-12-31,2019,12,januari 2019 - december 2019,Dec 2019,"Land-, tuin- en bosbouw- en visserijberoepen","Land-, tuin- en bosbouwers en vissers",Medewerker landbouw,6
2019-12-31,2019,12,januari 2019 - december 2019,Dec 2019,"Land-, tuin- en bosbouw- en visserijberoepen","Land-, tuin- en bosbouwers en vissers",Medewerker paardenhouderij,1
2019-12-31,2019,12,januari 2019 - december 2019,Dec 2019,"Land-, tuin- en bosbouw- en visserijberoepen","Land-, tuin- en bosbouwers en vissers",Medewerker tuin- en groenaanleg en -onderhoud,109
2019-12-31,2019,12,januari 2019 - december 2019,Dec 2019,"Land-, tuin- en bosbouw- en visserijberoepen","Land-, tuin- en bosbouwers en vissers",Medewerker tuinbouw,9
2019-12-31,2019,12,januari 2019 - december 2019,Dec 2019,"Land-, tuin- en bosbouw- en visserijberoepen","Land-, tuin- en bosbouwers en vissers",Productieverantwoordelijke land- en tuinbouw,4
2019-12-31,2019,12,januari 2019 - december 2019,Dec 2019,"Land-, tuin- en bosbouw- en visserijberoepen","Land-, tuin- en bosbouwers en vissers",Verantwoordelijke tuin- en groenaanleg en -onderhoud,19
2019-12-31,2019,12,januari 2019 - december 2019,Dec 2019,"Medische, paramedische en verzorgende beroepen",Paramedici,Ergotherapeut,1
2019-12-31,2019,12,januari 2019 - december 2019,Dec 2019,Organisatieondersteunende en kennisberoepen,Accountants,Accountant,107
2019-12-31,2019,12,januari 2019 - december 2019,Dec 2019,Organisatieondersteunende en kennisberoepen,Accountants,Assistent accountancy,64
2019-12-31,2019,12,januari 2019 - december 2019,Dec 2019,Organisatieondersteunende en kennisberoepen,Accountants,Credit collector,2
2019-12-31,2019,12,januari 2019 - december 2019,Dec 2019,Organisatieondersteunende en kennisberoepen,Administratief medewerkers,Managementassistent,38
2019-12-31,2019,12,januari 2019 - december 2019,Dec 2019,Organisatieondersteunende en kennisberoepen,Administratief medewerkers,Medewerker medisch secretariaat,1
2019-12-31,2019,12,januari 2019 - december 2019,Dec 2019,Organisatieondersteunende en kennisberoepen,Administratief medewerkers,Onthaalmedewerker,27
2019-12-31,2019,12,januari 2019 - december 2019,Dec 2019,Organisatieondersteunende en kennisberoepen,Administratief medewerkers,Polyvalent administratief medewerker,582
2019-12-31,2019,12,januari 2019 - december 2019,Dec 2019,Organisatieondersteunende en kennisberoepen,Administratief medewerkers,Technisch-administratief medewerker,198
2019-12-31,2019,12,januari 2019 - december 2019,Dec 2019,Organisatieondersteunende en kennisberoepen,Bedrijfsadviseurs,Adviseur bedrijfsorganisatie en management,3
2019-12-31,2019,12,januari 2019 - december 2019,Dec 2019,Organisatieondersteunende en kennisberoepen,Bedrijfsadviseurs,Business analist,16
2019-12-31,2019,12,januari 2019 - december 2019,Dec 2019,Organisatieondersteunende en kennisberoepen,Bedrijfsadviseurs,Business en financial controller,17
2019-12-31,2019,12,januari 2019 - december 2019,Dec 2019,Organisatieondersteunende en kennisberoepen,Bedrijfsadviseurs,Milieucoördinator,4
2019-12-31,2019,12,januari 2019 - december 2019,Dec 2019,Organisatieondersteunende en kennisberoepen,Bedrijfsadviseurs,Preventieadviseur,56
2019-12-31,2019,12,januari 2019 - december 2019,Dec 2019,Organisatieondersteunende en kennisberoepen,Bedrijfsadviseurs,Projectmanager business,5
2019-12-31,2019,12,januari 2019 - december 2019,Dec 2019,Organisatieondersteunende en kennisberoepen,Controleurs en inspecteurs,Technisch inspecteur industrie,9
2019-12-31,2019,12,januari 2019 - december 2019,Dec 2019,Organisatieondersteunende en kennisberoepen,HR-experts,Payroll advisor,15
2019-12-31,2019,12,januari 2019 - december 2019,Dec 2019,Organisatieondersteunende en kennisberoepen,HR-experts,Personeelsmedewerker,47
2019-12-31,2019,12,januari 2019 - december 2019,Dec 2019,Organisatieondersteunende en kennisberoepen,HR-experts,Verantwoordelijke werving en opleiding,33
2019-12-31,2019,12,januari 2019 - december 2019,Dec 2019,Organisatieondersteunende en kennisberoepen,Informatici en ICT-medewerkers,Analist communicatie- en informatiesystemen defensie-veiligheid,1
2019-12-31,2019,12,januari 2019 - december 2019,Dec 2019,Organisatieondersteunende en kennisberoepen,Informatici en ICT-medewerkers,GIS-medewerker,1
2019-12-31,2019,12,januari 2019 - december 2019,Dec 2019,Organisatieondersteunende en kennisberoepen,Informatici en ICT-medewerkers,ICT architect,2
2019-12-31,2019,12,januari 2019 - december 2019,Dec 2019,Organisatieondersteunende en kennisberoepen,Informatici en ICT-medewerkers,Integratie expert ICT,10
2019-12-31,2019,12,januari 2019 - december 2019,Dec 2019,Organisatieondersteunende en kennisberoepen,Informatici en ICT-medewerkers,Netwerkbeheerder,6
2019-12-31,2019,12,januari 2019 - december 2019,Dec 2019,Organisatieondersteunende en kennisberoepen,Informatici en ICT-medewerkers,Software analist,1
2019-12-31,2019,12,januari 2019 - december 2019,Dec 2019,Organisatieondersteunende en kennisberoepen,Informatici en ICT-medewerkers,Software ontwikkelaar,12
2019-12-31,2019,12,januari 2019 - december 2019,Dec 2019,Organisatieondersteunende en kennisberoepen,Informatici en ICT-medewerkers,Support medewerker ICT,20
2019-12-31,2019,12,januari 2019 - december 2019,Dec 2019,Organisatieondersteunende en kennisberoepen,Informatici en ICT-medewerkers,Systeembeheerder,13
2019-12-31,2019,12,januari 2019 - december 2019,Dec 2019,Organisatieondersteunende en kennisberoepen,Leidinggevenden,Administratief en financieel verantwoordelijke,14
2019-12-31,2019,12,januari 2019 - december 2019,Dec 2019,Organisatieondersteunende en kennisberoepen,Leidinggevenden,Algemeen directeur,19
2019-12-31,2019,12,januari 2019 - december 2019,Dec 2019,Organisatieondersteunende en kennisberoepen,Leidinggevenden,Facility manager,11
2019-12-31,2019,12,januari 2019 - december 2019,Dec 2019,Organisatieondersteunende en kennisberoepen,Leidinggevenden,HR-manager,15
2019-12-31,2019,12,januari 2019 - december 2019,Dec 2019,Organisatieondersteunende en kennisberoepen,Leidinggevenden,Marketingmanager,15
2019-12-31,2019,12,januari 2019 - december 2019,Dec 2019,Organisatieondersteunende en kennisberoepen,Leidinggevenden,Sales manager,0
2019-12-31,2019,12,januari 2019 - december 2019,Dec 2019,Organisatieondersteunende en kennisberoepen,Leidinggevenden,Verantwoordelijke ICT,4
2019-12-31,2019,12,januari 2019 - december 2019,Dec 2019,Organisatieondersteunende en kennisberoepen,Leidinggevenden,Verantwoordelijke aankoop,4
2019-12-31,2019,12,januari 2019 - december 2019,Dec 2019,Organisatieondersteunende en kennisberoepen,Leidinggevenden,Verantwoordelijke contactcenter,1
2019-12-31,2019,12,januari 2019 - december 2019,Dec 2019,Organisatieondersteunende en kennisberoepen,"Medewerkers commerciële strategie, marketing en verkoop",Aankoper,78
2019-12-31,2019,12,januari 2019 - december 2019,Dec 2019,Organisatieondersteunende en kennisberoepen,"Medewerkers commerciële strategie, marketing en verkoop",Accountmanager sales,1
2019-12-31,2019,12,januari 2019 - december 2019,Dec 2019,Organisatieondersteunende en kennisberoepen,"Medewerkers commerciële strategie, marketing en verkoop",Commercieel medewerker binnendienst,39
2019-12-31,2019,12,januari 2019 - december 2019,Dec 2019,Organisatieondersteunende en kennisberoepen,"Medewerkers commerciële strategie, marketing en verkoop",Contactcenter medewerker,54
2019-12-31,2019,12,januari 2019 - december 2019,Dec 2019,Organisatieondersteunende en kennisberoepen,"Medewerkers commerciële strategie, marketing en verkoop",Digital marketeer,3
2019-12-31,2019,12,januari 2019 - december 2019,Dec 2019,Organisatieondersteunende en kennisberoepen,"Medewerkers commerciële strategie, marketing en verkoop",Digital sales assistant,22
2019-12-31,2019,12,januari 2019 - december 2019,Dec 2019,Organisatieondersteunende en kennisberoepen,"Medewerkers commerciële strategie, marketing en verkoop",Enquêteur,1
2019-12-31,2019,12,januari 2019 - december 2019,Dec 2019,Organisatieondersteunende en kennisberoepen,"Medewerkers commerciële strategie, marketing en verkoop",Productmanager,4
2019-12-31,2019,12,januari 2019 - december 2019,Dec 2019,Organisatieondersteunende en kennisberoepen,"Medewerkers commerciële strategie, marketing en verkoop",Sales engineer,47
2019-12-31,2019,12,januari 2019 - december 2019,Dec 2019,Organisatieondersteunende en kennisberoepen,"Medewerkers commerciële strategie, marketing en verkoop",Verantwoordelijke verkooppromotie,1
2019-12-31,2019,12,januari 2019 - december 2019,Dec 2019,Organisatieondersteunende en kennisberoepen,Onderzoeksmedewerkers en beleidsexperten,Beleidsdeskundige,1
2019-12-31,2019,12,januari 2019 - december 2019,Dec 2019,Organisatieondersteunende en kennisberoepen,Onderzoeksmedewerkers en beleidsexperten,Marktonderzoeker,1
2019-12-31,2019,12,januari 2019 - december 2019,Dec 2019,Organisatieondersteunende en kennisberoepen,Onderzoeksmedewerkers en beleidsexperten,Wetenschappelijk onderzoeker,2
2019-12-31,2019,12,januari 2019 - december 2019,Dec 2019,Organisatieondersteunende en kennisberoepen,Specialisten kennisbeheer en communicatie,Medewerker communicatie,6
2019-12-31,2019,12,januari 2019 - december 2019,Dec 2019,Organisatieondersteunende en kennisberoepen,Specialisten kennisbeheer en communicatie,Technisch redacteur,1
2019-12-31,2019,12,januari 2019 - december 2019,Dec 2019,Pedagogische beroepen,Onderwijzend en leidinggevend personeel in onderwijs,Pedagogisch coördinator,0
2019-12-31,2019,12,januari 2019 - december 2019,Dec 2019,Pedagogische beroepen,Opvoedkundig personeel,Monitor-begeleider in de sociale economie,1
2019-12-31,2019,12,januari 2019 - december 2019,Dec 2019,Transport- en logistieke beroepen,Bestuurders in het wegtransport,Bestuurder van sleepvoertuigen,2
2019-12-31,2019,12,januari 2019 - december 2019,Dec 2019,Transport- en logistieke beroepen,Bestuurders in het wegtransport,Taxichauffeur en chauffeur privévervoer,1
2019-12-31,2019,12,januari 2019 - december 2019,Dec 2019,Transport- en logistieke beroepen,Bestuurders in het wegtransport,Vrachtwagenbestuurder,454
2019-12-31,2019,12,januari 2019 - december 2019,Dec 2019,Transport- en logistieke beroepen,Transport- en logistiek personeel,Dispatcher goederenvervoer,21
2019-12-31,2019,12,januari 2019 - december 2019,Dec 2019,Transport- en logistieke beroepen,Transport- en logistiek personeel,Heftruckchauffeur,1
2019-12-31,2019,12,januari 2019 - december 2019,Dec 2019,Transport- en logistieke beroepen,Transport- en logistiek personeel,Koerier besteller,13
2019-12-31,2019,12,januari 2019 - december 2019,Dec 2019,Transport- en logistieke beroepen,Transport- en logistiek personeel,Logistiek verantwoordelijke,18
2019-12-31,2019,12,januari 2019 - december 2019,Dec 2019,Transport- en logistieke beroepen,Transport- en logistiek personeel,Magazijnbeheerder,22
2019-12-31,2019,12,januari 2019 - december 2019,Dec 2019,Transport- en logistieke beroepen,Transport- en logistiek personeel,Magazijnmedewerker,235
2019-12-31,2019,12,januari 2019 - december 2019,Dec 2019,Transport- en logistieke beroepen,Transport- en logistiek personeel,Medewerker internationaal goederenverkeer,4
2019-12-31,2019,12,januari 2019 - december 2019,Dec 2019,Transport- en logistieke beroepen,Transport- en logistiek personeel,Reachtruckchauffeur,2
2019-12-31,2019,12,januari 2019 - december 2019,Dec 2019,Transport- en logistieke beroepen,Transport- en logistiek personeel,Verantwoordelijke logistieke site,2
2019-12-31,2019,12,januari 2019 - december 2019,Dec 2019,Transport- en logistieke beroepen,Transport- en logistiek personeel,Verhuizer,6
2019-12-31,2019,12,januari 2019 - december 2019,Dec 2019,Transport- en logistieke beroepen,"Werknemers spoor-, water-, luchttransport",Matroos binnenscheepvaart,1
2019-12-31,2019,12,januari 2019 - december 2019,Dec 2019,Transport- en logistieke beroepen,"Werknemers spoor-, water-, luchttransport",Schipper-stuurman binnenscheepvaart,0
2019-12-31,2019,12,januari 2019 - december 2019,Dec 2019,Transport- en logistieke beroepen,"Werknemers spoor-, water-, luchttransport",Spoorwerker,21
2019-12-31,2019,12,januari 2019 - december 2019,Dec 2019,Vrijetijds- en artistieke beroepen,"Medewerkers bij toerisme, vrije tijd en sport",Sporttrainer,1
2019-12-31,2019,12,januari 2019 - december 2019,Dec 2019,Vrijetijds- en artistieke beroepen,Podium- en audiovisuele technici,Podiumtechnicus licht en beeld,0
2019-12-31,2019,12,januari 2019 - december 2019,Dec 2019,Vrijetijds- en artistieke beroepen,Podium- en audiovisuele technici,Polyvalent podiumtechnicus,2
2020-12-31,2020,12,januari 2020 - december 2020,Dec 2020,Bouwberoepen,Bouwtechnici,Architect,10
2020-12-31,2020,12,januari 2020 - december 2020,Dec 2020,Bouwberoepen,Bouwtechnici,BIM-expert (Building Information Modeling),8
2020-12-31,2020,12,januari 2020 - december 2020,Dec 2020,Bouwberoepen,Bouwtechnici,Bodemonderzoeker,7
2020-12-31,2020,12,januari 2020 - december 2020,Dec 2020,Bouwberoepen,Bouwtechnici,Bouwkundig tekenaar,163
2020-12-31,2020,12,januari 2020 - december 2020,Dec 2020,Bouwberoepen,Bouwtechnici,Calculator bouw,264
2020-12-31,2020,12,januari 2020 - december 2020,Dec 2020,Bouwberoepen,Bouwtechnici,EPB-verslaggever,3
2020-12-31,2020,12,januari 2020 - december 2020,Dec 2020,Bouwberoepen,Bouwtechnici,Ingenieur studie en advies bouw,152
2020-12-31,2020,12,januari 2020 - december 2020,Dec 2020,Bouwberoepen,Bouwtechnici,Interieurarchitect interieurvormgever,40
2020-12-31,2020,12,januari 2020 - december 2020,Dec 2020,Bouwberoepen,Bouwtechnici,Landmeter,31
2020-12-31,2020,12,januari 2020 - december 2020,Dec 2020,Bouwberoepen,Bouwtechnici,Landschapsarchitect,4
2020-12-31,2020,12,januari 2020 - december 2020,Dec 2020,Bouwberoepen,Bouwtechnici,Projectleider bouw en openbare werken,274
2020-12-31,2020,12,januari 2020 - december 2020,Dec 2020,Bouwberoepen,Bouwtechnici,Veiligheidscoördinator,19
2020-12-31,2020,12,januari 2020 - december 2020,Dec 2020,Bouwberoepen,Bouwtechnici,Werfbediende,35
2020-12-31,2020,12,januari 2020 - december 2020,Dec 2020,Bouwberoepen,Bouwtechnici,Werfleider,586
2020-12-31,2020,12,januari 2020 - december 2020,Dec 2020,Bouwberoepen,Bouwvakkers,"Aansluiter van waterleidingen, rioleringen en warmtenetten",20
2020-12-31,2020,12,januari 2020 - december 2020,Dec 2020,Bouwberoepen,Bouwvakkers,Asbestverwijderaar,29
2020-12-31,2020,12,januari 2020 - december 2020,Dec 2020,Bouwberoepen,Bouwvakkers,Bekister-betonneerder,218
2020-12-31,2020,12,januari 2020 - december 2020,Dec 2020,Bouwberoepen,Bouwvakkers,Beveiligingstechnicus,63
2020-12-31,2020,12,januari 2020 - december 2020,Dec 2020,Bouwberoepen,Bouwvakkers,Brandertechnicus,15
2020-12-31,2020,12,januari 2020 - december 2020,Dec 2020,Bouwberoepen,Bouwvakkers,Daktimmerman,91
2020-12-31,2020,12,januari 2020 - december 2020,Dec 2020,Bouwberoepen,Bouwvakkers,Dakwerker,896
2020-12-31,2020,12,januari 2020 - december 2020,Dec 2020,Bouwberoepen,Bouwvakkers,Datacommunicatie- en netwerktechnicus,943
2020-12-31,2020,12,januari 2020 - december 2020,Dec 2020,Bouwberoepen,Bouwvakkers,Dekvloerlegger,23
2020-12-31,2020,12,januari 2020 - december 2020,Dec 2020,Bouwberoepen,Bouwvakkers,Elektrotechnisch installateur,116
2020-12-31,2020,12,januari 2020 - december 2020,Dec 2020,Bouwberoepen,Bouwvakkers,Gevelreiniger,12
2020-12-31,2020,12,januari 2020 - december 2020,Dec 2020,Bouwberoepen,Bouwvakkers,Gevelrenoveerder-betonhersteller,92
2020-12-31,2020,12,januari 2020 - december 2020,Dec 2020,Bouwberoepen,Bouwvakkers,Glaswerker,47
2020-12-31,2020,12,januari 2020 - december 2020,Dec 2020,Bouwberoepen,Bouwvakkers,Industrieel isolatiewerker,74
2020-12-31,2020,12,januari 2020 - december 2020,Dec 2020,Bouwberoepen,Bouwvakkers,Installateur elektrotechnische basiscomponenten,19
2020-12-31,2020,12,januari 2020 - december 2020,Dec 2020,Bouwberoepen,Bouwvakkers,Installateur energiemanagementsystemen,13
2020-12-31,2020,12,januari 2020 - december 2020,Dec 2020,Bouwberoepen,Bouwvakkers,Installateur gebouwenautomatisering,5
2020-12-31,2020,12,januari 2020 - december 2020,Dec 2020,Bouwberoepen,Bouwvakkers,Installateur nutsvoorzieningen,61
2020-12-31,2020,12,januari 2020 - december 2020,Dec 2020,Bouwberoepen,Bouwvakkers,Interieurbouwer,236
2020-12-31,2020,12,januari 2020 - december 2020,Dec 2020,Bouwberoepen,Bouwvakkers,Isoleerder ruwbouw en dak,34
2020-12-31,2020,12,januari 2020 - december 2020,Dec 2020,Bouwberoepen,Bouwvakkers,Medewerker ruwbouw,792
2020-12-31,2020,12,januari 2020 - december 2020,Dec 2020,Bouwberoepen,Bouwvakkers,Metselaar,830
2020-12-31,2020,12,januari 2020 - december 2020,Dec 2020,Bouwberoepen,Bouwvakkers,Monteur installatietechnieken,987
2020-12-31,2020,12,januari 2020 - december 2020,Dec 2020,Bouwberoepen,Bouwvakkers,Natuursteenbewerker,24
2020-12-31,2020,12,januari 2020 - december 2020,Dec 2020,Bouwberoepen,Bouwvakkers,Onderhoudsmedewerker gebouwen,107
2020-12-31,2020,12,januari 2020 - december 2020,Dec 2020,Bouwberoepen,Bouwvakkers,Onderhoudsmedewerker wegennet,4
2020-12-31,2020,12,januari 2020 - december 2020,Dec 2020,Bouwberoepen,Bouwvakkers,Plaatser binnenschrijnwerk,277
2020-12-31,2020,12,januari 2020 - december 2020,Dec 2020,Bouwberoepen,Bouwvakkers,Plaatser buitenschrijnwerk,594
2020-12-31,2020,12,januari 2020 - december 2020,Dec 2020,Bouwberoepen,Bouwvakkers,Plaatser van boven- en ondergrondse leidingen,143
2020-12-31,2020,12,januari 2020 - december 2020,Dec 2020,Bouwberoepen,Bouwvakkers,Plaatser van houten vloerbedekking,28
2020-12-31,2020,12,januari 2020 - december 2020,Dec 2020,Bouwberoepen,Bouwvakkers,Plaatser van soepele vloerbekledingen,34
2020-12-31,2020,12,januari 2020 - december 2020,Dec 2020,Bouwberoepen,Bouwvakkers,Rioollegger,6
2020-12-31,2020,12,januari 2020 - december 2020,Dec 2020,Bouwberoepen,Bouwvakkers,Schilder-decorateur,434
2020-12-31,2020,12,januari 2020 - december 2020,Dec 2020,Bouwberoepen,Bouwvakkers,Schrijnwerker houtbouw,24
2020-12-31,2020,12,januari 2020 - december 2020,Dec 2020,Bouwberoepen,Bouwvakkers,Steigerbouwer,94
2020-12-31,2020,12,januari 2020 - december 2020,Dec 2020,Bouwberoepen,Bouwvakkers,Stukadoor,295
2020-12-31,2020,12,januari 2020 - december 2020,Dec 2020,Bouwberoepen,Bouwvakkers,Technicus hernieuwbare energietechnieken,64
2020-12-31,2020,12,januari 2020 - december 2020,Dec 2020,Bouwberoepen,Bouwvakkers,Technicus installatietechnieken,61
2020-12-31,2020,12,januari 2020 - december 2020,Dec 2020,Bouwberoepen,Bouwvakkers,Vloerder-tegelzetter,261
2020-12-31,2020,12,januari 2020 - december 2020,Dec 2020,Bouwberoepen,Bouwvakkers,Voeger,56
2020-12-31,2020,12,januari 2020 - december 2020,Dec 2020,Bouwberoepen,Bouwvakkers,Wegenwerker,341
2020-12-31,2020,12,januari 2020 - december 2020,Dec 2020,Bouwberoepen,Machinisten en kraanmannen,Bediener grondverzetmachines,169
2020-12-31,2020,12,januari 2020 - december 2020,Dec 2020,Bouwberoepen,Machinisten en kraanmannen,Bediener machines horizontale boringen,12
2020-12-31,2020,12,januari 2020 - december 2020,Dec 2020,Bouwberoepen,Machinisten en kraanmannen,Bediener machines verticale boringen,10
2020-12-31,2020,12,januari 2020 - december 2020,Dec 2020,Bouwberoepen,Machinisten en kraanmannen,Bediener van betonnerings- en asfalteringsmachines,6
2020-12-31,2020,12,januari 2020 - december 2020,Dec 2020,Bouwberoepen,Machinisten en kraanmannen,Kraanbestuurder,186
2020-12-31,2020,12,januari 2020 - december 2020,Dec 2020,Bouwberoepen,Machinisten en kraanmannen,Torenkraanbediener,22
2020-12-31,2020,12,januari 2020 - december 2020,Dec 2020,Dienstverlenende beroepen,Experts vastgoed,Rentmeester,4
2020-12-31,2020,12,januari 2020 - december 2020,Dec 2020,Dienstverlenende beroepen,Experts vastgoed,Vastgoedbemiddelaar verkoop en verhuur,1
2020-12-31,2020,12,januari 2020 - december 2020,Dec 2020,Dienstverlenende beroepen,Experts vastgoed,Vastgoedpromotor,9
2020-12-31,2020,12,januari 2020 - december 2020,Dec 2020,Dienstverlenende beroepen,Juridische dienstverleners,Juridisch medewerker,3
2020-12-31,2020,12,januari 2020 - december 2020,Dec 2020,Dienstverlenende beroepen,Juridische dienstverleners,Jurist,7
2020-12-31,2020,12,januari 2020 - december 2020,Dec 2020,Dienstverlenende beroepen,Medewerkers in finance,Accountmanager in de financiële sector,1
2020-12-31,2020,12,januari 2020 - december 2020,Dec 2020,Dienstverlenende beroepen,Persoonlijke dienstverleners,Dierenverzorger,1
2020-12-31,2020,12,januari 2020 - december 2020,Dec 2020,Dienstverlenende beroepen,Persoonlijke dienstverleners,Medewerker uitvaartdiensten,2
2020-12-31,2020,12,januari 2020 - december 2020,Dec 2020,Dienstverlenende beroepen,Persoonlijke dienstverleners,Schoonheidsspecialist,3
2020-12-31,2020,12,januari 2020 - december 2020,Dec 2020,Dienstverlenende beroepen,Schoonmaak- en onderhoudspersoneel,Huishoudhulp-poetshulp,11
2020-12-31,2020,12,januari 2020 - december 2020,Dec 2020,Dienstverlenende beroepen,Schoonmaak- en onderhoudspersoneel,Industrieel reiniger,9
2020-12-31,2020,12,januari 2020 - december 2020,Dec 2020,Dienstverlenende beroepen,Schoonmaak- en onderhoudspersoneel,Ruitenwasser,5
2020-12-31,2020,12,januari 2020 - december 2020,Dec 2020,Dienstverlenende beroepen,Schoonmaak- en onderhoudspersoneel,Schoonmaker van ruimten en lokalen,34
2020-12-31,2020,12,januari 2020 - december 2020,Dec 2020,Handels- en verkoopberoepen,Verkooppersoneel,Technisch adviseur klantenondersteuning,5
2020-12-31,2020,12,januari 2020 - december 2020,Dec 2020,Handels- en verkoopberoepen,Verkooppersoneel,"Verhuurder van gereedschappen, transportmiddelen of vrijetijdsmaterieel",3
2020-12-31,2020,12,januari 2020 - december 2020,Dec 2020,Handels- en verkoopberoepen,Verkooppersoneel,Visual merchandiser,1
2020-12-31,2020,12,januari 2020 - december 2020,Dec 2020,Handels- en verkoopberoepen,Verkooppersoneel,Winkelmanager,6
2020-12-31,2020,12,januari 2020 - december 2020,Dec 2020,Handels- en verkoopberoepen,Verkooppersoneel,Winkelmedewerker,4
2020-12-31,2020,12,januari 2020 - december 2020,Dec 2020,Handels- en verkoopberoepen,Verkooppersoneel,Winkelverkoper,109
2020-12-31,2020,12,januari 2020 - december 2020,Dec 2020,Handels- en verkoopberoepen,Vertegenwoordigers,Vertegenwoordiger B2B,172
2020-12-31,2020,12,januari 2020 - december 2020,Dec 2020,Handels- en verkoopberoepen,Vertegenwoordigers,Vertegenwoordiger B2C,13
2020-12-31,2020,12,januari 2020 - december 2020,Dec 2020,Horecaberoepen,Horecapersoneel,Horecamanager,1
2020-12-31,2020,12,januari 2020 - december 2020,Dec 2020,Horecaberoepen,Horecapersoneel,Hulpkok,2
2020-12-31,2020,12,januari 2020 - december 2020,Dec 2020,Horecaberoepen,Horecapersoneel,Kelner,1
2020-12-31,2020,12,januari 2020 - december 2020,Dec 2020,Horecaberoepen,Horecapersoneel,Keukenmedewerker,3
2020-12-31,2020,12,januari 2020 - december 2020,Dec 2020,Horecaberoepen,Horecapersoneel,Maître d'hôtel,2
2020-12-31,2020,12,januari 2020 - december 2020,Dec 2020,Horecaberoepen,Horecapersoneel,Medewerker fastfood,1
2020-12-31,2020,12,januari 2020 - december 2020,Dec 2020,Industriële beroepen en ambachten,Beoefenaars van ambachten,Ambachtelijk glasbewerker,1
2020-12-31,2020,12,januari 2020 - december 2020,Dec 2020,Industriële beroepen en ambachten,Beoefenaars van ambachten,Ambachtelijk metaalbewerker,5
2020-12-31,2020,12,januari 2020 - december 2020,Dec 2020,Industriële beroepen en ambachten,Bewerkers van voeding,Charcutier,20
2020-12-31,2020,12,januari 2020 - december 2020,Dec 2020,Industriële beroepen en ambachten,Bewerkers van voeding,Productieoperator voedingsindustrie,4
2020-12-31,2020,12,januari 2020 - december 2020,Dec 2020,Industriële beroepen en ambachten,Bewerkers van voeding,Slager,53
2020-12-31,2020,12,januari 2020 - december 2020,Dec 2020,Industriële beroepen en ambachten,Confectie- en lederwerkers,"Modellenmaker kleding, confectie en meubelstoffering",2
2020-12-31,2020,12,januari 2020 - december 2020,Dec 2020,Industriële beroepen en ambachten,Confectie- en lederwerkers,Polyvalent stikster,4
2020-12-31,2020,12,januari 2020 - december 2020,Dec 2020,Industriële beroepen en ambachten,Diverse productiemedewerkers en operatoren,Industrieel schilder,44
2020-12-31,2020,12,januari 2020 - december 2020,Dec 2020,Industriële beroepen en ambachten,Diverse productiemedewerkers en operatoren,Operator glasbewerking,3
2020-12-31,2020,12,januari 2020 - december 2020,Dec 2020,Industriële beroepen en ambachten,Diverse productiemedewerkers en operatoren,Productiemedewerker,48
2020-12-31,2020,12,januari 2020 - december 2020,Dec 2020,Industriële beroepen en ambachten,Diverse productiemedewerkers en operatoren,Productiemedewerker prefabbeton,0
2020-12-31,2020,12,januari 2020 - december 2020,Dec 2020,Industriële beroepen en ambachten,Diverse productiemedewerkers en operatoren,Productieoperator elektrische en elektronische componenten,602
2020-12-31,2020,12,januari 2020 - december 2020,Dec 2020,Industriële beroepen en ambachten,Diverse productiemedewerkers en operatoren,"Productieoperator van stortbeton, cement, asfalt en granulaten",26
2020-12-31,2020,12,januari 2020 - december 2020,Dec 2020,Industriële beroepen en ambachten,Diverse productiemedewerkers en operatoren,Regelaar-afsteller van productie-installaties,4
2020-12-31,2020,12,januari 2020 - december 2020,Dec 2020,Industriële beroepen en ambachten,Diverse productiemedewerkers en operatoren,Sorteerder recyclage,1
2020-12-31,2020,12,januari 2020 - december 2020,Dec 2020,Industriële beroepen en ambachten,Diverse productiemedewerkers en operatoren,Uitvoerder van werken op hoogte,29
2020-12-31,2020,12,januari 2020 - december 2020,Dec 2020,Industriële beroepen en ambachten,Diverse productiemedewerkers en operatoren,Verpakkingsoperator,2
2020-12-31,2020,12,januari 2020 - december 2020,Dec 2020,Industriële beroepen en ambachten,Industriële technici,Expert productieproces en -methodes,21
2020-12-31,2020,12,januari 2020 - december 2020,Dec 2020,Industriële beroepen en ambachten,Industriële technici,Industrieel elektromecanicien,371
2020-12-31,2020,12,januari 2020 - december 2020,Dec 2020,Industriële beroepen en ambachten,Industriële technici,Industrieel laborant,2
2020-12-31,2020,12,januari 2020 - december 2020,Dec 2020,Industriële beroepen en ambachten,Industriële technici,Industrieel onderhoudstechnicus,143
2020-12-31,2020,12,januari 2020 - december 2020,Dec 2020,Industriële beroepen en ambachten,Industriële technici,Koeltechnicus,166
2020-12-31,2020,12,januari 2020 - december 2020,Dec 2020,Industriële beroepen en ambachten,Industriële technici,Lifttechnicus,28
2020-12-31,2020,12,januari 2020 - december 2020,Dec 2020,Industriële beroepen en ambachten,Industriële technici,Medewerker kwaliteitscontrole,5
2020-12-31,2020,12,januari 2020 - december 2020,Dec 2020,Industriële beroepen en ambachten,Industriële technici,Onderhoudstechnicus industriële automatisering,31
2020-12-31,2020,12,januari 2020 - december 2020,Dec 2020,Industriële beroepen en ambachten,Industriële technici,Onderhoudstechnicus waterdistributie en sanering,3
2020-12-31,2020,12,januari 2020 - december 2020,Dec 2020,Industriële beroepen en ambachten,Industriële technici,Ontwerper industriële automatisering,17
2020-12-31,2020,12,januari 2020 - december 2020,Dec 2020,Industriële beroepen en ambachten,Industriële technici,Productieplanner,56
2020-12-31,2020,12,januari 2020 - december 2020,Dec 2020,Industriële beroepen en ambachten,Industriële technici,Regeltechnicus klimatisatie,227
2020-12-31,2020,12,januari 2020 - december 2020,Dec 2020,Industriële beroepen en ambachten,Industriële technici,Technicus elektro en elektronica,12
2020-12-31,2020,12,januari 2020 - december 2020,Dec 2020,Industriële beroepen en ambachten,Industriële technici,Technicus elektronische installaties,108
2020-12-31,2020,12,januari 2020 - december 2020,Dec 2020,Industriële beroepen en ambachten,Industriële technici,Werkvoorbereider,32
2020-12-31,2020,12,januari 2020 - december 2020,Dec 2020,Industriële beroepen en ambachten,Medewerkers houtindustrie,Machinaal houtbewerker,2
2020-12-31,2020,12,januari 2020 - december 2020,Dec 2020,Industriële beroepen en ambachten,Medewerkers houtindustrie,Meubelmaker,69
2020-12-31,2020,12,januari 2020 - december 2020,Dec 2020,Industriële beroepen en ambachten,Medewerkers houtindustrie,Meubelstoffeerder,3
2020-12-31,2020,12,januari 2020 - december 2020,Dec 2020,Industriële beroepen en ambachten,Medewerkers houtindustrie,Operator CNC-gestuurde houtbewerkingsmachines,4
2020-12-31,2020,12,januari 2020 - december 2020,Dec 2020,Industriële beroepen en ambachten,Medewerkers houtindustrie,Productieoperator hout,13
2020-12-31,2020,12,januari 2020 - december 2020,Dec 2020,Industriële beroepen en ambachten,Medewerkers houtindustrie,Werkplaatsschrijnwerker,167
2020-12-31,2020,12,januari 2020 - december 2020,Dec 2020,Industriële beroepen en ambachten,Monteurs en installateurs elektrotechniek,Bordenbouwer - Elektromonteur machinebouw,43
2020-12-31,2020,12,januari 2020 - december 2020,Dec 2020,Industriële beroepen en ambachten,Monteurs en installateurs elektrotechniek,Elektrotechnicus,1104
2020-12-31,2020,12,januari 2020 - december 2020,Dec 2020,Industriële beroepen en ambachten,Precisietechniekers,Graveerder,1
2020-12-31,2020,12,januari 2020 - december 2020,Dec 2020,Industriële beroepen en ambachten,Precisietechniekers,Slotenmaker,3
2020-12-31,2020,12,januari 2020 - december 2020,Dec 2020,Industriële beroepen en ambachten,Professionals in de metaalindustrie,Bankwerker,1
2020-12-31,2020,12,januari 2020 - december 2020,Dec 2020,Industriële beroepen en ambachten,Professionals in de metaalindustrie,Insteller-omsteller plaatbewerking,11
2020-12-31,2020,12,januari 2020 - december 2020,Dec 2020,Industriële beroepen en ambachten,Professionals in de metaalindustrie,Insteller-omsteller verspaning,47
2020-12-31,2020,12,januari 2020 - december 2020,Dec 2020,Industriële beroepen en ambachten,Professionals in de metaalindustrie,Machinebouwer,3
2020-12-31,2020,12,januari 2020 - december 2020,Dec 2020,Industriële beroepen en ambachten,Professionals in de metaalindustrie,Manueel lasser,120
2020-12-31,2020,12,januari 2020 - december 2020,Dec 2020,Industriële beroepen en ambachten,Professionals in de metaalindustrie,Monteur staalconstructies,126
2020-12-31,2020,12,januari 2020 - december 2020,Dec 2020,Industriële beroepen en ambachten,Professionals in de metaalindustrie,Operator montage en assemblage,39
2020-12-31,2020,12,januari 2020 - december 2020,Dec 2020,Industriële beroepen en ambachten,Professionals in de metaalindustrie,Pijpfitter,60
2020-12-31,2020,12,januari 2020 - december 2020,Dec 2020,Industriële beroepen en ambachten,Professionals in de metaalindustrie,Productieoperator metaal,10
2020-12-31,2020,12,januari 2020 - december 2020,Dec 2020,Industriële beroepen en ambachten,Professionals in de metaalindustrie,Rigger-monteerder,69
2020-12-31,2020,12,januari 2020 - december 2020,Dec 2020,Industriële beroepen en ambachten,Specialisten chemie en kunststoffen,Procesoperator chemische industrie,3
2020-12-31,2020,12,januari 2020 - december 2020,Dec 2020,Industriële beroepen en ambachten,Specialisten chemie en kunststoffen,Procesoperator energetische en petrochemische industrie,1
2020-12-31,2020,12,januari 2020 - december 2020,Dec 2020,Industriële beroepen en ambachten,Specialisten chemie en kunststoffen,Productiemedewerker kunststofverwerking,1
2020-12-31,2020,12,januari 2020 - december 2020,Dec 2020,Industriële beroepen en ambachten,Technisch leidinggevenden,Afdelingsverantwoordelijke productie,1
2020-12-31,2020,12,januari 2020 - december 2020,Dec 2020,Industriële beroepen en ambachten,Technisch leidinggevenden,Productiemanager,11
2020-12-31,2020,12,januari 2020 - december 2020,Dec 2020,Industriële beroepen en ambachten,Technisch leidinggevenden,Projectmanager engineering,114
2020-12-31,2020,12,januari 2020 - december 2020,Dec 2020,Industriële beroepen en ambachten,Technisch leidinggevenden,Teamleader productie,3
2020-12-31,2020,12,januari 2020 - december 2020,Dec 2020,Industriële beroepen en ambachten,Technisch leidinggevenden,Verantwoordelijke beheer en onderhoud van voertuigen,9
2020-12-31,2020,12,januari 2020 - december 2020,Dec 2020,Industriële beroepen en ambachten,Technisch leidinggevenden,Verantwoordelijke industrieel onderhoud,13
2020-12-31,2020,12,januari 2020 - december 2020,Dec 2020,Industriële beroepen en ambachten,Technisch leidinggevenden,Verantwoordelijke kwaliteitscontrole,19
2020-12-31,2020,12,januari 2020 - december 2020,Dec 2020,Industriële beroepen en ambachten,Technisch leidinggevenden,Verantwoordelijke productieproces en -methodes,1
2020-12-31,2020,12,januari 2020 - december 2020,Dec 2020,Industriële beroepen en ambachten,Tekenaars en vormgevers,Grafisch vormgever,2
2020-12-31,2020,12,januari 2020 - december 2020,Dec 2020,Industriële beroepen en ambachten,Tekenaars en vormgevers,Productontwikkelaar,1
2020-12-31,2020,12,januari 2020 - december 2020,Dec 2020,Industriële beroepen en ambachten,Tekenaars en vormgevers,"Tekenaar-ontwerper elektriciteit, elektronica",56
2020-12-31,2020,12,januari 2020 - december 2020,Dec 2020,Industriële beroepen en ambachten,Tekenaars en vormgevers,Tekenaar-ontwerper mechanica,25
2020-12-31,2020,12,januari 2020 - december 2020,Dec 2020,Industriële beroepen en ambachten,Textielbewerkers,Productiemedewerker textielproductielijn,1
2020-12-31,2020,12,januari 2020 - december 2020,Dec 2020,Industriële beroepen en ambachten,Voer- en werktuigherstellers,Monteur-demonteur carrosserie,4
2020-12-31,2020,12,januari 2020 - december 2020,Dec 2020,Industriële beroepen en ambachten,Voer- en werktuigherstellers,Onderhoudsmecanicien van personenwagens en lichte bedrijfsvoertuigen,12
2020-12-31,2020,12,januari 2020 - december 2020,Dec 2020,Industriële beroepen en ambachten,Voer- en werktuigherstellers,Onderhoudsmecanicien van zware bedrijfsvoertuigen,22
2020-12-31,2020,12,januari 2020 - december 2020,Dec 2020,Industriële beroepen en ambachten,Voer- en werktuigherstellers,Plaatwerker carrosserie,3
2020-12-31,2020,12,januari 2020 - december 2020,Dec 2020,Industriële beroepen en ambachten,Voer- en werktuigherstellers,Spuiter carrosserie,2
2020-12-31,2020,12,januari 2020 - december 2020,Dec 2020,Industriële beroepen en ambachten,Voer- en werktuigherstellers,"Technicus van tuin-, park- en bosmachines",0
2020-12-31,2020,12,januari 2020 - december 2020,Dec 2020,Industriële beroepen en ambachten,Voer- en werktuigherstellers,"Technicus werf-, landbouw- en hefmachines",37
2020-12-31,2020,12,januari 2020 - december 2020,Dec 2020,Industriële beroepen en ambachten,Voer- en werktuigherstellers,Voorbewerker carrosserie,1
2020-12-31,2020,12,januari 2020 - december 2020,Dec 2020,Industriële beroepen en ambachten,Voer- en werktuigherstellers,Werktuigkundige scheepvaart,1
2020-12-31,2020,12,januari 2020 - december 2020,Dec 2020,"Land-, tuin- en bosbouw- en visserijberoepen","Land-, tuin- en bosbouwers en vissers",Bestuurder van bosexploitatiemachines,1
2020-12-31,2020,12,januari 2020 - december 2020,Dec 2020,"Land-, tuin- en bosbouw- en visserijberoepen","Land-, tuin- en bosbouwers en vissers",Boomverzorger,1
2020-12-31,2020,12,januari 2020 - december 2020,Dec 2020,"Land-, tuin- en bosbouw- en visserijberoepen","Land-, tuin- en bosbouwers en vissers",Medewerker landbouw,1
2020-12-31,2020,12,januari 2020 - december 2020,Dec 2020,"Land-, tuin- en bosbouw- en visserijberoepen","Land-, tuin- en bosbouwers en vissers",Medewerker loonwerk,4
2020-12-31,2020,12,januari 2020 - december 2020,Dec 2020,"Land-, tuin- en bosbouw- en visserijberoepen","Land-, tuin- en bosbouwers en vissers",Medewerker tuin- en groenaanleg en -onderhoud,120
2020-12-31,2020,12,januari 2020 - december 2020,Dec 2020,"Land-, tuin- en bosbouw- en visserijberoepen","Land-, tuin- en bosbouwers en vissers",Medewerker tuinbouw,8
2020-12-31,2020,12,januari 2020 - december 2020,Dec 2020,"Land-, tuin- en bosbouw- en visserijberoepen","Land-, tuin- en bosbouwers en vissers",Productieverantwoordelijke land- en tuinbouw,1
2020-12-31,2020,12,januari 2020 - december 2020,Dec 2020,"Land-, tuin- en bosbouw- en visserijberoepen","Land-, tuin- en bosbouwers en vissers",Verantwoordelijke tuin- en groenaanleg en -onderhoud,14
2020-12-31,2020,12,januari 2020 - december 2020,Dec 2020,"Medische, paramedische en verzorgende beroepen",Paramedici,Orthopedisch technoloog,4
2020-12-31,2020,12,januari 2020 - december 2020,Dec 2020,Organisatieondersteunende en kennisberoepen,Accountants,Accountant,76
2020-12-31,2020,12,januari 2020 - december 2020,Dec 2020,Organisatieondersteunende en kennisberoepen,Accountants,Assistent accountancy,63
2020-12-31,2020,12,januari 2020 - december 2020,Dec 2020,Organisatieondersteunende en kennisberoepen,Accountants,Credit collector,1
2020-12-31,2020,12,januari 2020 - december 2020,Dec 2020,Organisatieondersteunende en kennisberoepen,Administratief medewerkers,Managementassistent,56
2020-12-31,2020,12,januari 2020 - december 2020,Dec 2020,Organisatieondersteunende en kennisberoepen,Administratief medewerkers,Onthaalmedewerker,22
2020-12-31,2020,12,januari 2020 - december 2020,Dec 2020,Organisatieondersteunende en kennisberoepen,Administratief medewerkers,Polyvalent administratief medewerker,444
2020-12-31,2020,12,januari 2020 - december 2020,Dec 2020,Organisatieondersteunende en kennisberoepen,Administratief medewerkers,Technisch-administratief medewerker,145
2020-12-31,2020,12,januari 2020 - december 2020,Dec 2020,Organisatieondersteunende en kennisberoepen,Bedrijfsadviseurs,Business analist,7
2020-12-31,2020,12,januari 2020 - december 2020,Dec 2020,Organisatieondersteunende en kennisberoepen,Bedrijfsadviseurs,Business en financial controller,19
2020-12-31,2020,12,januari 2020 - december 2020,Dec 2020,Organisatieondersteunende en kennisberoepen,Bedrijfsadviseurs,Mediabuyer,1
2020-12-31,2020,12,januari 2020 - december 2020,Dec 2020,Organisatieondersteunende en kennisberoepen,Bedrijfsadviseurs,Milieucoördinator,1
2020-12-31,2020,12,januari 2020 - december 2020,Dec 2020,Organisatieondersteunende en kennisberoepen,Bedrijfsadviseurs,Preventieadviseur,16
2020-12-31,2020,12,januari 2020 - december 2020,Dec 2020,Organisatieondersteunende en kennisberoepen,Bedrijfsadviseurs,Projectmanager business,5
2020-12-31,2020,12,januari 2020 - december 2020,Dec 2020,Organisatieondersteunende en kennisberoepen,Controleurs en inspecteurs,Technisch inspecteur industrie,2
2020-12-31,2020,12,januari 2020 - december 2020,Dec 2020,Organisatieondersteunende en kennisberoepen,HR-experts,Payroll advisor,13
2020-12-31,2020,12,januari 2020 - december 2020,Dec 2020,Organisatieondersteunende en kennisberoepen,HR-experts,Personeelsmedewerker,20
2020-12-31,2020,12,januari 2020 - december 2020,Dec 2020,Organisatieondersteunende en kennisberoepen,HR-experts,Verantwoordelijke werving en opleiding,14
2020-12-31,2020,12,januari 2020 - december 2020,Dec 2020,Organisatieondersteunende en kennisberoepen,Informatici en ICT-medewerkers,GIS-medewerker,3
2020-12-31,2020,12,januari 2020 - december 2020,Dec 2020,Organisatieondersteunende en kennisberoepen,Informatici en ICT-medewerkers,ICT architect,5
2020-12-31,2020,12,januari 2020 - december 2020,Dec 2020,Organisatieondersteunende en kennisberoepen,Informatici en ICT-medewerkers,Integratie expert ICT,12
2020-12-31,2020,12,januari 2020 - december 2020,Dec 2020,Organisatieondersteunende en kennisberoepen,Informatici en ICT-medewerkers,Netwerk engineer telecom,1
2020-12-31,2020,12,januari 2020 - december 2020,Dec 2020,Organisatieondersteunende en kennisberoepen,Informatici en ICT-medewerkers,Netwerkbeheerder,1
2020-12-31,2020,12,januari 2020 - december 2020,Dec 2020,Organisatieondersteunende en kennisberoepen,Informatici en ICT-medewerkers,Software analist,1
2020-12-31,2020,12,januari 2020 - december 2020,Dec 2020,Organisatieondersteunende en kennisberoepen,Informatici en ICT-medewerkers,Software ontwikkelaar,11
2020-12-31,2020,12,januari 2020 - december 2020,Dec 2020,Organisatieondersteunende en kennisberoepen,Informatici en ICT-medewerkers,Support medewerker ICT,28
2020-12-31,2020,12,januari 2020 - december 2020,Dec 2020,Organisatieondersteunende en kennisberoepen,Informatici en ICT-medewerkers,Systeembeheerder,3
2020-12-31,2020,12,januari 2020 - december 2020,Dec 2020,Organisatieondersteunende en kennisberoepen,Leidinggevenden,Administratief en financieel verantwoordelijke,10
2020-12-31,2020,12,januari 2020 - december 2020,Dec 2020,Organisatieondersteunende en kennisberoepen,Leidinggevenden,Algemeen directeur,15
2020-12-31,2020,12,januari 2020 - december 2020,Dec 2020,Organisatieondersteunende en kennisberoepen,Leidinggevenden,E-commerce manager,1
2020-12-31,2020,12,januari 2020 - december 2020,Dec 2020,Organisatieondersteunende en kennisberoepen,Leidinggevenden,Facility manager,15
2020-12-31,2020,12,januari 2020 - december 2020,Dec 2020,Organisatieondersteunende en kennisberoepen,Leidinggevenden,HR-manager,23
2020-12-31,2020,12,januari 2020 - december 2020,Dec 2020,Organisatieondersteunende en kennisberoepen,Leidinggevenden,Marketingmanager,20
2020-12-31,2020,12,januari 2020 - december 2020,Dec 2020,Organisatieondersteunende en kennisberoepen,Leidinggevenden,Sales manager,1
2020-12-31,2020,12,januari 2020 - december 2020,Dec 2020,Organisatieondersteunende en kennisberoepen,Leidinggevenden,Verantwoordelijke ICT,2
2020-12-31,2020,12,januari 2020 - december 2020,Dec 2020,Organisatieondersteunende en kennisberoepen,Leidinggevenden,Verantwoordelijke aankoop,2
2020-12-31,2020,12,januari 2020 - december 2020,Dec 2020,Organisatieondersteunende en kennisberoepen,Leidinggevenden,Verantwoordelijke eco-industriële site,1
2020-12-31,2020,12,januari 2020 - december 2020,Dec 2020,Organisatieondersteunende en kennisberoepen,Leidinggevenden,Verantwoordelijke verkoopadministratie,1
2020-12-31,2020,12,januari 2020 - december 2020,Dec 2020,Organisatieondersteunende en kennisberoepen,"Medewerkers commerciële strategie, marketing en verkoop",Aankoper,53
2020-12-31,2020,12,januari 2020 - december 2020,Dec 2020,Organisatieondersteunende en kennisberoepen,"Medewerkers commerciële strategie, marketing en verkoop",Accountmanager sales,6
2020-12-31,2020,12,januari 2020 - december 2020,Dec 2020,Organisatieondersteunende en kennisberoepen,"Medewerkers commerciële strategie, marketing en verkoop",Commercieel medewerker binnendienst,45
2020-12-31,2020,12,januari 2020 - december 2020,Dec 2020,Organisatieondersteunende en kennisberoepen,"Medewerkers commerciële strategie, marketing en verkoop",Contactcenter medewerker,40
2020-12-31,2020,12,januari 2020 - december 2020,Dec 2020,Organisatieondersteunende en kennisberoepen,"Medewerkers commerciële strategie, marketing en verkoop",Digital marketeer,2
2020-12-31,2020,12,januari 2020 - december 2020,Dec 2020,Organisatieondersteunende en kennisberoepen,"Medewerkers commerciële strategie, marketing en verkoop",Digital sales assistant,19
2020-12-31,2020,12,januari 2020 - december 2020,Dec 2020,Organisatieondersteunende en kennisberoepen,"Medewerkers commerciële strategie, marketing en verkoop",Marketing assistent,1
2020-12-31,2020,12,januari 2020 - december 2020,Dec 2020,Organisatieondersteunende en kennisberoepen,"Medewerkers commerciële strategie, marketing en verkoop",Productmanager,1
2020-12-31,2020,12,januari 2020 - december 2020,Dec 2020,Organisatieondersteunende en kennisberoepen,"Medewerkers commerciële strategie, marketing en verkoop",SEO-expert,1
2020-12-31,2020,12,januari 2020 - december 2020,Dec 2020,Organisatieondersteunende en kennisberoepen,"Medewerkers commerciële strategie, marketing en verkoop",Sales engineer,42
2020-12-31,2020,12,januari 2020 - december 2020,Dec 2020,Organisatieondersteunende en kennisberoepen,Onderzoeksmedewerkers en beleidsexperten,Beleidsdeskundige,3
2020-12-31,2020,12,januari 2020 - december 2020,Dec 2020,Organisatieondersteunende en kennisberoepen,Onderzoeksmedewerkers en beleidsexperten,Expert lokale ontwikkeling,2
2020-12-31,2020,12,januari 2020 - december 2020,Dec 2020,Organisatieondersteunende en kennisberoepen,Onderzoeksmedewerkers en beleidsexperten,Marktonderzoeker,4
2020-12-31,2020,12,januari 2020 - december 2020,Dec 2020,Organisatieondersteunende en kennisberoepen,Onderzoeksmedewerkers en beleidsexperten,Wetenschappelijk onderzoeker,2
2020-12-31,2020,12,januari 2020 - december 2020,Dec 2020,Organisatieondersteunende en kennisberoepen,Specialisten kennisbeheer en communicatie,Erfgoedkundige,2
2020-12-31,2020,12,januari 2020 - december 2020,Dec 2020,Organisatieondersteunende en kennisberoepen,Specialisten kennisbeheer en communicatie,Medewerker communicatie,4
2020-12-31,2020,12,januari 2020 - december 2020,Dec 2020,Pedagogische beroepen,Onderwijzend en leidinggevend personeel in onderwijs,Pedagogisch coördinator,1
2020-12-31,2020,12,januari 2020 - december 2020,Dec 2020,Transport- en logistieke beroepen,Bestuurders in het wegtransport,Taxichauffeur en chauffeur privévervoer,1
2020-12-31,2020,12,januari 2020 - december 2020,Dec 2020,Transport- en logistieke beroepen,Bestuurders in het wegtransport,Vrachtwagenbestuurder,318
2020-12-31,2020,12,januari 2020 - december 2020,Dec 2020,Transport- en logistieke beroepen,Transport- en logistiek personeel,Dispatcher goederenvervoer,23
2020-12-31,2020,12,januari 2020 - december 2020,Dec 2020,Transport- en logistieke beroepen,Transport- en logistiek personeel,Dispatcher personenvervoer,2
2020-12-31,2020,12,januari 2020 - december 2020,Dec 2020,Transport- en logistieke beroepen,Transport- en logistiek personeel,Douanedeclarant,1
2020-12-31,2020,12,januari 2020 - december 2020,Dec 2020,Transport- en logistieke beroepen,Transport- en logistiek personeel,Heftruckchauffeur,2
2020-12-31,2020,12,januari 2020 - december 2020,Dec 2020,Transport- en logistieke beroepen,Transport- en logistiek personeel,Koerier besteller,7
2020-12-31,2020,12,januari 2020 - december 2020,Dec 2020,Transport- en logistieke beroepen,Transport- en logistiek personeel,Logistiek verantwoordelijke,21
2020-12-31,2020,12,januari 2020 - december 2020,Dec 2020,Transport- en logistieke beroepen,Transport- en logistiek personeel,Magazijnbeheerder,31
2020-12-31,2020,12,januari 2020 - december 2020,Dec 2020,Transport- en logistieke beroepen,Transport- en logistiek personeel,Magazijnmedewerker,219
2020-12-31,2020,12,januari 2020 - december 2020,Dec 2020,Transport- en logistieke beroepen,Transport- en logistiek personeel,Medewerker internationaal goederenverkeer,2
2020-12-31,2020,12,januari 2020 - december 2020,Dec 2020,Transport- en logistieke beroepen,Transport- en logistiek personeel,Verantwoordelijke logistieke site,1
2020-12-31,2020,12,januari 2020 - december 2020,Dec 2020,Transport- en logistieke beroepen,Transport- en logistiek personeel,Verhuizer,5
2020-12-31,2020,12,januari 2020 - december 2020,Dec 2020,Transport- en logistieke beroepen,"Werknemers spoor-, water-, luchttransport",Matroos binnenscheepvaart,0
2020-12-31,2020,12,januari 2020 - december 2020,Dec 2020,Transport- en logistieke beroepen,"Werknemers spoor-, water-, luchttransport",Schipper-stuurman binnenscheepvaart,2
2020-12-31,2020,12,januari 2020 - december 2020,Dec 2020,Transport- en logistieke beroepen,"Werknemers spoor-, water-, luchttransport",Spoorwerker,8
2020-12-31,2020,12,januari 2020 - december 2020,Dec 2020,Vrijetijds- en artistieke beroepen,Podium- en audiovisuele technici,Podiumtechnicus licht en beeld,1
2021-12-31,2021,12,januari 2021 - december 2021,Dec 2021,Bouwberoepen,Bouwtechnici,Architect,16
2021-12-31,2021,12,januari 2021 - december 2021,Dec 2021,Bouwberoepen,Bouwtechnici,BIM-expert (Building Information Modeling),4
2021-12-31,2021,12,januari 2021 - december 2021,Dec 2021,Bouwberoepen,Bouwtechnici,Bodemonderzoeker,3
2021-12-31,2021,12,januari 2021 - december 2021,Dec 2021,Bouwberoepen,Bouwtechnici,Bouwkundig tekenaar,250
2021-12-31,2021,12,januari 2021 - december 2021,Dec 2021,Bouwberoepen,Bouwtechnici,Calculator bouw,359
2021-12-31,2021,12,januari 2021 - december 2021,Dec 2021,Bouwberoepen,Bouwtechnici,EPB-verslaggever,2
2021-12-31,2021,12,januari 2021 - december 2021,Dec 2021,Bouwberoepen,Bouwtechnici,Ingenieur studie en advies bouw,190
2021-12-31,2021,12,januari 2021 - december 2021,Dec 2021,Bouwberoepen,Bouwtechnici,Interieurarchitect interieurvormgever,71
2021-12-31,2021,12,januari 2021 - december 2021,Dec 2021,Bouwberoepen,Bouwtechnici,Landmeter,59
2021-12-31,2021,12,januari 2021 - december 2021,Dec 2021,Bouwberoepen,Bouwtechnici,Landschapsarchitect,5
2021-12-31,2021,12,januari 2021 - december 2021,Dec 2021,Bouwberoepen,Bouwtechnici,Projectleider bouw en openbare werken,293
2021-12-31,2021,12,januari 2021 - december 2021,Dec 2021,Bouwberoepen,Bouwtechnici,Veiligheidscoördinator,25
2021-12-31,2021,12,januari 2021 - december 2021,Dec 2021,Bouwberoepen,Bouwtechnici,Verantwoordelijke onderhoud van gebouwen en infrastructuur,2
2021-12-31,2021,12,januari 2021 - december 2021,Dec 2021,Bouwberoepen,Bouwtechnici,Werfbediende,35
2021-12-31,2021,12,januari 2021 - december 2021,Dec 2021,Bouwberoepen,Bouwtechnici,Werfleider,694
2021-12-31,2021,12,januari 2021 - december 2021,Dec 2021,Bouwberoepen,Bouwvakkers,"Aansluiter van waterleidingen, rioleringen en warmtenetten",28
2021-12-31,2021,12,januari 2021 - december 2021,Dec 2021,Bouwberoepen,Bouwvakkers,Asbestverwijderaar,42
2021-12-31,2021,12,januari 2021 - december 2021,Dec 2021,Bouwberoepen,Bouwvakkers,Bekister-betonneerder,251
2021-12-31,2021,12,januari 2021 - december 2021,Dec 2021,Bouwberoepen,Bouwvakkers,Beveiligingstechnicus,59
2021-12-31,2021,12,januari 2021 - december 2021,Dec 2021,Bouwberoepen,Bouwvakkers,Brandertechnicus,15
2021-12-31,2021,12,januari 2021 - december 2021,Dec 2021,Bouwberoepen,Bouwvakkers,Daktimmerman,72
2021-12-31,2021,12,januari 2021 - december 2021,Dec 2021,Bouwberoepen,Bouwvakkers,Dakwerker,848
2021-12-31,2021,12,januari 2021 - december 2021,Dec 2021,Bouwberoepen,Bouwvakkers,Datacommunicatie- en netwerktechnicus,988
2021-12-31,2021,12,januari 2021 - december 2021,Dec 2021,Bouwberoepen,Bouwvakkers,Dekvloerlegger,39
2021-12-31,2021,12,januari 2021 - december 2021,Dec 2021,Bouwberoepen,Bouwvakkers,Elektrotechnisch installateur,123
2021-12-31,2021,12,januari 2021 - december 2021,Dec 2021,Bouwberoepen,Bouwvakkers,Gevelreiniger,12
2021-12-31,2021,12,januari 2021 - december 2021,Dec 2021,Bouwberoepen,Bouwvakkers,Gevelrenoveerder-betonhersteller,48
2021-12-31,2021,12,januari 2021 - december 2021,Dec 2021,Bouwberoepen,Bouwvakkers,Glaswerker,69
2021-12-31,2021,12,januari 2021 - december 2021,Dec 2021,Bouwberoepen,Bouwvakkers,Industrieel isolatiewerker,86
2021-12-31,2021,12,januari 2021 - december 2021,Dec 2021,Bouwberoepen,Bouwvakkers,Installateur elektrotechnische basiscomponenten,8
2021-12-31,2021,12,januari 2021 - december 2021,Dec 2021,Bouwberoepen,Bouwvakkers,Installateur energiemanagementsystemen,123
2021-12-31,2021,12,januari 2021 - december 2021,Dec 2021,Bouwberoepen,Bouwvakkers,Installateur nutsvoorzieningen,37
2021-12-31,2021,12,januari 2021 - december 2021,Dec 2021,Bouwberoepen,Bouwvakkers,Interieurbouwer,424
2021-12-31,2021,12,januari 2021 - december 2021,Dec 2021,Bouwberoepen,Bouwvakkers,Isoleerder ruwbouw en dak,31
2021-12-31,2021,12,januari 2021 - december 2021,Dec 2021,Bouwberoepen,Bouwvakkers,Medewerker ruwbouw,999
2021-12-31,2021,12,januari 2021 - december 2021,Dec 2021,Bouwberoepen,Bouwvakkers,Metselaar,885
2021-12-31,2021,12,januari 2021 - december 2021,Dec 2021,Bouwberoepen,Bouwvakkers,Monteur installatietechnieken,1242
2021-12-31,2021,12,januari 2021 - december 2021,Dec 2021,Bouwberoepen,Bouwvakkers,Natuursteenbewerker,33
2021-12-31,2021,12,januari 2021 - december 2021,Dec 2021,Bouwberoepen,Bouwvakkers,Onderhoudsmedewerker gebouwen,104
2021-12-31,2021,12,januari 2021 - december 2021,Dec 2021,Bouwberoepen,Bouwvakkers,Onderhoudsmedewerker wegennet,6
2021-12-31,2021,12,januari 2021 - december 2021,Dec 2021,Bouwberoepen,Bouwvakkers,Plaatser binnenschrijnwerk,228
2021-12-31,2021,12,januari 2021 - december 2021,Dec 2021,Bouwberoepen,Bouwvakkers,Plaatser buitenschrijnwerk,778
2021-12-31,2021,12,januari 2021 - december 2021,Dec 2021,Bouwberoepen,Bouwvakkers,Plaatser van boven- en ondergrondse leidingen,115
2021-12-31,2021,12,januari 2021 - december 2021,Dec 2021,Bouwberoepen,Bouwvakkers,Plaatser van houten vloerbedekking,47
2021-12-31,2021,12,januari 2021 - december 2021,Dec 2021,Bouwberoepen,Bouwvakkers,Plaatser van soepele vloerbekledingen,20
2021-12-31,2021,12,januari 2021 - december 2021,Dec 2021,Bouwberoepen,Bouwvakkers,Rioollegger,44
2021-12-31,2021,12,januari 2021 - december 2021,Dec 2021,Bouwberoepen,Bouwvakkers,Schilder-decorateur,598
2021-12-31,2021,12,januari 2021 - december 2021,Dec 2021,Bouwberoepen,Bouwvakkers,Schrijnwerker houtbouw,52
2021-12-31,2021,12,januari 2021 - december 2021,Dec 2021,Bouwberoepen,Bouwvakkers,Steigerbouwer,77
2021-12-31,2021,12,januari 2021 - december 2021,Dec 2021,Bouwberoepen,Bouwvakkers,Stukadoor,287
2021-12-31,2021,12,januari 2021 - december 2021,Dec 2021,Bouwberoepen,Bouwvakkers,Technicus hernieuwbare energietechnieken,28
2021-12-31,2021,12,januari 2021 - december 2021,Dec 2021,Bouwberoepen,Bouwvakkers,Technicus installatietechnieken,74
2021-12-31,2021,12,januari 2021 - december 2021,Dec 2021,Bouwberoepen,Bouwvakkers,Vloerder-tegelzetter,287
2021-12-31,2021,12,januari 2021 - december 2021,Dec 2021,Bouwberoepen,Bouwvakkers,Voeger,41
2021-12-31,2021,12,januari 2021 - december 2021,Dec 2021,Bouwberoepen,Bouwvakkers,Wegenwerker,689
2021-12-31,2021,12,januari 2021 - december 2021,Dec 2021,Bouwberoepen,Machinisten en kraanmannen,Bediener grondverzetmachines,249
2021-12-31,2021,12,januari 2021 - december 2021,Dec 2021,Bouwberoepen,Machinisten en kraanmannen,Bediener machines horizontale boringen,27
2021-12-31,2021,12,januari 2021 - december 2021,Dec 2021,Bouwberoepen,Machinisten en kraanmannen,Bediener machines verticale boringen,10
2021-12-31,2021,12,januari 2021 - december 2021,Dec 2021,Bouwberoepen,Machinisten en kraanmannen,Bediener of medewerker diepfunderingsmachines,2
2021-12-31,2021,12,januari 2021 - december 2021,Dec 2021,Bouwberoepen,Machinisten en kraanmannen,Bediener van betonnerings- en asfalteringsmachines,13
2021-12-31,2021,12,januari 2021 - december 2021,Dec 2021,Bouwberoepen,Machinisten en kraanmannen,Kraanbestuurder,238
2021-12-31,2021,12,januari 2021 - december 2021,Dec 2021,Bouwberoepen,Machinisten en kraanmannen,Torenkraanbediener,19
2021-12-31,2021,12,januari 2021 - december 2021,Dec 2021,Dienstverlenende beroepen,Adviesverleners,Arbeidsbemiddelaar-jobcoach,0
2021-12-31,2021,12,januari 2021 - december 2021,Dec 2021,Dienstverlenende beroepen,Experts vastgoed,Rentmeester,2
2021-12-31,2021,12,januari 2021 - december 2021,Dec 2021,Dienstverlenende beroepen,Experts vastgoed,Vastgoedbemiddelaar verkoop en verhuur,8
2021-12-31,2021,12,januari 2021 - december 2021,Dec 2021,Dienstverlenende beroepen,Experts vastgoed,Vastgoedpromotor,12
2021-12-31,2021,12,januari 2021 - december 2021,Dec 2021,Dienstverlenende beroepen,Juridische dienstverleners,Juridisch medewerker,6
2021-12-31,2021,12,januari 2021 - december 2021,Dec 2021,Dienstverlenende beroepen,Juridische dienstverleners,Jurist,10
2021-12-31,2021,12,januari 2021 - december 2021,Dec 2021,Dienstverlenende beroepen,Medewerkers in finance,Adviseur kredieten,7
2021-12-31,2021,12,januari 2021 - december 2021,Dec 2021,Dienstverlenende beroepen,Medewerkers in finance,Beheerder verzekeringen,2
2021-12-31,2021,12,januari 2021 - december 2021,Dec 2021,Dienstverlenende beroepen,Medewerkers in finance,Belastingadviseur,2
2021-12-31,2021,12,januari 2021 - december 2021,Dec 2021,Dienstverlenende beroepen,Medewerkers in finance,Financieel analist,4
2021-12-31,2021,12,januari 2021 - december 2021,Dec 2021,Dienstverlenende beroepen,Medewerkers in finance,Revisor,6
2021-12-31,2021,12,januari 2021 - december 2021,Dec 2021,Dienstverlenende beroepen,Persoonlijke dienstverleners,Animator,1
2021-12-31,2021,12,januari 2021 - december 2021,Dec 2021,Dienstverlenende beroepen,Persoonlijke dienstverleners,Dierenverzorger,1
2021-12-31,2021,12,januari 2021 - december 2021,Dec 2021,Dienstverlenende beroepen,Persoonlijke dienstverleners,Kapper,2
2021-12-31,2021,12,januari 2021 - december 2021,Dec 2021,Dienstverlenende beroepen,Persoonlijke dienstverleners,Medewerker textielverzorging,4
2021-12-31,2021,12,januari 2021 - december 2021,Dec 2021,Dienstverlenende beroepen,Persoonlijke dienstverleners,Schoonheidsspecialist,2
2021-12-31,2021,12,januari 2021 - december 2021,Dec 2021,Dienstverlenende beroepen,Persoonlijke dienstverleners,Uitvaartondernemer,1
2021-12-31,2021,12,januari 2021 - december 2021,Dec 2021,Dienstverlenende beroepen,Publieke dienstverleners,Sociaal-cultureel begeleider,1
2021-12-31,2021,12,januari 2021 - december 2021,Dec 2021,Dienstverlenende beroepen,Schoonmaak- en onderhoudspersoneel,Huishoudhulp-poetshulp,25
2021-12-31,2021,12,januari 2021 - december 2021,Dec 2021,Dienstverlenende beroepen,Schoonmaak- en onderhoudspersoneel,Industrieel reiniger,13
2021-12-31,2021,12,januari 2021 - december 2021,Dec 2021,Dienstverlenende beroepen,Schoonmaak- en onderhoudspersoneel,Leidinggevende schoonmaak,5
2021-12-31,2021,12,januari 2021 - december 2021,Dec 2021,Dienstverlenende beroepen,Schoonmaak- en onderhoudspersoneel,Milieuwerker,1
2021-12-31,2021,12,januari 2021 - december 2021,Dec 2021,Dienstverlenende beroepen,Schoonmaak- en onderhoudspersoneel,Recyclageparkwachter,1
2021-12-31,2021,12,januari 2021 - december 2021,Dec 2021,Dienstverlenende beroepen,Schoonmaak- en onderhoudspersoneel,Ruitenwasser,7
2021-12-31,2021,12,januari 2021 - december 2021,Dec 2021,Dienstverlenende beroepen,Schoonmaak- en onderhoudspersoneel,Schoonmaker van ruimten en lokalen,59
2021-12-31,2021,12,januari 2021 - december 2021,Dec 2021,Handels- en verkoopberoepen,Verkooppersoneel,Assistent winkelmanager,1
2021-12-31,2021,12,januari 2021 - december 2021,Dec 2021,Handels- en verkoopberoepen,Verkooppersoneel,Demonstrateur,8
2021-12-31,2021,12,januari 2021 - december 2021,Dec 2021,Handels- en verkoopberoepen,Verkooppersoneel,Technisch adviseur klantenondersteuning,8
2021-12-31,2021,12,januari 2021 - december 2021,Dec 2021,Handels- en verkoopberoepen,Verkooppersoneel,"Verhuurder van gereedschappen, transportmiddelen of vrijetijdsmaterieel",6
2021-12-31,2021,12,januari 2021 - december 2021,Dec 2021,Handels- en verkoopberoepen,Verkooppersoneel,Winkelmanager,1
2021-12-31,2021,12,januari 2021 - december 2021,Dec 2021,Handels- en verkoopberoepen,Verkooppersoneel,Winkelmedewerker,21
2021-12-31,2021,12,januari 2021 - december 2021,Dec 2021,Handels- en verkoopberoepen,Verkooppersoneel,Winkelverkoper,176
2021-12-31,2021,12,januari 2021 - december 2021,Dec 2021,Handels- en verkoopberoepen,Vertegenwoordigers,Vertegenwoordiger B2B,236
2021-12-31,2021,12,januari 2021 - december 2021,Dec 2021,Handels- en verkoopberoepen,Vertegenwoordigers,Vertegenwoordiger B2C,23
2021-12-31,2021,12,januari 2021 - december 2021,Dec 2021,Horecaberoepen,Horecapersoneel,Hotelreceptionist,1
2021-12-31,2021,12,januari 2021 - december 2021,Dec 2021,Horecaberoepen,Horecapersoneel,Hulpkok,2
2021-12-31,2021,12,januari 2021 - december 2021,Dec 2021,Horecaberoepen,Horecapersoneel,Kelner,6
2021-12-31,2021,12,januari 2021 - december 2021,Dec 2021,Horecaberoepen,Horecapersoneel,Keukenmedewerker,7
2021-12-31,2021,12,januari 2021 - december 2021,Dec 2021,Horecaberoepen,Horecapersoneel,Kok,2
2021-12-31,2021,12,januari 2021 - december 2021,Dec 2021,Horecaberoepen,Horecapersoneel,Maître d'hôtel,4
2021-12-31,2021,12,januari 2021 - december 2021,Dec 2021,Horecaberoepen,Horecapersoneel,Medewerker fastfood,0
2021-12-31,2021,12,januari 2021 - december 2021,Dec 2021,Industriële beroepen en ambachten,Beoefenaars van ambachten,Ambachtelijk glasbewerker,1
2021-12-31,2021,12,januari 2021 - december 2021,Dec 2021,Industriële beroepen en ambachten,Beoefenaars van ambachten,Ambachtelijk metaalbewerker,0
2021-12-31,2021,12,januari 2021 - december 2021,Dec 2021,Industriële beroepen en ambachten,Beoefenaars van ambachten,Decorateur van kunst- en artisanale objecten,2
2021-12-31,2021,12,januari 2021 - december 2021,Dec 2021,Industriële beroepen en ambachten,Bewerkers van voeding,Brood- en banketbakker,0
2021-12-31,2021,12,januari 2021 - december 2021,Dec 2021,Industriële beroepen en ambachten,Bewerkers van voeding,Charcutier,20
2021-12-31,2021,12,januari 2021 - december 2021,Dec 2021,Industriële beroepen en ambachten,Bewerkers van voeding,Slager,40
2021-12-31,2021,12,januari 2021 - december 2021,Dec 2021,Industriële beroepen en ambachten,Confectie- en lederwerkers,Polyvalent stikster,2
2021-12-31,2021,12,januari 2021 - december 2021,Dec 2021,Industriële beroepen en ambachten,Diverse productiemedewerkers en operatoren,Industrieel schilder,73
2021-12-31,2021,12,januari 2021 - december 2021,Dec 2021,Industriële beroepen en ambachten,Diverse productiemedewerkers en operatoren,Operator glasbewerking,6
2021-12-31,2021,12,januari 2021 - december 2021,Dec 2021,Industriële beroepen en ambachten,Diverse productiemedewerkers en operatoren,Productiemedewerker,112
2021-12-31,2021,12,januari 2021 - december 2021,Dec 2021,Industriële beroepen en ambachten,Diverse productiemedewerkers en operatoren,Productiemedewerker prefabbeton,12
2021-12-31,2021,12,januari 2021 - december 2021,Dec 2021,Industriële beroepen en ambachten,Diverse productiemedewerkers en operatoren,Productieoperator bouw- en prefabmaterialen,1
2021-12-31,2021,12,januari 2021 - december 2021,Dec 2021,Industriële beroepen en ambachten,Diverse productiemedewerkers en operatoren,Productieoperator elektrische en elektronische componenten,520
2021-12-31,2021,12,januari 2021 - december 2021,Dec 2021,Industriële beroepen en ambachten,Diverse productiemedewerkers en operatoren,"Productieoperator van stortbeton, cement, asfalt en granulaten",39
2021-12-31,2021,12,januari 2021 - december 2021,Dec 2021,Industriële beroepen en ambachten,Diverse productiemedewerkers en operatoren,Regelaar-afsteller van productie-installaties,8
2021-12-31,2021,12,januari 2021 - december 2021,Dec 2021,Industriële beroepen en ambachten,Diverse productiemedewerkers en operatoren,Sorteerder recyclage,3
2021-12-31,2021,12,januari 2021 - december 2021,Dec 2021,Industriële beroepen en ambachten,Diverse productiemedewerkers en operatoren,Uitvoerder van werken in schadelijke milieus,1
2021-12-31,2021,12,januari 2021 - december 2021,Dec 2021,Industriële beroepen en ambachten,Diverse productiemedewerkers en operatoren,Uitvoerder van werken op hoogte,22
2021-12-31,2021,12,januari 2021 - december 2021,Dec 2021,Industriële beroepen en ambachten,Diverse productiemedewerkers en operatoren,Verpakker,5
2021-12-31,2021,12,januari 2021 - december 2021,Dec 2021,Industriële beroepen en ambachten,Industriële technici,Expert productieproces en -methodes,28
2021-12-31,2021,12,januari 2021 - december 2021,Dec 2021,Industriële beroepen en ambachten,Industriële technici,Industrieel elektromecanicien,400
2021-12-31,2021,12,januari 2021 - december 2021,Dec 2021,Industriële beroepen en ambachten,Industriële technici,Industrieel laborant,6
2021-12-31,2021,12,januari 2021 - december 2021,Dec 2021,Industriële beroepen en ambachten,Industriële technici,Industrieel onderhoudstechnicus,164
2021-12-31,2021,12,januari 2021 - december 2021,Dec 2021,Industriële beroepen en ambachten,Industriële technici,Koeltechnicus,161
2021-12-31,2021,12,januari 2021 - december 2021,Dec 2021,Industriële beroepen en ambachten,Industriële technici,Lifttechnicus,60
2021-12-31,2021,12,januari 2021 - december 2021,Dec 2021,Industriële beroepen en ambachten,Industriële technici,Medewerker kwaliteitscontrole,7
2021-12-31,2021,12,januari 2021 - december 2021,Dec 2021,Industriële beroepen en ambachten,Industriële technici,Onderhoudstechnicus industriële automatisering,1
2021-12-31,2021,12,januari 2021 - december 2021,Dec 2021,Industriële beroepen en ambachten,Industriële technici,Onderhoudstechnicus waterdistributie en sanering,6
2021-12-31,2021,12,januari 2021 - december 2021,Dec 2021,Industriële beroepen en ambachten,Industriële technici,Ontwerper industriële automatisering,25
2021-12-31,2021,12,januari 2021 - december 2021,Dec 2021,Industriële beroepen en ambachten,Industriële technici,Productieplanner,86
2021-12-31,2021,12,januari 2021 - december 2021,Dec 2021,Industriële beroepen en ambachten,Industriële technici,Regeltechnicus klimatisatie,176
2021-12-31,2021,12,januari 2021 - december 2021,Dec 2021,Industriële beroepen en ambachten,Industriële technici,Technicus elektro en elektronica,8
2021-12-31,2021,12,januari 2021 - december 2021,Dec 2021,Industriële beroepen en ambachten,Industriële technici,Technicus elektronische installaties,385
2021-12-31,2021,12,januari 2021 - december 2021,Dec 2021,Industriële beroepen en ambachten,Industriële technici,"Technicus veiligheid, hygiëne en leefmilieu",1
2021-12-31,2021,12,januari 2021 - december 2021,Dec 2021,Industriële beroepen en ambachten,Industriële technici,Werkvoorbereider,61
2021-12-31,2021,12,januari 2021 - december 2021,Dec 2021,Industriële beroepen en ambachten,Medewerkers houtindustrie,Machinaal houtbewerker,1
2021-12-31,2021,12,januari 2021 - december 2021,Dec 2021,Industriële beroepen en ambachten,Medewerkers houtindustrie,Medewerker assemblage houten verpakkingen en palletten,1
2021-12-31,2021,12,januari 2021 - december 2021,Dec 2021,Industriële beroepen en ambachten,Medewerkers houtindustrie,Meubelmaker,124
2021-12-31,2021,12,januari 2021 - december 2021,Dec 2021,Industriële beroepen en ambachten,Medewerkers houtindustrie,Meubelstoffeerder,1
2021-12-31,2021,12,januari 2021 - december 2021,Dec 2021,Industriële beroepen en ambachten,Medewerkers houtindustrie,Operator CNC-gestuurde houtbewerkingsmachines,3
2021-12-31,2021,12,januari 2021 - december 2021,Dec 2021,Industriële beroepen en ambachten,Medewerkers houtindustrie,Operator in de houtzagerij,1
2021-12-31,2021,12,januari 2021 - december 2021,Dec 2021,Industriële beroepen en ambachten,Medewerkers houtindustrie,Productieoperator hout,4
2021-12-31,2021,12,januari 2021 - december 2021,Dec 2021,Industriële beroepen en ambachten,Medewerkers houtindustrie,Werkplaatsschrijnwerker,222
2021-12-31,2021,12,januari 2021 - december 2021,Dec 2021,Industriële beroepen en ambachten,Monteurs en installateurs elektrotechniek,Bordenbouwer - Elektromonteur machinebouw,31
2021-12-31,2021,12,januari 2021 - december 2021,Dec 2021,Industriële beroepen en ambachten,Monteurs en installateurs elektrotechniek,Elektrotechnicus,1269
2021-12-31,2021,12,januari 2021 - december 2021,Dec 2021,Industriële beroepen en ambachten,Monteurs en installateurs elektrotechniek,Technicus industriële elektriciteit,1
2021-12-31,2021,12,januari 2021 - december 2021,Dec 2021,Industriële beroepen en ambachten,Precisietechniekers,Slotenmaker,2
2021-12-31,2021,12,januari 2021 - december 2021,Dec 2021,Industriële beroepen en ambachten,Professionals in de metaalindustrie,Insteller-omsteller plaatbewerking,9
2021-12-31,2021,12,januari 2021 - december 2021,Dec 2021,Industriële beroepen en ambachten,Professionals in de metaalindustrie,Insteller-omsteller verspaning,90
2021-12-31,2021,12,januari 2021 - december 2021,Dec 2021,Industriële beroepen en ambachten,Professionals in de metaalindustrie,Machinebouwer,5
2021-12-31,2021,12,januari 2021 - december 2021,Dec 2021,Industriële beroepen en ambachten,Professionals in de metaalindustrie,Manueel lasser,160
2021-12-31,2021,12,januari 2021 - december 2021,Dec 2021,Industriële beroepen en ambachten,Professionals in de metaalindustrie,Monteur staalconstructies,186
2021-12-31,2021,12,januari 2021 - december 2021,Dec 2021,Industriële beroepen en ambachten,Professionals in de metaalindustrie,Operator gieterij,5
2021-12-31,2021,12,januari 2021 - december 2021,Dec 2021,Industriële beroepen en ambachten,Professionals in de metaalindustrie,Operator montage en assemblage,39
2021-12-31,2021,12,januari 2021 - december 2021,Dec 2021,Industriële beroepen en ambachten,Professionals in de metaalindustrie,Pijpfitter,59
2021-12-31,2021,12,januari 2021 - december 2021,Dec 2021,Industriële beroepen en ambachten,Professionals in de metaalindustrie,Productieoperator metaal,22
2021-12-31,2021,12,januari 2021 - december 2021,Dec 2021,Industriële beroepen en ambachten,Professionals in de metaalindustrie,Rigger-monteerder,53
2021-12-31,2021,12,januari 2021 - december 2021,Dec 2021,Industriële beroepen en ambachten,Specialisten chemie en kunststoffen,Procesoperator chemische industrie,11
2021-12-31,2021,12,januari 2021 - december 2021,Dec 2021,Industriële beroepen en ambachten,Specialisten chemie en kunststoffen,Procesoperator energetische en petrochemische industrie,3
2021-12-31,2021,12,januari 2021 - december 2021,Dec 2021,Industriële beroepen en ambachten,Specialisten chemie en kunststoffen,Productiemedewerker kunststofverwerking,1
2021-12-31,2021,12,januari 2021 - december 2021,Dec 2021,Industriële beroepen en ambachten,Technisch leidinggevenden,Afdelingsverantwoordelijke productie,10
2021-12-31,2021,12,januari 2021 - december 2021,Dec 2021,Industriële beroepen en ambachten,Technisch leidinggevenden,Productiemanager,15
2021-12-31,2021,12,januari 2021 - december 2021,Dec 2021,Industriële beroepen en ambachten,Technisch leidinggevenden,Projectmanager engineering,116
2021-12-31,2021,12,januari 2021 - december 2021,Dec 2021,Industriële beroepen en ambachten,Technisch leidinggevenden,Teamleader productie,9
2021-12-31,2021,12,januari 2021 - december 2021,Dec 2021,Industriële beroepen en ambachten,Technisch leidinggevenden,Verantwoordelijke beheer en onderhoud van voertuigen,4
2021-12-31,2021,12,januari 2021 - december 2021,Dec 2021,Industriële beroepen en ambachten,Technisch leidinggevenden,Verantwoordelijke industrieel onderhoud,21
2021-12-31,2021,12,januari 2021 - december 2021,Dec 2021,Industriële beroepen en ambachten,Technisch leidinggevenden,Verantwoordelijke kwaliteitscontrole,21
2021-12-31,2021,12,januari 2021 - december 2021,Dec 2021,Industriële beroepen en ambachten,Tekenaars en vormgevers,Grafisch vormgever,5
2021-12-31,2021,12,januari 2021 - december 2021,Dec 2021,Industriële beroepen en ambachten,Tekenaars en vormgevers,Productontwikkelaar,6
2021-12-31,2021,12,januari 2021 - december 2021,Dec 2021,Industriële beroepen en ambachten,Tekenaars en vormgevers,"Tekenaar-ontwerper elektriciteit, elektronica",55
2021-12-31,2021,12,januari 2021 - december 2021,Dec 2021,Industriële beroepen en ambachten,Tekenaars en vormgevers,Tekenaar-ontwerper mechanica,25
2021-12-31,2021,12,januari 2021 - december 2021,Dec 2021,Industriële beroepen en ambachten,Voer- en werktuigherstellers,Monteur-demonteur carrosserie,1
2021-12-31,2021,12,januari 2021 - december 2021,Dec 2021,Industriële beroepen en ambachten,Voer- en werktuigherstellers,Onderhoudsmecanicien van personenwagens en lichte bedrijfsvoertuigen,6
2021-12-31,2021,12,januari 2021 - december 2021,Dec 2021,Industriële beroepen en ambachten,Voer- en werktuigherstellers,Onderhoudsmecanicien van zware bedrijfsvoertuigen,29
2021-12-31,2021,12,januari 2021 - december 2021,Dec 2021,Industriële beroepen en ambachten,Voer- en werktuigherstellers,Plaatwerker carrosserie,5
2021-12-31,2021,12,januari 2021 - december 2021,Dec 2021,Industriële beroepen en ambachten,Voer- en werktuigherstellers,Spuiter carrosserie,13
2021-12-31,2021,12,januari 2021 - december 2021,Dec 2021,Industriële beroepen en ambachten,Voer- en werktuigherstellers,"Technicus werf-, landbouw- en hefmachines",31
2021-12-31,2021,12,januari 2021 - december 2021,Dec 2021,Industriële beroepen en ambachten,Voer- en werktuigherstellers,Werktuigkundige scheepvaart,7
2021-12-31,2021,12,januari 2021 - december 2021,Dec 2021,"Land-, tuin- en bosbouw- en visserijberoepen","Land-, tuin- en bosbouwers en vissers",Bestuurder van bosexploitatiemachines,4
2021-12-31,2021,12,januari 2021 - december 2021,Dec 2021,"Land-, tuin- en bosbouw- en visserijberoepen","Land-, tuin- en bosbouwers en vissers",Boomverzorger,1
2021-12-31,2021,12,januari 2021 - december 2021,Dec 2021,"Land-, tuin- en bosbouw- en visserijberoepen","Land-, tuin- en bosbouwers en vissers",Medewerker landbouw,3
2021-12-31,2021,12,januari 2021 - december 2021,Dec 2021,"Land-, tuin- en bosbouw- en visserijberoepen","Land-, tuin- en bosbouwers en vissers",Medewerker loonwerk,4
2021-12-31,2021,12,januari 2021 - december 2021,Dec 2021,"Land-, tuin- en bosbouw- en visserijberoepen","Land-, tuin- en bosbouwers en vissers",Medewerker paardenhouderij,1
2021-12-31,2021,12,januari 2021 - december 2021,Dec 2021,"Land-, tuin- en bosbouw- en visserijberoepen","Land-, tuin- en bosbouwers en vissers",Medewerker tuin- en groenaanleg en -onderhoud,123
2021-12-31,2021,12,januari 2021 - december 2021,Dec 2021,"Land-, tuin- en bosbouw- en visserijberoepen","Land-, tuin- en bosbouwers en vissers",Medewerker tuinbouw,14
2021-12-31,2021,12,januari 2021 - december 2021,Dec 2021,"Land-, tuin- en bosbouw- en visserijberoepen","Land-, tuin- en bosbouwers en vissers",Productieverantwoordelijke land- en tuinbouw,3
2021-12-31,2021,12,januari 2021 - december 2021,Dec 2021,"Land-, tuin- en bosbouw- en visserijberoepen","Land-, tuin- en bosbouwers en vissers",Verantwoordelijke tuin- en groenaanleg en -onderhoud,4
2021-12-31,2021,12,januari 2021 - december 2021,Dec 2021,"Medische, paramedische en verzorgende beroepen",Medisch personeel,Kinesitherapeut,1
2021-12-31,2021,12,januari 2021 - december 2021,Dec 2021,"Medische, paramedische en verzorgende beroepen",Medisch personeel,Preventiearts,1
2021-12-31,2021,12,januari 2021 - december 2021,Dec 2021,"Medische, paramedische en verzorgende beroepen",Paramedici,Orthopedisch technoloog,0
2021-12-31,2021,12,januari 2021 - december 2021,Dec 2021,"Medische, paramedische en verzorgende beroepen","Verpleegkundigen, vroedvrouwen en zorgpersoneel",Verpleegkundige,3
2021-12-31,2021,12,januari 2021 - december 2021,Dec 2021,"Medische, paramedische en verzorgende beroepen","Verpleegkundigen, vroedvrouwen en zorgpersoneel",Zorgkundige,1
2021-12-31,2021,12,januari 2021 - december 2021,Dec 2021,Organisatieondersteunende en kennisberoepen,Accountants,Accountant,49
2021-12-31,2021,12,januari 2021 - december 2021,Dec 2021,Organisatieondersteunende en kennisberoepen,Accountants,Assistent accountancy,82
2021-12-31,2021,12,januari 2021 - december 2021,Dec 2021,Organisatieondersteunende en kennisberoepen,Accountants,Credit collector,7
2021-12-31,2021,12,januari 2021 - december 2021,Dec 2021,Organisatieondersteunende en kennisberoepen,Accountants,Dossierbeheerder accountancy,1
2021-12-31,2021,12,januari 2021 - december 2021,Dec 2021,Organisatieondersteunende en kennisberoepen,Administratief medewerkers,Managementassistent,51
2021-12-31,2021,12,januari 2021 - december 2021,Dec 2021,Organisatieondersteunende en kennisberoepen,Administratief medewerkers,Onthaalmedewerker,36
2021-12-31,2021,12,januari 2021 - december 2021,Dec 2021,Organisatieondersteunende en kennisberoepen,Administratief medewerkers,Polyvalent administratief medewerker,709
2021-12-31,2021,12,januari 2021 - december 2021,Dec 2021,Organisatieondersteunende en kennisberoepen,Administratief medewerkers,Technisch-administratief medewerker,190
2021-12-31,2021,12,januari 2021 - december 2021,Dec 2021,Organisatieondersteunende en kennisberoepen,Bedrijfsadviseurs,Adviseur bedrijfsorganisatie en management,2
2021-12-31,2021,12,januari 2021 - december 2021,Dec 2021,Organisatieondersteunende en kennisberoepen,Bedrijfsadviseurs,Business analist,6
2021-12-31,2021,12,januari 2021 - december 2021,Dec 2021,Organisatieondersteunende en kennisberoepen,Bedrijfsadviseurs,Business en financial controller,24
2021-12-31,2021,12,januari 2021 - december 2021,Dec 2021,Organisatieondersteunende en kennisberoepen,Bedrijfsadviseurs,Mediabuyer,1
2021-12-31,2021,12,januari 2021 - december 2021,Dec 2021,Organisatieondersteunende en kennisberoepen,Bedrijfsadviseurs,Preventieadviseur,24
2021-12-31,2021,12,januari 2021 - december 2021,Dec 2021,Organisatieondersteunende en kennisberoepen,Bedrijfsadviseurs,Projectmanager business,6
2021-12-31,2021,12,januari 2021 - december 2021,Dec 2021,Organisatieondersteunende en kennisberoepen,Controleurs en inspecteurs,Technisch inspecteur industrie,15
2021-12-31,2021,12,januari 2021 - december 2021,Dec 2021,Organisatieondersteunende en kennisberoepen,HR-experts,Payroll advisor,19
2021-12-31,2021,12,januari 2021 - december 2021,Dec 2021,Organisatieondersteunende en kennisberoepen,HR-experts,Personeelsmedewerker,33
2021-12-31,2021,12,januari 2021 - december 2021,Dec 2021,Organisatieondersteunende en kennisberoepen,HR-experts,Verantwoordelijke werving en opleiding,35
2021-12-31,2021,12,januari 2021 - december 2021,Dec 2021,Organisatieondersteunende en kennisberoepen,Informatici en ICT-medewerkers,Data engineer,2
2021-12-31,2021,12,januari 2021 - december 2021,Dec 2021,Organisatieondersteunende en kennisberoepen,Informatici en ICT-medewerkers,ICT architect,2
2021-12-31,2021,12,januari 2021 - december 2021,Dec 2021,Organisatieondersteunende en kennisberoepen,Informatici en ICT-medewerkers,Integratie expert ICT,23
2021-12-31,2021,12,januari 2021 - december 2021,Dec 2021,Organisatieondersteunende en kennisberoepen,Informatici en ICT-medewerkers,Netwerk engineer telecom,2
2021-12-31,2021,12,januari 2021 - december 2021,Dec 2021,Organisatieondersteunende en kennisberoepen,Informatici en ICT-medewerkers,Netwerkbeheerder,7
2021-12-31,2021,12,januari 2021 - december 2021,Dec 2021,Organisatieondersteunende en kennisberoepen,Informatici en ICT-medewerkers,Software analist,7
2021-12-31,2021,12,januari 2021 - december 2021,Dec 2021,Organisatieondersteunende en kennisberoepen,Informatici en ICT-medewerkers,Software ontwikkelaar,17
2021-12-31,2021,12,januari 2021 - december 2021,Dec 2021,Organisatieondersteunende en kennisberoepen,Informatici en ICT-medewerkers,Support medewerker ICT,34
2021-12-31,2021,12,januari 2021 - december 2021,Dec 2021,Organisatieondersteunende en kennisberoepen,Informatici en ICT-medewerkers,Systeembeheerder,7
2021-12-31,2021,12,januari 2021 - december 2021,Dec 2021,Organisatieondersteunende en kennisberoepen,Informatici en ICT-medewerkers,Websitebeheerder,1
2021-12-31,2021,12,januari 2021 - december 2021,Dec 2021,Organisatieondersteunende en kennisberoepen,Leidinggevenden,Administratief en financieel verantwoordelijke,16
2021-12-31,2021,12,januari 2021 - december 2021,Dec 2021,Organisatieondersteunende en kennisberoepen,Leidinggevenden,Algemeen directeur,8
2021-12-31,2021,12,januari 2021 - december 2021,Dec 2021,Organisatieondersteunende en kennisberoepen,Leidinggevenden,Facility manager,15
2021-12-31,2021,12,januari 2021 - december 2021,Dec 2021,Organisatieondersteunende en kennisberoepen,Leidinggevenden,HR-manager,30
2021-12-31,2021,12,januari 2021 - december 2021,Dec 2021,Organisatieondersteunende en kennisberoepen,Leidinggevenden,Marketingmanager,42
2021-12-31,2021,12,januari 2021 - december 2021,Dec 2021,Organisatieondersteunende en kennisberoepen,Leidinggevenden,Sales manager,2
2021-12-31,2021,12,januari 2021 - december 2021,Dec 2021,Organisatieondersteunende en kennisberoepen,Leidinggevenden,"Uitbater sport-, recreatief of toeristisch centrum",8
2021-12-31,2021,12,januari 2021 - december 2021,Dec 2021,Organisatieondersteunende en kennisberoepen,Leidinggevenden,Verantwoordelijke ICT,5
2021-12-31,2021,12,januari 2021 - december 2021,Dec 2021,Organisatieondersteunende en kennisberoepen,Leidinggevenden,Verantwoordelijke contactcenter,3
2021-12-31,2021,12,januari 2021 - december 2021,Dec 2021,Organisatieondersteunende en kennisberoepen,Leidinggevenden,"Verantwoordelijke gezondheids-, sociale of penitentiaire instelling",1
2021-12-31,2021,12,januari 2021 - december 2021,Dec 2021,Organisatieondersteunende en kennisberoepen,Leidinggevenden,Verantwoordelijke verkoopadministratie,3
2021-12-31,2021,12,januari 2021 - december 2021,Dec 2021,Organisatieondersteunende en kennisberoepen,"Medewerkers commerciële strategie, marketing en verkoop",Aankoper,58
2021-12-31,2021,12,januari 2021 - december 2021,Dec 2021,Organisatieondersteunende en kennisberoepen,"Medewerkers commerciële strategie, marketing en verkoop",Accountmanager sales,1
2021-12-31,2021,12,januari 2021 - december 2021,Dec 2021,Organisatieondersteunende en kennisberoepen,"Medewerkers commerciële strategie, marketing en verkoop",Business developer,2
2021-12-31,2021,12,januari 2021 - december 2021,Dec 2021,Organisatieondersteunende en kennisberoepen,"Medewerkers commerciële strategie, marketing en verkoop",Commercieel medewerker binnendienst,56
2021-12-31,2021,12,januari 2021 - december 2021,Dec 2021,Organisatieondersteunende en kennisberoepen,"Medewerkers commerciële strategie, marketing en verkoop",Contactcenter medewerker,113
2021-12-31,2021,12,januari 2021 - december 2021,Dec 2021,Organisatieondersteunende en kennisberoepen,"Medewerkers commerciële strategie, marketing en verkoop",Content marketeer,12
2021-12-31,2021,12,januari 2021 - december 2021,Dec 2021,Organisatieondersteunende en kennisberoepen,"Medewerkers commerciële strategie, marketing en verkoop",Digital marketeer,8
2021-12-31,2021,12,januari 2021 - december 2021,Dec 2021,Organisatieondersteunende en kennisberoepen,"Medewerkers commerciële strategie, marketing en verkoop",Digital sales assistant,43
2021-12-31,2021,12,januari 2021 - december 2021,Dec 2021,Organisatieondersteunende en kennisberoepen,"Medewerkers commerciële strategie, marketing en verkoop",Marketing assistent,5
2021-12-31,2021,12,januari 2021 - december 2021,Dec 2021,Organisatieondersteunende en kennisberoepen,"Medewerkers commerciële strategie, marketing en verkoop",Productmanager,3
2021-12-31,2021,12,januari 2021 - december 2021,Dec 2021,Organisatieondersteunende en kennisberoepen,"Medewerkers commerciële strategie, marketing en verkoop",SEO-expert,1
2021-12-31,2021,12,januari 2021 - december 2021,Dec 2021,Organisatieondersteunende en kennisberoepen,"Medewerkers commerciële strategie, marketing en verkoop",Sales engineer,32
2021-12-31,2021,12,januari 2021 - december 2021,Dec 2021,Organisatieondersteunende en kennisberoepen,"Medewerkers commerciële strategie, marketing en verkoop",Verantwoordelijke verkooppromotie,10
2021-12-31,2021,12,januari 2021 - december 2021,Dec 2021,Organisatieondersteunende en kennisberoepen,Onderzoeksmedewerkers en beleidsexperten,Beleidsdeskundige,15
2021-12-31,2021,12,januari 2021 - december 2021,Dec 2021,Organisatieondersteunende en kennisberoepen,Onderzoeksmedewerkers en beleidsexperten,Expert lokale ontwikkeling,2
2021-12-31,2021,12,januari 2021 - december 2021,Dec 2021,Organisatieondersteunende en kennisberoepen,Onderzoeksmedewerkers en beleidsexperten,Marktonderzoeker,1
2021-12-31,2021,12,januari 2021 - december 2021,Dec 2021,Organisatieondersteunende en kennisberoepen,Onderzoeksmedewerkers en beleidsexperten,Wetenschappelijk onderzoeker,1
2021-12-31,2021,12,januari 2021 - december 2021,Dec 2021,Organisatieondersteunende en kennisberoepen,Specialisten kennisbeheer en communicatie,Archiefmedewerker,1
2021-12-31,2021,12,januari 2021 - december 2021,Dec 2021,Organisatieondersteunende en kennisberoepen,Specialisten kennisbeheer en communicatie,Erfgoedkundige,3
2021-12-31,2021,12,januari 2021 - december 2021,Dec 2021,Organisatieondersteunende en kennisberoepen,Specialisten kennisbeheer en communicatie,Medewerker communicatie,5
2021-12-31,2021,12,januari 2021 - december 2021,Dec 2021,Organisatieondersteunende en kennisberoepen,Specialisten kennisbeheer en communicatie,Technisch redacteur,2
2021-12-31,2021,12,januari 2021 - december 2021,Dec 2021,Pedagogische beroepen,Onderwijzend en leidinggevend personeel in onderwijs,Leerkracht secundair onderwijs,2
2021-12-31,2021,12,januari 2021 - december 2021,Dec 2021,Pedagogische beroepen,Onderwijzend en leidinggevend personeel in onderwijs,Opleider volwassenen,2
2021-12-31,2021,12,januari 2021 - december 2021,Dec 2021,Pedagogische beroepen,Onderwijzend en leidinggevend personeel in onderwijs,Pedagogisch coördinator,2
2021-12-31,2021,12,januari 2021 - december 2021,Dec 2021,Pedagogische beroepen,Opvoedkundig personeel,Kinderbegeleider baby's en peuters,1
2021-12-31,2021,12,januari 2021 - december 2021,Dec 2021,Pedagogische beroepen,Opvoedkundig personeel,Kinderbegeleider schoolgaande kinderen,3
2021-12-31,2021,12,januari 2021 - december 2021,Dec 2021,Pedagogische beroepen,Opvoedkundig personeel,Monitor-begeleider in de sociale economie,1
2021-12-31,2021,12,januari 2021 - december 2021,Dec 2021,Transport- en logistieke beroepen,Bestuurders in het wegtransport,Taxichauffeur en chauffeur privévervoer,4
2021-12-31,2021,12,januari 2021 - december 2021,Dec 2021,Transport- en logistieke beroepen,Bestuurders in het wegtransport,Vrachtwagenbestuurder,432
2021-12-31,2021,12,januari 2021 - december 2021,Dec 2021,Transport- en logistieke beroepen,Transport- en logistiek personeel,Dispatcher goederenvervoer,39
2021-12-31,2021,12,januari 2021 - december 2021,Dec 2021,Transport- en logistieke beroepen,Transport- en logistiek personeel,Dispatcher personenvervoer,1
2021-12-31,2021,12,januari 2021 - december 2021,Dec 2021,Transport- en logistieke beroepen,Transport- en logistiek personeel,Heftruckchauffeur,5
2021-12-31,2021,12,januari 2021 - december 2021,Dec 2021,Transport- en logistieke beroepen,Transport- en logistiek personeel,Koerier besteller,6
2021-12-31,2021,12,januari 2021 - december 2021,Dec 2021,Transport- en logistieke beroepen,Transport- en logistiek personeel,Logistiek verantwoordelijke,26
2021-12-31,2021,12,januari 2021 - december 2021,Dec 2021,Transport- en logistieke beroepen,Transport- en logistiek personeel,Magazijnbeheerder,34
2021-12-31,2021,12,januari 2021 - december 2021,Dec 2021,Transport- en logistieke beroepen,Transport- en logistiek personeel,Magazijnmedewerker,291
2021-12-31,2021,12,januari 2021 - december 2021,Dec 2021,Transport- en logistieke beroepen,Transport- en logistiek personeel,Medewerker internationaal goederenverkeer,3
2021-12-31,2021,12,januari 2021 - december 2021,Dec 2021,Transport- en logistieke beroepen,Transport- en logistiek personeel,Transportmanager,1
2021-12-31,2021,12,januari 2021 - december 2021,Dec 2021,Transport- en logistieke beroepen,Transport- en logistiek personeel,Verantwoordelijke logistieke site,5
2021-12-31,2021,12,januari 2021 - december 2021,Dec 2021,Transport- en logistieke beroepen,Transport- en logistiek personeel,Verhuizer,14
2021-12-31,2021,12,januari 2021 - december 2021,Dec 2021,Transport- en logistieke beroepen,"Werknemers spoor-, water-, luchttransport",Matroos binnenscheepvaart,0
2021-12-31,2021,12,januari 2021 - december 2021,Dec 2021,Transport- en logistieke beroepen,"Werknemers spoor-, water-, luchttransport",Schipper-stuurman binnenscheepvaart,2
2021-12-31,2021,12,januari 2021 - december 2021,Dec 2021,Transport- en logistieke beroepen,"Werknemers spoor-, water-, luchttransport",Spoorwerker,13
2021-12-31,2021,12,januari 2021 - december 2021,Dec 2021,Vrijetijds- en artistieke beroepen,"Artiesten, kunstenaars en andere culturele beroepen",Danser,2
2021-12-31,2021,12,januari 2021 - december 2021,Dec 2021,Vrijetijds- en artistieke beroepen,"Medewerkers bij toerisme, vrije tijd en sport",Attractiebediener,2
2021-12-31,2021,12,januari 2021 - december 2021,Dec 2021,Vrijetijds- en artistieke beroepen,"Medewerkers bij toerisme, vrije tijd en sport",Eventmanager,1
2021-12-31,2021,12,januari 2021 - december 2021,Dec 2021,Vrijetijds- en artistieke beroepen,"Medewerkers bij toerisme, vrije tijd en sport",Fitnessbegeleider,11
2021-12-31,2021,12,januari 2021 - december 2021,Dec 2021,Vrijetijds- en artistieke beroepen,"Medewerkers bij toerisme, vrije tijd en sport",Redder,14
2021-12-31,2021,12,januari 2021 - december 2021,Dec 2021,Vrijetijds- en artistieke beroepen,"Medewerkers bij toerisme, vrije tijd en sport",Sporttrainer,2
2021-12-31,2021,12,januari 2021 - december 2021,Dec 2021,Vrijetijds- en artistieke beroepen,Podium- en audiovisuele technici,Polyvalent podiumtechnicus,1
2022-12-31,2022,12,januari 2022 - december 2022,Dec 2022,Bouwberoepen,Bouwtechnici,Architect,23
2022-12-31,2022,12,januari 2022 - december 2022,Dec 2022,Bouwberoepen,Bouwtechnici,BIM-expert (Building Information Modeling),13
2022-12-31,2022,12,januari 2022 - december 2022,Dec 2022,Bouwberoepen,Bouwtechnici,Bodemonderzoeker,2
2022-12-31,2022,12,januari 2022 - december 2022,Dec 2022,Bouwberoepen,Bouwtechnici,Bouwkundig tekenaar,221
2022-12-31,2022,12,januari 2022 - december 2022,Dec 2022,Bouwberoepen,Bouwtechnici,Calculator bouw,411
2022-12-31,2022,12,januari 2022 - december 2022,Dec 2022,Bouwberoepen,Bouwtechnici,Ingenieur studie en advies bouw,164
2022-12-31,2022,12,januari 2022 - december 2022,Dec 2022,Bouwberoepen,Bouwtechnici,Interieurarchitect interieurvormgever,51
2022-12-31,2022,12,januari 2022 - december 2022,Dec 2022,Bouwberoepen,Bouwtechnici,Landmeter,24
2022-12-31,2022,12,januari 2022 - december 2022,Dec 2022,Bouwberoepen,Bouwtechnici,Projectleider bouw en openbare werken,354
2022-12-31,2022,12,januari 2022 - december 2022,Dec 2022,Bouwberoepen,Bouwtechnici,Veiligheidscoördinator,42
2022-12-31,2022,12,januari 2022 - december 2022,Dec 2022,Bouwberoepen,Bouwtechnici,Werfbediende,38
2022-12-31,2022,12,januari 2022 - december 2022,Dec 2022,Bouwberoepen,Bouwtechnici,Werfleider,685
2022-12-31,2022,12,januari 2022 - december 2022,Dec 2022,Bouwberoepen,Bouwvakkers,"Aansluiter van waterleidingen, rioleringen en warmtenetten",31
2022-12-31,2022,12,januari 2022 - december 2022,Dec 2022,Bouwberoepen,Bouwvakkers,Asbestverwijderaar,43
2022-12-31,2022,12,januari 2022 - december 2022,Dec 2022,Bouwberoepen,Bouwvakkers,Bekister-betonneerder,324
2022-12-31,2022,12,januari 2022 - december 2022,Dec 2022,Bouwberoepen,Bouwvakkers,Beveiligingstechnicus,84
2022-12-31,2022,12,januari 2022 - december 2022,Dec 2022,Bouwberoepen,Bouwvakkers,Brandertechnicus,30
2022-12-31,2022,12,januari 2022 - december 2022,Dec 2022,Bouwberoepen,Bouwvakkers,Daktimmerman,55
2022-12-31,2022,12,januari 2022 - december 2022,Dec 2022,Bouwberoepen,Bouwvakkers,Dakwerker,754
2022-12-31,2022,12,januari 2022 - december 2022,Dec 2022,Bouwberoepen,Bouwvakkers,Datacommunicatie- en netwerktechnicus,1048
2022-12-31,2022,12,januari 2022 - december 2022,Dec 2022,Bouwberoepen,Bouwvakkers,Dekvloerlegger,21
2022-12-31,2022,12,januari 2022 - december 2022,Dec 2022,Bouwberoepen,Bouwvakkers,Elektrotechnisch installateur,106
2022-12-31,2022,12,januari 2022 - december 2022,Dec 2022,Bouwberoepen,Bouwvakkers,Gevelreiniger,10
2022-12-31,2022,12,januari 2022 - december 2022,Dec 2022,Bouwberoepen,Bouwvakkers,Gevelrenoveerder-betonhersteller,81
2022-12-31,2022,12,januari 2022 - december 2022,Dec 2022,Bouwberoepen,Bouwvakkers,Glaswerker,50
2022-12-31,2022,12,januari 2022 - december 2022,Dec 2022,Bouwberoepen,Bouwvakkers,Industrieel isolatiewerker,78
2022-12-31,2022,12,januari 2022 - december 2022,Dec 2022,Bouwberoepen,Bouwvakkers,Installateur elektrotechnische basiscomponenten,15
2022-12-31,2022,12,januari 2022 - december 2022,Dec 2022,Bouwberoepen,Bouwvakkers,Installateur energiemanagementsystemen,218
2022-12-31,2022,12,januari 2022 - december 2022,Dec 2022,Bouwberoepen,Bouwvakkers,Installateur nutsvoorzieningen,59
2022-12-31,2022,12,januari 2022 - december 2022,Dec 2022,Bouwberoepen,Bouwvakkers,Interieurbouwer,270
2022-12-31,2022,12,januari 2022 - december 2022,Dec 2022,Bouwberoepen,Bouwvakkers,Isoleerder ruwbouw en dak,37
2022-12-31,2022,12,januari 2022 - december 2022,Dec 2022,Bouwberoepen,Bouwvakkers,Medewerker ruwbouw,1100
2022-12-31,2022,12,januari 2022 - december 2022,Dec 2022,Bouwberoepen,Bouwvakkers,Metselaar,779
2022-12-31,2022,12,januari 2022 - december 2022,Dec 2022,Bouwberoepen,Bouwvakkers,Monteur installatietechnieken,1211
2022-12-31,2022,12,januari 2022 - december 2022,Dec 2022,Bouwberoepen,Bouwvakkers,Natuursteenbewerker,24
2022-12-31,2022,12,januari 2022 - december 2022,Dec 2022,Bouwberoepen,Bouwvakkers,Onderhoudsmedewerker gebouwen,101
2022-12-31,2022,12,januari 2022 - december 2022,Dec 2022,Bouwberoepen,Bouwvakkers,Onderhoudsmedewerker wegennet,20
2022-12-31,2022,12,januari 2022 - december 2022,Dec 2022,Bouwberoepen,Bouwvakkers,Onderwaterwerker,1
2022-12-31,2022,12,januari 2022 - december 2022,Dec 2022,Bouwberoepen,Bouwvakkers,Plaatser binnenschrijnwerk,242
2022-12-31,2022,12,januari 2022 - december 2022,Dec 2022,Bouwberoepen,Bouwvakkers,Plaatser buitenschrijnwerk,829
2022-12-31,2022,12,januari 2022 - december 2022,Dec 2022,Bouwberoepen,Bouwvakkers,Plaatser van boven- en ondergrondse leidingen,133
2022-12-31,2022,12,januari 2022 - december 2022,Dec 2022,Bouwberoepen,Bouwvakkers,Plaatser van houten vloerbedekking,10
2022-12-31,2022,12,januari 2022 - december 2022,Dec 2022,Bouwberoepen,Bouwvakkers,Plaatser van soepele vloerbekledingen,9
2022-12-31,2022,12,januari 2022 - december 2022,Dec 2022,Bouwberoepen,Bouwvakkers,Rioollegger,49
2022-12-31,2022,12,januari 2022 - december 2022,Dec 2022,Bouwberoepen,Bouwvakkers,Schilder-decorateur,405
2022-12-31,2022,12,januari 2022 - december 2022,Dec 2022,Bouwberoepen,Bouwvakkers,Schrijnwerker houtbouw,46
2022-12-31,2022,12,januari 2022 - december 2022,Dec 2022,Bouwberoepen,Bouwvakkers,Steigerbouwer,118
2022-12-31,2022,12,januari 2022 - december 2022,Dec 2022,Bouwberoepen,Bouwvakkers,Stukadoor,264
2022-12-31,2022,12,januari 2022 - december 2022,Dec 2022,Bouwberoepen,Bouwvakkers,Technicus hernieuwbare energietechnieken,96
2022-12-31,2022,12,januari 2022 - december 2022,Dec 2022,Bouwberoepen,Bouwvakkers,Technicus installatietechnieken,49
2022-12-31,2022,12,januari 2022 - december 2022,Dec 2022,Bouwberoepen,Bouwvakkers,Vloerder-tegelzetter,218
2022-12-31,2022,12,januari 2022 - december 2022,Dec 2022,Bouwberoepen,Bouwvakkers,Voeger,53
2022-12-31,2022,12,januari 2022 - december 2022,Dec 2022,Bouwberoepen,Bouwvakkers,Wegenwerker,1387
2022-12-31,2022,12,januari 2022 - december 2022,Dec 2022,Bouwberoepen,Machinisten en kraanmannen,Bediener grondverzetmachines,354
2022-12-31,2022,12,januari 2022 - december 2022,Dec 2022,Bouwberoepen,Machinisten en kraanmannen,Bediener machines horizontale boringen,11
2022-12-31,2022,12,januari 2022 - december 2022,Dec 2022,Bouwberoepen,Machinisten en kraanmannen,Bediener machines verticale boringen,7
2022-12-31,2022,12,januari 2022 - december 2022,Dec 2022,Bouwberoepen,Machinisten en kraanmannen,Bediener van betonnerings- en asfalteringsmachines,2
2022-12-31,2022,12,januari 2022 - december 2022,Dec 2022,Bouwberoepen,Machinisten en kraanmannen,Kraanbestuurder,345
2022-12-31,2022,12,januari 2022 - december 2022,Dec 2022,Bouwberoepen,Machinisten en kraanmannen,Torenkraanbediener,23
2022-12-31,2022,12,januari 2022 - december 2022,Dec 2022,Dienstverlenende beroepen,Adviesverleners,Arbeidsbemiddelaar-jobcoach,37
2022-12-31,2022,12,januari 2022 - december 2022,Dec 2022,Dienstverlenende beroepen,Adviesverleners,Maatschappelijk werker,9
2022-12-31,2022,12,januari 2022 - december 2022,Dec 2022,Dienstverlenende beroepen,Experts vastgoed,Rentmeester,2
2022-12-31,2022,12,januari 2022 - december 2022,Dec 2022,Dienstverlenende beroepen,Experts vastgoed,Syndicus,1
2022-12-31,2022,12,januari 2022 - december 2022,Dec 2022,Dienstverlenende beroepen,Experts vastgoed,Vastgoedbemiddelaar verkoop en verhuur,7
2022-12-31,2022,12,januari 2022 - december 2022,Dec 2022,Dienstverlenende beroepen,Experts vastgoed,Vastgoedpromotor,7
2022-12-31,2022,12,januari 2022 - december 2022,Dec 2022,Dienstverlenende beroepen,Juridische dienstverleners,Juridisch medewerker,8
2022-12-31,2022,12,januari 2022 - december 2022,Dec 2022,Dienstverlenende beroepen,Juridische dienstverleners,Jurist,16
2022-12-31,2022,12,januari 2022 - december 2022,Dec 2022,Dienstverlenende beroepen,Medewerkers in finance,Adviseur kredieten,0
2022-12-31,2022,12,januari 2022 - december 2022,Dec 2022,Dienstverlenende beroepen,Medewerkers in finance,Beheerder verzekeringen,2
2022-12-31,2022,12,januari 2022 - december 2022,Dec 2022,Dienstverlenende beroepen,Medewerkers in finance,Belastingadviseur,4
2022-12-31,2022,12,januari 2022 - december 2022,Dec 2022,Dienstverlenende beroepen,Medewerkers in finance,Financieel analist,2
2022-12-31,2022,12,januari 2022 - december 2022,Dec 2022,Dienstverlenende beroepen,Medewerkers in finance,Revisor,1
2022-12-31,2022,12,januari 2022 - december 2022,Dec 2022,Dienstverlenende beroepen,Medewerkers in finance,Underwriter verzekeringen,1
2022-12-31,2022,12,januari 2022 - december 2022,Dec 2022,Dienstverlenende beroepen,Ordehandhavers en reddingswerkers,Gemeenschapswacht,1
2022-12-31,2022,12,januari 2022 - december 2022,Dec 2022,Dienstverlenende beroepen,Persoonlijke dienstverleners,Medewerker kuuroord,3
2022-12-31,2022,12,januari 2022 - december 2022,Dec 2022,Dienstverlenende beroepen,Persoonlijke dienstverleners,Schoonheidsspecialist,2
2022-12-31,2022,12,januari 2022 - december 2022,Dec 2022,Dienstverlenende beroepen,Publieke dienstverleners,Cultuurmanager,1
2022-12-31,2022,12,januari 2022 - december 2022,Dec 2022,Dienstverlenende beroepen,Publieke dienstverleners,Sociaal-cultureel begeleider,7
2022-12-31,2022,12,januari 2022 - december 2022,Dec 2022,Dienstverlenende beroepen,Schoonmaak- en onderhoudspersoneel,Huishoudhulp-poetshulp,56
2022-12-31,2022,12,januari 2022 - december 2022,Dec 2022,Dienstverlenende beroepen,Schoonmaak- en onderhoudspersoneel,Industrieel reiniger,20
2022-12-31,2022,12,januari 2022 - december 2022,Dec 2022,Dienstverlenende beroepen,Schoonmaak- en onderhoudspersoneel,Leidinggevende schoonmaak,5
2022-12-31,2022,12,januari 2022 - december 2022,Dec 2022,Dienstverlenende beroepen,Schoonmaak- en onderhoudspersoneel,Medewerker ongediertebestrijding,1
2022-12-31,2022,12,januari 2022 - december 2022,Dec 2022,Dienstverlenende beroepen,Schoonmaak- en onderhoudspersoneel,Onderhoudsmedewerker affichering en straatmeubilair,5
2022-12-31,2022,12,januari 2022 - december 2022,Dec 2022,Dienstverlenende beroepen,Schoonmaak- en onderhoudspersoneel,Recyclageparkwachter,1
2022-12-31,2022,12,januari 2022 - december 2022,Dec 2022,Dienstverlenende beroepen,Schoonmaak- en onderhoudspersoneel,Ruitenwasser,2
2022-12-31,2022,12,januari 2022 - december 2022,Dec 2022,Dienstverlenende beroepen,Schoonmaak- en onderhoudspersoneel,Schoonmaker van ruimten en lokalen,78
2022-12-31,2022,12,januari 2022 - december 2022,Dec 2022,Handels- en verkoopberoepen,Verkooppersoneel,Reisagent,2
2022-12-31,2022,12,januari 2022 - december 2022,Dec 2022,Handels- en verkoopberoepen,Verkooppersoneel,Technisch adviseur klantenondersteuning,4
2022-12-31,2022,12,januari 2022 - december 2022,Dec 2022,Handels- en verkoopberoepen,Verkooppersoneel,"Verhuurder van gereedschappen, transportmiddelen of vrijetijdsmaterieel",1
2022-12-31,2022,12,januari 2022 - december 2022,Dec 2022,Handels- en verkoopberoepen,Verkooppersoneel,Winkelmanager,2
2022-12-31,2022,12,januari 2022 - december 2022,Dec 2022,Handels- en verkoopberoepen,Verkooppersoneel,Winkelmedewerker,12
2022-12-31,2022,12,januari 2022 - december 2022,Dec 2022,Handels- en verkoopberoepen,Verkooppersoneel,Winkelverkoper,115
2022-12-31,2022,12,januari 2022 - december 2022,Dec 2022,Handels- en verkoopberoepen,Vertegenwoordigers,Vertegenwoordiger B2B,248
2022-12-31,2022,12,januari 2022 - december 2022,Dec 2022,Handels- en verkoopberoepen,Vertegenwoordigers,Vertegenwoordiger B2C,30
2022-12-31,2022,12,januari 2022 - december 2022,Dec 2022,Horecaberoepen,Horecapersoneel,Barman,4
2022-12-31,2022,12,januari 2022 - december 2022,Dec 2022,Horecaberoepen,Horecapersoneel,Horecamanager,5
2022-12-31,2022,12,januari 2022 - december 2022,Dec 2022,Horecaberoepen,Horecapersoneel,Hotelreceptionist,2
2022-12-31,2022,12,januari 2022 - december 2022,Dec 2022,Horecaberoepen,Horecapersoneel,Hulpkok,4
2022-12-31,2022,12,januari 2022 - december 2022,Dec 2022,Horecaberoepen,Horecapersoneel,Hulpkok grootkeuken,1
2022-12-31,2022,12,januari 2022 - december 2022,Dec 2022,Horecaberoepen,Horecapersoneel,Kelner,7
2022-12-31,2022,12,januari 2022 - december 2022,Dec 2022,Horecaberoepen,Horecapersoneel,Keukenmedewerker,2
2022-12-31,2022,12,januari 2022 - december 2022,Dec 2022,Horecaberoepen,Horecapersoneel,Kok,0
2022-12-31,2022,12,januari 2022 - december 2022,Dec 2022,Horecaberoepen,Horecapersoneel,Maître d'hôtel,0
2022-12-31,2022,12,januari 2022 - december 2022,Dec 2022,Horecaberoepen,Horecapersoneel,Medewerker fastfood,1
2022-12-31,2022,12,januari 2022 - december 2022,Dec 2022,Industriële beroepen en ambachten,Beoefenaars van ambachten,Ambachtelijk glasbewerker,1
2022-12-31,2022,12,januari 2022 - december 2022,Dec 2022,Industriële beroepen en ambachten,Beoefenaars van ambachten,Ambachtelijk metaalbewerker,1
2022-12-31,2022,12,januari 2022 - december 2022,Dec 2022,Industriële beroepen en ambachten,Beoefenaars van ambachten,Decorateur van kunst- en artisanale objecten,0
2022-12-31,2022,12,januari 2022 - december 2022,Dec 2022,Industriële beroepen en ambachten,Bewerkers van voeding,Brood- en banketbakker,0
2022-12-31,2022,12,januari 2022 - december 2022,Dec 2022,Industriële beroepen en ambachten,Bewerkers van voeding,Charcutier,6
2022-12-31,2022,12,januari 2022 - december 2022,Dec 2022,Industriële beroepen en ambachten,Bewerkers van voeding,Slager,1
2022-12-31,2022,12,januari 2022 - december 2022,Dec 2022,Industriële beroepen en ambachten,Confectie- en lederwerkers,Polyvalent stikster,1
2022-12-31,2022,12,januari 2022 - december 2022,Dec 2022,Industriële beroepen en ambachten,Diverse productiemedewerkers en operatoren,Industrieel schilder,83
2022-12-31,2022,12,januari 2022 - december 2022,Dec 2022,Industriële beroepen en ambachten,Diverse productiemedewerkers en operatoren,Productiemedewerker,74
2022-12-31,2022,12,januari 2022 - december 2022,Dec 2022,Industriële beroepen en ambachten,Diverse productiemedewerkers en operatoren,Productiemedewerker prefabbeton,12
2022-12-31,2022,12,januari 2022 - december 2022,Dec 2022,Industriële beroepen en ambachten,Diverse productiemedewerkers en operatoren,Productieoperator bouw- en prefabmaterialen,2
2022-12-31,2022,12,januari 2022 - december 2022,Dec 2022,Industriële beroepen en ambachten,Diverse productiemedewerkers en operatoren,Productieoperator elektrische en elektronische componenten,619
2022-12-31,2022,12,januari 2022 - december 2022,Dec 2022,Industriële beroepen en ambachten,Diverse productiemedewerkers en operatoren,"Productieoperator van stortbeton, cement, asfalt en granulaten",24
2022-12-31,2022,12,januari 2022 - december 2022,Dec 2022,Industriële beroepen en ambachten,Diverse productiemedewerkers en operatoren,Regelaar-afsteller van productie-installaties,0
2022-12-31,2022,12,januari 2022 - december 2022,Dec 2022,Industriële beroepen en ambachten,Diverse productiemedewerkers en operatoren,Sorteerder recyclage,1
2022-12-31,2022,12,januari 2022 - december 2022,Dec 2022,Industriële beroepen en ambachten,Diverse productiemedewerkers en operatoren,Uitvoerder van werken op hoogte,18
2022-12-31,2022,12,januari 2022 - december 2022,Dec 2022,Industriële beroepen en ambachten,Drukkers,Medewerker prepress,1
2022-12-31,2022,12,januari 2022 - december 2022,Dec 2022,Industriële beroepen en ambachten,Industriële technici,Expert productieproces en -methodes,45
2022-12-31,2022,12,januari 2022 - december 2022,Dec 2022,Industriële beroepen en ambachten,Industriële technici,Industrieel elektromecanicien,856
2022-12-31,2022,12,januari 2022 - december 2022,Dec 2022,Industriële beroepen en ambachten,Industriële technici,Industrieel laborant,4
2022-12-31,2022,12,januari 2022 - december 2022,Dec 2022,Industriële beroepen en ambachten,Industriële technici,Industrieel onderhoudstechnicus,635
2022-12-31,2022,12,januari 2022 - december 2022,Dec 2022,Industriële beroepen en ambachten,Industriële technici,Koeltechnicus,209
2022-12-31,2022,12,januari 2022 - december 2022,Dec 2022,Industriële beroepen en ambachten,Industriële technici,Lifttechnicus,197
2022-12-31,2022,12,januari 2022 - december 2022,Dec 2022,Industriële beroepen en ambachten,Industriële technici,Medewerker kwaliteitscontrole,10
2022-12-31,2022,12,januari 2022 - december 2022,Dec 2022,Industriële beroepen en ambachten,Industriële technici,Onderhoudstechnicus industriële automatisering,5
2022-12-31,2022,12,januari 2022 - december 2022,Dec 2022,Industriële beroepen en ambachten,Industriële technici,Onderhoudstechnicus waterdistributie en sanering,5
2022-12-31,2022,12,januari 2022 - december 2022,Dec 2022,Industriële beroepen en ambachten,Industriële technici,Ontwerper industriële automatisering,22
2022-12-31,2022,12,januari 2022 - december 2022,Dec 2022,Industriële beroepen en ambachten,Industriële technici,Productieplanner,95
2022-12-31,2022,12,januari 2022 - december 2022,Dec 2022,Industriële beroepen en ambachten,Industriële technici,Regeltechnicus klimatisatie,220
2022-12-31,2022,12,januari 2022 - december 2022,Dec 2022,Industriële beroepen en ambachten,Industriële technici,Technicus elektro en elektronica,34
2022-12-31,2022,12,januari 2022 - december 2022,Dec 2022,Industriële beroepen en ambachten,Industriële technici,Technicus elektronische installaties,391
2022-12-31,2022,12,januari 2022 - december 2022,Dec 2022,Industriële beroepen en ambachten,Industriële technici,Werkvoorbereider,60
2022-12-31,2022,12,januari 2022 - december 2022,Dec 2022,Industriële beroepen en ambachten,Medewerkers houtindustrie,Machinaal houtbewerker,5
2022-12-31,2022,12,januari 2022 - december 2022,Dec 2022,Industriële beroepen en ambachten,Medewerkers houtindustrie,Meubelmaker,79
2022-12-31,2022,12,januari 2022 - december 2022,Dec 2022,Industriële beroepen en ambachten,Medewerkers houtindustrie,Operator CNC-gestuurde houtbewerkingsmachines,1
2022-12-31,2022,12,januari 2022 - december 2022,Dec 2022,Industriële beroepen en ambachten,Medewerkers houtindustrie,Productieoperator hout,1
2022-12-31,2022,12,januari 2022 - december 2022,Dec 2022,Industriële beroepen en ambachten,Medewerkers houtindustrie,Werkplaatsschrijnwerker,193
2022-12-31,2022,12,januari 2022 - december 2022,Dec 2022,Industriële beroepen en ambachten,Monteurs en installateurs elektrotechniek,Bordenbouwer - Elektromonteur machinebouw,32
2022-12-31,2022,12,januari 2022 - december 2022,Dec 2022,Industriële beroepen en ambachten,Monteurs en installateurs elektrotechniek,Elektrotechnicus,1797
2022-12-31,2022,12,januari 2022 - december 2022,Dec 2022,Industriële beroepen en ambachten,Monteurs en installateurs elektrotechniek,Technicus industriële elektriciteit,1
2022-12-31,2022,12,januari 2022 - december 2022,Dec 2022,Industriële beroepen en ambachten,Precisietechniekers,Slotenmaker,1
2022-12-31,2022,12,januari 2022 - december 2022,Dec 2022,Industriële beroepen en ambachten,Professionals in de metaalindustrie,Bankwerker,1
2022-12-31,2022,12,januari 2022 - december 2022,Dec 2022,Industriële beroepen en ambachten,Professionals in de metaalindustrie,Insteller-omsteller plaatbewerking,10
2022-12-31,2022,12,januari 2022 - december 2022,Dec 2022,Industriële beroepen en ambachten,Professionals in de metaalindustrie,Insteller-omsteller verspaning,150
2022-12-31,2022,12,januari 2022 - december 2022,Dec 2022,Industriële beroepen en ambachten,Professionals in de metaalindustrie,Machinebouwer,3
2022-12-31,2022,12,januari 2022 - december 2022,Dec 2022,Industriële beroepen en ambachten,Professionals in de metaalindustrie,Manueel lasser,296
2022-12-31,2022,12,januari 2022 - december 2022,Dec 2022,Industriële beroepen en ambachten,Professionals in de metaalindustrie,Monteur staalconstructies,99
2022-12-31,2022,12,januari 2022 - december 2022,Dec 2022,Industriële beroepen en ambachten,Professionals in de metaalindustrie,Operator montage en assemblage,24
2022-12-31,2022,12,januari 2022 - december 2022,Dec 2022,Industriële beroepen en ambachten,Professionals in de metaalindustrie,Pijpfitter,122
2022-12-31,2022,12,januari 2022 - december 2022,Dec 2022,Industriële beroepen en ambachten,Professionals in de metaalindustrie,Productieoperator metaal,18
2022-12-31,2022,12,januari 2022 - december 2022,Dec 2022,Industriële beroepen en ambachten,Professionals in de metaalindustrie,Rigger-monteerder,239
2022-12-31,2022,12,januari 2022 - december 2022,Dec 2022,Industriële beroepen en ambachten,Technisch leidinggevenden,Afdelingsverantwoordelijke productie,0
2022-12-31,2022,12,januari 2022 - december 2022,Dec 2022,Industriële beroepen en ambachten,Technisch leidinggevenden,Productiemanager,10
2022-12-31,2022,12,januari 2022 - december 2022,Dec 2022,Industriële beroepen en ambachten,Technisch leidinggevenden,Projectmanager engineering,198
2022-12-31,2022,12,januari 2022 - december 2022,Dec 2022,Industriële beroepen en ambachten,Technisch leidinggevenden,Teamleader productie,9
2022-12-31,2022,12,januari 2022 - december 2022,Dec 2022,Industriële beroepen en ambachten,Technisch leidinggevenden,Verantwoordelijke beheer en onderhoud van voertuigen,18
2022-12-31,2022,12,januari 2022 - december 2022,Dec 2022,Industriële beroepen en ambachten,Technisch leidinggevenden,Verantwoordelijke industrieel onderhoud,30
2022-12-31,2022,12,januari 2022 - december 2022,Dec 2022,Industriële beroepen en ambachten,Technisch leidinggevenden,Verantwoordelijke kwaliteitscontrole,29
2022-12-31,2022,12,januari 2022 - december 2022,Dec 2022,Industriële beroepen en ambachten,Technisch leidinggevenden,Verantwoordelijke onderzoek en ontwikkeling,1
2022-12-31,2022,12,januari 2022 - december 2022,Dec 2022,Industriële beroepen en ambachten,Technisch leidinggevenden,Verantwoordelijke productieproces en -methodes,2
2022-12-31,2022,12,januari 2022 - december 2022,Dec 2022,Industriële beroepen en ambachten,Tekenaars en vormgevers,Grafisch vormgever,3
2022-12-31,2022,12,januari 2022 - december 2022,Dec 2022,Industriële beroepen en ambachten,Tekenaars en vormgevers,"Tekenaar-ontwerper elektriciteit, elektronica",55
2022-12-31,2022,12,januari 2022 - december 2022,Dec 2022,Industriële beroepen en ambachten,Tekenaars en vormgevers,Tekenaar-ontwerper mechanica,26
2022-12-31,2022,12,januari 2022 - december 2022,Dec 2022,Industriële beroepen en ambachten,Voer- en werktuigherstellers,Monteur-demonteur carrosserie,0
2022-12-31,2022,12,januari 2022 - december 2022,Dec 2022,Industriële beroepen en ambachten,Voer- en werktuigherstellers,Onderhoudsmecanicien van personenwagens en lichte bedrijfsvoertuigen,121
2022-12-31,2022,12,januari 2022 - december 2022,Dec 2022,Industriële beroepen en ambachten,Voer- en werktuigherstellers,Onderhoudsmecanicien van zware bedrijfsvoertuigen,30
2022-12-31,2022,12,januari 2022 - december 2022,Dec 2022,Industriële beroepen en ambachten,Voer- en werktuigherstellers,Onderhoudstechnicus pleziervaart,1
2022-12-31,2022,12,januari 2022 - december 2022,Dec 2022,Industriële beroepen en ambachten,Voer- en werktuigherstellers,Plaatwerker carrosserie,4
2022-12-31,2022,12,januari 2022 - december 2022,Dec 2022,Industriële beroepen en ambachten,Voer- en werktuigherstellers,Spuiter carrosserie,9
2022-12-31,2022,12,januari 2022 - december 2022,Dec 2022,Industriële beroepen en ambachten,Voer- en werktuigherstellers,Technicus van bromfietsen en motorfietsen,2
2022-12-31,2022,12,januari 2022 - december 2022,Dec 2022,Industriële beroepen en ambachten,Voer- en werktuigherstellers,"Technicus werf-, landbouw- en hefmachines",73
2022-12-31,2022,12,januari 2022 - december 2022,Dec 2022,Industriële beroepen en ambachten,Voer- en werktuigherstellers,Werktuigkundige scheepvaart,9
2022-12-31,2022,12,januari 2022 - december 2022,Dec 2022,"Land-, tuin- en bosbouw- en visserijberoepen","Land-, tuin- en bosbouwers en vissers",Bestuurder van bosexploitatiemachines,1
2022-12-31,2022,12,januari 2022 - december 2022,Dec 2022,"Land-, tuin- en bosbouw- en visserijberoepen","Land-, tuin- en bosbouwers en vissers",Landbouwkundig adviseur,1
2022-12-31,2022,12,januari 2022 - december 2022,Dec 2022,"Land-, tuin- en bosbouw- en visserijberoepen","Land-, tuin- en bosbouwers en vissers",Medewerker landbouw,2
2022-12-31,2022,12,januari 2022 - december 2022,Dec 2022,"Land-, tuin- en bosbouw- en visserijberoepen","Land-, tuin- en bosbouwers en vissers",Medewerker paardenhouderij,1
2022-12-31,2022,12,januari 2022 - december 2022,Dec 2022,"Land-, tuin- en bosbouw- en visserijberoepen","Land-, tuin- en bosbouwers en vissers",Medewerker tuin- en groenaanleg en -onderhoud,65
2022-12-31,2022,12,januari 2022 - december 2022,Dec 2022,"Land-, tuin- en bosbouw- en visserijberoepen","Land-, tuin- en bosbouwers en vissers",Medewerker tuinbouw,3
2022-12-31,2022,12,januari 2022 - december 2022,Dec 2022,"Land-, tuin- en bosbouw- en visserijberoepen","Land-, tuin- en bosbouwers en vissers",Verantwoordelijke tuin- en groenaanleg en -onderhoud,7
2022-12-31,2022,12,januari 2022 - december 2022,Dec 2022,"Medische, paramedische en verzorgende beroepen",Medisch personeel,Kinesitherapeut,2
2022-12-31,2022,12,januari 2022 - december 2022,Dec 2022,"Medische, paramedische en verzorgende beroepen",Medisch personeel,Preventiearts,0
2022-12-31,2022,12,januari 2022 - december 2022,Dec 2022,"Medische, paramedische en verzorgende beroepen",Overige zorgmedewerkers,Logistiek assistent in zorginstellingen,1
2022-12-31,2022,12,januari 2022 - december 2022,Dec 2022,"Medische, paramedische en verzorgende beroepen",Paramedici,Ergotherapeut,1
2022-12-31,2022,12,januari 2022 - december 2022,Dec 2022,"Medische, paramedische en verzorgende beroepen","Verpleegkundigen, vroedvrouwen en zorgpersoneel",Verpleegkundige,8
2022-12-31,2022,12,januari 2022 - december 2022,Dec 2022,"Medische, paramedische en verzorgende beroepen","Verpleegkundigen, vroedvrouwen en zorgpersoneel",Verzorgende,1
2022-12-31,2022,12,januari 2022 - december 2022,Dec 2022,"Medische, paramedische en verzorgende beroepen","Verpleegkundigen, vroedvrouwen en zorgpersoneel",Zorgkundige,4
2022-12-31,2022,12,januari 2022 - december 2022,Dec 2022,Organisatieondersteunende en kennisberoepen,Accountants,Accountant,87
2022-12-31,2022,12,januari 2022 - december 2022,Dec 2022,Organisatieondersteunende en kennisberoepen,Accountants,Assistent accountancy,173
2022-12-31,2022,12,januari 2022 - december 2022,Dec 2022,Organisatieondersteunende en kennisberoepen,Accountants,Credit collector,4
2022-12-31,2022,12,januari 2022 - december 2022,Dec 2022,Organisatieondersteunende en kennisberoepen,Accountants,Dossierbeheerder accountancy,2
2022-12-31,2022,12,januari 2022 - december 2022,Dec 2022,Organisatieondersteunende en kennisberoepen,Administratief medewerkers,Managementassistent,87
2022-12-31,2022,12,januari 2022 - december 2022,Dec 2022,Organisatieondersteunende en kennisberoepen,Administratief medewerkers,Onthaalmedewerker,59
2022-12-31,2022,12,januari 2022 - december 2022,Dec 2022,Organisatieondersteunende en kennisberoepen,Administratief medewerkers,Polyvalent administratief medewerker,788
2022-12-31,2022,12,januari 2022 - december 2022,Dec 2022,Organisatieondersteunende en kennisberoepen,Administratief medewerkers,Technisch-administratief medewerker,230
2022-12-31,2022,12,januari 2022 - december 2022,Dec 2022,Organisatieondersteunende en kennisberoepen,Bedrijfsadviseurs,Adviseur bedrijfsorganisatie en management,6
2022-12-31,2022,12,januari 2022 - december 2022,Dec 2022,Organisatieondersteunende en kennisberoepen,Bedrijfsadviseurs,Business analist,6
2022-12-31,2022,12,januari 2022 - december 2022,Dec 2022,Organisatieondersteunende en kennisberoepen,Bedrijfsadviseurs,Business en financial controller,36
2022-12-31,2022,12,januari 2022 - december 2022,Dec 2022,Organisatieondersteunende en kennisberoepen,Bedrijfsadviseurs,Milieucoördinator,4
2022-12-31,2022,12,januari 2022 - december 2022,Dec 2022,Organisatieondersteunende en kennisberoepen,Bedrijfsadviseurs,Preventieadviseur,40
2022-12-31,2022,12,januari 2022 - december 2022,Dec 2022,Organisatieondersteunende en kennisberoepen,Bedrijfsadviseurs,Projectmanager business,9
2022-12-31,2022,12,januari 2022 - december 2022,Dec 2022,Organisatieondersteunende en kennisberoepen,Controleurs en inspecteurs,Technisch inspecteur industrie,19
2022-12-31,2022,12,januari 2022 - december 2022,Dec 2022,Organisatieondersteunende en kennisberoepen,HR-experts,Payroll advisor,46
2022-12-31,2022,12,januari 2022 - december 2022,Dec 2022,Organisatieondersteunende en kennisberoepen,HR-experts,Personeelsmedewerker,66
2022-12-31,2022,12,januari 2022 - december 2022,Dec 2022,Organisatieondersteunende en kennisberoepen,HR-experts,Verantwoordelijke werving en opleiding,93
2022-12-31,2022,12,januari 2022 - december 2022,Dec 2022,Organisatieondersteunende en kennisberoepen,Informatici en ICT-medewerkers,Data engineer,1
2022-12-31,2022,12,januari 2022 - december 2022,Dec 2022,Organisatieondersteunende en kennisberoepen,Informatici en ICT-medewerkers,Data scientist,1
2022-12-31,2022,12,januari 2022 - december 2022,Dec 2022,Organisatieondersteunende en kennisberoepen,Informatici en ICT-medewerkers,GIS-medewerker,2
2022-12-31,2022,12,januari 2022 - december 2022,Dec 2022,Organisatieondersteunende en kennisberoepen,Informatici en ICT-medewerkers,Integratie expert ICT,26
2022-12-31,2022,12,januari 2022 - december 2022,Dec 2022,Organisatieondersteunende en kennisberoepen,Informatici en ICT-medewerkers,Netwerk engineer telecom,2
2022-12-31,2022,12,januari 2022 - december 2022,Dec 2022,Organisatieondersteunende en kennisberoepen,Informatici en ICT-medewerkers,Netwerkbeheerder,4
2022-12-31,2022,12,januari 2022 - december 2022,Dec 2022,Organisatieondersteunende en kennisberoepen,Informatici en ICT-medewerkers,Software analist,12
2022-12-31,2022,12,januari 2022 - december 2022,Dec 2022,Organisatieondersteunende en kennisberoepen,Informatici en ICT-medewerkers,Software ontwikkelaar,31
2022-12-31,2022,12,januari 2022 - december 2022,Dec 2022,Organisatieondersteunende en kennisberoepen,Informatici en ICT-medewerkers,Support medewerker ICT,56
2022-12-31,2022,12,januari 2022 - december 2022,Dec 2022,Organisatieondersteunende en kennisberoepen,Informatici en ICT-medewerkers,Systeembeheerder,14
2022-12-31,2022,12,januari 2022 - december 2022,Dec 2022,Organisatieondersteunende en kennisberoepen,Leidinggevenden,Administratief en financieel verantwoordelijke,22
2022-12-31,2022,12,januari 2022 - december 2022,Dec 2022,Organisatieondersteunende en kennisberoepen,Leidinggevenden,Algemeen directeur,15
2022-12-31,2022,12,januari 2022 - december 2022,Dec 2022,Organisatieondersteunende en kennisberoepen,Leidinggevenden,Facility manager,21
2022-12-31,2022,12,januari 2022 - december 2022,Dec 2022,Organisatieondersteunende en kennisberoepen,Leidinggevenden,HR-manager,27
2022-12-31,2022,12,januari 2022 - december 2022,Dec 2022,Organisatieondersteunende en kennisberoepen,Leidinggevenden,Marketingmanager,44
2022-12-31,2022,12,januari 2022 - december 2022,Dec 2022,Organisatieondersteunende en kennisberoepen,Leidinggevenden,Sales manager,4
2022-12-31,2022,12,januari 2022 - december 2022,Dec 2022,Organisatieondersteunende en kennisberoepen,Leidinggevenden,"Uitbater sport-, recreatief of toeristisch centrum",5
2022-12-31,2022,12,januari 2022 - december 2022,Dec 2022,Organisatieondersteunende en kennisberoepen,Leidinggevenden,Verantwoordelijke ICT,7
2022-12-31,2022,12,januari 2022 - december 2022,Dec 2022,Organisatieondersteunende en kennisberoepen,Leidinggevenden,Verantwoordelijke aankoop,6
2022-12-31,2022,12,januari 2022 - december 2022,Dec 2022,Organisatieondersteunende en kennisberoepen,Leidinggevenden,Verantwoordelijke contactcenter,1
2022-12-31,2022,12,januari 2022 - december 2022,Dec 2022,Organisatieondersteunende en kennisberoepen,Leidinggevenden,Verantwoordelijke eco-industriële site,2
2022-12-31,2022,12,januari 2022 - december 2022,Dec 2022,Organisatieondersteunende en kennisberoepen,Leidinggevenden,Verantwoordelijke klantendienst,2
2022-12-31,2022,12,januari 2022 - december 2022,Dec 2022,Organisatieondersteunende en kennisberoepen,Leidinggevenden,Verantwoordelijke verkoopadministratie,8
2022-12-31,2022,12,januari 2022 - december 2022,Dec 2022,Organisatieondersteunende en kennisberoepen,"Medewerkers commerciële strategie, marketing en verkoop",Aankoper,77
2022-12-31,2022,12,januari 2022 - december 2022,Dec 2022,Organisatieondersteunende en kennisberoepen,"Medewerkers commerciële strategie, marketing en verkoop",Accountmanager sales,3
2022-12-31,2022,12,januari 2022 - december 2022,Dec 2022,Organisatieondersteunende en kennisberoepen,"Medewerkers commerciële strategie, marketing en verkoop",Commercieel medewerker binnendienst,91
2022-12-31,2022,12,januari 2022 - december 2022,Dec 2022,Organisatieondersteunende en kennisberoepen,"Medewerkers commerciële strategie, marketing en verkoop",Contactcenter medewerker,96
2022-12-31,2022,12,januari 2022 - december 2022,Dec 2022,Organisatieondersteunende en kennisberoepen,"Medewerkers commerciële strategie, marketing en verkoop",Content marketeer,1
2022-12-31,2022,12,januari 2022 - december 2022,Dec 2022,Organisatieondersteunende en kennisberoepen,"Medewerkers commerciële strategie, marketing en verkoop",Digital marketeer,4
2022-12-31,2022,12,januari 2022 - december 2022,Dec 2022,Organisatieondersteunende en kennisberoepen,"Medewerkers commerciële strategie, marketing en verkoop",Digital sales assistant,25
2022-12-31,2022,12,januari 2022 - december 2022,Dec 2022,Organisatieondersteunende en kennisberoepen,"Medewerkers commerciële strategie, marketing en verkoop",Enquêteur,15
2022-12-31,2022,12,januari 2022 - december 2022,Dec 2022,Organisatieondersteunende en kennisberoepen,"Medewerkers commerciële strategie, marketing en verkoop",Marketing assistent,1
2022-12-31,2022,12,januari 2022 - december 2022,Dec 2022,Organisatieondersteunende en kennisberoepen,"Medewerkers commerciële strategie, marketing en verkoop",Productmanager,9
2022-12-31,2022,12,januari 2022 - december 2022,Dec 2022,Organisatieondersteunende en kennisberoepen,"Medewerkers commerciële strategie, marketing en verkoop",Sales engineer,61
2022-12-31,2022,12,januari 2022 - december 2022,Dec 2022,Organisatieondersteunende en kennisberoepen,Onderzoeksmedewerkers en beleidsexperten,Beleidsdeskundige,50
2022-12-31,2022,12,januari 2022 - december 2022,Dec 2022,Organisatieondersteunende en kennisberoepen,Onderzoeksmedewerkers en beleidsexperten,Expert lokale ontwikkeling,4
2022-12-31,2022,12,januari 2022 - december 2022,Dec 2022,Organisatieondersteunende en kennisberoepen,Onderzoeksmedewerkers en beleidsexperten,Marktonderzoeker,4
2022-12-31,2022,12,januari 2022 - december 2022,Dec 2022,Organisatieondersteunende en kennisberoepen,Onderzoeksmedewerkers en beleidsexperten,Wetenschappelijk onderzoeker,4
2022-12-31,2022,12,januari 2022 - december 2022,Dec 2022,Organisatieondersteunende en kennisberoepen,Specialisten kennisbeheer en communicatie,Archiefmedewerker,1
2022-12-31,2022,12,januari 2022 - december 2022,Dec 2022,Organisatieondersteunende en kennisberoepen,Specialisten kennisbeheer en communicatie,Bibliotheekmedewerker,1
2022-12-31,2022,12,januari 2022 - december 2022,Dec 2022,Organisatieondersteunende en kennisberoepen,Specialisten kennisbeheer en communicatie,Erfgoedkundige,3
2022-12-31,2022,12,januari 2022 - december 2022,Dec 2022,Organisatieondersteunende en kennisberoepen,Specialisten kennisbeheer en communicatie,Journalist-redacteur,5
2022-12-31,2022,12,januari 2022 - december 2022,Dec 2022,Organisatieondersteunende en kennisberoepen,Specialisten kennisbeheer en communicatie,Medewerker communicatie,6
2022-12-31,2022,12,januari 2022 - december 2022,Dec 2022,Organisatieondersteunende en kennisberoepen,Specialisten kennisbeheer en communicatie,Technisch redacteur,1
2022-12-31,2022,12,januari 2022 - december 2022,Dec 2022,Organisatieondersteunende en kennisberoepen,Specialisten kennisbeheer en communicatie,Vertaler,1
2022-12-31,2022,12,januari 2022 - december 2022,Dec 2022,Pedagogische beroepen,Onderwijzend en leidinggevend personeel in onderwijs,Leerkracht secundair onderwijs,2
2022-12-31,2022,12,januari 2022 - december 2022,Dec 2022,Pedagogische beroepen,Onderwijzend en leidinggevend personeel in onderwijs,Opleider volwassenen,1
2022-12-31,2022,12,januari 2022 - december 2022,Dec 2022,Pedagogische beroepen,Onderwijzend en leidinggevend personeel in onderwijs,Pedagogisch coördinator,1
2022-12-31,2022,12,januari 2022 - december 2022,Dec 2022,Pedagogische beroepen,Opvoedkundig personeel,Kinderbegeleider baby's en peuters,2
2022-12-31,2022,12,januari 2022 - december 2022,Dec 2022,Pedagogische beroepen,Opvoedkundig personeel,Kinderbegeleider schoolgaande kinderen,18
2022-12-31,2022,12,januari 2022 - december 2022,Dec 2022,Pedagogische beroepen,Opvoedkundig personeel,Monitor-begeleider in de sociale economie,1
2022-12-31,2022,12,januari 2022 - december 2022,Dec 2022,Pedagogische beroepen,Opvoedkundig personeel,Verantwoordelijke kinderopvang,2
2022-12-31,2022,12,januari 2022 - december 2022,Dec 2022,Transport- en logistieke beroepen,Bestuurders in het wegtransport,Autobuschauffeur,1
2022-12-31,2022,12,januari 2022 - december 2022,Dec 2022,Transport- en logistieke beroepen,Bestuurders in het wegtransport,Taxichauffeur en chauffeur privévervoer,1
2022-12-31,2022,12,januari 2022 - december 2022,Dec 2022,Transport- en logistieke beroepen,Bestuurders in het wegtransport,Vrachtwagenbestuurder,493
2022-12-31,2022,12,januari 2022 - december 2022,Dec 2022,Transport- en logistieke beroepen,Transport- en logistiek personeel,Dispatcher goederenvervoer,49
2022-12-31,2022,12,januari 2022 - december 2022,Dec 2022,Transport- en logistieke beroepen,Transport- en logistiek personeel,Dispatcher personenvervoer,7
2022-12-31,2022,12,januari 2022 - december 2022,Dec 2022,Transport- en logistieke beroepen,Transport- en logistiek personeel,Douanedeclarant,7
2022-12-31,2022,12,januari 2022 - december 2022,Dec 2022,Transport- en logistieke beroepen,Transport- en logistiek personeel,Expediteur,10
2022-12-31,2022,12,januari 2022 - december 2022,Dec 2022,Transport- en logistieke beroepen,Transport- en logistiek personeel,Heftruckchauffeur,2
2022-12-31,2022,12,januari 2022 - december 2022,Dec 2022,Transport- en logistieke beroepen,Transport- en logistiek personeel,Koerier besteller,16
2022-12-31,2022,12,januari 2022 - december 2022,Dec 2022,Transport- en logistieke beroepen,Transport- en logistiek personeel,Logistiek verantwoordelijke,34
2022-12-31,2022,12,januari 2022 - december 2022,Dec 2022,Transport- en logistieke beroepen,Transport- en logistiek personeel,Magazijnbeheerder,46
2022-12-31,2022,12,januari 2022 - december 2022,Dec 2022,Transport- en logistieke beroepen,Transport- en logistiek personeel,Magazijnmedewerker,321
2022-12-31,2022,12,januari 2022 - december 2022,Dec 2022,Transport- en logistieke beroepen,Transport- en logistiek personeel,Medewerker internationaal goederenverkeer,24
2022-12-31,2022,12,januari 2022 - december 2022,Dec 2022,Transport- en logistieke beroepen,Transport- en logistiek personeel,Post- en pakketmedewerker,9
2022-12-31,2022,12,januari 2022 - december 2022,Dec 2022,Transport- en logistieke beroepen,Transport- en logistiek personeel,Reachtruckchauffeur,0
2022-12-31,2022,12,januari 2022 - december 2022,Dec 2022,Transport- en logistieke beroepen,Transport- en logistiek personeel,Transportmanager,2
2022-12-31,2022,12,januari 2022 - december 2022,Dec 2022,Transport- en logistieke beroepen,Transport- en logistiek personeel,Verantwoordelijke logistieke site,11
2022-12-31,2022,12,januari 2022 - december 2022,Dec 2022,Transport- en logistieke beroepen,Transport- en logistiek personeel,Verhuizer,2
2022-12-31,2022,12,januari 2022 - december 2022,Dec 2022,Transport- en logistieke beroepen,"Werknemers spoor-, water-, luchttransport",Schipper-stuurman binnenscheepvaart,5
2022-12-31,2022,12,januari 2022 - december 2022,Dec 2022,Transport- en logistieke beroepen,"Werknemers spoor-, water-, luchttransport",Spoorwerker,22
2022-12-31,2022,12,januari 2022 - december 2022,Dec 2022,Transport- en logistieke beroepen,"Werknemers spoor-, water-, luchttransport",Traffic controller,1
2022-12-31,2022,12,januari 2022 - december 2022,Dec 2022,Vrijetijds- en artistieke beroepen,"Artiesten, kunstenaars en andere culturele beroepen",Model,1
2022-12-31,2022,12,januari 2022 - december 2022,Dec 2022,Vrijetijds- en artistieke beroepen,"Medewerkers bij toerisme, vrije tijd en sport",Eventmanager,4
2022-12-31,2022,12,januari 2022 - december 2022,Dec 2022,Vrijetijds- en artistieke beroepen,"Medewerkers bij toerisme, vrije tijd en sport",Fitnessbegeleider,4
2022-12-31,2022,12,januari 2022 - december 2022,Dec 2022,Vrijetijds- en artistieke beroepen,"Medewerkers bij toerisme, vrije tijd en sport",Redder,9
2022-12-31,2022,12,januari 2022 - december 2022,Dec 2022,Vrijetijds- en artistieke beroepen,"Medewerkers bij toerisme, vrije tijd en sport",Sporttrainer,7
2022-12-31,2022,12,januari 2022 - december 2022,Dec 2022,Vrijetijds- en artistieke beroepen,Podium- en audiovisuele technici,Polyvalent podiumtechnicus,1
2023-12-31,2023,12,januari 2023 - december 2023,Dec 2023,Bouwberoepen,Bouwtechnici,Architect,26
2023-12-31,2023,12,januari 2023 - december 2023,Dec 2023,Bouwberoepen,Bouwtechnici,BIM-expert (Building Information Modeling),11
2023-12-31,2023,12,januari 2023 - december 2023,Dec 2023,Bouwberoepen,Bouwtechnici,Bodemonderzoeker,1
2023-12-31,2023,12,januari 2023 - december 2023,Dec 2023,Bouwberoepen,Bouwtechnici,Bouwkundig tekenaar,141
2023-12-31,2023,12,januari 2023 - december 2023,Dec 2023,Bouwberoepen,Bouwtechnici,Calculator bouw,364
2023-12-31,2023,12,januari 2023 - december 2023,Dec 2023,Bouwberoepen,Bouwtechnici,Ingenieur studie en advies bouw,186
2023-12-31,2023,12,januari 2023 - december 2023,Dec 2023,Bouwberoepen,Bouwtechnici,Interieurarchitect interieurvormgever,27
2023-12-31,2023,12,januari 2023 - december 2023,Dec 2023,Bouwberoepen,Bouwtechnici,Landmeter,30
2023-12-31,2023,12,januari 2023 - december 2023,Dec 2023,Bouwberoepen,Bouwtechnici,Projectleider bouw en openbare werken,394
2023-12-31,2023,12,januari 2023 - december 2023,Dec 2023,Bouwberoepen,Bouwtechnici,Veiligheidscoördinator,29
2023-12-31,2023,12,januari 2023 - december 2023,Dec 2023,Bouwberoepen,Bouwtechnici,Verantwoordelijke onderhoud van gebouwen en infrastructuur,1
2023-12-31,2023,12,januari 2023 - december 2023,Dec 2023,Bouwberoepen,Bouwtechnici,Werfbediende,41
2023-12-31,2023,12,januari 2023 - december 2023,Dec 2023,Bouwberoepen,Bouwtechnici,Werfleider,893
2023-12-31,2023,12,januari 2023 - december 2023,Dec 2023,Bouwberoepen,Bouwvakkers,"Aansluiter van waterleidingen, rioleringen en warmtenetten",23
2023-12-31,2023,12,januari 2023 - december 2023,Dec 2023,Bouwberoepen,Bouwvakkers,Asbestverwijderaar,40
2023-12-31,2023,12,januari 2023 - december 2023,Dec 2023,Bouwberoepen,Bouwvakkers,Bekister-betonneerder,223
2023-12-31,2023,12,januari 2023 - december 2023,Dec 2023,Bouwberoepen,Bouwvakkers,Beveiligingstechnicus,53
2023-12-31,2023,12,januari 2023 - december 2023,Dec 2023,Bouwberoepen,Bouwvakkers,Brandertechnicus,20
2023-12-31,2023,12,januari 2023 - december 2023,Dec 2023,Bouwberoepen,Bouwvakkers,Daktimmerman,56
2023-12-31,2023,12,januari 2023 - december 2023,Dec 2023,Bouwberoepen,Bouwvakkers,Dakwerker,696
2023-12-31,2023,12,januari 2023 - december 2023,Dec 2023,Bouwberoepen,Bouwvakkers,Datacommunicatie- en netwerktechnicus,969
2023-12-31,2023,12,januari 2023 - december 2023,Dec 2023,Bouwberoepen,Bouwvakkers,Dekvloerlegger,16
2023-12-31,2023,12,januari 2023 - december 2023,Dec 2023,Bouwberoepen,Bouwvakkers,Elektrotechnisch installateur,73
2023-12-31,2023,12,januari 2023 - december 2023,Dec 2023,Bouwberoepen,Bouwvakkers,Gevelreiniger,13
2023-12-31,2023,12,januari 2023 - december 2023,Dec 2023,Bouwberoepen,Bouwvakkers,Gevelrenoveerder-betonhersteller,69
2023-12-31,2023,12,januari 2023 - december 2023,Dec 2023,Bouwberoepen,Bouwvakkers,Glaswerker,32
2023-12-31,2023,12,januari 2023 - december 2023,Dec 2023,Bouwberoepen,Bouwvakkers,Industrieel isolatiewerker,59
2023-12-31,2023,12,januari 2023 - december 2023,Dec 2023,Bouwberoepen,Bouwvakkers,Installateur elektrotechnische basiscomponenten,2
2023-12-31,2023,12,januari 2023 - december 2023,Dec 2023,Bouwberoepen,Bouwvakkers,Installateur energiemanagementsystemen,316
2023-12-31,2023,12,januari 2023 - december 2023,Dec 2023,Bouwberoepen,Bouwvakkers,Installateur gebouwenautomatisering,1
2023-12-31,2023,12,januari 2023 - december 2023,Dec 2023,Bouwberoepen,Bouwvakkers,Installateur nutsvoorzieningen,67
2023-12-31,2023,12,januari 2023 - december 2023,Dec 2023,Bouwberoepen,Bouwvakkers,Interieurbouwer,299
2023-12-31,2023,12,januari 2023 - december 2023,Dec 2023,Bouwberoepen,Bouwvakkers,Isoleerder ruwbouw en dak,49
2023-12-31,2023,12,januari 2023 - december 2023,Dec 2023,Bouwberoepen,Bouwvakkers,Medewerker ruwbouw,981
2023-12-31,2023,12,januari 2023 - december 2023,Dec 2023,Bouwberoepen,Bouwvakkers,Metselaar,529
2023-12-31,2023,12,januari 2023 - december 2023,Dec 2023,Bouwberoepen,Bouwvakkers,Monteur installatietechnieken,870
2023-12-31,2023,12,januari 2023 - december 2023,Dec 2023,Bouwberoepen,Bouwvakkers,Natuursteenbewerker,22
2023-12-31,2023,12,januari 2023 - december 2023,Dec 2023,Bouwberoepen,Bouwvakkers,Onderhoudsmedewerker gebouwen,102
2023-12-31,2023,12,januari 2023 - december 2023,Dec 2023,Bouwberoepen,Bouwvakkers,Onderhoudsmedewerker wegennet,5
2023-12-31,2023,12,januari 2023 - december 2023,Dec 2023,Bouwberoepen,Bouwvakkers,Onderwaterwerker,4
2023-12-31,2023,12,januari 2023 - december 2023,Dec 2023,Bouwberoepen,Bouwvakkers,Plaatser binnenschrijnwerk,157
2023-12-31,2023,12,januari 2023 - december 2023,Dec 2023,Bouwberoepen,Bouwvakkers,Plaatser buitenschrijnwerk,454
2023-12-31,2023,12,januari 2023 - december 2023,Dec 2023,Bouwberoepen,Bouwvakkers,Plaatser van boven- en ondergrondse leidingen,136
2023-12-31,2023,12,januari 2023 - december 2023,Dec 2023,Bouwberoepen,Bouwvakkers,Plaatser van houten vloerbedekking,19
2023-12-31,2023,12,januari 2023 - december 2023,Dec 2023,Bouwberoepen,Bouwvakkers,Plaatser van soepele vloerbekledingen,14
2023-12-31,2023,12,januari 2023 - december 2023,Dec 2023,Bouwberoepen,Bouwvakkers,Rioollegger,56
2023-12-31,2023,12,januari 2023 - december 2023,Dec 2023,Bouwberoepen,Bouwvakkers,Schilder-decorateur,397
2023-12-31,2023,12,januari 2023 - december 2023,Dec 2023,Bouwberoepen,Bouwvakkers,Schrijnwerker houtbouw,17
2023-12-31,2023,12,januari 2023 - december 2023,Dec 2023,Bouwberoepen,Bouwvakkers,Steigerbouwer,263
2023-12-31,2023,12,januari 2023 - december 2023,Dec 2023,Bouwberoepen,Bouwvakkers,Stukadoor,186
2023-12-31,2023,12,januari 2023 - december 2023,Dec 2023,Bouwberoepen,Bouwvakkers,Technicus hernieuwbare energietechnieken,72
2023-12-31,2023,12,januari 2023 - december 2023,Dec 2023,Bouwberoepen,Bouwvakkers,Technicus installatietechnieken,64
2023-12-31,2023,12,januari 2023 - december 2023,Dec 2023,Bouwberoepen,Bouwvakkers,Vloerder-tegelzetter,156
2023-12-31,2023,12,januari 2023 - december 2023,Dec 2023,Bouwberoepen,Bouwvakkers,Voeger,28
2023-12-31,2023,12,januari 2023 - december 2023,Dec 2023,Bouwberoepen,Bouwvakkers,Wegenwerker,1144
2023-12-31,2023,12,januari 2023 - december 2023,Dec 2023,Bouwberoepen,Machinisten en kraanmannen,Bediener grondverzetmachines,308
2023-12-31,2023,12,januari 2023 - december 2023,Dec 2023,Bouwberoepen,Machinisten en kraanmannen,Bediener machines horizontale boringen,18
2023-12-31,2023,12,januari 2023 - december 2023,Dec 2023,Bouwberoepen,Machinisten en kraanmannen,Bediener machines verticale boringen,5
2023-12-31,2023,12,januari 2023 - december 2023,Dec 2023,Bouwberoepen,Machinisten en kraanmannen,Bediener of medewerker diepfunderingsmachines,1
2023-12-31,2023,12,januari 2023 - december 2023,Dec 2023,Bouwberoepen,Machinisten en kraanmannen,Bediener van betonnerings- en asfalteringsmachines,2
2023-12-31,2023,12,januari 2023 - december 2023,Dec 2023,Bouwberoepen,Machinisten en kraanmannen,Kraanbestuurder,267
2023-12-31,2023,12,januari 2023 - december 2023,Dec 2023,Bouwberoepen,Machinisten en kraanmannen,Torenkraanbediener,20
2023-12-31,2023,12,januari 2023 - december 2023,Dec 2023,Dienstverlenende beroepen,Adviesverleners,Arbeidsbemiddelaar-jobcoach,2
2023-12-31,2023,12,januari 2023 - december 2023,Dec 2023,Dienstverlenende beroepen,Adviesverleners,Familiaal bemiddelaar,6
2023-12-31,2023,12,januari 2023 - december 2023,Dec 2023,Dienstverlenende beroepen,Adviesverleners,Maatschappelijk werker,12
2023-12-31,2023,12,januari 2023 - december 2023,Dec 2023,Dienstverlenende beroepen,Experts vastgoed,Rentmeester,6
2023-12-31,2023,12,januari 2023 - december 2023,Dec 2023,Dienstverlenende beroepen,Experts vastgoed,Vastgoedbemiddelaar verkoop en verhuur,5
2023-12-31,2023,12,januari 2023 - december 2023,Dec 2023,Dienstverlenende beroepen,Experts vastgoed,Vastgoedpromotor,4
2023-12-31,2023,12,januari 2023 - december 2023,Dec 2023,Dienstverlenende beroepen,Juridische dienstverleners,Juridisch medewerker,11
2023-12-31,2023,12,januari 2023 - december 2023,Dec 2023,Dienstverlenende beroepen,Juridische dienstverleners,Jurist,13
2023-12-31,2023,12,januari 2023 - december 2023,Dec 2023,Dienstverlenende beroepen,Medewerkers in finance,Belastingadviseur,2
2023-12-31,2023,12,januari 2023 - december 2023,Dec 2023,Dienstverlenende beroepen,Medewerkers in finance,Financieel analist,2
2023-12-31,2023,12,januari 2023 - december 2023,Dec 2023,Dienstverlenende beroepen,Medewerkers in finance,Revisor,2
2023-12-31,2023,12,januari 2023 - december 2023,Dec 2023,Dienstverlenende beroepen,Medewerkers in finance,Schade-expert verzekeringen,3
2023-12-31,2023,12,januari 2023 - december 2023,Dec 2023,Dienstverlenende beroepen,Medewerkers in finance,Underwriter verzekeringen,1
2023-12-31,2023,12,januari 2023 - december 2023,Dec 2023,Dienstverlenende beroepen,Ordehandhavers en reddingswerkers,Brandwacht-veiligheidswacht,1
2023-12-31,2023,12,januari 2023 - december 2023,Dec 2023,Dienstverlenende beroepen,Persoonlijke dienstverleners,Animator,3
2023-12-31,2023,12,januari 2023 - december 2023,Dec 2023,Dienstverlenende beroepen,Persoonlijke dienstverleners,Conciërge,11
2023-12-31,2023,12,januari 2023 - december 2023,Dec 2023,Dienstverlenende beroepen,Persoonlijke dienstverleners,Kapper,2
2023-12-31,2023,12,januari 2023 - december 2023,Dec 2023,Dienstverlenende beroepen,Persoonlijke dienstverleners,Medewerker kuuroord,1
2023-12-31,2023,12,januari 2023 - december 2023,Dec 2023,Dienstverlenende beroepen,Persoonlijke dienstverleners,Schoonheidsspecialist,3
2023-12-31,2023,12,januari 2023 - december 2023,Dec 2023,Dienstverlenende beroepen,Publieke dienstverleners,Cultuurmanager,5
2023-12-31,2023,12,januari 2023 - december 2023,Dec 2023,Dienstverlenende beroepen,Publieke dienstverleners,Sociaal-cultureel begeleider,7
2023-12-31,2023,12,januari 2023 - december 2023,Dec 2023,Dienstverlenende beroepen,Schoonmaak- en onderhoudspersoneel,Huishoudhulp-poetshulp,5
2023-12-31,2023,12,januari 2023 - december 2023,Dec 2023,Dienstverlenende beroepen,Schoonmaak- en onderhoudspersoneel,Industrieel reiniger,3
2023-12-31,2023,12,januari 2023 - december 2023,Dec 2023,Dienstverlenende beroepen,Schoonmaak- en onderhoudspersoneel,Leidinggevende schoonmaak,2
2023-12-31,2023,12,januari 2023 - december 2023,Dec 2023,Dienstverlenende beroepen,Schoonmaak- en onderhoudspersoneel,Milieuwerker,1
2023-12-31,2023,12,januari 2023 - december 2023,Dec 2023,Dienstverlenende beroepen,Schoonmaak- en onderhoudspersoneel,Ruitenwasser,1
2023-12-31,2023,12,januari 2023 - december 2023,Dec 2023,Dienstverlenende beroepen,Schoonmaak- en onderhoudspersoneel,Schoonmaker van ruimten en lokalen,86
2023-12-31,2023,12,januari 2023 - december 2023,Dec 2023,Handels- en verkoopberoepen,Verkooppersoneel,Assistent winkelmanager,2
2023-12-31,2023,12,januari 2023 - december 2023,Dec 2023,Handels- en verkoopberoepen,Verkooppersoneel,Technisch adviseur klantenondersteuning,13
2023-12-31,2023,12,januari 2023 - december 2023,Dec 2023,Handels- en verkoopberoepen,Verkooppersoneel,Winkelmanager,1
2023-12-31,2023,12,januari 2023 - december 2023,Dec 2023,Handels- en verkoopberoepen,Verkooppersoneel,Winkelmedewerker,2
2023-12-31,2023,12,januari 2023 - december 2023,Dec 2023,Handels- en verkoopberoepen,Verkooppersoneel,Winkelverkoper,71
2023-12-31,2023,12,januari 2023 - december 2023,Dec 2023,Handels- en verkoopberoepen,Vertegenwoordigers,Vertegenwoordiger B2B,306
2023-12-31,2023,12,januari 2023 - december 2023,Dec 2023,Handels- en verkoopberoepen,Vertegenwoordigers,Vertegenwoordiger B2C,34
2023-12-31,2023,12,januari 2023 - december 2023,Dec 2023,Horecaberoepen,Horecapersoneel,Afwasser,2
2023-12-31,2023,12,januari 2023 - december 2023,Dec 2023,Horecaberoepen,Horecapersoneel,Hulpkok,2
2023-12-31,2023,12,januari 2023 - december 2023,Dec 2023,Horecaberoepen,Horecapersoneel,Hulpkok grootkeuken,1
2023-12-31,2023,12,januari 2023 - december 2023,Dec 2023,Horecaberoepen,Horecapersoneel,Kelner,5
2023-12-31,2023,12,januari 2023 - december 2023,Dec 2023,Horecaberoepen,Horecapersoneel,Keukenmedewerker,1
2023-12-31,2023,12,januari 2023 - december 2023,Dec 2023,Horecaberoepen,Horecapersoneel,Keukenverantwoordelijke,1
2023-12-31,2023,12,januari 2023 - december 2023,Dec 2023,Horecaberoepen,Horecapersoneel,Kok,9
2023-12-31,2023,12,januari 2023 - december 2023,Dec 2023,Horecaberoepen,Horecapersoneel,Medewerker fastfood,4
2023-12-31,2023,12,januari 2023 - december 2023,Dec 2023,Horecaberoepen,Horecapersoneel,Polyvalent hotelmedewerker,0
2023-12-31,2023,12,januari 2023 - december 2023,Dec 2023,Industriële beroepen en ambachten,Beoefenaars van ambachten,Ambachtelijk glasbewerker,1
2023-12-31,2023,12,januari 2023 - december 2023,Dec 2023,Industriële beroepen en ambachten,Beoefenaars van ambachten,Ambachtelijk metaalbewerker,0
2023-12-31,2023,12,januari 2023 - december 2023,Dec 2023,Industriële beroepen en ambachten,Bewerkers van voeding,Charcutier,14
2023-12-31,2023,12,januari 2023 - december 2023,Dec 2023,Industriële beroepen en ambachten,Bewerkers van voeding,Slager,39
2023-12-31,2023,12,januari 2023 - december 2023,Dec 2023,Industriële beroepen en ambachten,Confectie- en lederwerkers,Kleermaker,1
2023-12-31,2023,12,januari 2023 - december 2023,Dec 2023,Industriële beroepen en ambachten,Confectie- en lederwerkers,Polyvalent stikster,7
2023-12-31,2023,12,januari 2023 - december 2023,Dec 2023,Industriële beroepen en ambachten,Diverse productiemedewerkers en operatoren,Industrieel schilder,79
2023-12-31,2023,12,januari 2023 - december 2023,Dec 2023,Industriële beroepen en ambachten,Diverse productiemedewerkers en operatoren,Productiemedewerker,47
2023-12-31,2023,12,januari 2023 - december 2023,Dec 2023,Industriële beroepen en ambachten,Diverse productiemedewerkers en operatoren,Productiemedewerker prefabbeton,14
2023-12-31,2023,12,januari 2023 - december 2023,Dec 2023,Industriële beroepen en ambachten,Diverse productiemedewerkers en operatoren,Productieoperator bouw- en prefabmaterialen,0
2023-12-31,2023,12,januari 2023 - december 2023,Dec 2023,Industriële beroepen en ambachten,Diverse productiemedewerkers en operatoren,Productieoperator elektrische en elektronische componenten,650
2023-12-31,2023,12,januari 2023 - december 2023,Dec 2023,Industriële beroepen en ambachten,Diverse productiemedewerkers en operatoren,"Productieoperator van stortbeton, cement, asfalt en granulaten",26
2023-12-31,2023,12,januari 2023 - december 2023,Dec 2023,Industriële beroepen en ambachten,Diverse productiemedewerkers en operatoren,Sorteerder recyclage,3
2023-12-31,2023,12,januari 2023 - december 2023,Dec 2023,Industriële beroepen en ambachten,Diverse productiemedewerkers en operatoren,Uitvoerder van werken op hoogte,42
2023-12-31,2023,12,januari 2023 - december 2023,Dec 2023,Industriële beroepen en ambachten,Diverse productiemedewerkers en operatoren,Verpakker,1
2023-12-31,2023,12,januari 2023 - december 2023,Dec 2023,Industriële beroepen en ambachten,Drukkers,Medewerker prepress,0
2023-12-31,2023,12,januari 2023 - december 2023,Dec 2023,Industriële beroepen en ambachten,Industriële technici,Expert productieproces en -methodes,19
2023-12-31,2023,12,januari 2023 - december 2023,Dec 2023,Industriële beroepen en ambachten,Industriële technici,Industrieel elektromecanicien,351
2023-12-31,2023,12,januari 2023 - december 2023,Dec 2023,Industriële beroepen en ambachten,Industriële technici,Industrieel laborant,12
2023-12-31,2023,12,januari 2023 - december 2023,Dec 2023,Industriële beroepen en ambachten,Industriële technici,Industrieel onderhoudstechnicus,287
2023-12-31,2023,12,januari 2023 - december 2023,Dec 2023,Industriële beroepen en ambachten,Industriële technici,Koeltechnicus,139
2023-12-31,2023,12,januari 2023 - december 2023,Dec 2023,Industriële beroepen en ambachten,Industriële technici,Lifttechnicus,123
2023-12-31,2023,12,januari 2023 - december 2023,Dec 2023,Industriële beroepen en ambachten,Industriële technici,Medewerker kwaliteitscontrole,18
2023-12-31,2023,12,januari 2023 - december 2023,Dec 2023,Industriële beroepen en ambachten,Industriële technici,Onderhoudstechnicus industriële automatisering,5
2023-12-31,2023,12,januari 2023 - december 2023,Dec 2023,Industriële beroepen en ambachten,Industriële technici,Ontwerper industriële automatisering,17
2023-12-31,2023,12,januari 2023 - december 2023,Dec 2023,Industriële beroepen en ambachten,Industriële technici,Productieplanner,86
2023-12-31,2023,12,januari 2023 - december 2023,Dec 2023,Industriële beroepen en ambachten,Industriële technici,Regeltechnicus klimatisatie,217
2023-12-31,2023,12,januari 2023 - december 2023,Dec 2023,Industriële beroepen en ambachten,Industriële technici,Technicus elektro en elektronica,19
2023-12-31,2023,12,januari 2023 - december 2023,Dec 2023,Industriële beroepen en ambachten,Industriële technici,Technicus elektronische installaties,416
2023-12-31,2023,12,januari 2023 - december 2023,Dec 2023,Industriële beroepen en ambachten,Industriële technici,Werkvoorbereider,57
2023-12-31,2023,12,januari 2023 - december 2023,Dec 2023,Industriële beroepen en ambachten,Medewerkers houtindustrie,Machinaal houtbewerker,1
2023-12-31,2023,12,januari 2023 - december 2023,Dec 2023,Industriële beroepen en ambachten,Medewerkers houtindustrie,Meubelmaker,61
2023-12-31,2023,12,januari 2023 - december 2023,Dec 2023,Industriële beroepen en ambachten,Medewerkers houtindustrie,Operator CNC-gestuurde houtbewerkingsmachines,2
2023-12-31,2023,12,januari 2023 - december 2023,Dec 2023,Industriële beroepen en ambachten,Medewerkers houtindustrie,Productieoperator hout,6
2023-12-31,2023,12,januari 2023 - december 2023,Dec 2023,Industriële beroepen en ambachten,Medewerkers houtindustrie,Werkplaatsschrijnwerker,179
2023-12-31,2023,12,januari 2023 - december 2023,Dec 2023,Industriële beroepen en ambachten,Monteurs en installateurs elektrotechniek,Bordenbouwer - Elektromonteur machinebouw,79
2023-12-31,2023,12,januari 2023 - december 2023,Dec 2023,Industriële beroepen en ambachten,Monteurs en installateurs elektrotechniek,Elektrotechnicus,1203
2023-12-31,2023,12,januari 2023 - december 2023,Dec 2023,Industriële beroepen en ambachten,Monteurs en installateurs elektrotechniek,Technicus industriële elektriciteit,11
2023-12-31,2023,12,januari 2023 - december 2023,Dec 2023,Industriële beroepen en ambachten,Precisietechniekers,Graveerder,1
2023-12-31,2023,12,januari 2023 - december 2023,Dec 2023,Industriële beroepen en ambachten,Professionals in de metaalindustrie,Bankwerker,2
2023-12-31,2023,12,januari 2023 - december 2023,Dec 2023,Industriële beroepen en ambachten,Professionals in de metaalindustrie,Insteller-omsteller plaatbewerking,11
2023-12-31,2023,12,januari 2023 - december 2023,Dec 2023,Industriële beroepen en ambachten,Professionals in de metaalindustrie,Insteller-omsteller verspaning,46
2023-12-31,2023,12,januari 2023 - december 2023,Dec 2023,Industriële beroepen en ambachten,Professionals in de metaalindustrie,Machinebouwer,4
2023-12-31,2023,12,januari 2023 - december 2023,Dec 2023,Industriële beroepen en ambachten,Professionals in de metaalindustrie,Manueel lasser,175
2023-12-31,2023,12,januari 2023 - december 2023,Dec 2023,Industriële beroepen en ambachten,Professionals in de metaalindustrie,Monteur staalconstructies,163
2023-12-31,2023,12,januari 2023 - december 2023,Dec 2023,Industriële beroepen en ambachten,Professionals in de metaalindustrie,Operator montage en assemblage,69
2023-12-31,2023,12,januari 2023 - december 2023,Dec 2023,Industriële beroepen en ambachten,Professionals in de metaalindustrie,Pijpfitter,101
2023-12-31,2023,12,januari 2023 - december 2023,Dec 2023,Industriële beroepen en ambachten,Professionals in de metaalindustrie,Productieoperator metaal,15
2023-12-31,2023,12,januari 2023 - december 2023,Dec 2023,Industriële beroepen en ambachten,Professionals in de metaalindustrie,Rigger-monteerder,89
2023-12-31,2023,12,januari 2023 - december 2023,Dec 2023,Industriële beroepen en ambachten,Specialisten chemie en kunststoffen,Procesoperator chemische industrie,2
2023-12-31,2023,12,januari 2023 - december 2023,Dec 2023,Industriële beroepen en ambachten,Specialisten chemie en kunststoffen,Procesoperator energetische en petrochemische industrie,1
2023-12-31,2023,12,januari 2023 - december 2023,Dec 2023,Industriële beroepen en ambachten,Technisch leidinggevenden,Afdelingsverantwoordelijke productie,9
2023-12-31,2023,12,januari 2023 - december 2023,Dec 2023,Industriële beroepen en ambachten,Technisch leidinggevenden,Productiemanager,8
2023-12-31,2023,12,januari 2023 - december 2023,Dec 2023,Industriële beroepen en ambachten,Technisch leidinggevenden,Projectmanager engineering,258
2023-12-31,2023,12,januari 2023 - december 2023,Dec 2023,Industriële beroepen en ambachten,Technisch leidinggevenden,Teamleader productie,12
2023-12-31,2023,12,januari 2023 - december 2023,Dec 2023,Industriële beroepen en ambachten,Technisch leidinggevenden,Verantwoordelijke beheer en onderhoud van voertuigen,7
2023-12-31,2023,12,januari 2023 - december 2023,Dec 2023,Industriële beroepen en ambachten,Technisch leidinggevenden,Verantwoordelijke industrieel onderhoud,62
2023-12-31,2023,12,januari 2023 - december 2023,Dec 2023,Industriële beroepen en ambachten,Technisch leidinggevenden,Verantwoordelijke kwaliteitscontrole,21
2023-12-31,2023,12,januari 2023 - december 2023,Dec 2023,Industriële beroepen en ambachten,Technisch leidinggevenden,Verantwoordelijke onderzoek en ontwikkeling,2
2023-12-31,2023,12,januari 2023 - december 2023,Dec 2023,Industriële beroepen en ambachten,Technisch leidinggevenden,Verantwoordelijke productieproces en -methodes,2
2023-12-31,2023,12,januari 2023 - december 2023,Dec 2023,Industriële beroepen en ambachten,Tekenaars en vormgevers,Grafisch vormgever,4
2023-12-31,2023,12,januari 2023 - december 2023,Dec 2023,Industriële beroepen en ambachten,Tekenaars en vormgevers,"Tekenaar-ontwerper elektriciteit, elektronica",88
2023-12-31,2023,12,januari 2023 - december 2023,Dec 2023,Industriële beroepen en ambachten,Tekenaars en vormgevers,Tekenaar-ontwerper mechanica,25
2023-12-31,2023,12,januari 2023 - december 2023,Dec 2023,Industriële beroepen en ambachten,Voer- en werktuigherstellers,Monteur-demonteur carrosserie,1
2023-12-31,2023,12,januari 2023 - december 2023,Dec 2023,Industriële beroepen en ambachten,Voer- en werktuigherstellers,OAD-technicus van personenwagens en lichte bedrijfsvoertuigen,2
2023-12-31,2023,12,januari 2023 - december 2023,Dec 2023,Industriële beroepen en ambachten,Voer- en werktuigherstellers,OD-technicus van zware bedrijfsvoertuigen,12
2023-12-31,2023,12,januari 2023 - december 2023,Dec 2023,Industriële beroepen en ambachten,Voer- en werktuigherstellers,Onderhoudsmecanicien van personenwagens en lichte bedrijfsvoertuigen,19
2023-12-31,2023,12,januari 2023 - december 2023,Dec 2023,Industriële beroepen en ambachten,Voer- en werktuigherstellers,Onderhoudsmecanicien van zware bedrijfsvoertuigen,22
2023-12-31,2023,12,januari 2023 - december 2023,Dec 2023,Industriële beroepen en ambachten,Voer- en werktuigherstellers,Onderhoudstechnicus pleziervaart,0
2023-12-31,2023,12,januari 2023 - december 2023,Dec 2023,Industriële beroepen en ambachten,Voer- en werktuigherstellers,Plaatwerker carrosserie,2
2023-12-31,2023,12,januari 2023 - december 2023,Dec 2023,Industriële beroepen en ambachten,Voer- en werktuigherstellers,Spuiter carrosserie,1
2023-12-31,2023,12,januari 2023 - december 2023,Dec 2023,Industriële beroepen en ambachten,Voer- en werktuigherstellers,Technicus van bromfietsen en motorfietsen,4
2023-12-31,2023,12,januari 2023 - december 2023,Dec 2023,Industriële beroepen en ambachten,Voer- en werktuigherstellers,"Technicus werf-, landbouw- en hefmachines",114
2023-12-31,2023,12,januari 2023 - december 2023,Dec 2023,Industriële beroepen en ambachten,Voer- en werktuigherstellers,Voorbewerker carrosserie,2
2023-12-31,2023,12,januari 2023 - december 2023,Dec 2023,Industriële beroepen en ambachten,Voer- en werktuigherstellers,Werktuigkundige scheepvaart,1
2023-12-31,2023,12,januari 2023 - december 2023,Dec 2023,"Land-, tuin- en bosbouw- en visserijberoepen","Land-, tuin- en bosbouwers en vissers",Bestuurder van bosexploitatiemachines,1
2023-12-31,2023,12,januari 2023 - december 2023,Dec 2023,"Land-, tuin- en bosbouw- en visserijberoepen","Land-, tuin- en bosbouwers en vissers",Boomverzorger,1
2023-12-31,2023,12,januari 2023 - december 2023,Dec 2023,"Land-, tuin- en bosbouw- en visserijberoepen","Land-, tuin- en bosbouwers en vissers",Medewerker landbouw,4
2023-12-31,2023,12,januari 2023 - december 2023,Dec 2023,"Land-, tuin- en bosbouw- en visserijberoepen","Land-, tuin- en bosbouwers en vissers",Medewerker loonwerk,1
2023-12-31,2023,12,januari 2023 - december 2023,Dec 2023,"Land-, tuin- en bosbouw- en visserijberoepen","Land-, tuin- en bosbouwers en vissers",Medewerker tuin- en groenaanleg en -onderhoud,43
2023-12-31,2023,12,januari 2023 - december 2023,Dec 2023,"Land-, tuin- en bosbouw- en visserijberoepen","Land-, tuin- en bosbouwers en vissers",Medewerker tuinbouw,3
2023-12-31,2023,12,januari 2023 - december 2023,Dec 2023,"Land-, tuin- en bosbouw- en visserijberoepen","Land-, tuin- en bosbouwers en vissers",Productieverantwoordelijke land- en tuinbouw,2
2023-12-31,2023,12,januari 2023 - december 2023,Dec 2023,"Land-, tuin- en bosbouw- en visserijberoepen","Land-, tuin- en bosbouwers en vissers",Verantwoordelijke tuin- en groenaanleg en -onderhoud,3
2023-12-31,2023,12,januari 2023 - december 2023,Dec 2023,"Medische, paramedische en verzorgende beroepen",Overige zorgmedewerkers,Logistiek assistent in zorginstellingen,2
2023-12-31,2023,12,januari 2023 - december 2023,Dec 2023,"Medische, paramedische en verzorgende beroepen",Paramedici,Ergotherapeut,1
2023-12-31,2023,12,januari 2023 - december 2023,Dec 2023,"Medische, paramedische en verzorgende beroepen","Verpleegkundigen, vroedvrouwen en zorgpersoneel",Verpleegkundige,12
2023-12-31,2023,12,januari 2023 - december 2023,Dec 2023,"Medische, paramedische en verzorgende beroepen","Verpleegkundigen, vroedvrouwen en zorgpersoneel",Zorgkundige,8
2023-12-31,2023,12,januari 2023 - december 2023,Dec 2023,Organisatieondersteunende en kennisberoepen,Accountants,Accountant,88
2023-12-31,2023,12,januari 2023 - december 2023,Dec 2023,Organisatieondersteunende en kennisberoepen,Accountants,Assistent accountancy,106
2023-12-31,2023,12,januari 2023 - december 2023,Dec 2023,Organisatieondersteunende en kennisberoepen,Accountants,Credit collector,4
2023-12-31,2023,12,januari 2023 - december 2023,Dec 2023,Organisatieondersteunende en kennisberoepen,Administratief medewerkers,Managementassistent,57
2023-12-31,2023,12,januari 2023 - december 2023,Dec 2023,Organisatieondersteunende en kennisberoepen,Administratief medewerkers,Onthaalmedewerker,34
2023-12-31,2023,12,januari 2023 - december 2023,Dec 2023,Organisatieondersteunende en kennisberoepen,Administratief medewerkers,Polyvalent administratief medewerker,771
2023-12-31,2023,12,januari 2023 - december 2023,Dec 2023,Organisatieondersteunende en kennisberoepen,Administratief medewerkers,Technisch-administratief medewerker,232
2023-12-31,2023,12,januari 2023 - december 2023,Dec 2023,Organisatieondersteunende en kennisberoepen,Bedrijfsadviseurs,Accountmanager publiciteit,1
2023-12-31,2023,12,januari 2023 - december 2023,Dec 2023,Organisatieondersteunende en kennisberoepen,Bedrijfsadviseurs,Adviseur bedrijfsorganisatie en management,3
2023-12-31,2023,12,januari 2023 - december 2023,Dec 2023,Organisatieondersteunende en kennisberoepen,Bedrijfsadviseurs,Business analist,4
2023-12-31,2023,12,januari 2023 - december 2023,Dec 2023,Organisatieondersteunende en kennisberoepen,Bedrijfsadviseurs,Business en financial controller,35
2023-12-31,2023,12,januari 2023 - december 2023,Dec 2023,Organisatieondersteunende en kennisberoepen,Bedrijfsadviseurs,Milieucoördinator,12
2023-12-31,2023,12,januari 2023 - december 2023,Dec 2023,Organisatieondersteunende en kennisberoepen,Bedrijfsadviseurs,Opleidingsadviseur bedrijven en organisaties,2
2023-12-31,2023,12,januari 2023 - december 2023,Dec 2023,Organisatieondersteunende en kennisberoepen,Bedrijfsadviseurs,Preventieadviseur,49
2023-12-31,2023,12,januari 2023 - december 2023,Dec 2023,Organisatieondersteunende en kennisberoepen,Bedrijfsadviseurs,Projectmanager business,3
2023-12-31,2023,12,januari 2023 - december 2023,Dec 2023,Organisatieondersteunende en kennisberoepen,Controleurs en inspecteurs,Technisch inspecteur industrie,6
2023-12-31,2023,12,januari 2023 - december 2023,Dec 2023,Organisatieondersteunende en kennisberoepen,HR-experts,Payroll advisor,24
2023-12-31,2023,12,januari 2023 - december 2023,Dec 2023,Organisatieondersteunende en kennisberoepen,HR-experts,Personeelsmedewerker,50
2023-12-31,2023,12,januari 2023 - december 2023,Dec 2023,Organisatieondersteunende en kennisberoepen,HR-experts,Verantwoordelijke werving en opleiding,32
2023-12-31,2023,12,januari 2023 - december 2023,Dec 2023,Organisatieondersteunende en kennisberoepen,Informatici en ICT-medewerkers,Data engineer,0
2023-12-31,2023,12,januari 2023 - december 2023,Dec 2023,Organisatieondersteunende en kennisberoepen,Informatici en ICT-medewerkers,Data scientist,1
2023-12-31,2023,12,januari 2023 - december 2023,Dec 2023,Organisatieondersteunende en kennisberoepen,Informatici en ICT-medewerkers,ICT architect,1
2023-12-31,2023,12,januari 2023 - december 2023,Dec 2023,Organisatieondersteunende en kennisberoepen,Informatici en ICT-medewerkers,Integratie expert ICT,27
2023-12-31,2023,12,januari 2023 - december 2023,Dec 2023,Organisatieondersteunende en kennisberoepen,Informatici en ICT-medewerkers,Netwerk engineer telecom,4
2023-12-31,2023,12,januari 2023 - december 2023,Dec 2023,Organisatieondersteunende en kennisberoepen,Informatici en ICT-medewerkers,Netwerkbeheerder,2
2023-12-31,2023,12,januari 2023 - december 2023,Dec 2023,Organisatieondersteunende en kennisberoepen,Informatici en ICT-medewerkers,Software analist,3
2023-12-31,2023,12,januari 2023 - december 2023,Dec 2023,Organisatieondersteunende en kennisberoepen,Informatici en ICT-medewerkers,Software ontwikkelaar,21
2023-12-31,2023,12,januari 2023 - december 2023,Dec 2023,Organisatieondersteunende en kennisberoepen,Informatici en ICT-medewerkers,Support medewerker ICT,41
2023-12-31,2023,12,januari 2023 - december 2023,Dec 2023,Organisatieondersteunende en kennisberoepen,Informatici en ICT-medewerkers,Systeembeheerder,7
2023-12-31,2023,12,januari 2023 - december 2023,Dec 2023,Organisatieondersteunende en kennisberoepen,Informatici en ICT-medewerkers,Websitebeheerder,1
2023-12-31,2023,12,januari 2023 - december 2023,Dec 2023,Organisatieondersteunende en kennisberoepen,Leidinggevenden,Administratief en financieel verantwoordelijke,20
2023-12-31,2023,12,januari 2023 - december 2023,Dec 2023,Organisatieondersteunende en kennisberoepen,Leidinggevenden,Algemeen directeur,21
2023-12-31,2023,12,januari 2023 - december 2023,Dec 2023,Organisatieondersteunende en kennisberoepen,Leidinggevenden,Facility manager,22
2023-12-31,2023,12,januari 2023 - december 2023,Dec 2023,Organisatieondersteunende en kennisberoepen,Leidinggevenden,HR-manager,26
2023-12-31,2023,12,januari 2023 - december 2023,Dec 2023,Organisatieondersteunende en kennisberoepen,Leidinggevenden,Marketingmanager,29
2023-12-31,2023,12,januari 2023 - december 2023,Dec 2023,Organisatieondersteunende en kennisberoepen,Leidinggevenden,Sales manager,6
2023-12-31,2023,12,januari 2023 - december 2023,Dec 2023,Organisatieondersteunende en kennisberoepen,Leidinggevenden,"Uitbater sport-, recreatief of toeristisch centrum",4
2023-12-31,2023,12,januari 2023 - december 2023,Dec 2023,Organisatieondersteunende en kennisberoepen,Leidinggevenden,Verantwoordelijke ICT,7
2023-12-31,2023,12,januari 2023 - december 2023,Dec 2023,Organisatieondersteunende en kennisberoepen,Leidinggevenden,Verantwoordelijke aankoop,12
2023-12-31,2023,12,januari 2023 - december 2023,Dec 2023,Organisatieondersteunende en kennisberoepen,Leidinggevenden,Verantwoordelijke contactcenter,1
2023-12-31,2023,12,januari 2023 - december 2023,Dec 2023,Organisatieondersteunende en kennisberoepen,Leidinggevenden,"Verantwoordelijke gezondheids-, sociale of penitentiaire instelling",2
2023-12-31,2023,12,januari 2023 - december 2023,Dec 2023,Organisatieondersteunende en kennisberoepen,Leidinggevenden,Verantwoordelijke klantendienst,1
2023-12-31,2023,12,januari 2023 - december 2023,Dec 2023,Organisatieondersteunende en kennisberoepen,Leidinggevenden,Verantwoordelijke verkoopadministratie,2
2023-12-31,2023,12,januari 2023 - december 2023,Dec 2023,Organisatieondersteunende en kennisberoepen,"Medewerkers commerciële strategie, marketing en verkoop",Aankoper,69
2023-12-31,2023,12,januari 2023 - december 2023,Dec 2023,Organisatieondersteunende en kennisberoepen,"Medewerkers commerciële strategie, marketing en verkoop",Commercieel medewerker binnendienst,43
2023-12-31,2023,12,januari 2023 - december 2023,Dec 2023,Organisatieondersteunende en kennisberoepen,"Medewerkers commerciële strategie, marketing en verkoop",Contactcenter medewerker,140
2023-12-31,2023,12,januari 2023 - december 2023,Dec 2023,Organisatieondersteunende en kennisberoepen,"Medewerkers commerciële strategie, marketing en verkoop",Content marketeer,3
2023-12-31,2023,12,januari 2023 - december 2023,Dec 2023,Organisatieondersteunende en kennisberoepen,"Medewerkers commerciële strategie, marketing en verkoop",Digital marketeer,1
2023-12-31,2023,12,januari 2023 - december 2023,Dec 2023,Organisatieondersteunende en kennisberoepen,"Medewerkers commerciële strategie, marketing en verkoop",Digital sales assistant,14
2023-12-31,2023,12,januari 2023 - december 2023,Dec 2023,Organisatieondersteunende en kennisberoepen,"Medewerkers commerciële strategie, marketing en verkoop",Enquêteur,14
2023-12-31,2023,12,januari 2023 - december 2023,Dec 2023,Organisatieondersteunende en kennisberoepen,"Medewerkers commerciële strategie, marketing en verkoop",Marketing assistent,1
2023-12-31,2023,12,januari 2023 - december 2023,Dec 2023,Organisatieondersteunende en kennisberoepen,"Medewerkers commerciële strategie, marketing en verkoop",Productmanager,3
2023-12-31,2023,12,januari 2023 - december 2023,Dec 2023,Organisatieondersteunende en kennisberoepen,"Medewerkers commerciële strategie, marketing en verkoop",Sales engineer,56
2023-12-31,2023,12,januari 2023 - december 2023,Dec 2023,Organisatieondersteunende en kennisberoepen,Onderzoeksmedewerkers en beleidsexperten,Beleidsdeskundige,49
2023-12-31,2023,12,januari 2023 - december 2023,Dec 2023,Organisatieondersteunende en kennisberoepen,Onderzoeksmedewerkers en beleidsexperten,Expert lokale ontwikkeling,7
2023-12-31,2023,12,januari 2023 - december 2023,Dec 2023,Organisatieondersteunende en kennisberoepen,Onderzoeksmedewerkers en beleidsexperten,Marktonderzoeker,9
2023-12-31,2023,12,januari 2023 - december 2023,Dec 2023,Organisatieondersteunende en kennisberoepen,Onderzoeksmedewerkers en beleidsexperten,Wetenschappelijk onderzoeker,3
2023-12-31,2023,12,januari 2023 - december 2023,Dec 2023,Organisatieondersteunende en kennisberoepen,Specialisten kennisbeheer en communicatie,Bibliothecaris-archivaris,1
2023-12-31,2023,12,januari 2023 - december 2023,Dec 2023,Organisatieondersteunende en kennisberoepen,Specialisten kennisbeheer en communicatie,Bibliotheekdeskundige,1
2023-12-31,2023,12,januari 2023 - december 2023,Dec 2023,Organisatieondersteunende en kennisberoepen,Specialisten kennisbeheer en communicatie,Bibliotheekmedewerker,1
2023-12-31,2023,12,januari 2023 - december 2023,Dec 2023,Organisatieondersteunende en kennisberoepen,Specialisten kennisbeheer en communicatie,Erfgoedkundige,4
2023-12-31,2023,12,januari 2023 - december 2023,Dec 2023,Organisatieondersteunende en kennisberoepen,Specialisten kennisbeheer en communicatie,Journalist-redacteur,2
2023-12-31,2023,12,januari 2023 - december 2023,Dec 2023,Organisatieondersteunende en kennisberoepen,Specialisten kennisbeheer en communicatie,Medewerker communicatie,9
2023-12-31,2023,12,januari 2023 - december 2023,Dec 2023,Organisatieondersteunende en kennisberoepen,Specialisten kennisbeheer en communicatie,Technisch redacteur,0
2023-12-31,2023,12,januari 2023 - december 2023,Dec 2023,Pedagogische beroepen,Onderwijsassistenten,Opvoeder in een onderwijsinstelling,1
2023-12-31,2023,12,januari 2023 - december 2023,Dec 2023,Pedagogische beroepen,Onderwijzend en leidinggevend personeel in onderwijs,Leerkracht secundair onderwijs,1
2023-12-31,2023,12,januari 2023 - december 2023,Dec 2023,Pedagogische beroepen,Onderwijzend en leidinggevend personeel in onderwijs,Leidinggevende onderwijsinstelling,1
2023-12-31,2023,12,januari 2023 - december 2023,Dec 2023,Pedagogische beroepen,Onderwijzend en leidinggevend personeel in onderwijs,Opleider volwassenen,9
2023-12-31,2023,12,januari 2023 - december 2023,Dec 2023,Pedagogische beroepen,Onderwijzend en leidinggevend personeel in onderwijs,Pedagogisch coördinator,4
2023-12-31,2023,12,januari 2023 - december 2023,Dec 2023,Pedagogische beroepen,Opvoedkundig personeel,Kinderbegeleider baby's en peuters,3
2023-12-31,2023,12,januari 2023 - december 2023,Dec 2023,Pedagogische beroepen,Opvoedkundig personeel,Kinderbegeleider schoolgaande kinderen,9
2023-12-31,2023,12,januari 2023 - december 2023,Dec 2023,Pedagogische beroepen,Opvoedkundig personeel,Verantwoordelijke kinderopvang,1
2023-12-31,2023,12,januari 2023 - december 2023,Dec 2023,Transport- en logistieke beroepen,Bestuurders in het wegtransport,Autobuschauffeur,4
2023-12-31,2023,12,januari 2023 - december 2023,Dec 2023,Transport- en logistieke beroepen,Bestuurders in het wegtransport,Taxichauffeur en chauffeur privévervoer,1
2023-12-31,2023,12,januari 2023 - december 2023,Dec 2023,Transport- en logistieke beroepen,Bestuurders in het wegtransport,Vrachtwagenbestuurder,527
2023-12-31,2023,12,januari 2023 - december 2023,Dec 2023,Transport- en logistieke beroepen,Transport- en logistiek personeel,Dispatcher goederenvervoer,26
2023-12-31,2023,12,januari 2023 - december 2023,Dec 2023,Transport- en logistieke beroepen,Transport- en logistiek personeel,Heftruckchauffeur,7
2023-12-31,2023,12,januari 2023 - december 2023,Dec 2023,Transport- en logistieke beroepen,Transport- en logistiek personeel,Koerier besteller,1
2023-12-31,2023,12,januari 2023 - december 2023,Dec 2023,Transport- en logistieke beroepen,Transport- en logistiek personeel,Logistiek verantwoordelijke,29
2023-12-31,2023,12,januari 2023 - december 2023,Dec 2023,Transport- en logistieke beroepen,Transport- en logistiek personeel,Magazijnbeheerder,25
2023-12-31,2023,12,januari 2023 - december 2023,Dec 2023,Transport- en logistieke beroepen,Transport- en logistiek personeel,Magazijnmedewerker,348
2023-12-31,2023,12,januari 2023 - december 2023,Dec 2023,Transport- en logistieke beroepen,Transport- en logistiek personeel,Medewerker internationaal goederenverkeer,7
2023-12-31,2023,12,januari 2023 - december 2023,Dec 2023,Transport- en logistieke beroepen,Transport- en logistiek personeel,Post- en pakketmedewerker,2
2023-12-31,2023,12,januari 2023 - december 2023,Dec 2023,Transport- en logistieke beroepen,Transport- en logistiek personeel,Verantwoordelijke logistieke site,11
2023-12-31,2023,12,januari 2023 - december 2023,Dec 2023,Transport- en logistieke beroepen,"Werknemers spoor-, water-, luchttransport",Schipper-stuurman binnenscheepvaart,4
2023-12-31,2023,12,januari 2023 - december 2023,Dec 2023,Transport- en logistieke beroepen,"Werknemers spoor-, water-, luchttransport",Spoorwerker,60
2023-12-31,2023,12,januari 2023 - december 2023,Dec 2023,Transport- en logistieke beroepen,"Werknemers spoor-, water-, luchttransport",Traffic controller,1
2023-12-31,2023,12,januari 2023 - december 2023,Dec 2023,Vrijetijds- en artistieke beroepen,"Medewerkers bij toerisme, vrije tijd en sport",Deskundige toeristische ontwikkeling,1
2023-12-31,2023,12,januari 2023 - december 2023,Dec 2023,Vrijetijds- en artistieke beroepen,"Medewerkers bij toerisme, vrije tijd en sport",Eventmanager,4
2023-12-31,2023,12,januari 2023 - december 2023,Dec 2023,Vrijetijds- en artistieke beroepen,"Medewerkers bij toerisme, vrije tijd en sport",Fitnessbegeleider,57
2023-12-31,2023,12,januari 2023 - december 2023,Dec 2023,Vrijetijds- en artistieke beroepen,"Medewerkers bij toerisme, vrije tijd en sport",Redder,6
2023-12-31,2023,12,januari 2023 - december 2023,Dec 2023,Vrijetijds- en artistieke beroepen,"Medewerkers bij toerisme, vrije tijd en sport",Sporttrainer,1
2023-12-31,2023,12,januari 2023 - december 2023,Dec 2023,Vrijetijds- en artistieke beroepen,Podium- en audiovisuele technici,Polyvalent podiumtechnicus,5
2024-12-31,2024,12,januari 2024 - december 2024,Dec 2024,Bouwberoepen,Bouwtechnici,Architect,24
2024-12-31,2024,12,januari 2024 - december 2024,Dec 2024,Bouwberoepen,Bouwtechnici,BIM-expert (Building Information Modeling),12
2024-12-31,2024,12,januari 2024 - december 2024,Dec 2024,Bouwberoepen,Bouwtechnici,Bodemonderzoeker,12
2024-12-31,2024,12,januari 2024 - december 2024,Dec 2024,Bouwberoepen,Bouwtechnici,Bouwkundig tekenaar,112
2024-12-31,2024,12,januari 2024 - december 2024,Dec 2024,Bouwberoepen,Bouwtechnici,Calculator bouw,394
2024-12-31,2024,12,januari 2024 - december 2024,Dec 2024,Bouwberoepen,Bouwtechnici,Energiedeskundige gebouwen,1
2024-12-31,2024,12,januari 2024 - december 2024,Dec 2024,Bouwberoepen,Bouwtechnici,Ingenieur studie en advies bouw,255
2024-12-31,2024,12,januari 2024 - december 2024,Dec 2024,Bouwberoepen,Bouwtechnici,Interieurarchitect interieurvormgever,37
2024-12-31,2024,12,januari 2024 - december 2024,Dec 2024,Bouwberoepen,Bouwtechnici,Landmeter,32
2024-12-31,2024,12,januari 2024 - december 2024,Dec 2024,Bouwberoepen,Bouwtechnici,Landschapsarchitect,1
2024-12-31,2024,12,januari 2024 - december 2024,Dec 2024,Bouwberoepen,Bouwtechnici,Projectleider bouw en openbare werken,391
2024-12-31,2024,12,januari 2024 - december 2024,Dec 2024,Bouwberoepen,Bouwtechnici,Veiligheidscoördinator,33
2024-12-31,2024,12,januari 2024 - december 2024,Dec 2024,Bouwberoepen,Bouwtechnici,Verantwoordelijke onderhoud van gebouwen en infrastructuur,3
2024-12-31,2024,12,januari 2024 - december 2024,Dec 2024,Bouwberoepen,Bouwtechnici,Werfbediende,39
2024-12-31,2024,12,januari 2024 - december 2024,Dec 2024,Bouwberoepen,Bouwtechnici,Werfleider,949
2024-12-31,2024,12,januari 2024 - december 2024,Dec 2024,Bouwberoepen,Bouwvakkers,"Aansluiter van waterleidingen, rioleringen en warmtenetten",30
2024-12-31,2024,12,januari 2024 - december 2024,Dec 2024,Bouwberoepen,Bouwvakkers,Asbestverwijderaar,79
2024-12-31,2024,12,januari 2024 - december 2024,Dec 2024,Bouwberoepen,Bouwvakkers,Bediener baggermachines,1
2024-12-31,2024,12,januari 2024 - december 2024,Dec 2024,Bouwberoepen,Bouwvakkers,Bekister-betonneerder,134
2024-12-31,2024,12,januari 2024 - december 2024,Dec 2024,Bouwberoepen,Bouwvakkers,Beveiligingstechnicus,54
2024-12-31,2024,12,januari 2024 - december 2024,Dec 2024,Bouwberoepen,Bouwvakkers,Brandertechnicus,22
2024-12-31,2024,12,januari 2024 - december 2024,Dec 2024,Bouwberoepen,Bouwvakkers,Daktimmerman,36
2024-12-31,2024,12,januari 2024 - december 2024,Dec 2024,Bouwberoepen,Bouwvakkers,Dakwerker,673
2024-12-31,2024,12,januari 2024 - december 2024,Dec 2024,Bouwberoepen,Bouwvakkers,Datacommunicatie- en netwerktechnicus,587
2024-12-31,2024,12,januari 2024 - december 2024,Dec 2024,Bouwberoepen,Bouwvakkers,Dekvloerlegger,15
2024-12-31,2024,12,januari 2024 - december 2024,Dec 2024,Bouwberoepen,Bouwvakkers,Elektrotechnisch installateur,81
2024-12-31,2024,12,januari 2024 - december 2024,Dec 2024,Bouwberoepen,Bouwvakkers,Gevelreiniger,14
2024-12-31,2024,12,januari 2024 - december 2024,Dec 2024,Bouwberoepen,Bouwvakkers,Gevelrenoveerder-betonhersteller,61
2024-12-31,2024,12,januari 2024 - december 2024,Dec 2024,Bouwberoepen,Bouwvakkers,Glaswerker,29
2024-12-31,2024,12,januari 2024 - december 2024,Dec 2024,Bouwberoepen,Bouwvakkers,Industrieel isolatiewerker,99
2024-12-31,2024,12,januari 2024 - december 2024,Dec 2024,Bouwberoepen,Bouwvakkers,Installateur elektrotechnische basiscomponenten,7
2024-12-31,2024,12,januari 2024 - december 2024,Dec 2024,Bouwberoepen,Bouwvakkers,Installateur energiemanagementsystemen,209
2024-12-31,2024,12,januari 2024 - december 2024,Dec 2024,Bouwberoepen,Bouwvakkers,Installateur gebouwenautomatisering,0
2024-12-31,2024,12,januari 2024 - december 2024,Dec 2024,Bouwberoepen,Bouwvakkers,Installateur nutsvoorzieningen,72
2024-12-31,2024,12,januari 2024 - december 2024,Dec 2024,Bouwberoepen,Bouwvakkers,Interieurbouwer,183
2024-12-31,2024,12,januari 2024 - december 2024,Dec 2024,Bouwberoepen,Bouwvakkers,Isoleerder ruwbouw en dak,20
2024-12-31,2024,12,januari 2024 - december 2024,Dec 2024,Bouwberoepen,Bouwvakkers,Medewerker ruwbouw,943
2024-12-31,2024,12,januari 2024 - december 2024,Dec 2024,Bouwberoepen,Bouwvakkers,Metselaar,373
2024-12-31,2024,12,januari 2024 - december 2024,Dec 2024,Bouwberoepen,Bouwvakkers,Monteur installatietechnieken,666
2024-12-31,2024,12,januari 2024 - december 2024,Dec 2024,Bouwberoepen,Bouwvakkers,Natuursteenbewerker,18
2024-12-31,2024,12,januari 2024 - december 2024,Dec 2024,Bouwberoepen,Bouwvakkers,Onderhoudsmedewerker gebouwen,107
2024-12-31,2024,12,januari 2024 - december 2024,Dec 2024,Bouwberoepen,Bouwvakkers,Onderhoudsmedewerker wegennet,6
2024-12-31,2024,12,januari 2024 - december 2024,Dec 2024,Bouwberoepen,Bouwvakkers,Plaatser binnenschrijnwerk,135
2024-12-31,2024,12,januari 2024 - december 2024,Dec 2024,Bouwberoepen,Bouwvakkers,Plaatser buitenschrijnwerk,366
2024-12-31,2024,12,januari 2024 - december 2024,Dec 2024,Bouwberoepen,Bouwvakkers,Plaatser van boven- en ondergrondse leidingen,305
2024-12-31,2024,12,januari 2024 - december 2024,Dec 2024,Bouwberoepen,Bouwvakkers,Plaatser van houten vloerbedekking,19
2024-12-31,2024,12,januari 2024 - december 2024,Dec 2024,Bouwberoepen,Bouwvakkers,Plaatser van soepele vloerbekledingen,16
2024-12-31,2024,12,januari 2024 - december 2024,Dec 2024,Bouwberoepen,Bouwvakkers,Rioollegger,22
2024-12-31,2024,12,januari 2024 - december 2024,Dec 2024,Bouwberoepen,Bouwvakkers,Schilder-decorateur,267
2024-12-31,2024,12,januari 2024 - december 2024,Dec 2024,Bouwberoepen,Bouwvakkers,Schrijnwerker houtbouw,25
2024-12-31,2024,12,januari 2024 - december 2024,Dec 2024,Bouwberoepen,Bouwvakkers,Steigerbouwer,170
2024-12-31,2024,12,januari 2024 - december 2024,Dec 2024,Bouwberoepen,Bouwvakkers,Stukadoor,150
2024-12-31,2024,12,januari 2024 - december 2024,Dec 2024,Bouwberoepen,Bouwvakkers,Technicus hernieuwbare energietechnieken,27
2024-12-31,2024,12,januari 2024 - december 2024,Dec 2024,Bouwberoepen,Bouwvakkers,Technicus installatietechnieken,61
2024-12-31,2024,12,januari 2024 - december 2024,Dec 2024,Bouwberoepen,Bouwvakkers,Vloerder-tegelzetter,142
2024-12-31,2024,12,januari 2024 - december 2024,Dec 2024,Bouwberoepen,Bouwvakkers,Voeger,57
2024-12-31,2024,12,januari 2024 - december 2024,Dec 2024,Bouwberoepen,Bouwvakkers,Wegenwerker,1187
2024-12-31,2024,12,januari 2024 - december 2024,Dec 2024,Bouwberoepen,Machinisten en kraanmannen,Bediener grondverzetmachines,321
2024-12-31,2024,12,januari 2024 - december 2024,Dec 2024,Bouwberoepen,Machinisten en kraanmannen,Bediener machines horizontale boringen,43
2024-12-31,2024,12,januari 2024 - december 2024,Dec 2024,Bouwberoepen,Machinisten en kraanmannen,Bediener machines verticale boringen,14
2024-12-31,2024,12,januari 2024 - december 2024,Dec 2024,Bouwberoepen,Machinisten en kraanmannen,Bediener of medewerker diepfunderingsmachines,1
2024-12-31,2024,12,januari 2024 - december 2024,Dec 2024,Bouwberoepen,Machinisten en kraanmannen,Bediener van betonnerings- en asfalteringsmachines,2
2024-12-31,2024,12,januari 2024 - december 2024,Dec 2024,Bouwberoepen,Machinisten en kraanmannen,Kraanbestuurder,215
2024-12-31,2024,12,januari 2024 - december 2024,Dec 2024,Bouwberoepen,Machinisten en kraanmannen,Torenkraanbediener,21
2024-12-31,2024,12,januari 2024 - december 2024,Dec 2024,Dienstverlenende beroepen,Adviesverleners,Arbeidsbemiddelaar-jobcoach,0
2024-12-31,2024,12,januari 2024 - december 2024,Dec 2024,Dienstverlenende beroepen,Adviesverleners,Maatschappelijk werker,12
2024-12-31,2024,12,januari 2024 - december 2024,Dec 2024,Dienstverlenende beroepen,Experts vastgoed,Rentmeester,5
2024-12-31,2024,12,januari 2024 - december 2024,Dec 2024,Dienstverlenende beroepen,Experts vastgoed,Vastgoedbemiddelaar verkoop en verhuur,6
2024-12-31,2024,12,januari 2024 - december 2024,Dec 2024,Dienstverlenende beroepen,Experts vastgoed,Vastgoedpromotor,8
2024-12-31,2024,12,januari 2024 - december 2024,Dec 2024,Dienstverlenende beroepen,Juridische dienstverleners,Juridisch medewerker,6
2024-12-31,2024,12,januari 2024 - december 2024,Dec 2024,Dienstverlenende beroepen,Juridische dienstverleners,Jurist,11
2024-12-31,2024,12,januari 2024 - december 2024,Dec 2024,Dienstverlenende beroepen,Medewerkers in finance,Financieel analist,0
2024-12-31,2024,12,januari 2024 - december 2024,Dec 2024,Dienstverlenende beroepen,Medewerkers in finance,Kantoorverantwoordelijke in de financiële sector,1
2024-12-31,2024,12,januari 2024 - december 2024,Dec 2024,Dienstverlenende beroepen,Medewerkers in finance,Revisor,3
2024-12-31,2024,12,januari 2024 - december 2024,Dec 2024,Dienstverlenende beroepen,Medewerkers in finance,Schade-expert verzekeringen,1
2024-12-31,2024,12,januari 2024 - december 2024,Dec 2024,Dienstverlenende beroepen,Persoonlijke dienstverleners,Animator,2
2024-12-31,2024,12,januari 2024 - december 2024,Dec 2024,Dienstverlenende beroepen,Persoonlijke dienstverleners,Conciërge,6
2024-12-31,2024,12,januari 2024 - december 2024,Dec 2024,Dienstverlenende beroepen,Persoonlijke dienstverleners,Dierentrimmer,2
2024-12-31,2024,12,januari 2024 - december 2024,Dec 2024,Dienstverlenende beroepen,Persoonlijke dienstverleners,Dierenverzorger,1
2024-12-31,2024,12,januari 2024 - december 2024,Dec 2024,Dienstverlenende beroepen,Persoonlijke dienstverleners,Kapper,1
2024-12-31,2024,12,januari 2024 - december 2024,Dec 2024,Dienstverlenende beroepen,Persoonlijke dienstverleners,Medewerker kuuroord,7
2024-12-31,2024,12,januari 2024 - december 2024,Dec 2024,Dienstverlenende beroepen,Persoonlijke dienstverleners,Schoonheidsspecialist,1
2024-12-31,2024,12,januari 2024 - december 2024,Dec 2024,Dienstverlenende beroepen,Publieke dienstverleners,Sociaal-cultureel begeleider,2
2024-12-31,2024,12,januari 2024 - december 2024,Dec 2024,Dienstverlenende beroepen,Schoonmaak- en onderhoudspersoneel,Huishoudhulp-poetshulp,15
2024-12-31,2024,12,januari 2024 - december 2024,Dec 2024,Dienstverlenende beroepen,Schoonmaak- en onderhoudspersoneel,Industrieel reiniger,23
2024-12-31,2024,12,januari 2024 - december 2024,Dec 2024,Dienstverlenende beroepen,Schoonmaak- en onderhoudspersoneel,Leidinggevende schoonmaak,3
2024-12-31,2024,12,januari 2024 - december 2024,Dec 2024,Dienstverlenende beroepen,Schoonmaak- en onderhoudspersoneel,Medewerker ongediertebestrijding,1
2024-12-31,2024,12,januari 2024 - december 2024,Dec 2024,Dienstverlenende beroepen,Schoonmaak- en onderhoudspersoneel,Onderhoudsmedewerker affichering en straatmeubilair,1
2024-12-31,2024,12,januari 2024 - december 2024,Dec 2024,Dienstverlenende beroepen,Schoonmaak- en onderhoudspersoneel,Recyclageparkwachter,1
2024-12-31,2024,12,januari 2024 - december 2024,Dec 2024,Dienstverlenende beroepen,Schoonmaak- en onderhoudspersoneel,Ruitenwasser,2
2024-12-31,2024,12,januari 2024 - december 2024,Dec 2024,Dienstverlenende beroepen,Schoonmaak- en onderhoudspersoneel,Schoonmaker van ruimten en lokalen,113
2024-12-31,2024,12,januari 2024 - december 2024,Dec 2024,Handels- en verkoopberoepen,Verkooppersoneel,Technisch adviseur klantenondersteuning,5
2024-12-31,2024,12,januari 2024 - december 2024,Dec 2024,Handels- en verkoopberoepen,Verkooppersoneel,Visual merchandiser,3
2024-12-31,2024,12,januari 2024 - december 2024,Dec 2024,Handels- en verkoopberoepen,Verkooppersoneel,Winkelmanager,2
2024-12-31,2024,12,januari 2024 - december 2024,Dec 2024,Handels- en verkoopberoepen,Verkooppersoneel,Winkelmedewerker,2
2024-12-31,2024,12,januari 2024 - december 2024,Dec 2024,Handels- en verkoopberoepen,Verkooppersoneel,Winkelverkoper,57
2024-12-31,2024,12,januari 2024 - december 2024,Dec 2024,Handels- en verkoopberoepen,Vertegenwoordigers,Vertegenwoordiger B2B,141
2024-12-31,2024,12,januari 2024 - december 2024,Dec 2024,Handels- en verkoopberoepen,Vertegenwoordigers,Vertegenwoordiger B2C,28
2024-12-31,2024,12,januari 2024 - december 2024,Dec 2024,Horecaberoepen,Horecapersoneel,Afwasser,1
2024-12-31,2024,12,januari 2024 - december 2024,Dec 2024,Horecaberoepen,Horecapersoneel,Barman,2
2024-12-31,2024,12,januari 2024 - december 2024,Dec 2024,Horecaberoepen,Horecapersoneel,Hulpkok grootkeuken,2
2024-12-31,2024,12,januari 2024 - december 2024,Dec 2024,Horecaberoepen,Horecapersoneel,Keukenmedewerker,2
2024-12-31,2024,12,januari 2024 - december 2024,Dec 2024,Horecaberoepen,Horecapersoneel,Kok,4
2024-12-31,2024,12,januari 2024 - december 2024,Dec 2024,Horecaberoepen,Horecapersoneel,Medewerker fastfood,2
2024-12-31,2024,12,januari 2024 - december 2024,Dec 2024,Horecaberoepen,Horecapersoneel,Polyvalent hotelmedewerker,1
2024-12-31,2024,12,januari 2024 - december 2024,Dec 2024,Industriële beroepen en ambachten,Beoefenaars van ambachten,Ambachtelijk glasbewerker,1
2024-12-31,2024,12,januari 2024 - december 2024,Dec 2024,Industriële beroepen en ambachten,Bewerkers van voeding,Charcutier,0
2024-12-31,2024,12,januari 2024 - december 2024,Dec 2024,Industriële beroepen en ambachten,Bewerkers van voeding,Slager,3
2024-12-31,2024,12,januari 2024 - december 2024,Dec 2024,Industriële beroepen en ambachten,Confectie- en lederwerkers,Polyvalent stikster,0
2024-12-31,2024,12,januari 2024 - december 2024,Dec 2024,Industriële beroepen en ambachten,Diverse productiemedewerkers en operatoren,Industrieel schilder,66
2024-12-31,2024,12,januari 2024 - december 2024,Dec 2024,Industriële beroepen en ambachten,Diverse productiemedewerkers en operatoren,Ontginner gassen en vloeistoffen,1
2024-12-31,2024,12,januari 2024 - december 2024,Dec 2024,Industriële beroepen en ambachten,Diverse productiemedewerkers en operatoren,Productiemedewerker,51
2024-12-31,2024,12,januari 2024 - december 2024,Dec 2024,Industriële beroepen en ambachten,Diverse productiemedewerkers en operatoren,Productiemedewerker prefabbeton,4
2024-12-31,2024,12,januari 2024 - december 2024,Dec 2024,Industriële beroepen en ambachten,Diverse productiemedewerkers en operatoren,Productieoperator elektrische en elektronische componenten,160
2024-12-31,2024,12,januari 2024 - december 2024,Dec 2024,Industriële beroepen en ambachten,Diverse productiemedewerkers en operatoren,"Productieoperator van stortbeton, cement, asfalt en granulaten",24
2024-12-31,2024,12,januari 2024 - december 2024,Dec 2024,Industriële beroepen en ambachten,Diverse productiemedewerkers en operatoren,Regelaar-afsteller van productie-installaties,1
2024-12-31,2024,12,januari 2024 - december 2024,Dec 2024,Industriële beroepen en ambachten,Diverse productiemedewerkers en operatoren,Sorteerder recyclage,0
2024-12-31,2024,12,januari 2024 - december 2024,Dec 2024,Industriële beroepen en ambachten,Diverse productiemedewerkers en operatoren,Uitvoerder van werken op hoogte,67
2024-12-31,2024,12,januari 2024 - december 2024,Dec 2024,Industriële beroepen en ambachten,Industriële technici,Expert productieproces en -methodes,23
2024-12-31,2024,12,januari 2024 - december 2024,Dec 2024,Industriële beroepen en ambachten,Industriële technici,Industrieel elektromecanicien,246
2024-12-31,2024,12,januari 2024 - december 2024,Dec 2024,Industriële beroepen en ambachten,Industriële technici,Industrieel laborant,6
2024-12-31,2024,12,januari 2024 - december 2024,Dec 2024,Industriële beroepen en ambachten,Industriële technici,Industrieel onderhoudstechnicus,181
2024-12-31,2024,12,januari 2024 - december 2024,Dec 2024,Industriële beroepen en ambachten,Industriële technici,Koeltechnicus,95
2024-12-31,2024,12,januari 2024 - december 2024,Dec 2024,Industriële beroepen en ambachten,Industriële technici,Lifttechnicus,67
2024-12-31,2024,12,januari 2024 - december 2024,Dec 2024,Industriële beroepen en ambachten,Industriële technici,Medewerker kwaliteitscontrole,7
2024-12-31,2024,12,januari 2024 - december 2024,Dec 2024,Industriële beroepen en ambachten,Industriële technici,Onderhoudstechnicus industriële automatisering,2
2024-12-31,2024,12,januari 2024 - december 2024,Dec 2024,Industriële beroepen en ambachten,Industriële technici,Onderhoudstechnicus waterdistributie en sanering,5
2024-12-31,2024,12,januari 2024 - december 2024,Dec 2024,Industriële beroepen en ambachten,Industriële technici,Ontwerper industriële automatisering,11
2024-12-31,2024,12,januari 2024 - december 2024,Dec 2024,Industriële beroepen en ambachten,Industriële technici,Productieplanner,85
2024-12-31,2024,12,januari 2024 - december 2024,Dec 2024,Industriële beroepen en ambachten,Industriële technici,Regeltechnicus klimatisatie,174
2024-12-31,2024,12,januari 2024 - december 2024,Dec 2024,Industriële beroepen en ambachten,Industriële technici,Technicus elektro en elektronica,25
2024-12-31,2024,12,januari 2024 - december 2024,Dec 2024,Industriële beroepen en ambachten,Industriële technici,Technicus elektronische installaties,438
2024-12-31,2024,12,januari 2024 - december 2024,Dec 2024,Industriële beroepen en ambachten,Industriële technici,"Technicus veiligheid, hygiëne en leefmilieu",2
2024-12-31,2024,12,januari 2024 - december 2024,Dec 2024,Industriële beroepen en ambachten,Industriële technici,Werkvoorbereider,78
2024-12-31,2024,12,januari 2024 - december 2024,Dec 2024,Industriële beroepen en ambachten,Medewerkers houtindustrie,Machinaal houtbewerker,0
2024-12-31,2024,12,januari 2024 - december 2024,Dec 2024,Industriële beroepen en ambachten,Medewerkers houtindustrie,Meubelmaker,68
2024-12-31,2024,12,januari 2024 - december 2024,Dec 2024,Industriële beroepen en ambachten,Medewerkers houtindustrie,Operator CNC-gestuurde houtbewerkingsmachines,5
2024-12-31,2024,12,januari 2024 - december 2024,Dec 2024,Industriële beroepen en ambachten,Medewerkers houtindustrie,Productieoperator hout,4
2024-12-31,2024,12,januari 2024 - december 2024,Dec 2024,Industriële beroepen en ambachten,Medewerkers houtindustrie,Werkplaatsschrijnwerker,141
2024-12-31,2024,12,januari 2024 - december 2024,Dec 2024,Industriële beroepen en ambachten,Monteurs en installateurs elektrotechniek,Bordenbouwer - Elektromonteur machinebouw,47
2024-12-31,2024,12,januari 2024 - december 2024,Dec 2024,Industriële beroepen en ambachten,Monteurs en installateurs elektrotechniek,Elektrotechnicus,909
2024-12-31,2024,12,januari 2024 - december 2024,Dec 2024,Industriële beroepen en ambachten,Monteurs en installateurs elektrotechniek,Technicus industriële elektriciteit,6
2024-12-31,2024,12,januari 2024 - december 2024,Dec 2024,Industriële beroepen en ambachten,Professionals in de metaalindustrie,Bankwerker,3
2024-12-31,2024,12,januari 2024 - december 2024,Dec 2024,Industriële beroepen en ambachten,Professionals in de metaalindustrie,Insteller-omsteller plaatbewerking,2
2024-12-31,2024,12,januari 2024 - december 2024,Dec 2024,Industriële beroepen en ambachten,Professionals in de metaalindustrie,Insteller-omsteller verspaning,64
2024-12-31,2024,12,januari 2024 - december 2024,Dec 2024,Industriële beroepen en ambachten,Professionals in de metaalindustrie,Machinebouwer,4
2024-12-31,2024,12,januari 2024 - december 2024,Dec 2024,Industriële beroepen en ambachten,Professionals in de metaalindustrie,Manueel lasser,127
2024-12-31,2024,12,januari 2024 - december 2024,Dec 2024,Industriële beroepen en ambachten,Professionals in de metaalindustrie,Monteur staalconstructies,130
2024-12-31,2024,12,januari 2024 - december 2024,Dec 2024,Industriële beroepen en ambachten,Professionals in de metaalindustrie,Operator montage en assemblage,38
2024-12-31,2024,12,januari 2024 - december 2024,Dec 2024,Industriële beroepen en ambachten,Professionals in de metaalindustrie,Pijpfitter,46
2024-12-31,2024,12,januari 2024 - december 2024,Dec 2024,Industriële beroepen en ambachten,Professionals in de metaalindustrie,Productieoperator metaal,13
2024-12-31,2024,12,januari 2024 - december 2024,Dec 2024,Industriële beroepen en ambachten,Professionals in de metaalindustrie,Rigger-monteerder,41
2024-12-31,2024,12,januari 2024 - december 2024,Dec 2024,Industriële beroepen en ambachten,Specialisten chemie en kunststoffen,Procesoperator chemische industrie,8
2024-12-31,2024,12,januari 2024 - december 2024,Dec 2024,Industriële beroepen en ambachten,Technisch leidinggevenden,Afdelingsverantwoordelijke productie,7
2024-12-31,2024,12,januari 2024 - december 2024,Dec 2024,Industriële beroepen en ambachten,Technisch leidinggevenden,Productiemanager,16
2024-12-31,2024,12,januari 2024 - december 2024,Dec 2024,Industriële beroepen en ambachten,Technisch leidinggevenden,Projectmanager engineering,223
2024-12-31,2024,12,januari 2024 - december 2024,Dec 2024,Industriële beroepen en ambachten,Technisch leidinggevenden,Teamleader productie,10
2024-12-31,2024,12,januari 2024 - december 2024,Dec 2024,Industriële beroepen en ambachten,Technisch leidinggevenden,Verantwoordelijke beheer en onderhoud van voertuigen,16
2024-12-31,2024,12,januari 2024 - december 2024,Dec 2024,Industriële beroepen en ambachten,Technisch leidinggevenden,Verantwoordelijke industrieel onderhoud,56
2024-12-31,2024,12,januari 2024 - december 2024,Dec 2024,Industriële beroepen en ambachten,Technisch leidinggevenden,Verantwoordelijke kwaliteitscontrole,26
2024-12-31,2024,12,januari 2024 - december 2024,Dec 2024,Industriële beroepen en ambachten,Technisch leidinggevenden,Verantwoordelijke onderzoek en ontwikkeling,2
2024-12-31,2024,12,januari 2024 - december 2024,Dec 2024,Industriële beroepen en ambachten,Tekenaars en vormgevers,Grafisch vormgever,2
2024-12-31,2024,12,januari 2024 - december 2024,Dec 2024,Industriële beroepen en ambachten,Tekenaars en vormgevers,"Tekenaar-ontwerper elektriciteit, elektronica",78
2024-12-31,2024,12,januari 2024 - december 2024,Dec 2024,Industriële beroepen en ambachten,Tekenaars en vormgevers,Tekenaar-ontwerper mechanica,14
2024-12-31,2024,12,januari 2024 - december 2024,Dec 2024,Industriële beroepen en ambachten,Voer- en werktuigherstellers,OAD-technicus van personenwagens en lichte bedrijfsvoertuigen,3
2024-12-31,2024,12,januari 2024 - december 2024,Dec 2024,Industriële beroepen en ambachten,Voer- en werktuigherstellers,OD-technicus van zware bedrijfsvoertuigen,2
2024-12-31,2024,12,januari 2024 - december 2024,Dec 2024,Industriële beroepen en ambachten,Voer- en werktuigherstellers,Onderhoudsmecanicien van personenwagens en lichte bedrijfsvoertuigen,13
2024-12-31,2024,12,januari 2024 - december 2024,Dec 2024,Industriële beroepen en ambachten,Voer- en werktuigherstellers,Onderhoudsmecanicien van zware bedrijfsvoertuigen,19
2024-12-31,2024,12,januari 2024 - december 2024,Dec 2024,Industriële beroepen en ambachten,Voer- en werktuigherstellers,Plaatwerker carrosserie,3
2024-12-31,2024,12,januari 2024 - december 2024,Dec 2024,Industriële beroepen en ambachten,Voer- en werktuigherstellers,Spuiter carrosserie,4
2024-12-31,2024,12,januari 2024 - december 2024,Dec 2024,Industriële beroepen en ambachten,Voer- en werktuigherstellers,Technicus van bromfietsen en motorfietsen,1
2024-12-31,2024,12,januari 2024 - december 2024,Dec 2024,Industriële beroepen en ambachten,Voer- en werktuigherstellers,"Technicus werf-, landbouw- en hefmachines",79
2024-12-31,2024,12,januari 2024 - december 2024,Dec 2024,Industriële beroepen en ambachten,Voer- en werktuigherstellers,Voorbewerker carrosserie,0
2024-12-31,2024,12,januari 2024 - december 2024,Dec 2024,Industriële beroepen en ambachten,Voer- en werktuigherstellers,Werktuigkundige scheepvaart,2
2024-12-31,2024,12,januari 2024 - december 2024,Dec 2024,"Land-, tuin- en bosbouw- en visserijberoepen","Land-, tuin- en bosbouwers en vissers",Bestuurder van bosexploitatiemachines,6
2024-12-31,2024,12,januari 2024 - december 2024,Dec 2024,"Land-, tuin- en bosbouw- en visserijberoepen","Land-, tuin- en bosbouwers en vissers",Medewerker landbouw,0
2024-12-31,2024,12,januari 2024 - december 2024,Dec 2024,"Land-, tuin- en bosbouw- en visserijberoepen","Land-, tuin- en bosbouwers en vissers",Medewerker loonwerk,3
2024-12-31,2024,12,januari 2024 - december 2024,Dec 2024,"Land-, tuin- en bosbouw- en visserijberoepen","Land-, tuin- en bosbouwers en vissers",Medewerker tuin- en groenaanleg en -onderhoud,56
2024-12-31,2024,12,januari 2024 - december 2024,Dec 2024,"Land-, tuin- en bosbouw- en visserijberoepen","Land-, tuin- en bosbouwers en vissers",Medewerker tuinbouw,7
2024-12-31,2024,12,januari 2024 - december 2024,Dec 2024,"Land-, tuin- en bosbouw- en visserijberoepen","Land-, tuin- en bosbouwers en vissers",Productieverantwoordelijke land- en tuinbouw,1
2024-12-31,2024,12,januari 2024 - december 2024,Dec 2024,"Land-, tuin- en bosbouw- en visserijberoepen","Land-, tuin- en bosbouwers en vissers",Verantwoordelijke tuin- en groenaanleg en -onderhoud,5
2024-12-31,2024,12,januari 2024 - december 2024,Dec 2024,"Medische, paramedische en verzorgende beroepen",Medisch personeel,Tandarts,0
2024-12-31,2024,12,januari 2024 - december 2024,Dec 2024,"Medische, paramedische en verzorgende beroepen",Overige zorgmedewerkers,Logistiek assistent in zorginstellingen,4
2024-12-31,2024,12,januari 2024 - december 2024,Dec 2024,"Medische, paramedische en verzorgende beroepen",Paramedici,Ergotherapeut,1
2024-12-31,2024,12,januari 2024 - december 2024,Dec 2024,"Medische, paramedische en verzorgende beroepen","Verpleegkundigen, vroedvrouwen en zorgpersoneel",Verpleegkundige,8
2024-12-31,2024,12,januari 2024 - december 2024,Dec 2024,"Medische, paramedische en verzorgende beroepen","Verpleegkundigen, vroedvrouwen en zorgpersoneel",Zorgkundige,7
2024-12-31,2024,12,januari 2024 - december 2024,Dec 2024,Organisatieondersteunende en kennisberoepen,Accountants,Accountant,94
2024-12-31,2024,12,januari 2024 - december 2024,Dec 2024,Organisatieondersteunende en kennisberoepen,Accountants,Assistent accountancy,102
2024-12-31,2024,12,januari 2024 - december 2024,Dec 2024,Organisatieondersteunende en kennisberoepen,Accountants,Credit collector,2
2024-12-31,2024,12,januari 2024 - december 2024,Dec 2024,Organisatieondersteunende en kennisberoepen,Administratief medewerkers,Managementassistent,52
2024-12-31,2024,12,januari 2024 - december 2024,Dec 2024,Organisatieondersteunende en kennisberoepen,Administratief medewerkers,Onthaalmedewerker,24
2024-12-31,2024,12,januari 2024 - december 2024,Dec 2024,Organisatieondersteunende en kennisberoepen,Administratief medewerkers,Polyvalent administratief medewerker,679
2024-12-31,2024,12,januari 2024 - december 2024,Dec 2024,Organisatieondersteunende en kennisberoepen,Administratief medewerkers,Technisch-administratief medewerker,181
2024-12-31,2024,12,januari 2024 - december 2024,Dec 2024,Organisatieondersteunende en kennisberoepen,Bedrijfsadviseurs,Adviseur bedrijfsorganisatie en management,3
2024-12-31,2024,12,januari 2024 - december 2024,Dec 2024,Organisatieondersteunende en kennisberoepen,Bedrijfsadviseurs,Business analist,2
2024-12-31,2024,12,januari 2024 - december 2024,Dec 2024,Organisatieondersteunende en kennisberoepen,Bedrijfsadviseurs,Business en financial controller,41
2024-12-31,2024,12,januari 2024 - december 2024,Dec 2024,Organisatieondersteunende en kennisberoepen,Bedrijfsadviseurs,Mediabuyer,1
2024-12-31,2024,12,januari 2024 - december 2024,Dec 2024,Organisatieondersteunende en kennisberoepen,Bedrijfsadviseurs,Milieucoördinator,19
2024-12-31,2024,12,januari 2024 - december 2024,Dec 2024,Organisatieondersteunende en kennisberoepen,Bedrijfsadviseurs,Preventieadviseur,38
2024-12-31,2024,12,januari 2024 - december 2024,Dec 2024,Organisatieondersteunende en kennisberoepen,Bedrijfsadviseurs,Projectmanager business,10
2024-12-31,2024,12,januari 2024 - december 2024,Dec 2024,Organisatieondersteunende en kennisberoepen,Controleurs en inspecteurs,Technisch inspecteur industrie,18
2024-12-31,2024,12,januari 2024 - december 2024,Dec 2024,Organisatieondersteunende en kennisberoepen,HR-experts,Payroll advisor,18
2024-12-31,2024,12,januari 2024 - december 2024,Dec 2024,Organisatieondersteunende en kennisberoepen,HR-experts,Personeelsmedewerker,31
2024-12-31,2024,12,januari 2024 - december 2024,Dec 2024,Organisatieondersteunende en kennisberoepen,HR-experts,Verantwoordelijke werving en opleiding,60
2024-12-31,2024,12,januari 2024 - december 2024,Dec 2024,Organisatieondersteunende en kennisberoepen,Informatici en ICT-medewerkers,Data engineer,1
2024-12-31,2024,12,januari 2024 - december 2024,Dec 2024,Organisatieondersteunende en kennisberoepen,Informatici en ICT-medewerkers,Data manager,1
2024-12-31,2024,12,januari 2024 - december 2024,Dec 2024,Organisatieondersteunende en kennisberoepen,Informatici en ICT-medewerkers,Data scientist,1
2024-12-31,2024,12,januari 2024 - december 2024,Dec 2024,Organisatieondersteunende en kennisberoepen,Informatici en ICT-medewerkers,ICT architect,1
2024-12-31,2024,12,januari 2024 - december 2024,Dec 2024,Organisatieondersteunende en kennisberoepen,Informatici en ICT-medewerkers,Integratie expert ICT,21
2024-12-31,2024,12,januari 2024 - december 2024,Dec 2024,Organisatieondersteunende en kennisberoepen,Informatici en ICT-medewerkers,Netwerk engineer telecom,1
2024-12-31,2024,12,januari 2024 - december 2024,Dec 2024,Organisatieondersteunende en kennisberoepen,Informatici en ICT-medewerkers,Netwerkbeheerder,3
2024-12-31,2024,12,januari 2024 - december 2024,Dec 2024,Organisatieondersteunende en kennisberoepen,Informatici en ICT-medewerkers,Software analist,6
2024-12-31,2024,12,januari 2024 - december 2024,Dec 2024,Organisatieondersteunende en kennisberoepen,Informatici en ICT-medewerkers,Software ontwikkelaar,41
2024-12-31,2024,12,januari 2024 - december 2024,Dec 2024,Organisatieondersteunende en kennisberoepen,Informatici en ICT-medewerkers,Support medewerker ICT,44
2024-12-31,2024,12,januari 2024 - december 2024,Dec 2024,Organisatieondersteunende en kennisberoepen,Informatici en ICT-medewerkers,Systeembeheerder,8
2024-12-31,2024,12,januari 2024 - december 2024,Dec 2024,Organisatieondersteunende en kennisberoepen,Leidinggevenden,Administratief en financieel verantwoordelijke,12
2024-12-31,2024,12,januari 2024 - december 2024,Dec 2024,Organisatieondersteunende en kennisberoepen,Leidinggevenden,Algemeen directeur,25
2024-12-31,2024,12,januari 2024 - december 2024,Dec 2024,Organisatieondersteunende en kennisberoepen,Leidinggevenden,Facility manager,6
2024-12-31,2024,12,januari 2024 - december 2024,Dec 2024,Organisatieondersteunende en kennisberoepen,Leidinggevenden,HR-manager,24
2024-12-31,2024,12,januari 2024 - december 2024,Dec 2024,Organisatieondersteunende en kennisberoepen,Leidinggevenden,Leidinggevende milieuzorg en sanering,1
2024-12-31,2024,12,januari 2024 - december 2024,Dec 2024,Organisatieondersteunende en kennisberoepen,Leidinggevenden,Marketingmanager,30
2024-12-31,2024,12,januari 2024 - december 2024,Dec 2024,Organisatieondersteunende en kennisberoepen,Leidinggevenden,Sales manager,2
2024-12-31,2024,12,januari 2024 - december 2024,Dec 2024,Organisatieondersteunende en kennisberoepen,Leidinggevenden,Verantwoordelijke ICT,7
2024-12-31,2024,12,januari 2024 - december 2024,Dec 2024,Organisatieondersteunende en kennisberoepen,Leidinggevenden,Verantwoordelijke aankoop,5
2024-12-31,2024,12,januari 2024 - december 2024,Dec 2024,Organisatieondersteunende en kennisberoepen,Leidinggevenden,Verantwoordelijke contactcenter,1
2024-12-31,2024,12,januari 2024 - december 2024,Dec 2024,Organisatieondersteunende en kennisberoepen,Leidinggevenden,Verantwoordelijke eco-industriële site,2
2024-12-31,2024,12,januari 2024 - december 2024,Dec 2024,Organisatieondersteunende en kennisberoepen,Leidinggevenden,"Verantwoordelijke gezondheids-, sociale of penitentiaire instelling",1
2024-12-31,2024,12,januari 2024 - december 2024,Dec 2024,Organisatieondersteunende en kennisberoepen,"Medewerkers commerciële strategie, marketing en verkoop",Aankoper,97
2024-12-31,2024,12,januari 2024 - december 2024,Dec 2024,Organisatieondersteunende en kennisberoepen,"Medewerkers commerciële strategie, marketing en verkoop",Accountmanager sales,1
2024-12-31,2024,12,januari 2024 - december 2024,Dec 2024,Organisatieondersteunende en kennisberoepen,"Medewerkers commerciële strategie, marketing en verkoop",Commercieel medewerker binnendienst,61
2024-12-31,2024,12,januari 2024 - december 2024,Dec 2024,Organisatieondersteunende en kennisberoepen,"Medewerkers commerciële strategie, marketing en verkoop",Contactcenter medewerker,188
2024-12-31,2024,12,januari 2024 - december 2024,Dec 2024,Organisatieondersteunende en kennisberoepen,"Medewerkers commerciële strategie, marketing en verkoop",Content marketeer,2
2024-12-31,2024,12,januari 2024 - december 2024,Dec 2024,Organisatieondersteunende en kennisberoepen,"Medewerkers commerciële strategie, marketing en verkoop",Customer experience manager,1
2024-12-31,2024,12,januari 2024 - december 2024,Dec 2024,Organisatieondersteunende en kennisberoepen,"Medewerkers commerciële strategie, marketing en verkoop",Digital marketeer,4
2024-12-31,2024,12,januari 2024 - december 2024,Dec 2024,Organisatieondersteunende en kennisberoepen,"Medewerkers commerciële strategie, marketing en verkoop",Digital sales assistant,8
2024-12-31,2024,12,januari 2024 - december 2024,Dec 2024,Organisatieondersteunende en kennisberoepen,"Medewerkers commerciële strategie, marketing en verkoop",Productmanager,2
2024-12-31,2024,12,januari 2024 - december 2024,Dec 2024,Organisatieondersteunende en kennisberoepen,"Medewerkers commerciële strategie, marketing en verkoop",Sales engineer,73
2024-12-31,2024,12,januari 2024 - december 2024,Dec 2024,Organisatieondersteunende en kennisberoepen,Onderzoeksmedewerkers en beleidsexperten,Beleidsdeskundige,32
2024-12-31,2024,12,januari 2024 - december 2024,Dec 2024,Organisatieondersteunende en kennisberoepen,Onderzoeksmedewerkers en beleidsexperten,Expert lokale ontwikkeling,4
2024-12-31,2024,12,januari 2024 - december 2024,Dec 2024,Organisatieondersteunende en kennisberoepen,Onderzoeksmedewerkers en beleidsexperten,Marktonderzoeker,2
2024-12-31,2024,12,januari 2024 - december 2024,Dec 2024,Organisatieondersteunende en kennisberoepen,Specialisten kennisbeheer en communicatie,Bibliothecaris-archivaris,1
2024-12-31,2024,12,januari 2024 - december 2024,Dec 2024,Organisatieondersteunende en kennisberoepen,Specialisten kennisbeheer en communicatie,Bibliotheekdeskundige,1
2024-12-31,2024,12,januari 2024 - december 2024,Dec 2024,Organisatieondersteunende en kennisberoepen,Specialisten kennisbeheer en communicatie,Bibliotheekmedewerker,2
2024-12-31,2024,12,januari 2024 - december 2024,Dec 2024,Organisatieondersteunende en kennisberoepen,Specialisten kennisbeheer en communicatie,Erfgoedkundige,4
2024-12-31,2024,12,januari 2024 - december 2024,Dec 2024,Organisatieondersteunende en kennisberoepen,Specialisten kennisbeheer en communicatie,Journalist-redacteur,1
2024-12-31,2024,12,januari 2024 - december 2024,Dec 2024,Organisatieondersteunende en kennisberoepen,Specialisten kennisbeheer en communicatie,Medewerker communicatie,7
2024-12-31,2024,12,januari 2024 - december 2024,Dec 2024,Pedagogische beroepen,Onderwijsassistenten,Opvoeder in een onderwijsinstelling,1
2024-12-31,2024,12,januari 2024 - december 2024,Dec 2024,Pedagogische beroepen,Onderwijzend en leidinggevend personeel in onderwijs,Leerkracht lager onderwijs,1
2024-12-31,2024,12,januari 2024 - december 2024,Dec 2024,Pedagogische beroepen,Onderwijzend en leidinggevend personeel in onderwijs,Opleider volwassenen,3
2024-12-31,2024,12,januari 2024 - december 2024,Dec 2024,Pedagogische beroepen,Onderwijzend en leidinggevend personeel in onderwijs,Pedagogisch coördinator,3
2024-12-31,2024,12,januari 2024 - december 2024,Dec 2024,Pedagogische beroepen,Opvoedkundig personeel,Kinderbegeleider baby's en peuters,1
2024-12-31,2024,12,januari 2024 - december 2024,Dec 2024,Pedagogische beroepen,Opvoedkundig personeel,Kinderbegeleider schoolgaande kinderen,8
2024-12-31,2024,12,januari 2024 - december 2024,Dec 2024,Pedagogische beroepen,Opvoedkundig personeel,Verantwoordelijke kinderopvang,1
2024-12-31,2024,12,januari 2024 - december 2024,Dec 2024,Transport- en logistieke beroepen,Bestuurders in het wegtransport,Taxichauffeur en chauffeur privévervoer,1
2024-12-31,2024,12,januari 2024 - december 2024,Dec 2024,Transport- en logistieke beroepen,Bestuurders in het wegtransport,Vrachtwagenbestuurder,500
2024-12-31,2024,12,januari 2024 - december 2024,Dec 2024,Transport- en logistieke beroepen,Transport- en logistiek personeel,Dispatcher goederenvervoer,23
2024-12-31,2024,12,januari 2024 - december 2024,Dec 2024,Transport- en logistieke beroepen,Transport- en logistiek personeel,Dispatcher personenvervoer,2
2024-12-31,2024,12,januari 2024 - december 2024,Dec 2024,Transport- en logistieke beroepen,Transport- en logistiek personeel,Expediteur,2
2024-12-31,2024,12,januari 2024 - december 2024,Dec 2024,Transport- en logistieke beroepen,Transport- en logistiek personeel,Heftruckchauffeur,2
2024-12-31,2024,12,januari 2024 - december 2024,Dec 2024,Transport- en logistieke beroepen,Transport- en logistiek personeel,Koerier besteller,6
2024-12-31,2024,12,januari 2024 - december 2024,Dec 2024,Transport- en logistieke beroepen,Transport- en logistiek personeel,Logistiek verantwoordelijke,33
2024-12-31,2024,12,januari 2024 - december 2024,Dec 2024,Transport- en logistieke beroepen,Transport- en logistiek personeel,Magazijnbeheerder,23
2024-12-31,2024,12,januari 2024 - december 2024,Dec 2024,Transport- en logistieke beroepen,Transport- en logistiek personeel,Magazijnmedewerker,253
2024-12-31,2024,12,januari 2024 - december 2024,Dec 2024,Transport- en logistieke beroepen,Transport- en logistiek personeel,Medewerker internationaal goederenverkeer,7
2024-12-31,2024,12,januari 2024 - december 2024,Dec 2024,Transport- en logistieke beroepen,Transport- en logistiek personeel,Reachtruckchauffeur,2
2024-12-31,2024,12,januari 2024 - december 2024,Dec 2024,Transport- en logistieke beroepen,Transport- en logistiek personeel,Verantwoordelijke logistieke site,3
2024-12-31,2024,12,januari 2024 - december 2024,Dec 2024,Transport- en logistieke beroepen,"Werknemers spoor-, water-, luchttransport",Bemanning zeevaart,1
2024-12-31,2024,12,januari 2024 - december 2024,Dec 2024,Transport- en logistieke beroepen,"Werknemers spoor-, water-, luchttransport",Gezagvoerder zeevaart,2
2024-12-31,2024,12,januari 2024 - december 2024,Dec 2024,Transport- en logistieke beroepen,"Werknemers spoor-, water-, luchttransport",Matroos binnenscheepvaart,4
2024-12-31,2024,12,januari 2024 - december 2024,Dec 2024,Transport- en logistieke beroepen,"Werknemers spoor-, water-, luchttransport",Schipper-stuurman binnenscheepvaart,6
2024-12-31,2024,12,januari 2024 - december 2024,Dec 2024,Transport- en logistieke beroepen,"Werknemers spoor-, water-, luchttransport",Spoorwerker,129
2024-12-31,2024,12,januari 2024 - december 2024,Dec 2024,Transport- en logistieke beroepen,"Werknemers spoor-, water-, luchttransport",Traffic controller,8
2024-12-31,2024,12,januari 2024 - december 2024,Dec 2024,Transport- en logistieke beroepen,"Werknemers spoor-, water-, luchttransport",Treinbestuurder,1
2024-12-31,2024,12,januari 2024 - december 2024,Dec 2024,Vrijetijds- en artistieke beroepen,"Artiesten, kunstenaars en andere culturele beroepen",Model,3
2024-12-31,2024,12,januari 2024 - december 2024,Dec 2024,Vrijetijds- en artistieke beroepen,"Artiesten, kunstenaars en andere culturele beroepen",Muzikant,1
2024-12-31,2024,12,januari 2024 - december 2024,Dec 2024,Vrijetijds- en artistieke beroepen,"Medewerkers bij toerisme, vrije tijd en sport",Eventmanager,1
2024-12-31,2024,12,januari 2024 - december 2024,Dec 2024,Vrijetijds- en artistieke beroepen,"Medewerkers bij toerisme, vrije tijd en sport",Fitnessbegeleider,1
2024-12-31,2024,12,januari 2024 - december 2024,Dec 2024,Vrijetijds- en artistieke beroepen,"Medewerkers bij toerisme, vrije tijd en sport",Redder,4
2024-12-31,2024,12,januari 2024 - december 2024,Dec 2024,Vrijetijds- en artistieke beroepen,Podium- en audiovisuele technici,Polyvalent podiumtechnicus,4
2025-12-31,2025,12,januari 2025 - december 2025,Dec 2025,Bouwberoepen,Bouwtechnici,Architect,17
2025-12-31,2025,12,januari 2025 - december 2025,Dec 2025,Bouwberoepen,Bouwtechnici,BIM-expert (Building Information Modeling),5
2025-12-31,2025,12,januari 2025 - december 2025,Dec 2025,Bouwberoepen,Bouwtechnici,Bodemonderzoeker,7
2025-12-31,2025,12,januari 2025 - december 2025,Dec 2025,Bouwberoepen,Bouwtechnici,Bouwkundig tekenaar,155
2025-12-31,2025,12,januari 2025 - december 2025,Dec 2025,Bouwberoepen,Bouwtechnici,Calculator bouw,428
2025-12-31,2025,12,januari 2025 - december 2025,Dec 2025,Bouwberoepen,Bouwtechnici,Energiedeskundige gebouwen,4
2025-12-31,2025,12,januari 2025 - december 2025,Dec 2025,Bouwberoepen,Bouwtechnici,Expert technische controle en keuring bouw,7
2025-12-31,2025,12,januari 2025 - december 2025,Dec 2025,Bouwberoepen,Bouwtechnici,Ingenieur studie en advies bouw,229
2025-12-31,2025,12,januari 2025 - december 2025,Dec 2025,Bouwberoepen,Bouwtechnici,Interieurarchitect interieurvormgever,46
2025-12-31,2025,12,januari 2025 - december 2025,Dec 2025,Bouwberoepen,Bouwtechnici,Landmeter,28
2025-12-31,2025,12,januari 2025 - december 2025,Dec 2025,Bouwberoepen,Bouwtechnici,Landschapsarchitect,3
2025-12-31,2025,12,januari 2025 - december 2025,Dec 2025,Bouwberoepen,Bouwtechnici,Projectleider bouw en openbare werken,406
2025-12-31,2025,12,januari 2025 - december 2025,Dec 2025,Bouwberoepen,Bouwtechnici,Veiligheidscoördinator,52
2025-12-31,2025,12,januari 2025 - december 2025,Dec 2025,Bouwberoepen,Bouwtechnici,Verantwoordelijke onderhoud van gebouwen en infrastructuur,18
2025-12-31,2025,12,januari 2025 - december 2025,Dec 2025,Bouwberoepen,Bouwtechnici,Werfbediende,42
2025-12-31,2025,12,januari 2025 - december 2025,Dec 2025,Bouwberoepen,Bouwtechnici,Werfleider,979
2025-12-31,2025,12,januari 2025 - december 2025,Dec 2025,Bouwberoepen,Bouwvakkers,"Aansluiter van waterleidingen, rioleringen en warmtenetten",49
2025-12-31,2025,12,januari 2025 - december 2025,Dec 2025,Bouwberoepen,Bouwvakkers,Asbestverwijderaar,68
2025-12-31,2025,12,januari 2025 - december 2025,Dec 2025,Bouwberoepen,Bouwvakkers,Bekister-betonneerder,202
2025-12-31,2025,12,januari 2025 - december 2025,Dec 2025,Bouwberoepen,Bouwvakkers,Beveiligingstechnicus,48
2025-12-31,2025,12,januari 2025 - december 2025,Dec 2025,Bouwberoepen,Bouwvakkers,Brandertechnicus,23
2025-12-31,2025,12,januari 2025 - december 2025,Dec 2025,Bouwberoepen,Bouwvakkers,Daktimmerman,51
2025-12-31,2025,12,januari 2025 - december 2025,Dec 2025,Bouwberoepen,Bouwvakkers,Dakwerker,602
2025-12-31,2025,12,januari 2025 - december 2025,Dec 2025,Bouwberoepen,Bouwvakkers,Datacommunicatie- en netwerktechnicus,343
2025-12-31,2025,12,januari 2025 - december 2025,Dec 2025,Bouwberoepen,Bouwvakkers,Dekvloerlegger,5
2025-12-31,2025,12,januari 2025 - december 2025,Dec 2025,Bouwberoepen,Bouwvakkers,Elektrotechnisch installateur,57
2025-12-31,2025,12,januari 2025 - december 2025,Dec 2025,Bouwberoepen,Bouwvakkers,Gevelreiniger,11
2025-12-31,2025,12,januari 2025 - december 2025,Dec 2025,Bouwberoepen,Bouwvakkers,Gevelrenoveerder-betonhersteller,42
2025-12-31,2025,12,januari 2025 - december 2025,Dec 2025,Bouwberoepen,Bouwvakkers,Glaswerker,17
2025-12-31,2025,12,januari 2025 - december 2025,Dec 2025,Bouwberoepen,Bouwvakkers,Industrieel isolatiewerker,80
2025-12-31,2025,12,januari 2025 - december 2025,Dec 2025,Bouwberoepen,Bouwvakkers,Installateur elektrotechnische basiscomponenten,2
2025-12-31,2025,12,januari 2025 - december 2025,Dec 2025,Bouwberoepen,Bouwvakkers,Installateur energiemanagementsystemen,135
2025-12-31,2025,12,januari 2025 - december 2025,Dec 2025,Bouwberoepen,Bouwvakkers,Installateur gebouwenautomatisering,0
2025-12-31,2025,12,januari 2025 - december 2025,Dec 2025,Bouwberoepen,Bouwvakkers,Installateur nutsvoorzieningen,63
2025-12-31,2025,12,januari 2025 - december 2025,Dec 2025,Bouwberoepen,Bouwvakkers,Interieurbouwer,231
2025-12-31,2025,12,januari 2025 - december 2025,Dec 2025,Bouwberoepen,Bouwvakkers,Isoleerder ruwbouw en dak,10
2025-12-31,2025,12,januari 2025 - december 2025,Dec 2025,Bouwberoepen,Bouwvakkers,Medewerker ruwbouw,808
2025-12-31,2025,12,januari 2025 - december 2025,Dec 2025,Bouwberoepen,Bouwvakkers,Metselaar,438
2025-12-31,2025,12,januari 2025 - december 2025,Dec 2025,Bouwberoepen,Bouwvakkers,Monteur installatietechnieken,652
2025-12-31,2025,12,januari 2025 - december 2025,Dec 2025,Bouwberoepen,Bouwvakkers,Natuursteenbewerker,8
2025-12-31,2025,12,januari 2025 - december 2025,Dec 2025,Bouwberoepen,Bouwvakkers,Onderhoudsmedewerker gebouwen,91
2025-12-31,2025,12,januari 2025 - december 2025,Dec 2025,Bouwberoepen,Bouwvakkers,Onderhoudsmedewerker wegennet,7
2025-12-31,2025,12,januari 2025 - december 2025,Dec 2025,Bouwberoepen,Bouwvakkers,Onderwaterwerker,2
2025-12-31,2025,12,januari 2025 - december 2025,Dec 2025,Bouwberoepen,Bouwvakkers,Plaatser binnenschrijnwerk,118
2025-12-31,2025,12,januari 2025 - december 2025,Dec 2025,Bouwberoepen,Bouwvakkers,Plaatser buitenschrijnwerk,318
2025-12-31,2025,12,januari 2025 - december 2025,Dec 2025,Bouwberoepen,Bouwvakkers,Plaatser van boven- en ondergrondse leidingen,508
2025-12-31,2025,12,januari 2025 - december 2025,Dec 2025,Bouwberoepen,Bouwvakkers,Plaatser van houten vloerbedekking,16
2025-12-31,2025,12,januari 2025 - december 2025,Dec 2025,Bouwberoepen,Bouwvakkers,Plaatser van soepele vloerbekledingen,17
2025-12-31,2025,12,januari 2025 - december 2025,Dec 2025,Bouwberoepen,Bouwvakkers,Rioollegger,25
2025-12-31,2025,12,januari 2025 - december 2025,Dec 2025,Bouwberoepen,Bouwvakkers,Schilder-decorateur,308
2025-12-31,2025,12,januari 2025 - december 2025,Dec 2025,Bouwberoepen,Bouwvakkers,Schrijnwerker houtbouw,36
2025-12-31,2025,12,januari 2025 - december 2025,Dec 2025,Bouwberoepen,Bouwvakkers,Steigerbouwer,151
2025-12-31,2025,12,januari 2025 - december 2025,Dec 2025,Bouwberoepen,Bouwvakkers,Stukadoor,173
2025-12-31,2025,12,januari 2025 - december 2025,Dec 2025,Bouwberoepen,Bouwvakkers,Technicus hernieuwbare energietechnieken,4
2025-12-31,2025,12,januari 2025 - december 2025,Dec 2025,Bouwberoepen,Bouwvakkers,Technicus installatietechnieken,75
2025-12-31,2025,12,januari 2025 - december 2025,Dec 2025,Bouwberoepen,Bouwvakkers,Vloerder-tegelzetter,138
2025-12-31,2025,12,januari 2025 - december 2025,Dec 2025,Bouwberoepen,Bouwvakkers,Voeger,25
2025-12-31,2025,12,januari 2025 - december 2025,Dec 2025,Bouwberoepen,Bouwvakkers,Wegenwerker,1400
2025-12-31,2025,12,januari 2025 - december 2025,Dec 2025,Bouwberoepen,Machinisten en kraanmannen,Bediener grondverzetmachines,257
2025-12-31,2025,12,januari 2025 - december 2025,Dec 2025,Bouwberoepen,Machinisten en kraanmannen,Bediener machines horizontale boringen,29
2025-12-31,2025,12,januari 2025 - december 2025,Dec 2025,Bouwberoepen,Machinisten en kraanmannen,Bediener machines verticale boringen,7
2025-12-31,2025,12,januari 2025 - december 2025,Dec 2025,Bouwberoepen,Machinisten en kraanmannen,Bediener of medewerker diepfunderingsmachines,1
2025-12-31,2025,12,januari 2025 - december 2025,Dec 2025,Bouwberoepen,Machinisten en kraanmannen,Bediener van betonnerings- en asfalteringsmachines,5
2025-12-31,2025,12,januari 2025 - december 2025,Dec 2025,Bouwberoepen,Machinisten en kraanmannen,Kraanbestuurder,249
2025-12-31,2025,12,januari 2025 - december 2025,Dec 2025,Bouwberoepen,Machinisten en kraanmannen,Torenkraanbediener,14
2025-12-31,2025,12,januari 2025 - december 2025,Dec 2025,Dienstverlenende beroepen,Adviesverleners,Arbeidsbemiddelaar-jobcoach,1
2025-12-31,2025,12,januari 2025 - december 2025,Dec 2025,Dienstverlenende beroepen,Adviesverleners,Maatschappelijk werker,1
2025-12-31,2025,12,januari 2025 - december 2025,Dec 2025,Dienstverlenende beroepen,Experts vastgoed,Rentmeester,1
2025-12-31,2025,12,januari 2025 - december 2025,Dec 2025,Dienstverlenende beroepen,Experts vastgoed,Syndicus,1
2025-12-31,2025,12,januari 2025 - december 2025,Dec 2025,Dienstverlenende beroepen,Experts vastgoed,Vastgoedbemiddelaar overdracht,1
2025-12-31,2025,12,januari 2025 - december 2025,Dec 2025,Dienstverlenende beroepen,Experts vastgoed,Vastgoedbemiddelaar verkoop en verhuur,7
2025-12-31,2025,12,januari 2025 - december 2025,Dec 2025,Dienstverlenende beroepen,Experts vastgoed,Vastgoedpromotor,11
2025-12-31,2025,12,januari 2025 - december 2025,Dec 2025,Dienstverlenende beroepen,Juridische dienstverleners,Juridisch medewerker,3
2025-12-31,2025,12,januari 2025 - december 2025,Dec 2025,Dienstverlenende beroepen,Juridische dienstverleners,Jurist,30
2025-12-31,2025,12,januari 2025 - december 2025,Dec 2025,Dienstverlenende beroepen,Medewerkers in finance,Adviseur kredieten,1
2025-12-31,2025,12,januari 2025 - december 2025,Dec 2025,Dienstverlenende beroepen,Medewerkers in finance,Back-office medewerker in de financiële sector,1
2025-12-31,2025,12,januari 2025 - december 2025,Dec 2025,Dienstverlenende beroepen,Medewerkers in finance,Beheerder verzekeringen,3
2025-12-31,2025,12,januari 2025 - december 2025,Dec 2025,Dienstverlenende beroepen,Medewerkers in finance,Financieel analist,4
2025-12-31,2025,12,januari 2025 - december 2025,Dec 2025,Dienstverlenende beroepen,Medewerkers in finance,Revisor,0
2025-12-31,2025,12,januari 2025 - december 2025,Dec 2025,Dienstverlenende beroepen,Medewerkers in finance,Underwriter verzekeringen,1
2025-12-31,2025,12,januari 2025 - december 2025,Dec 2025,Dienstverlenende beroepen,Ordehandhavers en reddingswerkers,Politieagent,3
2025-12-31,2025,12,januari 2025 - december 2025,Dec 2025,Dienstverlenende beroepen,Persoonlijke dienstverleners,Conciërge,2
2025-12-31,2025,12,januari 2025 - december 2025,Dec 2025,Dienstverlenende beroepen,Persoonlijke dienstverleners,Dierenverzorger,1
2025-12-31,2025,12,januari 2025 - december 2025,Dec 2025,Dienstverlenende beroepen,Persoonlijke dienstverleners,Kapper,7
2025-12-31,2025,12,januari 2025 - december 2025,Dec 2025,Dienstverlenende beroepen,Persoonlijke dienstverleners,Medewerker kuuroord,7
2025-12-31,2025,12,januari 2025 - december 2025,Dec 2025,Dienstverlenende beroepen,Persoonlijke dienstverleners,Schoonheidsspecialist,1
2025-12-31,2025,12,januari 2025 - december 2025,Dec 2025,Dienstverlenende beroepen,Publieke dienstverleners,Sociaal-cultureel begeleider,1
2025-12-31,2025,12,januari 2025 - december 2025,Dec 2025,Dienstverlenende beroepen,Schoonmaak- en onderhoudspersoneel,Carwashmedewerker,1
2025-12-31,2025,12,januari 2025 - december 2025,Dec 2025,Dienstverlenende beroepen,Schoonmaak- en onderhoudspersoneel,Huishoudhulp-poetshulp,16
2025-12-31,2025,12,januari 2025 - december 2025,Dec 2025,Dienstverlenende beroepen,Schoonmaak- en onderhoudspersoneel,Industrieel reiniger,16
2025-12-31,2025,12,januari 2025 - december 2025,Dec 2025,Dienstverlenende beroepen,Schoonmaak- en onderhoudspersoneel,Leidinggevende schoonmaak,0
2025-12-31,2025,12,januari 2025 - december 2025,Dec 2025,Dienstverlenende beroepen,Schoonmaak- en onderhoudspersoneel,Milieuwerker,1
2025-12-31,2025,12,januari 2025 - december 2025,Dec 2025,Dienstverlenende beroepen,Schoonmaak- en onderhoudspersoneel,Recyclageparkwachter,2
2025-12-31,2025,12,januari 2025 - december 2025,Dec 2025,Dienstverlenende beroepen,Schoonmaak- en onderhoudspersoneel,Ruitenwasser,2
2025-12-31,2025,12,januari 2025 - december 2025,Dec 2025,Dienstverlenende beroepen,Schoonmaak- en onderhoudspersoneel,Schoonmaker van ruimten en lokalen,104
2025-12-31,2025,12,januari 2025 - december 2025,Dec 2025,Handels- en verkoopberoepen,Verkooppersoneel,Assistent winkelmanager,2
2025-12-31,2025,12,januari 2025 - december 2025,Dec 2025,Handels- en verkoopberoepen,Verkooppersoneel,Technisch adviseur klantenondersteuning,19
2025-12-31,2025,12,januari 2025 - december 2025,Dec 2025,Handels- en verkoopberoepen,Verkooppersoneel,"Verhuurder van gereedschappen, transportmiddelen of vrijetijdsmaterieel",2
2025-12-31,2025,12,januari 2025 - december 2025,Dec 2025,Handels- en verkoopberoepen,Verkooppersoneel,Winkelmanager,1
2025-12-31,2025,12,januari 2025 - december 2025,Dec 2025,Handels- en verkoopberoepen,Verkooppersoneel,Winkelverkoper,88
2025-12-31,2025,12,januari 2025 - december 2025,Dec 2025,Handels- en verkoopberoepen,Vertegenwoordigers,Vertegenwoordiger B2B,225
2025-12-31,2025,12,januari 2025 - december 2025,Dec 2025,Handels- en verkoopberoepen,Vertegenwoordigers,Vertegenwoordiger B2C,14
2025-12-31,2025,12,januari 2025 - december 2025,Dec 2025,Horecaberoepen,Horecapersoneel,Hulpkok,19
2025-12-31,2025,12,januari 2025 - december 2025,Dec 2025,Horecaberoepen,Horecapersoneel,Kelner,11
2025-12-31,2025,12,januari 2025 - december 2025,Dec 2025,Horecaberoepen,Horecapersoneel,Keukenmedewerker,14
2025-12-31,2025,12,januari 2025 - december 2025,Dec 2025,Horecaberoepen,Horecapersoneel,Keukenverantwoordelijke,6
2025-12-31,2025,12,januari 2025 - december 2025,Dec 2025,Horecaberoepen,Horecapersoneel,Kok,8
2025-12-31,2025,12,januari 2025 - december 2025,Dec 2025,Horecaberoepen,Horecapersoneel,Medewerker fastfood,2
2025-12-31,2025,12,januari 2025 - december 2025,Dec 2025,Horecaberoepen,Horecapersoneel,Polyvalent hotelmedewerker,3
2025-12-31,2025,12,januari 2025 - december 2025,Dec 2025,Industriële beroepen en ambachten,Beoefenaars van ambachten,Ambachtelijk glasbewerker,1
2025-12-31,2025,12,januari 2025 - december 2025,Dec 2025,Industriële beroepen en ambachten,Beoefenaars van ambachten,Ambachtelijk metaalbewerker,1
2025-12-31,2025,12,januari 2025 - december 2025,Dec 2025,Industriële beroepen en ambachten,Beoefenaars van ambachten,Decorateur van kunst- en artisanale objecten,3
2025-12-31,2025,12,januari 2025 - december 2025,Dec 2025,Industriële beroepen en ambachten,Bewerkers van voeding,Charcutier,9
2025-12-31,2025,12,januari 2025 - december 2025,Dec 2025,Industriële beroepen en ambachten,Bewerkers van voeding,Productieoperator voedingsindustrie,3
2025-12-31,2025,12,januari 2025 - december 2025,Dec 2025,Industriële beroepen en ambachten,Bewerkers van voeding,Slager,37
2025-12-31,2025,12,januari 2025 - december 2025,Dec 2025,Industriële beroepen en ambachten,Bewerkers van voeding,Uitsnijder-uitbener,1
2025-12-31,2025,12,januari 2025 - december 2025,Dec 2025,Industriële beroepen en ambachten,Diverse productiemedewerkers en operatoren,Industrieel schilder,41
2025-12-31,2025,12,januari 2025 - december 2025,Dec 2025,Industriële beroepen en ambachten,Diverse productiemedewerkers en operatoren,Operator glasbewerking,2
2025-12-31,2025,12,januari 2025 - december 2025,Dec 2025,Industriële beroepen en ambachten,Diverse productiemedewerkers en operatoren,Productiemedewerker,91
2025-12-31,2025,12,januari 2025 - december 2025,Dec 2025,Industriële beroepen en ambachten,Diverse productiemedewerkers en operatoren,Productiemedewerker prefabbeton,16
2025-12-31,2025,12,januari 2025 - december 2025,Dec 2025,Industriële beroepen en ambachten,Diverse productiemedewerkers en operatoren,Productieoperator bouw- en prefabmaterialen,2
2025-12-31,2025,12,januari 2025 - december 2025,Dec 2025,Industriële beroepen en ambachten,Diverse productiemedewerkers en operatoren,Productieoperator elektrische en elektronische componenten,68
2025-12-31,2025,12,januari 2025 - december 2025,Dec 2025,Industriële beroepen en ambachten,Diverse productiemedewerkers en operatoren,"Productieoperator van stortbeton, cement, asfalt en granulaten",23
2025-12-31,2025,12,januari 2025 - december 2025,Dec 2025,Industriële beroepen en ambachten,Diverse productiemedewerkers en operatoren,Regelaar-afsteller van productie-installaties,1
2025-12-31,2025,12,januari 2025 - december 2025,Dec 2025,Industriële beroepen en ambachten,Diverse productiemedewerkers en operatoren,Uitvoerder van werken op hoogte,35
2025-12-31,2025,12,januari 2025 - december 2025,Dec 2025,Industriële beroepen en ambachten,Diverse productiemedewerkers en operatoren,Verpakker,1
2025-12-31,2025,12,januari 2025 - december 2025,Dec 2025,Industriële beroepen en ambachten,Drukkers,Operator print & sign,8
2025-12-31,2025,12,januari 2025 - december 2025,Dec 2025,Industriële beroepen en ambachten,Industriële technici,Expert productieproces en -methodes,38
2025-12-31,2025,12,januari 2025 - december 2025,Dec 2025,Industriële beroepen en ambachten,Industriële technici,Industrieel elektromecanicien,349
2025-12-31,2025,12,januari 2025 - december 2025,Dec 2025,Industriële beroepen en ambachten,Industriële technici,Industrieel laborant,13
2025-12-31,2025,12,januari 2025 - december 2025,Dec 2025,Industriële beroepen en ambachten,Industriële technici,Industrieel onderhoudstechnicus,222
2025-12-31,2025,12,januari 2025 - december 2025,Dec 2025,Industriële beroepen en ambachten,Industriële technici,Koeltechnicus,116
2025-12-31,2025,12,januari 2025 - december 2025,Dec 2025,Industriële beroepen en ambachten,Industriële technici,Lifttechnicus,75
2025-12-31,2025,12,januari 2025 - december 2025,Dec 2025,Industriële beroepen en ambachten,Industriële technici,Medewerker kwaliteitscontrole,8
2025-12-31,2025,12,januari 2025 - december 2025,Dec 2025,Industriële beroepen en ambachten,Industriële technici,Onderhoudstechnicus industriële automatisering,5
2025-12-31,2025,12,januari 2025 - december 2025,Dec 2025,Industriële beroepen en ambachten,Industriële technici,Onderhoudstechnicus waterdistributie en sanering,1
2025-12-31,2025,12,januari 2025 - december 2025,Dec 2025,Industriële beroepen en ambachten,Industriële technici,Ontwerper industriële automatisering,27
2025-12-31,2025,12,januari 2025 - december 2025,Dec 2025,Industriële beroepen en ambachten,Industriële technici,Productieplanner,68
2025-12-31,2025,12,januari 2025 - december 2025,Dec 2025,Industriële beroepen en ambachten,Industriële technici,Regeltechnicus klimatisatie,210
2025-12-31,2025,12,januari 2025 - december 2025,Dec 2025,Industriële beroepen en ambachten,Industriële technici,Technicus elektro en elektronica,19
2025-12-31,2025,12,januari 2025 - december 2025,Dec 2025,Industriële beroepen en ambachten,Industriële technici,Technicus elektronische installaties,285
2025-12-31,2025,12,januari 2025 - december 2025,Dec 2025,Industriële beroepen en ambachten,Industriële technici,"Technicus veiligheid, hygiëne en leefmilieu",1
2025-12-31,2025,12,januari 2025 - december 2025,Dec 2025,Industriële beroepen en ambachten,Industriële technici,Werkvoorbereider,77
2025-12-31,2025,12,januari 2025 - december 2025,Dec 2025,Industriële beroepen en ambachten,Medewerkers houtindustrie,Machinaal houtbewerker,5
2025-12-31,2025,12,januari 2025 - december 2025,Dec 2025,Industriële beroepen en ambachten,Medewerkers houtindustrie,Medewerker assemblage houten verpakkingen en palletten,2
2025-12-31,2025,12,januari 2025 - december 2025,Dec 2025,Industriële beroepen en ambachten,Medewerkers houtindustrie,Meubelmaker,78
2025-12-31,2025,12,januari 2025 - december 2025,Dec 2025,Industriële beroepen en ambachten,Medewerkers houtindustrie,Operator CNC-gestuurde houtbewerkingsmachines,13
2025-12-31,2025,12,januari 2025 - december 2025,Dec 2025,Industriële beroepen en ambachten,Medewerkers houtindustrie,Operator in de houtzagerij,1
2025-12-31,2025,12,januari 2025 - december 2025,Dec 2025,Industriële beroepen en ambachten,Medewerkers houtindustrie,Productieoperator hout,5
2025-12-31,2025,12,januari 2025 - december 2025,Dec 2025,Industriële beroepen en ambachten,Medewerkers houtindustrie,Werkplaatsschrijnwerker,157
2025-12-31,2025,12,januari 2025 - december 2025,Dec 2025,Industriële beroepen en ambachten,Monteurs en installateurs elektrotechniek,Bordenbouwer - Elektromonteur machinebouw,32
2025-12-31,2025,12,januari 2025 - december 2025,Dec 2025,Industriële beroepen en ambachten,Monteurs en installateurs elektrotechniek,Elektrotechnicus,875
2025-12-31,2025,12,januari 2025 - december 2025,Dec 2025,Industriële beroepen en ambachten,Monteurs en installateurs elektrotechniek,Technicus industriële elektriciteit,8
2025-12-31,2025,12,januari 2025 - december 2025,Dec 2025,Industriële beroepen en ambachten,Professionals in de metaalindustrie,Insteller-omsteller plaatbewerking,8
2025-12-31,2025,12,januari 2025 - december 2025,Dec 2025,Industriële beroepen en ambachten,Professionals in de metaalindustrie,Insteller-omsteller verspaning,52
2025-12-31,2025,12,januari 2025 - december 2025,Dec 2025,Industriële beroepen en ambachten,Professionals in de metaalindustrie,Machinebouwer,2
2025-12-31,2025,12,januari 2025 - december 2025,Dec 2025,Industriële beroepen en ambachten,Professionals in de metaalindustrie,Manueel lasser,151
2025-12-31,2025,12,januari 2025 - december 2025,Dec 2025,Industriële beroepen en ambachten,Professionals in de metaalindustrie,Monteur staalconstructies,120
2025-12-31,2025,12,januari 2025 - december 2025,Dec 2025,Industriële beroepen en ambachten,Professionals in de metaalindustrie,Operator montage en assemblage,33
2025-12-31,2025,12,januari 2025 - december 2025,Dec 2025,Industriële beroepen en ambachten,Professionals in de metaalindustrie,Pijpfitter,53
2025-12-31,2025,12,januari 2025 - december 2025,Dec 2025,Industriële beroepen en ambachten,Professionals in de metaalindustrie,Productieoperator metaal,8
2025-12-31,2025,12,januari 2025 - december 2025,Dec 2025,Industriële beroepen en ambachten,Professionals in de metaalindustrie,Rigger-monteerder,56
2025-12-31,2025,12,januari 2025 - december 2025,Dec 2025,Industriële beroepen en ambachten,Specialisten chemie en kunststoffen,Procesoperator chemische industrie,7
2025-12-31,2025,12,januari 2025 - december 2025,Dec 2025,Industriële beroepen en ambachten,Specialisten chemie en kunststoffen,Productiemedewerker kunststofverwerking,1
2025-12-31,2025,12,januari 2025 - december 2025,Dec 2025,Industriële beroepen en ambachten,Specialisten chemie en kunststoffen,Productieoperator-machineregelaar kunststoffen,1
2025-12-31,2025,12,januari 2025 - december 2025,Dec 2025,Industriële beroepen en ambachten,Technisch leidinggevenden,Afdelingsverantwoordelijke productie,21
2025-12-31,2025,12,januari 2025 - december 2025,Dec 2025,Industriële beroepen en ambachten,Technisch leidinggevenden,Productiemanager,16
2025-12-31,2025,12,januari 2025 - december 2025,Dec 2025,Industriële beroepen en ambachten,Technisch leidinggevenden,Projectmanager engineering,170
2025-12-31,2025,12,januari 2025 - december 2025,Dec 2025,Industriële beroepen en ambachten,Technisch leidinggevenden,Teamleader productie,8
2025-12-31,2025,12,januari 2025 - december 2025,Dec 2025,Industriële beroepen en ambachten,Technisch leidinggevenden,Verantwoordelijke beheer en onderhoud van voertuigen,4
2025-12-31,2025,12,januari 2025 - december 2025,Dec 2025,Industriële beroepen en ambachten,Technisch leidinggevenden,Verantwoordelijke industrieel onderhoud,43
2025-12-31,2025,12,januari 2025 - december 2025,Dec 2025,Industriële beroepen en ambachten,Technisch leidinggevenden,Verantwoordelijke kwaliteitscontrole,27
2025-12-31,2025,12,januari 2025 - december 2025,Dec 2025,Industriële beroepen en ambachten,Technisch leidinggevenden,Verantwoordelijke onderzoek en ontwikkeling,5
2025-12-31,2025,12,januari 2025 - december 2025,Dec 2025,Industriële beroepen en ambachten,Technisch leidinggevenden,Verantwoordelijke productieproces en -methodes,1
2025-12-31,2025,12,januari 2025 - december 2025,Dec 2025,Industriële beroepen en ambachten,Tekenaars en vormgevers,Grafisch vormgever,4
2025-12-31,2025,12,januari 2025 - december 2025,Dec 2025,Industriële beroepen en ambachten,Tekenaars en vormgevers,Productontwikkelaar,5
2025-12-31,2025,12,januari 2025 - december 2025,Dec 2025,Industriële beroepen en ambachten,Tekenaars en vormgevers,"Tekenaar-ontwerper elektriciteit, elektronica",81
2025-12-31,2025,12,januari 2025 - december 2025,Dec 2025,Industriële beroepen en ambachten,Tekenaars en vormgevers,Tekenaar-ontwerper mechanica,13
2025-12-31,2025,12,januari 2025 - december 2025,Dec 2025,Industriële beroepen en ambachten,Voer- en werktuigherstellers,OAD-technicus van personenwagens en lichte bedrijfsvoertuigen,3
2025-12-31,2025,12,januari 2025 - december 2025,Dec 2025,Industriële beroepen en ambachten,Voer- en werktuigherstellers,OD-technicus van zware bedrijfsvoertuigen,6
2025-12-31,2025,12,januari 2025 - december 2025,Dec 2025,Industriële beroepen en ambachten,Voer- en werktuigherstellers,Onderhoudsmecanicien van personenwagens en lichte bedrijfsvoertuigen,14
2025-12-31,2025,12,januari 2025 - december 2025,Dec 2025,Industriële beroepen en ambachten,Voer- en werktuigherstellers,Onderhoudsmecanicien van zware bedrijfsvoertuigen,24
2025-12-31,2025,12,januari 2025 - december 2025,Dec 2025,Industriële beroepen en ambachten,Voer- en werktuigherstellers,Plaatwerker carrosserie,3
2025-12-31,2025,12,januari 2025 - december 2025,Dec 2025,Industriële beroepen en ambachten,Voer- en werktuigherstellers,Spuiter carrosserie,4
2025-12-31,2025,12,januari 2025 - december 2025,Dec 2025,Industriële beroepen en ambachten,Voer- en werktuigherstellers,Technicus van bromfietsen en motorfietsen,1
2025-12-31,2025,12,januari 2025 - december 2025,Dec 2025,Industriële beroepen en ambachten,Voer- en werktuigherstellers,"Technicus werf-, landbouw- en hefmachines",102
2025-12-31,2025,12,januari 2025 - december 2025,Dec 2025,Industriële beroepen en ambachten,Voer- en werktuigherstellers,Werktuigkundige scheepvaart,4
2025-12-31,2025,12,januari 2025 - december 2025,Dec 2025,"Land-, tuin- en bosbouw- en visserijberoepen","Land-, tuin- en bosbouwers en vissers",Bestuurder van bosexploitatiemachines,1
2025-12-31,2025,12,januari 2025 - december 2025,Dec 2025,"Land-, tuin- en bosbouw- en visserijberoepen","Land-, tuin- en bosbouwers en vissers",Medewerker landbouw,1
2025-12-31,2025,12,januari 2025 - december 2025,Dec 2025,"Land-, tuin- en bosbouw- en visserijberoepen","Land-, tuin- en bosbouwers en vissers",Medewerker loonwerk,1
2025-12-31,2025,12,januari 2025 - december 2025,Dec 2025,"Land-, tuin- en bosbouw- en visserijberoepen","Land-, tuin- en bosbouwers en vissers",Medewerker tuin- en groenaanleg en -onderhoud,40
2025-12-31,2025,12,januari 2025 - december 2025,Dec 2025,"Land-, tuin- en bosbouw- en visserijberoepen","Land-, tuin- en bosbouwers en vissers",Medewerker tuinbouw,3
2025-12-31,2025,12,januari 2025 - december 2025,Dec 2025,"Land-, tuin- en bosbouw- en visserijberoepen","Land-, tuin- en bosbouwers en vissers",Verantwoordelijke tuin- en groenaanleg en -onderhoud,10
2025-12-31,2025,12,januari 2025 - december 2025,Dec 2025,"Medische, paramedische en verzorgende beroepen",Paramedici,Ergotherapeut,1
2025-12-31,2025,12,januari 2025 - december 2025,Dec 2025,Onbekend,Onbekend,Onbekend,3
2025-12-31,2025,12,januari 2025 - december 2025,Dec 2025,Organisatieondersteunende en kennisberoepen,Accountants,Accountant,94
2025-12-31,2025,12,januari 2025 - december 2025,Dec 2025,Organisatieondersteunende en kennisberoepen,Accountants,Assistent accountancy,119
2025-12-31,2025,12,januari 2025 - december 2025,Dec 2025,Organisatieondersteunende en kennisberoepen,Accountants,Credit collector,0
2025-12-31,2025,12,januari 2025 - december 2025,Dec 2025,Organisatieondersteunende en kennisberoepen,Administratief medewerkers,Managementassistent,53
2025-12-31,2025,12,januari 2025 - december 2025,Dec 2025,Organisatieondersteunende en kennisberoepen,Administratief medewerkers,Onthaalmedewerker,21
2025-12-31,2025,12,januari 2025 - december 2025,Dec 2025,Organisatieondersteunende en kennisberoepen,Administratief medewerkers,Polyvalent administratief medewerker,684
2025-12-31,2025,12,januari 2025 - december 2025,Dec 2025,Organisatieondersteunende en kennisberoepen,Administratief medewerkers,Technisch-administratief medewerker,248
2025-12-31,2025,12,januari 2025 - december 2025,Dec 2025,Organisatieondersteunende en kennisberoepen,Bedrijfsadviseurs,Business analist,10
2025-12-31,2025,12,januari 2025 - december 2025,Dec 2025,Organisatieondersteunende en kennisberoepen,Bedrijfsadviseurs,Business en financial controller,38
2025-12-31,2025,12,januari 2025 - december 2025,Dec 2025,Organisatieondersteunende en kennisberoepen,Bedrijfsadviseurs,Compliance officer,1
2025-12-31,2025,12,januari 2025 - december 2025,Dec 2025,Organisatieondersteunende en kennisberoepen,Bedrijfsadviseurs,Mediabuyer,2
2025-12-31,2025,12,januari 2025 - december 2025,Dec 2025,Organisatieondersteunende en kennisberoepen,Bedrijfsadviseurs,Milieucoördinator,19
2025-12-31,2025,12,januari 2025 - december 2025,Dec 2025,Organisatieondersteunende en kennisberoepen,Bedrijfsadviseurs,Preventieadviseur,54
2025-12-31,2025,12,januari 2025 - december 2025,Dec 2025,Organisatieondersteunende en kennisberoepen,Bedrijfsadviseurs,Projectmanager business,18
2025-12-31,2025,12,januari 2025 - december 2025,Dec 2025,Organisatieondersteunende en kennisberoepen,Controleurs en inspecteurs,Technisch inspecteur industrie,2
2025-12-31,2025,12,januari 2025 - december 2025,Dec 2025,Organisatieondersteunende en kennisberoepen,HR-experts,Payroll advisor,26
2025-12-31,2025,12,januari 2025 - december 2025,Dec 2025,Organisatieondersteunende en kennisberoepen,HR-experts,Personeelsmedewerker,56
2025-12-31,2025,12,januari 2025 - december 2025,Dec 2025,Organisatieondersteunende en kennisberoepen,HR-experts,Verantwoordelijke werving en opleiding,45
2025-12-31,2025,12,januari 2025 - december 2025,Dec 2025,Organisatieondersteunende en kennisberoepen,Informatici en ICT-medewerkers,Data engineer,9
2025-12-31,2025,12,januari 2025 - december 2025,Dec 2025,Organisatieondersteunende en kennisberoepen,Informatici en ICT-medewerkers,Data manager,2
2025-12-31,2025,12,januari 2025 - december 2025,Dec 2025,Organisatieondersteunende en kennisberoepen,Informatici en ICT-medewerkers,Data scientist,2
2025-12-31,2025,12,januari 2025 - december 2025,Dec 2025,Organisatieondersteunende en kennisberoepen,Informatici en ICT-medewerkers,Game-ontwikkelaar,4
2025-12-31,2025,12,januari 2025 - december 2025,Dec 2025,Organisatieondersteunende en kennisberoepen,Informatici en ICT-medewerkers,ICT architect,0
2025-12-31,2025,12,januari 2025 - december 2025,Dec 2025,Organisatieondersteunende en kennisberoepen,Informatici en ICT-medewerkers,Integratie expert ICT,26
2025-12-31,2025,12,januari 2025 - december 2025,Dec 2025,Organisatieondersteunende en kennisberoepen,Informatici en ICT-medewerkers,Netwerk engineer telecom,1
2025-12-31,2025,12,januari 2025 - december 2025,Dec 2025,Organisatieondersteunende en kennisberoepen,Informatici en ICT-medewerkers,Netwerkbeheerder,10
2025-12-31,2025,12,januari 2025 - december 2025,Dec 2025,Organisatieondersteunende en kennisberoepen,Informatici en ICT-medewerkers,Software analist,8
2025-12-31,2025,12,januari 2025 - december 2025,Dec 2025,Organisatieondersteunende en kennisberoepen,Informatici en ICT-medewerkers,Software ontwikkelaar,24
2025-12-31,2025,12,januari 2025 - december 2025,Dec 2025,Organisatieondersteunende en kennisberoepen,Informatici en ICT-medewerkers,Support medewerker ICT,21
2025-12-31,2025,12,januari 2025 - december 2025,Dec 2025,Organisatieondersteunende en kennisberoepen,Informatici en ICT-medewerkers,Systeembeheerder,9
2025-12-31,2025,12,januari 2025 - december 2025,Dec 2025,Organisatieondersteunende en kennisberoepen,Leidinggevenden,Administratief en financieel verantwoordelijke,17
2025-12-31,2025,12,januari 2025 - december 2025,Dec 2025,Organisatieondersteunende en kennisberoepen,Leidinggevenden,Algemeen directeur,16
2025-12-31,2025,12,januari 2025 - december 2025,Dec 2025,Organisatieondersteunende en kennisberoepen,Leidinggevenden,Facility manager,13
2025-12-31,2025,12,januari 2025 - december 2025,Dec 2025,Organisatieondersteunende en kennisberoepen,Leidinggevenden,HR-manager,32
2025-12-31,2025,12,januari 2025 - december 2025,Dec 2025,Organisatieondersteunende en kennisberoepen,Leidinggevenden,Leidinggevende milieuzorg en sanering,1
2025-12-31,2025,12,januari 2025 - december 2025,Dec 2025,Organisatieondersteunende en kennisberoepen,Leidinggevenden,Marketingmanager,37
2025-12-31,2025,12,januari 2025 - december 2025,Dec 2025,Organisatieondersteunende en kennisberoepen,Leidinggevenden,Sales manager,6
2025-12-31,2025,12,januari 2025 - december 2025,Dec 2025,Organisatieondersteunende en kennisberoepen,Leidinggevenden,Verantwoordelijke ICT,4
2025-12-31,2025,12,januari 2025 - december 2025,Dec 2025,Organisatieondersteunende en kennisberoepen,Leidinggevenden,Verantwoordelijke aankoop,3
2025-12-31,2025,12,januari 2025 - december 2025,Dec 2025,Organisatieondersteunende en kennisberoepen,"Medewerkers commerciële strategie, marketing en verkoop",Aankoper,116
2025-12-31,2025,12,januari 2025 - december 2025,Dec 2025,Organisatieondersteunende en kennisberoepen,"Medewerkers commerciële strategie, marketing en verkoop",Accountmanager sales,1
2025-12-31,2025,12,januari 2025 - december 2025,Dec 2025,Organisatieondersteunende en kennisberoepen,"Medewerkers commerciële strategie, marketing en verkoop",Business developer,3
2025-12-31,2025,12,januari 2025 - december 2025,Dec 2025,Organisatieondersteunende en kennisberoepen,"Medewerkers commerciële strategie, marketing en verkoop",Commercieel medewerker binnendienst,90
2025-12-31,2025,12,januari 2025 - december 2025,Dec 2025,Organisatieondersteunende en kennisberoepen,"Medewerkers commerciële strategie, marketing en verkoop",Contactcenter medewerker,160
2025-12-31,2025,12,januari 2025 - december 2025,Dec 2025,Organisatieondersteunende en kennisberoepen,"Medewerkers commerciële strategie, marketing en verkoop",Content marketeer,12
2025-12-31,2025,12,januari 2025 - december 2025,Dec 2025,Organisatieondersteunende en kennisberoepen,"Medewerkers commerciële strategie, marketing en verkoop",Digital marketeer,5
2025-12-31,2025,12,januari 2025 - december 2025,Dec 2025,Organisatieondersteunende en kennisberoepen,"Medewerkers commerciële strategie, marketing en verkoop",Digital sales assistant,21
2025-12-31,2025,12,januari 2025 - december 2025,Dec 2025,Organisatieondersteunende en kennisberoepen,"Medewerkers commerciële strategie, marketing en verkoop",Marketing assistent,1
2025-12-31,2025,12,januari 2025 - december 2025,Dec 2025,Organisatieondersteunende en kennisberoepen,"Medewerkers commerciële strategie, marketing en verkoop",Productmanager,3
2025-12-31,2025,12,januari 2025 - december 2025,Dec 2025,Organisatieondersteunende en kennisberoepen,"Medewerkers commerciële strategie, marketing en verkoop",Sales engineer,76
2025-12-31,2025,12,januari 2025 - december 2025,Dec 2025,Organisatieondersteunende en kennisberoepen,Onderzoeksmedewerkers en beleidsexperten,Beleidsdeskundige,29
2025-12-31,2025,12,januari 2025 - december 2025,Dec 2025,Organisatieondersteunende en kennisberoepen,Onderzoeksmedewerkers en beleidsexperten,Expert lokale ontwikkeling,35
2025-12-31,2025,12,januari 2025 - december 2025,Dec 2025,Organisatieondersteunende en kennisberoepen,Onderzoeksmedewerkers en beleidsexperten,Marktonderzoeker,10
2025-12-31,2025,12,januari 2025 - december 2025,Dec 2025,Organisatieondersteunende en kennisberoepen,Onderzoeksmedewerkers en beleidsexperten,Wetenschappelijk onderzoeker,7
2025-12-31,2025,12,januari 2025 - december 2025,Dec 2025,Organisatieondersteunende en kennisberoepen,Specialisten kennisbeheer en communicatie,Erfgoedkundige,10
2025-12-31,2025,12,januari 2025 - december 2025,Dec 2025,Organisatieondersteunende en kennisberoepen,Specialisten kennisbeheer en communicatie,Journalist-redacteur,2
2025-12-31,2025,12,januari 2025 - december 2025,Dec 2025,Organisatieondersteunende en kennisberoepen,Specialisten kennisbeheer en communicatie,Medewerker communicatie,6
2025-12-31,2025,12,januari 2025 - december 2025,Dec 2025,Organisatieondersteunende en kennisberoepen,Specialisten kennisbeheer en communicatie,Social media manager,1
2025-12-31,2025,12,januari 2025 - december 2025,Dec 2025,Pedagogische beroepen,Onderwijzend en leidinggevend personeel in onderwijs,Opleider volwassenen,1
2025-12-31,2025,12,januari 2025 - december 2025,Dec 2025,Pedagogische beroepen,Onderwijzend en leidinggevend personeel in onderwijs,Pedagogisch coördinator,1
2025-12-31,2025,12,januari 2025 - december 2025,Dec 2025,Pedagogische beroepen,Opvoedkundig personeel,Kinderbegeleider baby's en peuters,0
2025-12-31,2025,12,januari 2025 - december 2025,Dec 2025,Pedagogische beroepen,Opvoedkundig personeel,Kinderbegeleider schoolgaande kinderen,1
2025-12-31,2025,12,januari 2025 - december 2025,Dec 2025,Transport- en logistieke beroepen,Bestuurders in het wegtransport,Vrachtwagenbestuurder,468
2025-12-31,2025,12,januari 2025 - december 2025,Dec 2025,Transport- en logistieke beroepen,Transport- en logistiek personeel,Dispatcher goederenvervoer,22
2025-12-31,2025,12,januari 2025 - december 2025,Dec 2025,Transport- en logistieke beroepen,Transport- en logistiek personeel,Dispatcher personenvervoer,5
2025-12-31,2025,12,januari 2025 - december 2025,Dec 2025,Transport- en logistieke beroepen,Transport- en logistiek personeel,Heftruckchauffeur,1
2025-12-31,2025,12,januari 2025 - december 2025,Dec 2025,Transport- en logistieke beroepen,Transport- en logistiek personeel,Koerier besteller,2
2025-12-31,2025,12,januari 2025 - december 2025,Dec 2025,Transport- en logistieke beroepen,Transport- en logistiek personeel,Logistiek verantwoordelijke,50
2025-12-31,2025,12,januari 2025 - december 2025,Dec 2025,Transport- en logistieke beroepen,Transport- en logistiek personeel,Magazijnbeheerder,37
2025-12-31,2025,12,januari 2025 - december 2025,Dec 2025,Transport- en logistieke beroepen,Transport- en logistiek personeel,Magazijnmedewerker,258
2025-12-31,2025,12,januari 2025 - december 2025,Dec 2025,Transport- en logistieke beroepen,Transport- en logistiek personeel,Medewerker internationaal goederenverkeer,3
2025-12-31,2025,12,januari 2025 - december 2025,Dec 2025,Transport- en logistieke beroepen,Transport- en logistiek personeel,Verantwoordelijke logistieke site,3
2025-12-31,2025,12,januari 2025 - december 2025,Dec 2025,Transport- en logistieke beroepen,Transport- en logistiek personeel,Verhuizer,8
2025-12-31,2025,12,januari 2025 - december 2025,Dec 2025,Transport- en logistieke beroepen,"Werknemers spoor-, water-, luchttransport",Behandelaar luchtvracht en bagage,2
2025-12-31,2025,12,januari 2025 - december 2025,Dec 2025,Transport- en logistieke beroepen,"Werknemers spoor-, water-, luchttransport",Bemanning zeevaart,0
2025-12-31,2025,12,januari 2025 - december 2025,Dec 2025,Transport- en logistieke beroepen,"Werknemers spoor-, water-, luchttransport",Havenarbeider,1
2025-12-31,2025,12,januari 2025 - december 2025,Dec 2025,Transport- en logistieke beroepen,"Werknemers spoor-, water-, luchttransport",Matroos binnenscheepvaart,0
2025-12-31,2025,12,januari 2025 - december 2025,Dec 2025,Transport- en logistieke beroepen,"Werknemers spoor-, water-, luchttransport",Planner goederenbehandeling in de haven,1
2025-12-31,2025,12,januari 2025 - december 2025,Dec 2025,Transport- en logistieke beroepen,"Werknemers spoor-, water-, luchttransport",Schipper-stuurman binnenscheepvaart,3
2025-12-31,2025,12,januari 2025 - december 2025,Dec 2025,Transport- en logistieke beroepen,"Werknemers spoor-, water-, luchttransport",Spoorwerker,31
2025-12-31,2025,12,januari 2025 - december 2025,Dec 2025,Transport- en logistieke beroepen,"Werknemers spoor-, water-, luchttransport",Traffic controller,7
2025-12-31,2025,12,januari 2025 - december 2025,Dec 2025,Vrijetijds- en artistieke beroepen,"Medewerkers bij toerisme, vrije tijd en sport",Eventmanager,1
2025-12-31,2025,12,januari 2025 - december 2025,Dec 2025,Vrijetijds- en artistieke beroepen,Podium- en audiovisuele technici,Beeldopnametechnicus,1
2026-04-30,2026,4,mei 2025 - april 2026,Apr 2026,Bouwberoepen,Bouwtechnici,Architect,19
2026-04-30,2026,4,mei 2025 - april 2026,Apr 2026,Bouwberoepen,Bouwtechnici,BIM-expert (Building Information Modeling),6
2026-04-30,2026,4,mei 2025 - april 2026,Apr 2026,Bouwberoepen,Bouwtechnici,Bodemonderzoeker,9
2026-04-30,2026,4,mei 2025 - april 2026,Apr 2026,Bouwberoepen,Bouwtechnici,Bouwkundig tekenaar,146
2026-04-30,2026,4,mei 2025 - april 2026,Apr 2026,Bouwberoepen,Bouwtechnici,Calculator bouw,421
2026-04-30,2026,4,mei 2025 - april 2026,Apr 2026,Bouwberoepen,Bouwtechnici,Energiedeskundige gebouwen,4
2026-04-30,2026,4,mei 2025 - april 2026,Apr 2026,Bouwberoepen,Bouwtechnici,Expert technische controle en keuring bouw,6
2026-04-30,2026,4,mei 2025 - april 2026,Apr 2026,Bouwberoepen,Bouwtechnici,Ingenieur studie en advies bouw,177
2026-04-30,2026,4,mei 2025 - april 2026,Apr 2026,Bouwberoepen,Bouwtechnici,Interieurarchitect interieurvormgever,54
2026-04-30,2026,4,mei 2025 - april 2026,Apr 2026,Bouwberoepen,Bouwtechnici,Landmeter,28
2026-04-30,2026,4,mei 2025 - april 2026,Apr 2026,Bouwberoepen,Bouwtechnici,Landschapsarchitect,4
2026-04-30,2026,4,mei 2025 - april 2026,Apr 2026,Bouwberoepen,Bouwtechnici,Projectleider bouw en openbare werken,518
2026-04-30,2026,4,mei 2025 - april 2026,Apr 2026,Bouwberoepen,Bouwtechnici,Veiligheidscoördinator,44
2026-04-30,2026,4,mei 2025 - april 2026,Apr 2026,Bouwberoepen,Bouwtechnici,Verantwoordelijke onderhoud van gebouwen en infrastructuur,21
2026-04-30,2026,4,mei 2025 - april 2026,Apr 2026,Bouwberoepen,Bouwtechnici,Werfbediende,47
2026-04-30,2026,4,mei 2025 - april 2026,Apr 2026,Bouwberoepen,Bouwtechnici,Werfleider,1074
2026-04-30,2026,4,mei 2025 - april 2026,Apr 2026,Bouwberoepen,Bouwvakkers,"Aansluiter van waterleidingen, rioleringen en warmtenetten",30
2026-04-30,2026,4,mei 2025 - april 2026,Apr 2026,Bouwberoepen,Bouwvakkers,Asbestverwijderaar,33
2026-04-30,2026,4,mei 2025 - april 2026,Apr 2026,Bouwberoepen,Bouwvakkers,Bekister-betonneerder,164
2026-04-30,2026,4,mei 2025 - april 2026,Apr 2026,Bouwberoepen,Bouwvakkers,Beveiligingstechnicus,51
2026-04-30,2026,4,mei 2025 - april 2026,Apr 2026,Bouwberoepen,Bouwvakkers,Brandertechnicus,29
2026-04-30,2026,4,mei 2025 - april 2026,Apr 2026,Bouwberoepen,Bouwvakkers,Daktimmerman,39
2026-04-30,2026,4,mei 2025 - april 2026,Apr 2026,Bouwberoepen,Bouwvakkers,Dakwerker,644
2026-04-30,2026,4,mei 2025 - april 2026,Apr 2026,Bouwberoepen,Bouwvakkers,Datacommunicatie- en netwerktechnicus,418
2026-04-30,2026,4,mei 2025 - april 2026,Apr 2026,Bouwberoepen,Bouwvakkers,Dekvloerlegger,8
2026-04-30,2026,4,mei 2025 - april 2026,Apr 2026,Bouwberoepen,Bouwvakkers,Elektrotechnisch installateur,108
2026-04-30,2026,4,mei 2025 - april 2026,Apr 2026,Bouwberoepen,Bouwvakkers,Gevelreiniger,9
2026-04-30,2026,4,mei 2025 - april 2026,Apr 2026,Bouwberoepen,Bouwvakkers,Gevelrenoveerder-betonhersteller,36
2026-04-30,2026,4,mei 2025 - april 2026,Apr 2026,Bouwberoepen,Bouwvakkers,Glaswerker,25
2026-04-30,2026,4,mei 2025 - april 2026,Apr 2026,Bouwberoepen,Bouwvakkers,Industrieel isolatiewerker,77
2026-04-30,2026,4,mei 2025 - april 2026,Apr 2026,Bouwberoepen,Bouwvakkers,Installateur elektrotechnische basiscomponenten,7
2026-04-30,2026,4,mei 2025 - april 2026,Apr 2026,Bouwberoepen,Bouwvakkers,Installateur energiemanagementsystemen,102
2026-04-30,2026,4,mei 2025 - april 2026,Apr 2026,Bouwberoepen,Bouwvakkers,Installateur gebouwenautomatisering,3
2026-04-30,2026,4,mei 2025 - april 2026,Apr 2026,Bouwberoepen,Bouwvakkers,Installateur nutsvoorzieningen,76
2026-04-30,2026,4,mei 2025 - april 2026,Apr 2026,Bouwberoepen,Bouwvakkers,Interieurbouwer,224
2026-04-30,2026,4,mei 2025 - april 2026,Apr 2026,Bouwberoepen,Bouwvakkers,Isoleerder ruwbouw en dak,11
2026-04-30,2026,4,mei 2025 - april 2026,Apr 2026,Bouwberoepen,Bouwvakkers,Medewerker ruwbouw,744
2026-04-30,2026,4,mei 2025 - april 2026,Apr 2026,Bouwberoepen,Bouwvakkers,Metselaar,412
2026-04-30,2026,4,mei 2025 - april 2026,Apr 2026,Bouwberoepen,Bouwvakkers,Monteur installatietechnieken,628
2026-04-30,2026,4,mei 2025 - april 2026,Apr 2026,Bouwberoepen,Bouwvakkers,Natuursteenbewerker,10
2026-04-30,2026,4,mei 2025 - april 2026,Apr 2026,Bouwberoepen,Bouwvakkers,Onderhoudsmedewerker gebouwen,81
2026-04-30,2026,4,mei 2025 - april 2026,Apr 2026,Bouwberoepen,Bouwvakkers,Onderhoudsmedewerker wegennet,4
2026-04-30,2026,4,mei 2025 - april 2026,Apr 2026,Bouwberoepen,Bouwvakkers,Onderwaterwerker,2
2026-04-30,2026,4,mei 2025 - april 2026,Apr 2026,Bouwberoepen,Bouwvakkers,Plaatser binnenschrijnwerk,151
2026-04-30,2026,4,mei 2025 - april 2026,Apr 2026,Bouwberoepen,Bouwvakkers,Plaatser buitenschrijnwerk,300
2026-04-30,2026,4,mei 2025 - april 2026,Apr 2026,Bouwberoepen,Bouwvakkers,Plaatser van boven- en ondergrondse leidingen,389
2026-04-30,2026,4,mei 2025 - april 2026,Apr 2026,Bouwberoepen,Bouwvakkers,Plaatser van houten vloerbedekking,19
2026-04-30,2026,4,mei 2025 - april 2026,Apr 2026,Bouwberoepen,Bouwvakkers,Plaatser van soepele vloerbekledingen,14
2026-04-30,2026,4,mei 2025 - april 2026,Apr 2026,Bouwberoepen,Bouwvakkers,Rioollegger,30
2026-04-30,2026,4,mei 2025 - april 2026,Apr 2026,Bouwberoepen,Bouwvakkers,Schilder-decorateur,287
2026-04-30,2026,4,mei 2025 - april 2026,Apr 2026,Bouwberoepen,Bouwvakkers,Schrijnwerker houtbouw,48
2026-04-30,2026,4,mei 2025 - april 2026,Apr 2026,Bouwberoepen,Bouwvakkers,Steigerbouwer,116
2026-04-30,2026,4,mei 2025 - april 2026,Apr 2026,Bouwberoepen,Bouwvakkers,Stukadoor,133
2026-04-30,2026,4,mei 2025 - april 2026,Apr 2026,Bouwberoepen,Bouwvakkers,Technicus hernieuwbare energietechnieken,7
2026-04-30,2026,4,mei 2025 - april 2026,Apr 2026,Bouwberoepen,Bouwvakkers,Technicus installatietechnieken,97
2026-04-30,2026,4,mei 2025 - april 2026,Apr 2026,Bouwberoepen,Bouwvakkers,Vloerder-tegelzetter,144
2026-04-30,2026,4,mei 2025 - april 2026,Apr 2026,Bouwberoepen,Bouwvakkers,Voeger,35
2026-04-30,2026,4,mei 2025 - april 2026,Apr 2026,Bouwberoepen,Bouwvakkers,Wegenwerker,1383
2026-04-30,2026,4,mei 2025 - april 2026,Apr 2026,Bouwberoepen,Machinisten en kraanmannen,Bediener grondverzetmachines,210
2026-04-30,2026,4,mei 2025 - april 2026,Apr 2026,Bouwberoepen,Machinisten en kraanmannen,Bediener machines horizontale boringen,26
2026-04-30,2026,4,mei 2025 - april 2026,Apr 2026,Bouwberoepen,Machinisten en kraanmannen,Bediener machines verticale boringen,8
2026-04-30,2026,4,mei 2025 - april 2026,Apr 2026,Bouwberoepen,Machinisten en kraanmannen,Bediener of medewerker diepfunderingsmachines,1
2026-04-30,2026,4,mei 2025 - april 2026,Apr 2026,Bouwberoepen,Machinisten en kraanmannen,Bediener van betonnerings- en asfalteringsmachines,14
2026-04-30,2026,4,mei 2025 - april 2026,Apr 2026,Bouwberoepen,Machinisten en kraanmannen,Kraanbestuurder,245
2026-04-30,2026,4,mei 2025 - april 2026,Apr 2026,Bouwberoepen,Machinisten en kraanmannen,Torenkraanbediener,21
2026-04-30,2026,4,mei 2025 - april 2026,Apr 2026,Dienstverlenende beroepen,Experts vastgoed,Rentmeester,2
2026-04-30,2026,4,mei 2025 - april 2026,Apr 2026,Dienstverlenende beroepen,Experts vastgoed,Syndicus,0
2026-04-30,2026,4,mei 2025 - april 2026,Apr 2026,Dienstverlenende beroepen,Experts vastgoed,Vastgoedbemiddelaar overdracht,0
2026-04-30,2026,4,mei 2025 - april 2026,Apr 2026,Dienstverlenende beroepen,Experts vastgoed,Vastgoedbemiddelaar verkoop en verhuur,5
2026-04-30,2026,4,mei 2025 - april 2026,Apr 2026,Dienstverlenende beroepen,Experts vastgoed,Vastgoedpromotor,7
2026-04-30,2026,4,mei 2025 - april 2026,Apr 2026,Dienstverlenende beroepen,Juridische dienstverleners,Juridisch medewerker,2
2026-04-30,2026,4,mei 2025 - april 2026,Apr 2026,Dienstverlenende beroepen,Juridische dienstverleners,Jurist,26
2026-04-30,2026,4,mei 2025 - april 2026,Apr 2026,Dienstverlenende beroepen,Medewerkers in finance,Accountmanager in de financiële sector,8
2026-04-30,2026,4,mei 2025 - april 2026,Apr 2026,Dienstverlenende beroepen,Medewerkers in finance,Adviseur kredieten,3
2026-04-30,2026,4,mei 2025 - april 2026,Apr 2026,Dienstverlenende beroepen,Medewerkers in finance,Back-office medewerker in de financiële sector,2
2026-04-30,2026,4,mei 2025 - april 2026,Apr 2026,Dienstverlenende beroepen,Medewerkers in finance,Beheerder verzekeringen,1
2026-04-30,2026,4,mei 2025 - april 2026,Apr 2026,Dienstverlenende beroepen,Medewerkers in finance,Financieel analist,4
2026-04-30,2026,4,mei 2025 - april 2026,Apr 2026,Dienstverlenende beroepen,Medewerkers in finance,Underwriter verzekeringen,0
2026-04-30,2026,4,mei 2025 - april 2026,Apr 2026,Dienstverlenende beroepen,Ordehandhavers en reddingswerkers,Bewakingsagent,9
2026-04-30,2026,4,mei 2025 - april 2026,Apr 2026,Dienstverlenende beroepen,Ordehandhavers en reddingswerkers,Politieagent,7
2026-04-30,2026,4,mei 2025 - april 2026,Apr 2026,Dienstverlenende beroepen,Persoonlijke dienstverleners,Conciërge,1
2026-04-30,2026,4,mei 2025 - april 2026,Apr 2026,Dienstverlenende beroepen,Persoonlijke dienstverleners,Dierentrimmer,1
2026-04-30,2026,4,mei 2025 - april 2026,Apr 2026,Dienstverlenende beroepen,Persoonlijke dienstverleners,Dierenverzorger,1
2026-04-30,2026,4,mei 2025 - april 2026,Apr 2026,Dienstverlenende beroepen,Persoonlijke dienstverleners,Kapper,7
2026-04-30,2026,4,mei 2025 - april 2026,Apr 2026,Dienstverlenende beroepen,Persoonlijke dienstverleners,Medewerker kuuroord,16
2026-04-30,2026,4,mei 2025 - april 2026,Apr 2026,Dienstverlenende beroepen,Persoonlijke dienstverleners,Schoonheidsspecialist,1
2026-04-30,2026,4,mei 2025 - april 2026,Apr 2026,Dienstverlenende beroepen,Schoonmaak- en onderhoudspersoneel,Huishoudhulp-poetshulp,14
2026-04-30,2026,4,mei 2025 - april 2026,Apr 2026,Dienstverlenende beroepen,Schoonmaak- en onderhoudspersoneel,Industrieel reiniger,6
2026-04-30,2026,4,mei 2025 - april 2026,Apr 2026,Dienstverlenende beroepen,Schoonmaak- en onderhoudspersoneel,Leidinggevende schoonmaak,0
2026-04-30,2026,4,mei 2025 - april 2026,Apr 2026,Dienstverlenende beroepen,Schoonmaak- en onderhoudspersoneel,Milieuwerker,0
2026-04-30,2026,4,mei 2025 - april 2026,Apr 2026,Dienstverlenende beroepen,Schoonmaak- en onderhoudspersoneel,Recyclageparkwachter,2
2026-04-30,2026,4,mei 2025 - april 2026,Apr 2026,Dienstverlenende beroepen,Schoonmaak- en onderhoudspersoneel,Ruitenwasser,1
2026-04-30,2026,4,mei 2025 - april 2026,Apr 2026,Dienstverlenende beroepen,Schoonmaak- en onderhoudspersoneel,Schoonmaker van ruimten en lokalen,74
2026-04-30,2026,4,mei 2025 - april 2026,Apr 2026,Handels- en verkoopberoepen,Verkooppersoneel,Assistent winkelmanager,2
2026-04-30,2026,4,mei 2025 - april 2026,Apr 2026,Handels- en verkoopberoepen,Verkooppersoneel,Technisch adviseur klantenondersteuning,25
2026-04-30,2026,4,mei 2025 - april 2026,Apr 2026,Handels- en verkoopberoepen,Verkooppersoneel,"Verhuurder van gereedschappen, transportmiddelen of vrijetijdsmaterieel",2
2026-04-30,2026,4,mei 2025 - april 2026,Apr 2026,Handels- en verkoopberoepen,Verkooppersoneel,Winkelmanager,2
2026-04-30,2026,4,mei 2025 - april 2026,Apr 2026,Handels- en verkoopberoepen,Verkooppersoneel,Winkelmedewerker,3
2026-04-30,2026,4,mei 2025 - april 2026,Apr 2026,Handels- en verkoopberoepen,Verkooppersoneel,Winkelverkoper,83
2026-04-30,2026,4,mei 2025 - april 2026,Apr 2026,Handels- en verkoopberoepen,Vertegenwoordigers,Vertegenwoordiger B2B,150
2026-04-30,2026,4,mei 2025 - april 2026,Apr 2026,Handels- en verkoopberoepen,Vertegenwoordigers,Vertegenwoordiger B2C,36
2026-04-30,2026,4,mei 2025 - april 2026,Apr 2026,Horecaberoepen,Horecapersoneel,Hulpkok,12
2026-04-30,2026,4,mei 2025 - april 2026,Apr 2026,Horecaberoepen,Horecapersoneel,Kelner,6
2026-04-30,2026,4,mei 2025 - april 2026,Apr 2026,Horecaberoepen,Horecapersoneel,Keukenmedewerker,8
2026-04-30,2026,4,mei 2025 - april 2026,Apr 2026,Horecaberoepen,Horecapersoneel,Keukenverantwoordelijke,3
2026-04-30,2026,4,mei 2025 - april 2026,Apr 2026,Horecaberoepen,Horecapersoneel,Kok,8
2026-04-30,2026,4,mei 2025 - april 2026,Apr 2026,Horecaberoepen,Horecapersoneel,Medewerker fastfood,3
2026-04-30,2026,4,mei 2025 - april 2026,Apr 2026,Horecaberoepen,Horecapersoneel,Polyvalent hotelmedewerker,4
2026-04-30,2026,4,mei 2025 - april 2026,Apr 2026,Industriële beroepen en ambachten,Beoefenaars van ambachten,Ambachtelijk glasbewerker,0
2026-04-30,2026,4,mei 2025 - april 2026,Apr 2026,Industriële beroepen en ambachten,Beoefenaars van ambachten,Ambachtelijk metaalbewerker,2
2026-04-30,2026,4,mei 2025 - april 2026,Apr 2026,Industriële beroepen en ambachten,Beoefenaars van ambachten,Decorateur van kunst- en artisanale objecten,2
2026-04-30,2026,4,mei 2025 - april 2026,Apr 2026,Industriële beroepen en ambachten,Bewerkers van voeding,Charcutier,3
2026-04-30,2026,4,mei 2025 - april 2026,Apr 2026,Industriële beroepen en ambachten,Bewerkers van voeding,Productieoperator voedingsindustrie,3
2026-04-30,2026,4,mei 2025 - april 2026,Apr 2026,Industriële beroepen en ambachten,Bewerkers van voeding,Slager,34
2026-04-30,2026,4,mei 2025 - april 2026,Apr 2026,Industriële beroepen en ambachten,Bewerkers van voeding,Uitsnijder-uitbener,2
2026-04-30,2026,4,mei 2025 - april 2026,Apr 2026,Industriële beroepen en ambachten,Diverse productiemedewerkers en operatoren,Industrieel schilder,30
2026-04-30,2026,4,mei 2025 - april 2026,Apr 2026,Industriële beroepen en ambachten,Diverse productiemedewerkers en operatoren,Operator glasbewerking,2
2026-04-30,2026,4,mei 2025 - april 2026,Apr 2026,Industriële beroepen en ambachten,Diverse productiemedewerkers en operatoren,Productiemedewerker,101
2026-04-30,2026,4,mei 2025 - april 2026,Apr 2026,Industriële beroepen en ambachten,Diverse productiemedewerkers en operatoren,Productiemedewerker prefabbeton,19
2026-04-30,2026,4,mei 2025 - april 2026,Apr 2026,Industriële beroepen en ambachten,Diverse productiemedewerkers en operatoren,Productieoperator bouw- en prefabmaterialen,5
2026-04-30,2026,4,mei 2025 - april 2026,Apr 2026,Industriële beroepen en ambachten,Diverse productiemedewerkers en operatoren,Productieoperator elektrische en elektronische componenten,54
2026-04-30,2026,4,mei 2025 - april 2026,Apr 2026,Industriële beroepen en ambachten,Diverse productiemedewerkers en operatoren,"Productieoperator van stortbeton, cement, asfalt en granulaten",22
2026-04-30,2026,4,mei 2025 - april 2026,Apr 2026,Industriële beroepen en ambachten,Diverse productiemedewerkers en operatoren,Uitvoerder van werken op hoogte,69
2026-04-30,2026,4,mei 2025 - april 2026,Apr 2026,Industriële beroepen en ambachten,Drukkers,Operator print & sign,13
2026-04-30,2026,4,mei 2025 - april 2026,Apr 2026,Industriële beroepen en ambachten,Drukkers,Productiemedewerker drukafwerking,3
2026-04-30,2026,4,mei 2025 - april 2026,Apr 2026,Industriële beroepen en ambachten,Drukkers,Productiemedewerker drukken,2
2026-04-30,2026,4,mei 2025 - april 2026,Apr 2026,Industriële beroepen en ambachten,Industriële technici,Expert productieproces en -methodes,30
2026-04-30,2026,4,mei 2025 - april 2026,Apr 2026,Industriële beroepen en ambachten,Industriële technici,Industrieel elektromecanicien,297
2026-04-30,2026,4,mei 2025 - april 2026,Apr 2026,Industriële beroepen en ambachten,Industriële technici,Industrieel laborant,10
2026-04-30,2026,4,mei 2025 - april 2026,Apr 2026,Industriële beroepen en ambachten,Industriële technici,Industrieel onderhoudstechnicus,249
2026-04-30,2026,4,mei 2025 - april 2026,Apr 2026,Industriële beroepen en ambachten,Industriële technici,Koeltechnicus,155
2026-04-30,2026,4,mei 2025 - april 2026,Apr 2026,Industriële beroepen en ambachten,Industriële technici,Lifttechnicus,60
2026-04-30,2026,4,mei 2025 - april 2026,Apr 2026,Industriële beroepen en ambachten,Industriële technici,Medewerker kwaliteitscontrole,9
2026-04-30,2026,4,mei 2025 - april 2026,Apr 2026,Industriële beroepen en ambachten,Industriële technici,Onderhoudstechnicus industriële automatisering,9
2026-04-30,2026,4,mei 2025 - april 2026,Apr 2026,Industriële beroepen en ambachten,Industriële technici,Onderhoudstechnicus waterdistributie en sanering,5
2026-04-30,2026,4,mei 2025 - april 2026,Apr 2026,Industriële beroepen en ambachten,Industriële technici,Ontwerper industriële automatisering,28
2026-04-30,2026,4,mei 2025 - april 2026,Apr 2026,Industriële beroepen en ambachten,Industriële technici,Productieplanner,61
2026-04-30,2026,4,mei 2025 - april 2026,Apr 2026,Industriële beroepen en ambachten,Industriële technici,Regeltechnicus klimatisatie,155
2026-04-30,2026,4,mei 2025 - april 2026,Apr 2026,Industriële beroepen en ambachten,Industriële technici,Technicus elektro en elektronica,19
2026-04-30,2026,4,mei 2025 - april 2026,Apr 2026,Industriële beroepen en ambachten,Industriële technici,Technicus elektronische installaties,323
2026-04-30,2026,4,mei 2025 - april 2026,Apr 2026,Industriële beroepen en ambachten,Industriële technici,"Technicus veiligheid, hygiëne en leefmilieu",1
2026-04-30,2026,4,mei 2025 - april 2026,Apr 2026,Industriële beroepen en ambachten,Industriële technici,Werkvoorbereider,86
2026-04-30,2026,4,mei 2025 - april 2026,Apr 2026,Industriële beroepen en ambachten,Medewerkers houtindustrie,Machinaal houtbewerker,3
2026-04-30,2026,4,mei 2025 - april 2026,Apr 2026,Industriële beroepen en ambachten,Medewerkers houtindustrie,Medewerker assemblage houten verpakkingen en palletten,2
2026-04-30,2026,4,mei 2025 - april 2026,Apr 2026,Industriële beroepen en ambachten,Medewerkers houtindustrie,Meubelmaker,73
2026-04-30,2026,4,mei 2025 - april 2026,Apr 2026,Industriële beroepen en ambachten,Medewerkers houtindustrie,Operator CNC-gestuurde houtbewerkingsmachines,17
2026-04-30,2026,4,mei 2025 - april 2026,Apr 2026,Industriële beroepen en ambachten,Medewerkers houtindustrie,Operator in de houtzagerij,0
2026-04-30,2026,4,mei 2025 - april 2026,Apr 2026,Industriële beroepen en ambachten,Medewerkers houtindustrie,Productieoperator hout,4
2026-04-30,2026,4,mei 2025 - april 2026,Apr 2026,Industriële beroepen en ambachten,Medewerkers houtindustrie,Werkplaatsschrijnwerker,154
2026-04-30,2026,4,mei 2025 - april 2026,Apr 2026,Industriële beroepen en ambachten,Monteurs en installateurs elektrotechniek,Bordenbouwer - Elektromonteur machinebouw,41
2026-04-30,2026,4,mei 2025 - april 2026,Apr 2026,Industriële beroepen en ambachten,Monteurs en installateurs elektrotechniek,Elektrotechnicus,724
2026-04-30,2026,4,mei 2025 - april 2026,Apr 2026,Industriële beroepen en ambachten,Monteurs en installateurs elektrotechniek,Technicus industriële elektriciteit,49
2026-04-30,2026,4,mei 2025 - april 2026,Apr 2026,Industriële beroepen en ambachten,Professionals in de metaalindustrie,Insteller-omsteller plaatbewerking,10
2026-04-30,2026,4,mei 2025 - april 2026,Apr 2026,Industriële beroepen en ambachten,Professionals in de metaalindustrie,Insteller-omsteller verspaning,31
2026-04-30,2026,4,mei 2025 - april 2026,Apr 2026,Industriële beroepen en ambachten,Professionals in de metaalindustrie,Machinebouwer,11
2026-04-30,2026,4,mei 2025 - april 2026,Apr 2026,Industriële beroepen en ambachten,Professionals in de metaalindustrie,Manueel lasser,167
2026-04-30,2026,4,mei 2025 - april 2026,Apr 2026,Industriële beroepen en ambachten,Professionals in de metaalindustrie,Monteur staalconstructies,126
2026-04-30,2026,4,mei 2025 - april 2026,Apr 2026,Industriële beroepen en ambachten,Professionals in de metaalindustrie,Operator montage en assemblage,31
2026-04-30,2026,4,mei 2025 - april 2026,Apr 2026,Industriële beroepen en ambachten,Professionals in de metaalindustrie,Pijpfitter,59
2026-04-30,2026,4,mei 2025 - april 2026,Apr 2026,Industriële beroepen en ambachten,Professionals in de metaalindustrie,Productieoperator metaal,28
2026-04-30,2026,4,mei 2025 - april 2026,Apr 2026,Industriële beroepen en ambachten,Professionals in de metaalindustrie,Rigger-monteerder,46
2026-04-30,2026,4,mei 2025 - april 2026,Apr 2026,Industriële beroepen en ambachten,Specialisten chemie en kunststoffen,Procesoperator chemische industrie,9
2026-04-30,2026,4,mei 2025 - april 2026,Apr 2026,Industriële beroepen en ambachten,Specialisten chemie en kunststoffen,Productiemedewerker kunststofverwerking,1
2026-04-30,2026,4,mei 2025 - april 2026,Apr 2026,Industriële beroepen en ambachten,Specialisten chemie en kunststoffen,Productieoperator-machineregelaar kunststoffen,1
2026-04-30,2026,4,mei 2025 - april 2026,Apr 2026,Industriële beroepen en ambachten,Technisch leidinggevenden,Afdelingsverantwoordelijke productie,41
2026-04-30,2026,4,mei 2025 - april 2026,Apr 2026,Industriële beroepen en ambachten,Technisch leidinggevenden,Productiemanager,9
2026-04-30,2026,4,mei 2025 - april 2026,Apr 2026,Industriële beroepen en ambachten,Technisch leidinggevenden,Projectmanager engineering,143
2026-04-30,2026,4,mei 2025 - april 2026,Apr 2026,Industriële beroepen en ambachten,Technisch leidinggevenden,Teamleader productie,12
2026-04-30,2026,4,mei 2025 - april 2026,Apr 2026,Industriële beroepen en ambachten,Technisch leidinggevenden,Verantwoordelijke beheer en onderhoud van voertuigen,8
2026-04-30,2026,4,mei 2025 - april 2026,Apr 2026,Industriële beroepen en ambachten,Technisch leidinggevenden,Verantwoordelijke industrieel onderhoud,48
2026-04-30,2026,4,mei 2025 - april 2026,Apr 2026,Industriële beroepen en ambachten,Technisch leidinggevenden,Verantwoordelijke kwaliteitscontrole,24
2026-04-30,2026,4,mei 2025 - april 2026,Apr 2026,Industriële beroepen en ambachten,Technisch leidinggevenden,Verantwoordelijke onderzoek en ontwikkeling,4
2026-04-30,2026,4,mei 2025 - april 2026,Apr 2026,Industriële beroepen en ambachten,Technisch leidinggevenden,Verantwoordelijke productieproces en -methodes,3
2026-04-30,2026,4,mei 2025 - april 2026,Apr 2026,Industriële beroepen en ambachten,Tekenaars en vormgevers,Grafisch vormgever,2
2026-04-30,2026,4,mei 2025 - april 2026,Apr 2026,Industriële beroepen en ambachten,Tekenaars en vormgevers,Productontwikkelaar,7
2026-04-30,2026,4,mei 2025 - april 2026,Apr 2026,Industriële beroepen en ambachten,Tekenaars en vormgevers,"Tekenaar-ontwerper elektriciteit, elektronica",85
2026-04-30,2026,4,mei 2025 - april 2026,Apr 2026,Industriële beroepen en ambachten,Tekenaars en vormgevers,Tekenaar-ontwerper mechanica,16
2026-04-30,2026,4,mei 2025 - april 2026,Apr 2026,Industriële beroepen en ambachten,Voer- en werktuigherstellers,OAD-technicus van personenwagens en lichte bedrijfsvoertuigen,3
2026-04-30,2026,4,mei 2025 - april 2026,Apr 2026,Industriële beroepen en ambachten,Voer- en werktuigherstellers,OD-technicus van zware bedrijfsvoertuigen,1
2026-04-30,2026,4,mei 2025 - april 2026,Apr 2026,Industriële beroepen en ambachten,Voer- en werktuigherstellers,Onderhoudsmecanicien van personenwagens en lichte bedrijfsvoertuigen,12
2026-04-30,2026,4,mei 2025 - april 2026,Apr 2026,Industriële beroepen en ambachten,Voer- en werktuigherstellers,Onderhoudsmecanicien van zware bedrijfsvoertuigen,41
2026-04-30,2026,4,mei 2025 - april 2026,Apr 2026,Industriële beroepen en ambachten,Voer- en werktuigherstellers,Plaatwerker carrosserie,0
2026-04-30,2026,4,mei 2025 - april 2026,Apr 2026,Industriële beroepen en ambachten,Voer- en werktuigherstellers,Spuiter carrosserie,4
2026-04-30,2026,4,mei 2025 - april 2026,Apr 2026,Industriële beroepen en ambachten,Voer- en werktuigherstellers,Technicus van bromfietsen en motorfietsen,1
2026-04-30,2026,4,mei 2025 - april 2026,Apr 2026,Industriële beroepen en ambachten,Voer- en werktuigherstellers,"Technicus werf-, landbouw- en hefmachines",89
2026-04-30,2026,4,mei 2025 - april 2026,Apr 2026,Industriële beroepen en ambachten,Voer- en werktuigherstellers,Werktuigkundige scheepvaart,5
2026-04-30,2026,4,mei 2025 - april 2026,Apr 2026,"Land-, tuin- en bosbouw- en visserijberoepen","Land-, tuin- en bosbouwers en vissers",Bestuurder van bosexploitatiemachines,0
2026-04-30,2026,4,mei 2025 - april 2026,Apr 2026,"Land-, tuin- en bosbouw- en visserijberoepen","Land-, tuin- en bosbouwers en vissers",Boomverzorger,2
2026-04-30,2026,4,mei 2025 - april 2026,Apr 2026,"Land-, tuin- en bosbouw- en visserijberoepen","Land-, tuin- en bosbouwers en vissers",Medewerker landbouw,0
2026-04-30,2026,4,mei 2025 - april 2026,Apr 2026,"Land-, tuin- en bosbouw- en visserijberoepen","Land-, tuin- en bosbouwers en vissers",Medewerker loonwerk,0
2026-04-30,2026,4,mei 2025 - april 2026,Apr 2026,"Land-, tuin- en bosbouw- en visserijberoepen","Land-, tuin- en bosbouwers en vissers",Medewerker tuin- en groenaanleg en -onderhoud,33
2026-04-30,2026,4,mei 2025 - april 2026,Apr 2026,"Land-, tuin- en bosbouw- en visserijberoepen","Land-, tuin- en bosbouwers en vissers",Medewerker tuinbouw,12
2026-04-30,2026,4,mei 2025 - april 2026,Apr 2026,"Land-, tuin- en bosbouw- en visserijberoepen","Land-, tuin- en bosbouwers en vissers",Verantwoordelijke tuin- en groenaanleg en -onderhoud,12
2026-04-30,2026,4,mei 2025 - april 2026,Apr 2026,"Medische, paramedische en verzorgende beroepen","Verpleegkundigen, vroedvrouwen en zorgpersoneel",Persoonlijk assistent,1
2026-04-30,2026,4,mei 2025 - april 2026,Apr 2026,Onbekend,Onbekend,Onbekend,4
2026-04-30,2026,4,mei 2025 - april 2026,Apr 2026,Organisatieondersteunende en kennisberoepen,Accountants,Accountant,121
2026-04-30,2026,4,mei 2025 - april 2026,Apr 2026,Organisatieondersteunende en kennisberoepen,Accountants,Assistent accountancy,94
2026-04-30,2026,4,mei 2025 - april 2026,Apr 2026,Organisatieondersteunende en kennisberoepen,Accountants,Dossierbeheerder accountancy,4
2026-04-30,2026,4,mei 2025 - april 2026,Apr 2026,Organisatieondersteunende en kennisberoepen,Administratief medewerkers,Managementassistent,49
2026-04-30,2026,4,mei 2025 - april 2026,Apr 2026,Organisatieondersteunende en kennisberoepen,Administratief medewerkers,Onthaalmedewerker,11
2026-04-30,2026,4,mei 2025 - april 2026,Apr 2026,Organisatieondersteunende en kennisberoepen,Administratief medewerkers,Polyvalent administratief medewerker,575
2026-04-30,2026,4,mei 2025 - april 2026,Apr 2026,Organisatieondersteunende en kennisberoepen,Administratief medewerkers,Technisch-administratief medewerker,255
2026-04-30,2026,4,mei 2025 - april 2026,Apr 2026,Organisatieondersteunende en kennisberoepen,Bedrijfsadviseurs,Business analist,11
2026-04-30,2026,4,mei 2025 - april 2026,Apr 2026,Organisatieondersteunende en kennisberoepen,Bedrijfsadviseurs,Business en financial controller,47
2026-04-30,2026,4,mei 2025 - april 2026,Apr 2026,Organisatieondersteunende en kennisberoepen,Bedrijfsadviseurs,Compliance officer,1
2026-04-30,2026,4,mei 2025 - april 2026,Apr 2026,Organisatieondersteunende en kennisberoepen,Bedrijfsadviseurs,Mediabuyer,1
2026-04-30,2026,4,mei 2025 - april 2026,Apr 2026,Organisatieondersteunende en kennisberoepen,Bedrijfsadviseurs,Milieucoördinator,13
2026-04-30,2026,4,mei 2025 - april 2026,Apr 2026,Organisatieondersteunende en kennisberoepen,Bedrijfsadviseurs,Preventieadviseur,53
2026-04-30,2026,4,mei 2025 - april 2026,Apr 2026,Organisatieondersteunende en kennisberoepen,Bedrijfsadviseurs,Projectmanager business,17
2026-04-30,2026,4,mei 2025 - april 2026,Apr 2026,Organisatieondersteunende en kennisberoepen,Controleurs en inspecteurs,Technisch inspecteur industrie,2
2026-04-30,2026,4,mei 2025 - april 2026,Apr 2026,Organisatieondersteunende en kennisberoepen,HR-experts,Payroll advisor,34
2026-04-30,2026,4,mei 2025 - april 2026,Apr 2026,Organisatieondersteunende en kennisberoepen,HR-experts,Personeelsmedewerker,51
2026-04-30,2026,4,mei 2025 - april 2026,Apr 2026,Organisatieondersteunende en kennisberoepen,HR-experts,Verantwoordelijke werving en opleiding,38
2026-04-30,2026,4,mei 2025 - april 2026,Apr 2026,Organisatieondersteunende en kennisberoepen,Informatici en ICT-medewerkers,Data engineer,12
2026-04-30,2026,4,mei 2025 - april 2026,Apr 2026,Organisatieondersteunende en kennisberoepen,Informatici en ICT-medewerkers,Data manager,3
2026-04-30,2026,4,mei 2025 - april 2026,Apr 2026,Organisatieondersteunende en kennisberoepen,Informatici en ICT-medewerkers,Game-ontwikkelaar,4
2026-04-30,2026,4,mei 2025 - april 2026,Apr 2026,Organisatieondersteunende en kennisberoepen,Informatici en ICT-medewerkers,Integratie expert ICT,35
2026-04-30,2026,4,mei 2025 - april 2026,Apr 2026,Organisatieondersteunende en kennisberoepen,Informatici en ICT-medewerkers,Netwerk engineer telecom,2
2026-04-30,2026,4,mei 2025 - april 2026,Apr 2026,Organisatieondersteunende en kennisberoepen,Informatici en ICT-medewerkers,Netwerkbeheerder,8
2026-04-30,2026,4,mei 2025 - april 2026,Apr 2026,Organisatieondersteunende en kennisberoepen,Informatici en ICT-medewerkers,Software analist,8
2026-04-30,2026,4,mei 2025 - april 2026,Apr 2026,Organisatieondersteunende en kennisberoepen,Informatici en ICT-medewerkers,Software ontwikkelaar,19
2026-04-30,2026,4,mei 2025 - april 2026,Apr 2026,Organisatieondersteunende en kennisberoepen,Informatici en ICT-medewerkers,Support medewerker ICT,23
2026-04-30,2026,4,mei 2025 - april 2026,Apr 2026,Organisatieondersteunende en kennisberoepen,Informatici en ICT-medewerkers,Systeembeheerder,6
2026-04-30,2026,4,mei 2025 - april 2026,Apr 2026,Organisatieondersteunende en kennisberoepen,Leidinggevenden,Administratief en financieel verantwoordelijke,28
2026-04-30,2026,4,mei 2025 - april 2026,Apr 2026,Organisatieondersteunende en kennisberoepen,Leidinggevenden,Algemeen directeur,19
2026-04-30,2026,4,mei 2025 - april 2026,Apr 2026,Organisatieondersteunende en kennisberoepen,Leidinggevenden,E-commerce manager,1
2026-04-30,2026,4,mei 2025 - april 2026,Apr 2026,Organisatieondersteunende en kennisberoepen,Leidinggevenden,Facility manager,17
2026-04-30,2026,4,mei 2025 - april 2026,Apr 2026,Organisatieondersteunende en kennisberoepen,Leidinggevenden,HR-manager,25
2026-04-30,2026,4,mei 2025 - april 2026,Apr 2026,Organisatieondersteunende en kennisberoepen,Leidinggevenden,Leidinggevende milieuzorg en sanering,0
2026-04-30,2026,4,mei 2025 - april 2026,Apr 2026,Organisatieondersteunende en kennisberoepen,Leidinggevenden,Marketingmanager,19
2026-04-30,2026,4,mei 2025 - april 2026,Apr 2026,Organisatieondersteunende en kennisberoepen,Leidinggevenden,Sales manager,7
2026-04-30,2026,4,mei 2025 - april 2026,Apr 2026,Organisatieondersteunende en kennisberoepen,Leidinggevenden,Verantwoordelijke ICT,5
2026-04-30,2026,4,mei 2025 - april 2026,Apr 2026,Organisatieondersteunende en kennisberoepen,Leidinggevenden,Verantwoordelijke aankoop,3
2026-04-30,2026,4,mei 2025 - april 2026,Apr 2026,Organisatieondersteunende en kennisberoepen,Leidinggevenden,Verantwoordelijke klantendienst,1
2026-04-30,2026,4,mei 2025 - april 2026,Apr 2026,Organisatieondersteunende en kennisberoepen,"Medewerkers commerciële strategie, marketing en verkoop",Aankoper,110
2026-04-30,2026,4,mei 2025 - april 2026,Apr 2026,Organisatieondersteunende en kennisberoepen,"Medewerkers commerciële strategie, marketing en verkoop",Accountmanager sales,7
2026-04-30,2026,4,mei 2025 - april 2026,Apr 2026,Organisatieondersteunende en kennisberoepen,"Medewerkers commerciële strategie, marketing en verkoop",Business developer,7
2026-04-30,2026,4,mei 2025 - april 2026,Apr 2026,Organisatieondersteunende en kennisberoepen,"Medewerkers commerciële strategie, marketing en verkoop",Commercieel medewerker binnendienst,96
2026-04-30,2026,4,mei 2025 - april 2026,Apr 2026,Organisatieondersteunende en kennisberoepen,"Medewerkers commerciële strategie, marketing en verkoop",Contactcenter medewerker,134
2026-04-30,2026,4,mei 2025 - april 2026,Apr 2026,Organisatieondersteunende en kennisberoepen,"Medewerkers commerciële strategie, marketing en verkoop",Content marketeer,13
2026-04-30,2026,4,mei 2025 - april 2026,Apr 2026,Organisatieondersteunende en kennisberoepen,"Medewerkers commerciële strategie, marketing en verkoop",Digital marketeer,6
2026-04-30,2026,4,mei 2025 - april 2026,Apr 2026,Organisatieondersteunende en kennisberoepen,"Medewerkers commerciële strategie, marketing en verkoop",Digital sales assistant,13
2026-04-30,2026,4,mei 2025 - april 2026,Apr 2026,Organisatieondersteunende en kennisberoepen,"Medewerkers commerciële strategie, marketing en verkoop",Marketing assistent,4
2026-04-30,2026,4,mei 2025 - april 2026,Apr 2026,Organisatieondersteunende en kennisberoepen,"Medewerkers commerciële strategie, marketing en verkoop",Productmanager,1
2026-04-30,2026,4,mei 2025 - april 2026,Apr 2026,Organisatieondersteunende en kennisberoepen,"Medewerkers commerciële strategie, marketing en verkoop",Sales engineer,66
2026-04-30,2026,4,mei 2025 - april 2026,Apr 2026,Organisatieondersteunende en kennisberoepen,Onderzoeksmedewerkers en beleidsexperten,Beleidsdeskundige,28
2026-04-30,2026,4,mei 2025 - april 2026,Apr 2026,Organisatieondersteunende en kennisberoepen,Onderzoeksmedewerkers en beleidsexperten,Expert lokale ontwikkeling,53
2026-04-30,2026,4,mei 2025 - april 2026,Apr 2026,Organisatieondersteunende en kennisberoepen,Onderzoeksmedewerkers en beleidsexperten,Marktonderzoeker,3
2026-04-30,2026,4,mei 2025 - april 2026,Apr 2026,Organisatieondersteunende en kennisberoepen,Onderzoeksmedewerkers en beleidsexperten,Wetenschappelijk onderzoeker,5
2026-04-30,2026,4,mei 2025 - april 2026,Apr 2026,Organisatieondersteunende en kennisberoepen,Specialisten kennisbeheer en communicatie,Erfgoedkundige,9
2026-04-30,2026,4,mei 2025 - april 2026,Apr 2026,Organisatieondersteunende en kennisberoepen,Specialisten kennisbeheer en communicatie,Journalist-redacteur,1
2026-04-30,2026,4,mei 2025 - april 2026,Apr 2026,Organisatieondersteunende en kennisberoepen,Specialisten kennisbeheer en communicatie,Medewerker communicatie,6
2026-04-30,2026,4,mei 2025 - april 2026,Apr 2026,Organisatieondersteunende en kennisberoepen,Specialisten kennisbeheer en communicatie,Social media manager,1
2026-04-30,2026,4,mei 2025 - april 2026,Apr 2026,Pedagogische beroepen,Onderwijzend en leidinggevend personeel in onderwijs,Opleider volwassenen,2
2026-04-30,2026,4,mei 2025 - april 2026,Apr 2026,Pedagogische beroepen,Onderwijzend en leidinggevend personeel in onderwijs,Pedagogisch coördinator,3
2026-04-30,2026,4,mei 2025 - april 2026,Apr 2026,Transport- en logistieke beroepen,Bestuurders in het wegtransport,Bestuurder van sleepvoertuigen,1
2026-04-30,2026,4,mei 2025 - april 2026,Apr 2026,Transport- en logistieke beroepen,Bestuurders in het wegtransport,Taxichauffeur en chauffeur privévervoer,1
2026-04-30,2026,4,mei 2025 - april 2026,Apr 2026,Transport- en logistieke beroepen,Bestuurders in het wegtransport,Vrachtwagenbestuurder,390
2026-04-30,2026,4,mei 2025 - april 2026,Apr 2026,Transport- en logistieke beroepen,Transport- en logistiek personeel,Dispatcher goederenvervoer,26
2026-04-30,2026,4,mei 2025 - april 2026,Apr 2026,Transport- en logistieke beroepen,Transport- en logistiek personeel,Dispatcher personenvervoer,5
2026-04-30,2026,4,mei 2025 - april 2026,Apr 2026,Transport- en logistieke beroepen,Transport- en logistiek personeel,Heftruckchauffeur,0
2026-04-30,2026,4,mei 2025 - april 2026,Apr 2026,Transport- en logistieke beroepen,Transport- en logistiek personeel,Koerier besteller,3
2026-04-30,2026,4,mei 2025 - april 2026,Apr 2026,Transport- en logistieke beroepen,Transport- en logistiek personeel,Logistiek verantwoordelijke,55
2026-04-30,2026,4,mei 2025 - april 2026,Apr 2026,Transport- en logistieke beroepen,Transport- en logistiek personeel,Magazijnbeheerder,53
2026-04-30,2026,4,mei 2025 - april 2026,Apr 2026,Transport- en logistieke beroepen,Transport- en logistiek personeel,Magazijnmedewerker,238
2026-04-30,2026,4,mei 2025 - april 2026,Apr 2026,Transport- en logistieke beroepen,Transport- en logistiek personeel,Medewerker internationaal goederenverkeer,2
2026-04-30,2026,4,mei 2025 - april 2026,Apr 2026,Transport- en logistieke beroepen,Transport- en logistiek personeel,Verantwoordelijke logistieke site,10
2026-04-30,2026,4,mei 2025 - april 2026,Apr 2026,Transport- en logistieke beroepen,Transport- en logistiek personeel,Verhuizer,6
2026-04-30,2026,4,mei 2025 - april 2026,Apr 2026,Transport- en logistieke beroepen,"Werknemers spoor-, water-, luchttransport",Behandelaar luchtvracht en bagage,2
2026-04-30,2026,4,mei 2025 - april 2026,Apr 2026,Transport- en logistieke beroepen,"Werknemers spoor-, water-, luchttransport",Bemanning zeevaart,1
2026-04-30,2026,4,mei 2025 - april 2026,Apr 2026,Transport- en logistieke beroepen,"Werknemers spoor-, water-, luchttransport",Gezagvoerder zeevaart,1
2026-04-30,2026,4,mei 2025 - april 2026,Apr 2026,Transport- en logistieke beroepen,"Werknemers spoor-, water-, luchttransport",Havenarbeider,2
2026-04-30,2026,4,mei 2025 - april 2026,Apr 2026,Transport- en logistieke beroepen,"Werknemers spoor-, water-, luchttransport",Planner goederenbehandeling in de haven,1
2026-04-30,2026,4,mei 2025 - april 2026,Apr 2026,Transport- en logistieke beroepen,"Werknemers spoor-, water-, luchttransport",Schipper-stuurman binnenscheepvaart,3
2026-04-30,2026,4,mei 2025 - april 2026,Apr 2026,Transport- en logistieke beroepen,"Werknemers spoor-, water-, luchttransport",Spoorwerker,26
2026-04-30,2026,4,mei 2025 - april 2026,Apr 2026,Vrijetijds- en artistieke beroepen,"Artiesten, kunstenaars en andere culturele beroepen",Decorbouwer-rekwisiteur,1
2026-04-30,2026,4,mei 2025 - april 2026,Apr 2026,Vrijetijds- en artistieke beroepen,"Medewerkers bij toerisme, vrije tijd en sport",Eventmanager,1
