period_end,period_year,period_month,period_label,period_short,study_detail,vacatures,source_file
2017-01-31,2017,1,januari 2017,Jan 2017,3e en 4e gr. sec. beroeps,158,vacatures_eoy_since_2011_all-9.xlsx
2017-01-31,2017,1,januari 2017,Jan 2017,3e graad sec. algemeen,12,vacatures_eoy_since_2011_all-9.xlsx
2017-01-31,2017,1,januari 2017,Jan 2017,3e graad sec. kunst,1,vacatures_eoy_since_2011_all-9.xlsx
2017-01-31,2017,1,januari 2017,Jan 2017,3e graad sec. niet gespecificeerd,6,vacatures_eoy_since_2011_all-9.xlsx
2017-01-31,2017,1,januari 2017,Jan 2017,3e graad sec. technisch,207,vacatures_eoy_since_2011_all-9.xlsx
2017-01-31,2017,1,januari 2017,Jan 2017,Academische bachelor,20,vacatures_eoy_since_2011_all-9.xlsx
2017-01-31,2017,1,januari 2017,Jan 2017,Buitengewoon secundair,2,vacatures_eoy_since_2011_all-9.xlsx
2017-01-31,2017,1,januari 2017,Jan 2017,Geen specifieke studievereiste,705,vacatures_eoy_since_2011_all-9.xlsx
2017-01-31,2017,1,januari 2017,Jan 2017,Graduaat (HBO5),9,vacatures_eoy_since_2011_all-9.xlsx
2017-01-31,2017,1,januari 2017,Jan 2017,Lager onderwijs + 1e en 2e graad secundair,90,vacatures_eoy_since_2011_all-9.xlsx
2017-01-31,2017,1,januari 2017,Jan 2017,Master,55,vacatures_eoy_since_2011_all-9.xlsx
2017-01-31,2017,1,januari 2017,Jan 2017,Professionele bachelor,100,vacatures_eoy_since_2011_all-9.xlsx
2017-02-28,2017,2,februari 2017,Feb 2017,3e en 4e gr. sec. beroeps,203,vacatures_eoy_since_2011_all-9.xlsx
2017-02-28,2017,2,februari 2017,Feb 2017,3e graad sec. algemeen,20,vacatures_eoy_since_2011_all-9.xlsx
2017-02-28,2017,2,februari 2017,Feb 2017,3e graad sec. kunst,21,vacatures_eoy_since_2011_all-9.xlsx
2017-02-28,2017,2,februari 2017,Feb 2017,3e graad sec. niet gespecificeerd,5,vacatures_eoy_since_2011_all-9.xlsx
2017-02-28,2017,2,februari 2017,Feb 2017,3e graad sec. technisch,256,vacatures_eoy_since_2011_all-9.xlsx
2017-02-28,2017,2,februari 2017,Feb 2017,Academische bachelor,14,vacatures_eoy_since_2011_all-9.xlsx
2017-02-28,2017,2,februari 2017,Feb 2017,Geen specifieke studievereiste,643,vacatures_eoy_since_2011_all-9.xlsx
2017-02-28,2017,2,februari 2017,Feb 2017,Graduaat (HBO5),9,vacatures_eoy_since_2011_all-9.xlsx
2017-02-28,2017,2,februari 2017,Feb 2017,Lager onderwijs + 1e en 2e graad secundair,71,vacatures_eoy_since_2011_all-9.xlsx
2017-02-28,2017,2,februari 2017,Feb 2017,Master,49,vacatures_eoy_since_2011_all-9.xlsx
2017-02-28,2017,2,februari 2017,Feb 2017,Professionele bachelor,109,vacatures_eoy_since_2011_all-9.xlsx
2017-03-31,2017,3,maart 2017,Mrt 2017,3e en 4e gr. sec. beroeps,279,vacatures_eoy_since_2011_all-9.xlsx
2017-03-31,2017,3,maart 2017,Mrt 2017,3e graad sec. algemeen,30,vacatures_eoy_since_2011_all-9.xlsx
2017-03-31,2017,3,maart 2017,Mrt 2017,3e graad sec. kunst,2,vacatures_eoy_since_2011_all-9.xlsx
2017-03-31,2017,3,maart 2017,Mrt 2017,3e graad sec. niet gespecificeerd,1,vacatures_eoy_since_2011_all-9.xlsx
2017-03-31,2017,3,maart 2017,Mrt 2017,3e graad sec. technisch,265,vacatures_eoy_since_2011_all-9.xlsx
2017-03-31,2017,3,maart 2017,Mrt 2017,Academische bachelor,31,vacatures_eoy_since_2011_all-9.xlsx
2017-03-31,2017,3,maart 2017,Mrt 2017,Buitengewoon secundair,2,vacatures_eoy_since_2011_all-9.xlsx
2017-03-31,2017,3,maart 2017,Mrt 2017,Geen specifieke studievereiste,651,vacatures_eoy_since_2011_all-9.xlsx
2017-03-31,2017,3,maart 2017,Mrt 2017,Graduaat (HBO5),17,vacatures_eoy_since_2011_all-9.xlsx
2017-03-31,2017,3,maart 2017,Mrt 2017,Lager onderwijs + 1e en 2e graad secundair,94,vacatures_eoy_since_2011_all-9.xlsx
2017-03-31,2017,3,maart 2017,Mrt 2017,Master,60,vacatures_eoy_since_2011_all-9.xlsx
2017-03-31,2017,3,maart 2017,Mrt 2017,Professionele bachelor,137,vacatures_eoy_since_2011_all-9.xlsx
2017-04-30,2017,4,april 2017,Apr 2017,3e en 4e gr. sec. beroeps,163,vacatures_eoy_since_2011_all-9.xlsx
2017-04-30,2017,4,april 2017,Apr 2017,3e graad sec. algemeen,20,vacatures_eoy_since_2011_all-9.xlsx
2017-04-30,2017,4,april 2017,Apr 2017,3e graad sec. kunst,0,vacatures_eoy_since_2011_all-9.xlsx
2017-04-30,2017,4,april 2017,Apr 2017,3e graad sec. niet gespecificeerd,11,vacatures_eoy_since_2011_all-9.xlsx
2017-04-30,2017,4,april 2017,Apr 2017,3e graad sec. technisch,215,vacatures_eoy_since_2011_all-9.xlsx
2017-04-30,2017,4,april 2017,Apr 2017,Academische bachelor,27,vacatures_eoy_since_2011_all-9.xlsx
2017-04-30,2017,4,april 2017,Apr 2017,Buitengewoon secundair,2,vacatures_eoy_since_2011_all-9.xlsx
2017-04-30,2017,4,april 2017,Apr 2017,Geen specifieke studievereiste,598,vacatures_eoy_since_2011_all-9.xlsx
2017-04-30,2017,4,april 2017,Apr 2017,Graduaat (HBO5),7,vacatures_eoy_since_2011_all-9.xlsx
2017-04-30,2017,4,april 2017,Apr 2017,Lager onderwijs + 1e en 2e graad secundair,74,vacatures_eoy_since_2011_all-9.xlsx
2017-04-30,2017,4,april 2017,Apr 2017,Master,48,vacatures_eoy_since_2011_all-9.xlsx
2017-04-30,2017,4,april 2017,Apr 2017,Professionele bachelor,137,vacatures_eoy_since_2011_all-9.xlsx
2017-05-31,2017,5,mei 2017,Mei 2017,3e en 4e gr. sec. beroeps,191,vacatures_eoy_since_2011_all-9.xlsx
2017-05-31,2017,5,mei 2017,Mei 2017,3e graad sec. algemeen,15,vacatures_eoy_since_2011_all-9.xlsx
2017-05-31,2017,5,mei 2017,Mei 2017,3e graad sec. kunst,0,vacatures_eoy_since_2011_all-9.xlsx
2017-05-31,2017,5,mei 2017,Mei 2017,3e graad sec. niet gespecificeerd,10,vacatures_eoy_since_2011_all-9.xlsx
2017-05-31,2017,5,mei 2017,Mei 2017,3e graad sec. technisch,296,vacatures_eoy_since_2011_all-9.xlsx
2017-05-31,2017,5,mei 2017,Mei 2017,Academische bachelor,23,vacatures_eoy_since_2011_all-9.xlsx
2017-05-31,2017,5,mei 2017,Mei 2017,Buitengewoon secundair,2,vacatures_eoy_since_2011_all-9.xlsx
2017-05-31,2017,5,mei 2017,Mei 2017,Geen specifieke studievereiste,683,vacatures_eoy_since_2011_all-9.xlsx
2017-05-31,2017,5,mei 2017,Mei 2017,Graduaat (HBO5),21,vacatures_eoy_since_2011_all-9.xlsx
2017-05-31,2017,5,mei 2017,Mei 2017,Lager onderwijs + 1e en 2e graad secundair,121,vacatures_eoy_since_2011_all-9.xlsx
2017-05-31,2017,5,mei 2017,Mei 2017,Master,76,vacatures_eoy_since_2011_all-9.xlsx
2017-05-31,2017,5,mei 2017,Mei 2017,Professionele bachelor,146,vacatures_eoy_since_2011_all-9.xlsx
2017-06-30,2017,6,juni 2017,Jun 2017,3e en 4e gr. sec. beroeps,223,vacatures_eoy_since_2011_all-9.xlsx
2017-06-30,2017,6,juni 2017,Jun 2017,3e graad sec. algemeen,16,vacatures_eoy_since_2011_all-9.xlsx
2017-06-30,2017,6,juni 2017,Jun 2017,3e graad sec. niet gespecificeerd,13,vacatures_eoy_since_2011_all-9.xlsx
2017-06-30,2017,6,juni 2017,Jun 2017,3e graad sec. technisch,275,vacatures_eoy_since_2011_all-9.xlsx
2017-06-30,2017,6,juni 2017,Jun 2017,Academische bachelor,27,vacatures_eoy_since_2011_all-9.xlsx
2017-06-30,2017,6,juni 2017,Jun 2017,Buitengewoon secundair,3,vacatures_eoy_since_2011_all-9.xlsx
2017-06-30,2017,6,juni 2017,Jun 2017,Geen specifieke studievereiste,995,vacatures_eoy_since_2011_all-9.xlsx
2017-06-30,2017,6,juni 2017,Jun 2017,Graduaat (HBO5),14,vacatures_eoy_since_2011_all-9.xlsx
2017-06-30,2017,6,juni 2017,Jun 2017,Lager onderwijs + 1e en 2e graad secundair,128,vacatures_eoy_since_2011_all-9.xlsx
2017-06-30,2017,6,juni 2017,Jun 2017,Master,61,vacatures_eoy_since_2011_all-9.xlsx
2017-06-30,2017,6,juni 2017,Jun 2017,Professionele bachelor,130,vacatures_eoy_since_2011_all-9.xlsx
2017-07-31,2017,7,juli 2017,Jul 2017,3e en 4e gr. sec. beroeps,122,vacatures_eoy_since_2011_all-9.xlsx
2017-07-31,2017,7,juli 2017,Jul 2017,3e graad sec. algemeen,8,vacatures_eoy_since_2011_all-9.xlsx
2017-07-31,2017,7,juli 2017,Jul 2017,3e graad sec. niet gespecificeerd,11,vacatures_eoy_since_2011_all-9.xlsx
2017-07-31,2017,7,juli 2017,Jul 2017,3e graad sec. technisch,153,vacatures_eoy_since_2011_all-9.xlsx
2017-07-31,2017,7,juli 2017,Jul 2017,Academische bachelor,15,vacatures_eoy_since_2011_all-9.xlsx
2017-07-31,2017,7,juli 2017,Jul 2017,Buitengewoon secundair,0,vacatures_eoy_since_2011_all-9.xlsx
2017-07-31,2017,7,juli 2017,Jul 2017,Geen specifieke studievereiste,527,vacatures_eoy_since_2011_all-9.xlsx
2017-07-31,2017,7,juli 2017,Jul 2017,Graduaat (HBO5),22,vacatures_eoy_since_2011_all-9.xlsx
2017-07-31,2017,7,juli 2017,Jul 2017,Lager onderwijs + 1e en 2e graad secundair,87,vacatures_eoy_since_2011_all-9.xlsx
2017-07-31,2017,7,juli 2017,Jul 2017,Master,18,vacatures_eoy_since_2011_all-9.xlsx
2017-07-31,2017,7,juli 2017,Jul 2017,Professionele bachelor,79,vacatures_eoy_since_2011_all-9.xlsx
2017-08-31,2017,8,augustus 2017,Aug 2017,3e en 4e gr. sec. beroeps,300,vacatures_eoy_since_2011_all-9.xlsx
2017-08-31,2017,8,augustus 2017,Aug 2017,3e graad sec. algemeen,24,vacatures_eoy_since_2011_all-9.xlsx
2017-08-31,2017,8,augustus 2017,Aug 2017,3e graad sec. kunst,1,vacatures_eoy_since_2011_all-9.xlsx
2017-08-31,2017,8,augustus 2017,Aug 2017,3e graad sec. niet gespecificeerd,11,vacatures_eoy_since_2011_all-9.xlsx
2017-08-31,2017,8,augustus 2017,Aug 2017,3e graad sec. technisch,235,vacatures_eoy_since_2011_all-9.xlsx
2017-08-31,2017,8,augustus 2017,Aug 2017,Academische bachelor,27,vacatures_eoy_since_2011_all-9.xlsx
2017-08-31,2017,8,augustus 2017,Aug 2017,Buitengewoon secundair,2,vacatures_eoy_since_2011_all-9.xlsx
2017-08-31,2017,8,augustus 2017,Aug 2017,Geen specifieke studievereiste,919,vacatures_eoy_since_2011_all-9.xlsx
2017-08-31,2017,8,augustus 2017,Aug 2017,Graduaat (HBO5),16,vacatures_eoy_since_2011_all-9.xlsx
2017-08-31,2017,8,augustus 2017,Aug 2017,Lager onderwijs + 1e en 2e graad secundair,120,vacatures_eoy_since_2011_all-9.xlsx
2017-08-31,2017,8,augustus 2017,Aug 2017,Master,60,vacatures_eoy_since_2011_all-9.xlsx
2017-08-31,2017,8,augustus 2017,Aug 2017,Professionele bachelor,167,vacatures_eoy_since_2011_all-9.xlsx
2017-09-30,2017,9,september 2017,Sep 2017,3e en 4e gr. sec. beroeps,240,vacatures_eoy_since_2011_all-9.xlsx
2017-09-30,2017,9,september 2017,Sep 2017,3e graad sec. algemeen,22,vacatures_eoy_since_2011_all-9.xlsx
2017-09-30,2017,9,september 2017,Sep 2017,3e graad sec. kunst,1,vacatures_eoy_since_2011_all-9.xlsx
2017-09-30,2017,9,september 2017,Sep 2017,3e graad sec. niet gespecificeerd,11,vacatures_eoy_since_2011_all-9.xlsx
2017-09-30,2017,9,september 2017,Sep 2017,3e graad sec. technisch,279,vacatures_eoy_since_2011_all-9.xlsx
2017-09-30,2017,9,september 2017,Sep 2017,Academische bachelor,40,vacatures_eoy_since_2011_all-9.xlsx
2017-09-30,2017,9,september 2017,Sep 2017,Buitengewoon secundair,1,vacatures_eoy_since_2011_all-9.xlsx
2017-09-30,2017,9,september 2017,Sep 2017,Geen specifieke studievereiste,991,vacatures_eoy_since_2011_all-9.xlsx
2017-09-30,2017,9,september 2017,Sep 2017,Graduaat (HBO5),21,vacatures_eoy_since_2011_all-9.xlsx
2017-09-30,2017,9,september 2017,Sep 2017,Lager onderwijs + 1e en 2e graad secundair,62,vacatures_eoy_since_2011_all-9.xlsx
2017-09-30,2017,9,september 2017,Sep 2017,Master,49,vacatures_eoy_since_2011_all-9.xlsx
2017-09-30,2017,9,september 2017,Sep 2017,Professionele bachelor,144,vacatures_eoy_since_2011_all-9.xlsx
2017-10-31,2017,10,oktober 2017,Okt 2017,3e en 4e gr. sec. beroeps,227,vacatures_eoy_since_2011_all-9.xlsx
2017-10-31,2017,10,oktober 2017,Okt 2017,3e graad sec. algemeen,30,vacatures_eoy_since_2011_all-9.xlsx
2017-10-31,2017,10,oktober 2017,Okt 2017,3e graad sec. kunst,1,vacatures_eoy_since_2011_all-9.xlsx
2017-10-31,2017,10,oktober 2017,Okt 2017,3e graad sec. niet gespecificeerd,26,vacatures_eoy_since_2011_all-9.xlsx
2017-10-31,2017,10,oktober 2017,Okt 2017,3e graad sec. technisch,221,vacatures_eoy_since_2011_all-9.xlsx
2017-10-31,2017,10,oktober 2017,Okt 2017,Academische bachelor,44,vacatures_eoy_since_2011_all-9.xlsx
2017-10-31,2017,10,oktober 2017,Okt 2017,Buitengewoon secundair,1,vacatures_eoy_since_2011_all-9.xlsx
2017-10-31,2017,10,oktober 2017,Okt 2017,Geen specifieke studievereiste,1328,vacatures_eoy_since_2011_all-9.xlsx
2017-10-31,2017,10,oktober 2017,Okt 2017,Graduaat (HBO5),17,vacatures_eoy_since_2011_all-9.xlsx
2017-10-31,2017,10,oktober 2017,Okt 2017,Lager onderwijs + 1e en 2e graad secundair,83,vacatures_eoy_since_2011_all-9.xlsx
2017-10-31,2017,10,oktober 2017,Okt 2017,Master,68,vacatures_eoy_since_2011_all-9.xlsx
2017-10-31,2017,10,oktober 2017,Okt 2017,Professionele bachelor,174,vacatures_eoy_since_2011_all-9.xlsx
2017-11-30,2017,11,november 2017,Nov 2017,3e en 4e gr. sec. beroeps,171,vacatures_eoy_since_2011_all-9.xlsx
2017-11-30,2017,11,november 2017,Nov 2017,3e graad sec. algemeen,15,vacatures_eoy_since_2011_all-9.xlsx
2017-11-30,2017,11,november 2017,Nov 2017,3e graad sec. kunst,2,vacatures_eoy_since_2011_all-9.xlsx
2017-11-30,2017,11,november 2017,Nov 2017,3e graad sec. niet gespecificeerd,8,vacatures_eoy_since_2011_all-9.xlsx
2017-11-30,2017,11,november 2017,Nov 2017,3e graad sec. technisch,264,vacatures_eoy_since_2011_all-9.xlsx
2017-11-30,2017,11,november 2017,Nov 2017,Academische bachelor,48,vacatures_eoy_since_2011_all-9.xlsx
2017-11-30,2017,11,november 2017,Nov 2017,Buitengewoon secundair,2,vacatures_eoy_since_2011_all-9.xlsx
2017-11-30,2017,11,november 2017,Nov 2017,Geen specifieke studievereiste,669,vacatures_eoy_since_2011_all-9.xlsx
2017-11-30,2017,11,november 2017,Nov 2017,Graduaat (HBO5),10,vacatures_eoy_since_2011_all-9.xlsx
2017-11-30,2017,11,november 2017,Nov 2017,Lager onderwijs + 1e en 2e graad secundair,97,vacatures_eoy_since_2011_all-9.xlsx
2017-11-30,2017,11,november 2017,Nov 2017,Master,66,vacatures_eoy_since_2011_all-9.xlsx
2017-11-30,2017,11,november 2017,Nov 2017,Professionele bachelor,165,vacatures_eoy_since_2011_all-9.xlsx
2017-12-31,2017,12,december 2017,Dec 2017,3e en 4e gr. sec. beroeps,128,vacatures_eoy_since_2011_all-9.xlsx
2017-12-31,2017,12,december 2017,Dec 2017,3e graad sec. algemeen,9,vacatures_eoy_since_2011_all-9.xlsx
2017-12-31,2017,12,december 2017,Dec 2017,3e graad sec. kunst,0,vacatures_eoy_since_2011_all-9.xlsx
2017-12-31,2017,12,december 2017,Dec 2017,3e graad sec. niet gespecificeerd,5,vacatures_eoy_since_2011_all-9.xlsx
2017-12-31,2017,12,december 2017,Dec 2017,3e graad sec. technisch,273,vacatures_eoy_since_2011_all-9.xlsx
2017-12-31,2017,12,december 2017,Dec 2017,Academische bachelor,18,vacatures_eoy_since_2011_all-9.xlsx
2017-12-31,2017,12,december 2017,Dec 2017,Buitengewoon secundair,0,vacatures_eoy_since_2011_all-9.xlsx
2017-12-31,2017,12,december 2017,Dec 2017,Geen specifieke studievereiste,643,vacatures_eoy_since_2011_all-9.xlsx
2017-12-31,2017,12,december 2017,Dec 2017,Graduaat (HBO5),14,vacatures_eoy_since_2011_all-9.xlsx
2017-12-31,2017,12,december 2017,Dec 2017,Lager onderwijs + 1e en 2e graad secundair,62,vacatures_eoy_since_2011_all-9.xlsx
2017-12-31,2017,12,december 2017,Dec 2017,Master,53,vacatures_eoy_since_2011_all-9.xlsx
2017-12-31,2017,12,december 2017,Dec 2017,Professionele bachelor,141,vacatures_eoy_since_2011_all-9.xlsx
2018-01-31,2018,1,januari 2018,Jan 2018,3e en 4e gr. sec. beroeps,289,vacatures_eoy_since_2011_all-8.xlsx
2018-01-31,2018,1,januari 2018,Jan 2018,3e graad sec. algemeen,23,vacatures_eoy_since_2011_all-8.xlsx
2018-01-31,2018,1,januari 2018,Jan 2018,3e graad sec. kunst,2,vacatures_eoy_since_2011_all-8.xlsx
2018-01-31,2018,1,januari 2018,Jan 2018,3e graad sec. niet gespecificeerd,10,vacatures_eoy_since_2011_all-8.xlsx
2018-01-31,2018,1,januari 2018,Jan 2018,3e graad sec. technisch,311,vacatures_eoy_since_2011_all-8.xlsx
2018-01-31,2018,1,januari 2018,Jan 2018,Academische bachelor,37,vacatures_eoy_since_2011_all-8.xlsx
2018-01-31,2018,1,januari 2018,Jan 2018,Buitengewoon secundair,1,vacatures_eoy_since_2011_all-8.xlsx
2018-01-31,2018,1,januari 2018,Jan 2018,Geen specifieke studievereiste,1196,vacatures_eoy_since_2011_all-8.xlsx
2018-01-31,2018,1,januari 2018,Jan 2018,Graduaat (HBO5),20,vacatures_eoy_since_2011_all-8.xlsx
2018-01-31,2018,1,januari 2018,Jan 2018,Lager onderwijs + 1e en 2e graad secundair,151,vacatures_eoy_since_2011_all-8.xlsx
2018-01-31,2018,1,januari 2018,Jan 2018,Master,90,vacatures_eoy_since_2011_all-8.xlsx
2018-01-31,2018,1,januari 2018,Jan 2018,Professionele bachelor,203,vacatures_eoy_since_2011_all-8.xlsx
2018-02-28,2018,2,februari 2018,Feb 2018,3e en 4e gr. sec. beroeps,190,vacatures_eoy_since_2011_all-8.xlsx
2018-02-28,2018,2,februari 2018,Feb 2018,3e graad sec. algemeen,23,vacatures_eoy_since_2011_all-8.xlsx
2018-02-28,2018,2,februari 2018,Feb 2018,3e graad sec. kunst,2,vacatures_eoy_since_2011_all-8.xlsx
2018-02-28,2018,2,februari 2018,Feb 2018,3e graad sec. niet gespecificeerd,19,vacatures_eoy_since_2011_all-8.xlsx
2018-02-28,2018,2,februari 2018,Feb 2018,3e graad sec. technisch,243,vacatures_eoy_since_2011_all-8.xlsx
2018-02-28,2018,2,februari 2018,Feb 2018,Academische bachelor,38,vacatures_eoy_since_2011_all-8.xlsx
2018-02-28,2018,2,februari 2018,Feb 2018,Buitengewoon secundair,0,vacatures_eoy_since_2011_all-8.xlsx
2018-02-28,2018,2,februari 2018,Feb 2018,Geen specifieke studievereiste,636,vacatures_eoy_since_2011_all-8.xlsx
2018-02-28,2018,2,februari 2018,Feb 2018,Graduaat (HBO5),22,vacatures_eoy_since_2011_all-8.xlsx
2018-02-28,2018,2,februari 2018,Feb 2018,Lager onderwijs + 1e en 2e graad secundair,103,vacatures_eoy_since_2011_all-8.xlsx
2018-02-28,2018,2,februari 2018,Feb 2018,Master,81,vacatures_eoy_since_2011_all-8.xlsx
2018-02-28,2018,2,februari 2018,Feb 2018,Professionele bachelor,155,vacatures_eoy_since_2011_all-8.xlsx
2018-03-31,2018,3,maart 2018,Mrt 2018,3e en 4e gr. sec. beroeps,315,vacatures_eoy_since_2011_all-8.xlsx
2018-03-31,2018,3,maart 2018,Mrt 2018,3e graad sec. algemeen,30,vacatures_eoy_since_2011_all-8.xlsx
2018-03-31,2018,3,maart 2018,Mrt 2018,3e graad sec. kunst,0,vacatures_eoy_since_2011_all-8.xlsx
2018-03-31,2018,3,maart 2018,Mrt 2018,3e graad sec. niet gespecificeerd,8,vacatures_eoy_since_2011_all-8.xlsx
2018-03-31,2018,3,maart 2018,Mrt 2018,3e graad sec. technisch,461,vacatures_eoy_since_2011_all-8.xlsx
2018-03-31,2018,3,maart 2018,Mrt 2018,Academische bachelor,27,vacatures_eoy_since_2011_all-8.xlsx
2018-03-31,2018,3,maart 2018,Mrt 2018,Buitengewoon secundair,0,vacatures_eoy_since_2011_all-8.xlsx
2018-03-31,2018,3,maart 2018,Mrt 2018,Geen specifieke studievereiste,1042,vacatures_eoy_since_2011_all-8.xlsx
2018-03-31,2018,3,maart 2018,Mrt 2018,Graduaat (HBO5),8,vacatures_eoy_since_2011_all-8.xlsx
2018-03-31,2018,3,maart 2018,Mrt 2018,Lager onderwijs + 1e en 2e graad secundair,113,vacatures_eoy_since_2011_all-8.xlsx
2018-03-31,2018,3,maart 2018,Mrt 2018,Master,93,vacatures_eoy_since_2011_all-8.xlsx
2018-03-31,2018,3,maart 2018,Mrt 2018,Professionele bachelor,199,vacatures_eoy_since_2011_all-8.xlsx
2018-04-30,2018,4,april 2018,Apr 2018,3e en 4e gr. sec. beroeps,172,vacatures_eoy_since_2011_all-8.xlsx
2018-04-30,2018,4,april 2018,Apr 2018,3e graad sec. algemeen,17,vacatures_eoy_since_2011_all-8.xlsx
2018-04-30,2018,4,april 2018,Apr 2018,3e graad sec. kunst,2,vacatures_eoy_since_2011_all-8.xlsx
2018-04-30,2018,4,april 2018,Apr 2018,3e graad sec. niet gespecificeerd,11,vacatures_eoy_since_2011_all-8.xlsx
2018-04-30,2018,4,april 2018,Apr 2018,3e graad sec. technisch,259,vacatures_eoy_since_2011_all-8.xlsx
2018-04-30,2018,4,april 2018,Apr 2018,Academische bachelor,19,vacatures_eoy_since_2011_all-8.xlsx
2018-04-30,2018,4,april 2018,Apr 2018,Buitengewoon secundair,1,vacatures_eoy_since_2011_all-8.xlsx
2018-04-30,2018,4,april 2018,Apr 2018,Geen specifieke studievereiste,3121,vacatures_eoy_since_2011_all-8.xlsx
2018-04-30,2018,4,april 2018,Apr 2018,Graduaat (HBO5),15,vacatures_eoy_since_2011_all-8.xlsx
2018-04-30,2018,4,april 2018,Apr 2018,Lager onderwijs + 1e en 2e graad secundair,124,vacatures_eoy_since_2011_all-8.xlsx
2018-04-30,2018,4,april 2018,Apr 2018,Master,83,vacatures_eoy_since_2011_all-8.xlsx
2018-04-30,2018,4,april 2018,Apr 2018,Professionele bachelor,164,vacatures_eoy_since_2011_all-8.xlsx
2018-05-31,2018,5,mei 2018,Mei 2018,3e en 4e gr. sec. beroeps,281,vacatures_eoy_since_2011_all-8.xlsx
2018-05-31,2018,5,mei 2018,Mei 2018,3e graad sec. algemeen,16,vacatures_eoy_since_2011_all-8.xlsx
2018-05-31,2018,5,mei 2018,Mei 2018,3e graad sec. kunst,3,vacatures_eoy_since_2011_all-8.xlsx
2018-05-31,2018,5,mei 2018,Mei 2018,3e graad sec. niet gespecificeerd,9,vacatures_eoy_since_2011_all-8.xlsx
2018-05-31,2018,5,mei 2018,Mei 2018,3e graad sec. technisch,487,vacatures_eoy_since_2011_all-8.xlsx
2018-05-31,2018,5,mei 2018,Mei 2018,Academische bachelor,23,vacatures_eoy_since_2011_all-8.xlsx
2018-05-31,2018,5,mei 2018,Mei 2018,Buitengewoon secundair,0,vacatures_eoy_since_2011_all-8.xlsx
2018-05-31,2018,5,mei 2018,Mei 2018,Geen specifieke studievereiste,890,vacatures_eoy_since_2011_all-8.xlsx
2018-05-31,2018,5,mei 2018,Mei 2018,Graduaat (HBO5),13,vacatures_eoy_since_2011_all-8.xlsx
2018-05-31,2018,5,mei 2018,Mei 2018,Lager onderwijs + 1e en 2e graad secundair,126,vacatures_eoy_since_2011_all-8.xlsx
2018-05-31,2018,5,mei 2018,Mei 2018,Master,80,vacatures_eoy_since_2011_all-8.xlsx
2018-05-31,2018,5,mei 2018,Mei 2018,Professionele bachelor,164,vacatures_eoy_since_2011_all-8.xlsx
2018-06-30,2018,6,juni 2018,Jun 2018,3e en 4e gr. sec. beroeps,265,vacatures_eoy_since_2011_all-8.xlsx
2018-06-30,2018,6,juni 2018,Jun 2018,3e graad sec. algemeen,21,vacatures_eoy_since_2011_all-8.xlsx
2018-06-30,2018,6,juni 2018,Jun 2018,3e graad sec. kunst,1,vacatures_eoy_since_2011_all-8.xlsx
2018-06-30,2018,6,juni 2018,Jun 2018,3e graad sec. niet gespecificeerd,13,vacatures_eoy_since_2011_all-8.xlsx
2018-06-30,2018,6,juni 2018,Jun 2018,3e graad sec. technisch,308,vacatures_eoy_since_2011_all-8.xlsx
2018-06-30,2018,6,juni 2018,Jun 2018,Academische bachelor,34,vacatures_eoy_since_2011_all-8.xlsx
2018-06-30,2018,6,juni 2018,Jun 2018,Buitengewoon secundair,0,vacatures_eoy_since_2011_all-8.xlsx
2018-06-30,2018,6,juni 2018,Jun 2018,Geen specifieke studievereiste,793,vacatures_eoy_since_2011_all-8.xlsx
2018-06-30,2018,6,juni 2018,Jun 2018,Graduaat (HBO5),17,vacatures_eoy_since_2011_all-8.xlsx
2018-06-30,2018,6,juni 2018,Jun 2018,Lager onderwijs + 1e en 2e graad secundair,80,vacatures_eoy_since_2011_all-8.xlsx
2018-06-30,2018,6,juni 2018,Jun 2018,Master,57,vacatures_eoy_since_2011_all-8.xlsx
2018-06-30,2018,6,juni 2018,Jun 2018,Professionele bachelor,132,vacatures_eoy_since_2011_all-8.xlsx
2018-07-31,2018,7,juli 2018,Jul 2018,3e en 4e gr. sec. beroeps,164,vacatures_eoy_since_2011_all-8.xlsx
2018-07-31,2018,7,juli 2018,Jul 2018,3e graad sec. algemeen,12,vacatures_eoy_since_2011_all-8.xlsx
2018-07-31,2018,7,juli 2018,Jul 2018,3e graad sec. kunst,0,vacatures_eoy_since_2011_all-8.xlsx
2018-07-31,2018,7,juli 2018,Jul 2018,3e graad sec. niet gespecificeerd,7,vacatures_eoy_since_2011_all-8.xlsx
2018-07-31,2018,7,juli 2018,Jul 2018,3e graad sec. technisch,198,vacatures_eoy_since_2011_all-8.xlsx
2018-07-31,2018,7,juli 2018,Jul 2018,Academische bachelor,20,vacatures_eoy_since_2011_all-8.xlsx
2018-07-31,2018,7,juli 2018,Jul 2018,Buitengewoon secundair,1,vacatures_eoy_since_2011_all-8.xlsx
2018-07-31,2018,7,juli 2018,Jul 2018,Geen specifieke studievereiste,367,vacatures_eoy_since_2011_all-8.xlsx
2018-07-31,2018,7,juli 2018,Jul 2018,Graduaat (HBO5),7,vacatures_eoy_since_2011_all-8.xlsx
2018-07-31,2018,7,juli 2018,Jul 2018,Lager onderwijs + 1e en 2e graad secundair,64,vacatures_eoy_since_2011_all-8.xlsx
2018-07-31,2018,7,juli 2018,Jul 2018,Master,54,vacatures_eoy_since_2011_all-8.xlsx
2018-07-31,2018,7,juli 2018,Jul 2018,Professionele bachelor,105,vacatures_eoy_since_2011_all-8.xlsx
2018-08-31,2018,8,augustus 2018,Aug 2018,3e en 4e gr. sec. beroeps,437,vacatures_eoy_since_2011_all-8.xlsx
2018-08-31,2018,8,augustus 2018,Aug 2018,3e graad sec. algemeen,24,vacatures_eoy_since_2011_all-8.xlsx
2018-08-31,2018,8,augustus 2018,Aug 2018,3e graad sec. kunst,0,vacatures_eoy_since_2011_all-8.xlsx
2018-08-31,2018,8,augustus 2018,Aug 2018,3e graad sec. niet gespecificeerd,19,vacatures_eoy_since_2011_all-8.xlsx
2018-08-31,2018,8,augustus 2018,Aug 2018,3e graad sec. technisch,380,vacatures_eoy_since_2011_all-8.xlsx
2018-08-31,2018,8,augustus 2018,Aug 2018,Academische bachelor,23,vacatures_eoy_since_2011_all-8.xlsx
2018-08-31,2018,8,augustus 2018,Aug 2018,Buitengewoon secundair,0,vacatures_eoy_since_2011_all-8.xlsx
2018-08-31,2018,8,augustus 2018,Aug 2018,Geen specifieke studievereiste,1078,vacatures_eoy_since_2011_all-8.xlsx
2018-08-31,2018,8,augustus 2018,Aug 2018,Graduaat (HBO5),12,vacatures_eoy_since_2011_all-8.xlsx
2018-08-31,2018,8,augustus 2018,Aug 2018,Lager onderwijs + 1e en 2e graad secundair,96,vacatures_eoy_since_2011_all-8.xlsx
2018-08-31,2018,8,augustus 2018,Aug 2018,Master,71,vacatures_eoy_since_2011_all-8.xlsx
2018-08-31,2018,8,augustus 2018,Aug 2018,Professionele bachelor,185,vacatures_eoy_since_2011_all-8.xlsx
2018-09-30,2018,9,september 2018,Sep 2018,3e en 4e gr. sec. beroeps,184,vacatures_eoy_since_2011_all-8.xlsx
2018-09-30,2018,9,september 2018,Sep 2018,3e graad sec. algemeen,22,vacatures_eoy_since_2011_all-8.xlsx
2018-09-30,2018,9,september 2018,Sep 2018,3e graad sec. niet gespecificeerd,4,vacatures_eoy_since_2011_all-8.xlsx
2018-09-30,2018,9,september 2018,Sep 2018,3e graad sec. technisch,292,vacatures_eoy_since_2011_all-8.xlsx
2018-09-30,2018,9,september 2018,Sep 2018,Academische bachelor,19,vacatures_eoy_since_2011_all-8.xlsx
2018-09-30,2018,9,september 2018,Sep 2018,Buitengewoon secundair,1,vacatures_eoy_since_2011_all-8.xlsx
2018-09-30,2018,9,september 2018,Sep 2018,Geen specifieke studievereiste,1213,vacatures_eoy_since_2011_all-8.xlsx
2018-09-30,2018,9,september 2018,Sep 2018,Graduaat (HBO5),644,vacatures_eoy_since_2011_all-8.xlsx
2018-09-30,2018,9,september 2018,Sep 2018,Lager onderwijs + 1e en 2e graad secundair,84,vacatures_eoy_since_2011_all-8.xlsx
2018-09-30,2018,9,september 2018,Sep 2018,Master,53,vacatures_eoy_since_2011_all-8.xlsx
2018-09-30,2018,9,september 2018,Sep 2018,Professionele bachelor,115,vacatures_eoy_since_2011_all-8.xlsx
2018-10-31,2018,10,oktober 2018,Okt 2018,3e en 4e gr. sec. beroeps,214,vacatures_eoy_since_2011_all-8.xlsx
2018-10-31,2018,10,oktober 2018,Okt 2018,3e graad sec. algemeen,21,vacatures_eoy_since_2011_all-8.xlsx
2018-10-31,2018,10,oktober 2018,Okt 2018,3e graad sec. niet gespecificeerd,8,vacatures_eoy_since_2011_all-8.xlsx
2018-10-31,2018,10,oktober 2018,Okt 2018,3e graad sec. technisch,381,vacatures_eoy_since_2011_all-8.xlsx
2018-10-31,2018,10,oktober 2018,Okt 2018,Academische bachelor,30,vacatures_eoy_since_2011_all-8.xlsx
2018-10-31,2018,10,oktober 2018,Okt 2018,Buitengewoon secundair,0,vacatures_eoy_since_2011_all-8.xlsx
2018-10-31,2018,10,oktober 2018,Okt 2018,Geen specifieke studievereiste,850,vacatures_eoy_since_2011_all-8.xlsx
2018-10-31,2018,10,oktober 2018,Okt 2018,Graduaat (HBO5),33,vacatures_eoy_since_2011_all-8.xlsx
2018-10-31,2018,10,oktober 2018,Okt 2018,Lager onderwijs + 1e en 2e graad secundair,98,vacatures_eoy_since_2011_all-8.xlsx
2018-10-31,2018,10,oktober 2018,Okt 2018,Master,76,vacatures_eoy_since_2011_all-8.xlsx
2018-10-31,2018,10,oktober 2018,Okt 2018,Professionele bachelor,133,vacatures_eoy_since_2011_all-8.xlsx
2018-11-30,2018,11,november 2018,Nov 2018,3e en 4e gr. sec. beroeps,143,vacatures_eoy_since_2011_all-8.xlsx
2018-11-30,2018,11,november 2018,Nov 2018,3e graad sec. algemeen,13,vacatures_eoy_since_2011_all-8.xlsx
2018-11-30,2018,11,november 2018,Nov 2018,3e graad sec. kunst,1,vacatures_eoy_since_2011_all-8.xlsx
2018-11-30,2018,11,november 2018,Nov 2018,3e graad sec. niet gespecificeerd,14,vacatures_eoy_since_2011_all-8.xlsx
2018-11-30,2018,11,november 2018,Nov 2018,3e graad sec. technisch,474,vacatures_eoy_since_2011_all-8.xlsx
2018-11-30,2018,11,november 2018,Nov 2018,Academische bachelor,22,vacatures_eoy_since_2011_all-8.xlsx
2018-11-30,2018,11,november 2018,Nov 2018,Buitengewoon secundair,0,vacatures_eoy_since_2011_all-8.xlsx
2018-11-30,2018,11,november 2018,Nov 2018,Geen specifieke studievereiste,557,vacatures_eoy_since_2011_all-8.xlsx
2018-11-30,2018,11,november 2018,Nov 2018,Graduaat (HBO5),22,vacatures_eoy_since_2011_all-8.xlsx
2018-11-30,2018,11,november 2018,Nov 2018,Lager onderwijs + 1e en 2e graad secundair,77,vacatures_eoy_since_2011_all-8.xlsx
2018-11-30,2018,11,november 2018,Nov 2018,Master,48,vacatures_eoy_since_2011_all-8.xlsx
2018-11-30,2018,11,november 2018,Nov 2018,Professionele bachelor,134,vacatures_eoy_since_2011_all-8.xlsx
2018-12-31,2018,12,december 2018,Dec 2018,3e en 4e gr. sec. beroeps,155,vacatures_eoy_since_2011_all-8.xlsx
2018-12-31,2018,12,december 2018,Dec 2018,3e graad sec. algemeen,9,vacatures_eoy_since_2011_all-8.xlsx
2018-12-31,2018,12,december 2018,Dec 2018,3e graad sec. kunst,1,vacatures_eoy_since_2011_all-8.xlsx
2018-12-31,2018,12,december 2018,Dec 2018,3e graad sec. niet gespecificeerd,8,vacatures_eoy_since_2011_all-8.xlsx
2018-12-31,2018,12,december 2018,Dec 2018,3e graad sec. technisch,160,vacatures_eoy_since_2011_all-8.xlsx
2018-12-31,2018,12,december 2018,Dec 2018,Academische bachelor,23,vacatures_eoy_since_2011_all-8.xlsx
2018-12-31,2018,12,december 2018,Dec 2018,Buitengewoon secundair,1,vacatures_eoy_since_2011_all-8.xlsx
2018-12-31,2018,12,december 2018,Dec 2018,Geen specifieke studievereiste,462,vacatures_eoy_since_2011_all-8.xlsx
2018-12-31,2018,12,december 2018,Dec 2018,Graduaat (HBO5),12,vacatures_eoy_since_2011_all-8.xlsx
2018-12-31,2018,12,december 2018,Dec 2018,Lager onderwijs + 1e en 2e graad secundair,59,vacatures_eoy_since_2011_all-8.xlsx
2018-12-31,2018,12,december 2018,Dec 2018,Master,51,vacatures_eoy_since_2011_all-8.xlsx
2018-12-31,2018,12,december 2018,Dec 2018,Professionele bachelor,112,vacatures_eoy_since_2011_all-8.xlsx
2019-01-31,2019,1,januari 2019,Jan 2019,3e en 4e gr. sec. beroeps,242,vacatures_eoy_since_2011_all-7.xlsx
2019-01-31,2019,1,januari 2019,Jan 2019,3e graad sec. algemeen,18,vacatures_eoy_since_2011_all-7.xlsx
2019-01-31,2019,1,januari 2019,Jan 2019,3e graad sec. niet gespecificeerd,16,vacatures_eoy_since_2011_all-7.xlsx
2019-01-31,2019,1,januari 2019,Jan 2019,3e graad sec. technisch,306,vacatures_eoy_since_2011_all-7.xlsx
2019-01-31,2019,1,januari 2019,Jan 2019,Academische bachelor,25,vacatures_eoy_since_2011_all-7.xlsx
2019-01-31,2019,1,januari 2019,Jan 2019,Buitengewoon secundair,2,vacatures_eoy_since_2011_all-7.xlsx
2019-01-31,2019,1,januari 2019,Jan 2019,Geen specifieke studievereiste,681,vacatures_eoy_since_2011_all-7.xlsx
2019-01-31,2019,1,januari 2019,Jan 2019,Graduaat (HBO5),21,vacatures_eoy_since_2011_all-7.xlsx
2019-01-31,2019,1,januari 2019,Jan 2019,Lager onderwijs + 1e en 2e graad secundair,105,vacatures_eoy_since_2011_all-7.xlsx
2019-01-31,2019,1,januari 2019,Jan 2019,Master,46,vacatures_eoy_since_2011_all-7.xlsx
2019-01-31,2019,1,januari 2019,Jan 2019,Professionele bachelor,182,vacatures_eoy_since_2011_all-7.xlsx
2019-02-28,2019,2,februari 2019,Feb 2019,3e en 4e gr. sec. beroeps,208,vacatures_eoy_since_2011_all-7.xlsx
2019-02-28,2019,2,februari 2019,Feb 2019,3e graad sec. algemeen,13,vacatures_eoy_since_2011_all-7.xlsx
2019-02-28,2019,2,februari 2019,Feb 2019,3e graad sec. kunst,1,vacatures_eoy_since_2011_all-7.xlsx
2019-02-28,2019,2,februari 2019,Feb 2019,3e graad sec. niet gespecificeerd,13,vacatures_eoy_since_2011_all-7.xlsx
2019-02-28,2019,2,februari 2019,Feb 2019,3e graad sec. technisch,370,vacatures_eoy_since_2011_all-7.xlsx
2019-02-28,2019,2,februari 2019,Feb 2019,Academische bachelor,26,vacatures_eoy_since_2011_all-7.xlsx
2019-02-28,2019,2,februari 2019,Feb 2019,Buitengewoon secundair,0,vacatures_eoy_since_2011_all-7.xlsx
2019-02-28,2019,2,februari 2019,Feb 2019,Geen specifieke studievereiste,784,vacatures_eoy_since_2011_all-7.xlsx
2019-02-28,2019,2,februari 2019,Feb 2019,Graduaat (HBO5),23,vacatures_eoy_since_2011_all-7.xlsx
2019-02-28,2019,2,februari 2019,Feb 2019,Lager onderwijs + 1e en 2e graad secundair,122,vacatures_eoy_since_2011_all-7.xlsx
2019-02-28,2019,2,februari 2019,Feb 2019,Master,84,vacatures_eoy_since_2011_all-7.xlsx
2019-02-28,2019,2,februari 2019,Feb 2019,Professionele bachelor,182,vacatures_eoy_since_2011_all-7.xlsx
2019-03-31,2019,3,maart 2019,Mrt 2019,3e en 4e gr. sec. beroeps,150,vacatures_eoy_since_2011_all-7.xlsx
2019-03-31,2019,3,maart 2019,Mrt 2019,3e graad sec. algemeen,9,vacatures_eoy_since_2011_all-7.xlsx
2019-03-31,2019,3,maart 2019,Mrt 2019,3e graad sec. kunst,1,vacatures_eoy_since_2011_all-7.xlsx
2019-03-31,2019,3,maart 2019,Mrt 2019,3e graad sec. niet gespecificeerd,9,vacatures_eoy_since_2011_all-7.xlsx
2019-03-31,2019,3,maart 2019,Mrt 2019,3e graad sec. technisch,408,vacatures_eoy_since_2011_all-7.xlsx
2019-03-31,2019,3,maart 2019,Mrt 2019,Academische bachelor,38,vacatures_eoy_since_2011_all-7.xlsx
2019-03-31,2019,3,maart 2019,Mrt 2019,Buitengewoon secundair,1,vacatures_eoy_since_2011_all-7.xlsx
2019-03-31,2019,3,maart 2019,Mrt 2019,Geen specifieke studievereiste,719,vacatures_eoy_since_2011_all-7.xlsx
2019-03-31,2019,3,maart 2019,Mrt 2019,Graduaat (HBO5),15,vacatures_eoy_since_2011_all-7.xlsx
2019-03-31,2019,3,maart 2019,Mrt 2019,Lager onderwijs + 1e en 2e graad secundair,85,vacatures_eoy_since_2011_all-7.xlsx
2019-03-31,2019,3,maart 2019,Mrt 2019,Master,100,vacatures_eoy_since_2011_all-7.xlsx
2019-03-31,2019,3,maart 2019,Mrt 2019,Professionele bachelor,189,vacatures_eoy_since_2011_all-7.xlsx
2019-04-30,2019,4,april 2019,Apr 2019,3e en 4e gr. sec. beroeps,164,vacatures_eoy_since_2011_all-7.xlsx
2019-04-30,2019,4,april 2019,Apr 2019,3e graad sec. algemeen,16,vacatures_eoy_since_2011_all-7.xlsx
2019-04-30,2019,4,april 2019,Apr 2019,3e graad sec. kunst,1,vacatures_eoy_since_2011_all-7.xlsx
2019-04-30,2019,4,april 2019,Apr 2019,3e graad sec. niet gespecificeerd,8,vacatures_eoy_since_2011_all-7.xlsx
2019-04-30,2019,4,april 2019,Apr 2019,3e graad sec. technisch,239,vacatures_eoy_since_2011_all-7.xlsx
2019-04-30,2019,4,april 2019,Apr 2019,Academische bachelor,12,vacatures_eoy_since_2011_all-7.xlsx
2019-04-30,2019,4,april 2019,Apr 2019,Buitengewoon secundair,0,vacatures_eoy_since_2011_all-7.xlsx
2019-04-30,2019,4,april 2019,Apr 2019,Geen specifieke studievereiste,684,vacatures_eoy_since_2011_all-7.xlsx
2019-04-30,2019,4,april 2019,Apr 2019,Graduaat (HBO5),7,vacatures_eoy_since_2011_all-7.xlsx
2019-04-30,2019,4,april 2019,Apr 2019,Lager onderwijs + 1e en 2e graad secundair,63,vacatures_eoy_since_2011_all-7.xlsx
2019-04-30,2019,4,april 2019,Apr 2019,Master,78,vacatures_eoy_since_2011_all-7.xlsx
2019-04-30,2019,4,april 2019,Apr 2019,Professionele bachelor,145,vacatures_eoy_since_2011_all-7.xlsx
2019-05-31,2019,5,mei 2019,Mei 2019,3e en 4e gr. sec. beroeps,170,vacatures_eoy_since_2011_all-7.xlsx
2019-05-31,2019,5,mei 2019,Mei 2019,3e graad sec. algemeen,20,vacatures_eoy_since_2011_all-7.xlsx
2019-05-31,2019,5,mei 2019,Mei 2019,3e graad sec. kunst,0,vacatures_eoy_since_2011_all-7.xlsx
2019-05-31,2019,5,mei 2019,Mei 2019,3e graad sec. niet gespecificeerd,5,vacatures_eoy_since_2011_all-7.xlsx
2019-05-31,2019,5,mei 2019,Mei 2019,3e graad sec. technisch,354,vacatures_eoy_since_2011_all-7.xlsx
2019-05-31,2019,5,mei 2019,Mei 2019,Academische bachelor,23,vacatures_eoy_since_2011_all-7.xlsx
2019-05-31,2019,5,mei 2019,Mei 2019,Buitengewoon secundair,0,vacatures_eoy_since_2011_all-7.xlsx
2019-05-31,2019,5,mei 2019,Mei 2019,Geen specifieke studievereiste,737,vacatures_eoy_since_2011_all-7.xlsx
2019-05-31,2019,5,mei 2019,Mei 2019,Graduaat (HBO5),24,vacatures_eoy_since_2011_all-7.xlsx
2019-05-31,2019,5,mei 2019,Mei 2019,Lager onderwijs + 1e en 2e graad secundair,79,vacatures_eoy_since_2011_all-7.xlsx
2019-05-31,2019,5,mei 2019,Mei 2019,Master,50,vacatures_eoy_since_2011_all-7.xlsx
2019-05-31,2019,5,mei 2019,Mei 2019,Professionele bachelor,155,vacatures_eoy_since_2011_all-7.xlsx
2019-06-30,2019,6,juni 2019,Jun 2019,3e en 4e gr. sec. beroeps,177,vacatures_eoy_since_2011_all-7.xlsx
2019-06-30,2019,6,juni 2019,Jun 2019,3e graad sec. algemeen,21,vacatures_eoy_since_2011_all-7.xlsx
2019-06-30,2019,6,juni 2019,Jun 2019,3e graad sec. kunst,0,vacatures_eoy_since_2011_all-7.xlsx
2019-06-30,2019,6,juni 2019,Jun 2019,3e graad sec. niet gespecificeerd,5,vacatures_eoy_since_2011_all-7.xlsx
2019-06-30,2019,6,juni 2019,Jun 2019,3e graad sec. technisch,351,vacatures_eoy_since_2011_all-7.xlsx
2019-06-30,2019,6,juni 2019,Jun 2019,Academische bachelor,41,vacatures_eoy_since_2011_all-7.xlsx
2019-06-30,2019,6,juni 2019,Jun 2019,Buitengewoon secundair,2,vacatures_eoy_since_2011_all-7.xlsx
2019-06-30,2019,6,juni 2019,Jun 2019,Geen specifieke studievereiste,521,vacatures_eoy_since_2011_all-7.xlsx
2019-06-30,2019,6,juni 2019,Jun 2019,Graduaat (HBO5),16,vacatures_eoy_since_2011_all-7.xlsx
2019-06-30,2019,6,juni 2019,Jun 2019,Lager onderwijs + 1e en 2e graad secundair,101,vacatures_eoy_since_2011_all-7.xlsx
2019-06-30,2019,6,juni 2019,Jun 2019,Master,53,vacatures_eoy_since_2011_all-7.xlsx
2019-06-30,2019,6,juni 2019,Jun 2019,Professionele bachelor,155,vacatures_eoy_since_2011_all-7.xlsx
2019-07-31,2019,7,juli 2019,Jul 2019,3e en 4e gr. sec. beroeps,123,vacatures_eoy_since_2011_all-7.xlsx
2019-07-31,2019,7,juli 2019,Jul 2019,3e graad sec. algemeen,25,vacatures_eoy_since_2011_all-7.xlsx
2019-07-31,2019,7,juli 2019,Jul 2019,3e graad sec. kunst,0,vacatures_eoy_since_2011_all-7.xlsx
2019-07-31,2019,7,juli 2019,Jul 2019,3e graad sec. niet gespecificeerd,5,vacatures_eoy_since_2011_all-7.xlsx
2019-07-31,2019,7,juli 2019,Jul 2019,3e graad sec. technisch,241,vacatures_eoy_since_2011_all-7.xlsx
2019-07-31,2019,7,juli 2019,Jul 2019,Academische bachelor,14,vacatures_eoy_since_2011_all-7.xlsx
2019-07-31,2019,7,juli 2019,Jul 2019,Buitengewoon secundair,0,vacatures_eoy_since_2011_all-7.xlsx
2019-07-31,2019,7,juli 2019,Jul 2019,Geen specifieke studievereiste,408,vacatures_eoy_since_2011_all-7.xlsx
2019-07-31,2019,7,juli 2019,Jul 2019,Graduaat (HBO5),3,vacatures_eoy_since_2011_all-7.xlsx
2019-07-31,2019,7,juli 2019,Jul 2019,Lager onderwijs + 1e en 2e graad secundair,56,vacatures_eoy_since_2011_all-7.xlsx
2019-07-31,2019,7,juli 2019,Jul 2019,Master,79,vacatures_eoy_since_2011_all-7.xlsx
2019-07-31,2019,7,juli 2019,Jul 2019,Professionele bachelor,178,vacatures_eoy_since_2011_all-7.xlsx
2019-08-31,2019,8,augustus 2019,Aug 2019,3e en 4e gr. sec. beroeps,174,vacatures_eoy_since_2011_all-7.xlsx
2019-08-31,2019,8,augustus 2019,Aug 2019,3e graad sec. algemeen,24,vacatures_eoy_since_2011_all-7.xlsx
2019-08-31,2019,8,augustus 2019,Aug 2019,3e graad sec. kunst,0,vacatures_eoy_since_2011_all-7.xlsx
2019-08-31,2019,8,augustus 2019,Aug 2019,3e graad sec. niet gespecificeerd,23,vacatures_eoy_since_2011_all-7.xlsx
2019-08-31,2019,8,augustus 2019,Aug 2019,3e graad sec. technisch,222,vacatures_eoy_since_2011_all-7.xlsx
2019-08-31,2019,8,augustus 2019,Aug 2019,Academische bachelor,23,vacatures_eoy_since_2011_all-7.xlsx
2019-08-31,2019,8,augustus 2019,Aug 2019,Buitengewoon secundair,0,vacatures_eoy_since_2011_all-7.xlsx
2019-08-31,2019,8,augustus 2019,Aug 2019,Geen specifieke studievereiste,713,vacatures_eoy_since_2011_all-7.xlsx
2019-08-31,2019,8,augustus 2019,Aug 2019,Graduaat (HBO5),20,vacatures_eoy_since_2011_all-7.xlsx
2019-08-31,2019,8,augustus 2019,Aug 2019,Lager onderwijs + 1e en 2e graad secundair,48,vacatures_eoy_since_2011_all-7.xlsx
2019-08-31,2019,8,augustus 2019,Aug 2019,Master,43,vacatures_eoy_since_2011_all-7.xlsx
2019-08-31,2019,8,augustus 2019,Aug 2019,Professionele bachelor,136,vacatures_eoy_since_2011_all-7.xlsx
2019-09-30,2019,9,september 2019,Sep 2019,3e en 4e gr. sec. beroeps,211,vacatures_eoy_since_2011_all-7.xlsx
2019-09-30,2019,9,september 2019,Sep 2019,3e graad sec. algemeen,15,vacatures_eoy_since_2011_all-7.xlsx
2019-09-30,2019,9,september 2019,Sep 2019,3e graad sec. kunst,0,vacatures_eoy_since_2011_all-7.xlsx
2019-09-30,2019,9,september 2019,Sep 2019,3e graad sec. niet gespecificeerd,7,vacatures_eoy_since_2011_all-7.xlsx
2019-09-30,2019,9,september 2019,Sep 2019,3e graad sec. technisch,314,vacatures_eoy_since_2011_all-7.xlsx
2019-09-30,2019,9,september 2019,Sep 2019,Academische bachelor,46,vacatures_eoy_since_2011_all-7.xlsx
2019-09-30,2019,9,september 2019,Sep 2019,Buitengewoon secundair,1,vacatures_eoy_since_2011_all-7.xlsx
2019-09-30,2019,9,september 2019,Sep 2019,Geen specifieke studievereiste,1079,vacatures_eoy_since_2011_all-7.xlsx
2019-09-30,2019,9,september 2019,Sep 2019,Graduaat (HBO5),21,vacatures_eoy_since_2011_all-7.xlsx
2019-09-30,2019,9,september 2019,Sep 2019,Lager onderwijs + 1e en 2e graad secundair,99,vacatures_eoy_since_2011_all-7.xlsx
2019-09-30,2019,9,september 2019,Sep 2019,Master,80,vacatures_eoy_since_2011_all-7.xlsx
2019-09-30,2019,9,september 2019,Sep 2019,Professionele bachelor,190,vacatures_eoy_since_2011_all-7.xlsx
2019-10-31,2019,10,oktober 2019,Okt 2019,3e en 4e gr. sec. beroeps,218,vacatures_eoy_since_2011_all-7.xlsx
2019-10-31,2019,10,oktober 2019,Okt 2019,3e graad sec. algemeen,13,vacatures_eoy_since_2011_all-7.xlsx
2019-10-31,2019,10,oktober 2019,Okt 2019,3e graad sec. kunst,2,vacatures_eoy_since_2011_all-7.xlsx
2019-10-31,2019,10,oktober 2019,Okt 2019,3e graad sec. niet gespecificeerd,18,vacatures_eoy_since_2011_all-7.xlsx
2019-10-31,2019,10,oktober 2019,Okt 2019,3e graad sec. technisch,359,vacatures_eoy_since_2011_all-7.xlsx
2019-10-31,2019,10,oktober 2019,Okt 2019,Academische bachelor,42,vacatures_eoy_since_2011_all-7.xlsx
2019-10-31,2019,10,oktober 2019,Okt 2019,Buitengewoon secundair,1,vacatures_eoy_since_2011_all-7.xlsx
2019-10-31,2019,10,oktober 2019,Okt 2019,Geen specifieke studievereiste,863,vacatures_eoy_since_2011_all-7.xlsx
2019-10-31,2019,10,oktober 2019,Okt 2019,Graduaat (HBO5),23,vacatures_eoy_since_2011_all-7.xlsx
2019-10-31,2019,10,oktober 2019,Okt 2019,Lager onderwijs + 1e en 2e graad secundair,141,vacatures_eoy_since_2011_all-7.xlsx
2019-10-31,2019,10,oktober 2019,Okt 2019,Master,103,vacatures_eoy_since_2011_all-7.xlsx
2019-10-31,2019,10,oktober 2019,Okt 2019,Professionele bachelor,257,vacatures_eoy_since_2011_all-7.xlsx
2019-11-30,2019,11,november 2019,Nov 2019,3e en 4e gr. sec. beroeps,157,vacatures_eoy_since_2011_all-7.xlsx
2019-11-30,2019,11,november 2019,Nov 2019,3e graad sec. algemeen,27,vacatures_eoy_since_2011_all-7.xlsx
2019-11-30,2019,11,november 2019,Nov 2019,3e graad sec. kunst,2,vacatures_eoy_since_2011_all-7.xlsx
2019-11-30,2019,11,november 2019,Nov 2019,3e graad sec. niet gespecificeerd,9,vacatures_eoy_since_2011_all-7.xlsx
2019-11-30,2019,11,november 2019,Nov 2019,3e graad sec. technisch,201,vacatures_eoy_since_2011_all-7.xlsx
2019-11-30,2019,11,november 2019,Nov 2019,Academische bachelor,30,vacatures_eoy_since_2011_all-7.xlsx
2019-11-30,2019,11,november 2019,Nov 2019,Buitengewoon secundair,0,vacatures_eoy_since_2011_all-7.xlsx
2019-11-30,2019,11,november 2019,Nov 2019,Geen specifieke studievereiste,608,vacatures_eoy_since_2011_all-7.xlsx
2019-11-30,2019,11,november 2019,Nov 2019,Graduaat (HBO5),24,vacatures_eoy_since_2011_all-7.xlsx
2019-11-30,2019,11,november 2019,Nov 2019,Lager onderwijs + 1e en 2e graad secundair,95,vacatures_eoy_since_2011_all-7.xlsx
2019-11-30,2019,11,november 2019,Nov 2019,Master,43,vacatures_eoy_since_2011_all-7.xlsx
2019-11-30,2019,11,november 2019,Nov 2019,Professionele bachelor,111,vacatures_eoy_since_2011_all-7.xlsx
2019-12-31,2019,12,december 2019,Dec 2019,3e en 4e gr. sec. beroeps,128,vacatures_eoy_since_2011_all-7.xlsx
2019-12-31,2019,12,december 2019,Dec 2019,3e graad sec. algemeen,3,vacatures_eoy_since_2011_all-7.xlsx
2019-12-31,2019,12,december 2019,Dec 2019,3e graad sec. kunst,0,vacatures_eoy_since_2011_all-7.xlsx
2019-12-31,2019,12,december 2019,Dec 2019,3e graad sec. niet gespecificeerd,6,vacatures_eoy_since_2011_all-7.xlsx
2019-12-31,2019,12,december 2019,Dec 2019,3e graad sec. technisch,246,vacatures_eoy_since_2011_all-7.xlsx
2019-12-31,2019,12,december 2019,Dec 2019,Academische bachelor,24,vacatures_eoy_since_2011_all-7.xlsx
2019-12-31,2019,12,december 2019,Dec 2019,Buitengewoon secundair,1,vacatures_eoy_since_2011_all-7.xlsx
2019-12-31,2019,12,december 2019,Dec 2019,Geen specifieke studievereiste,517,vacatures_eoy_since_2011_all-7.xlsx
2019-12-31,2019,12,december 2019,Dec 2019,Graduaat (HBO5),11,vacatures_eoy_since_2011_all-7.xlsx
2019-12-31,2019,12,december 2019,Dec 2019,Lager onderwijs + 1e en 2e graad secundair,78,vacatures_eoy_since_2011_all-7.xlsx
2019-12-31,2019,12,december 2019,Dec 2019,Master,34,vacatures_eoy_since_2011_all-7.xlsx
2019-12-31,2019,12,december 2019,Dec 2019,Professionele bachelor,134,vacatures_eoy_since_2011_all-7.xlsx
2020-01-31,2020,1,januari 2020,Jan 2020,3e en 4e gr. sec. beroeps,297,vacatures_eoy_since_2011_all-6.xlsx
2020-01-31,2020,1,januari 2020,Jan 2020,3e graad sec. algemeen,15,vacatures_eoy_since_2011_all-6.xlsx
2020-01-31,2020,1,januari 2020,Jan 2020,3e graad sec. kunst,1,vacatures_eoy_since_2011_all-6.xlsx
2020-01-31,2020,1,januari 2020,Jan 2020,3e graad sec. niet gespecificeerd,13,vacatures_eoy_since_2011_all-6.xlsx
2020-01-31,2020,1,januari 2020,Jan 2020,3e graad sec. technisch,392,vacatures_eoy_since_2011_all-6.xlsx
2020-01-31,2020,1,januari 2020,Jan 2020,Academische bachelor,43,vacatures_eoy_since_2011_all-6.xlsx
2020-01-31,2020,1,januari 2020,Jan 2020,Buitengewoon secundair,4,vacatures_eoy_since_2011_all-6.xlsx
2020-01-31,2020,1,januari 2020,Jan 2020,Geen specifieke studievereiste,847,vacatures_eoy_since_2011_all-6.xlsx
2020-01-31,2020,1,januari 2020,Jan 2020,Graduaat (HBO5),41,vacatures_eoy_since_2011_all-6.xlsx
2020-01-31,2020,1,januari 2020,Jan 2020,Lager onderwijs + 1e en 2e graad secundair,102,vacatures_eoy_since_2011_all-6.xlsx
2020-01-31,2020,1,januari 2020,Jan 2020,Master,55,vacatures_eoy_since_2011_all-6.xlsx
2020-01-31,2020,1,januari 2020,Jan 2020,Professionele bachelor,237,vacatures_eoy_since_2011_all-6.xlsx
2020-02-29,2020,2,februari 2020,Feb 2020,3e en 4e gr. sec. beroeps,175,vacatures_eoy_since_2011_all-6.xlsx
2020-02-29,2020,2,februari 2020,Feb 2020,3e graad sec. algemeen,22,vacatures_eoy_since_2011_all-6.xlsx
2020-02-29,2020,2,februari 2020,Feb 2020,3e graad sec. kunst,1,vacatures_eoy_since_2011_all-6.xlsx
2020-02-29,2020,2,februari 2020,Feb 2020,3e graad sec. niet gespecificeerd,10,vacatures_eoy_since_2011_all-6.xlsx
2020-02-29,2020,2,februari 2020,Feb 2020,3e graad sec. technisch,304,vacatures_eoy_since_2011_all-6.xlsx
2020-02-29,2020,2,februari 2020,Feb 2020,Academische bachelor,25,vacatures_eoy_since_2011_all-6.xlsx
2020-02-29,2020,2,februari 2020,Feb 2020,Buitengewoon secundair,1,vacatures_eoy_since_2011_all-6.xlsx
2020-02-29,2020,2,februari 2020,Feb 2020,Geen specifieke studievereiste,771,vacatures_eoy_since_2011_all-6.xlsx
2020-02-29,2020,2,februari 2020,Feb 2020,Graduaat (HBO5),18,vacatures_eoy_since_2011_all-6.xlsx
2020-02-29,2020,2,februari 2020,Feb 2020,Lager onderwijs + 1e en 2e graad secundair,73,vacatures_eoy_since_2011_all-6.xlsx
2020-02-29,2020,2,februari 2020,Feb 2020,Master,78,vacatures_eoy_since_2011_all-6.xlsx
2020-02-29,2020,2,februari 2020,Feb 2020,Professionele bachelor,216,vacatures_eoy_since_2011_all-6.xlsx
2020-03-31,2020,3,maart 2020,Mrt 2020,3e en 4e gr. sec. beroeps,70,vacatures_eoy_since_2011_all-6.xlsx
2020-03-31,2020,3,maart 2020,Mrt 2020,3e graad sec. algemeen,8,vacatures_eoy_since_2011_all-6.xlsx
2020-03-31,2020,3,maart 2020,Mrt 2020,3e graad sec. kunst,1,vacatures_eoy_since_2011_all-6.xlsx
2020-03-31,2020,3,maart 2020,Mrt 2020,3e graad sec. niet gespecificeerd,112,vacatures_eoy_since_2011_all-6.xlsx
2020-03-31,2020,3,maart 2020,Mrt 2020,3e graad sec. technisch,226,vacatures_eoy_since_2011_all-6.xlsx
2020-03-31,2020,3,maart 2020,Mrt 2020,Academische bachelor,19,vacatures_eoy_since_2011_all-6.xlsx
2020-03-31,2020,3,maart 2020,Mrt 2020,Buitengewoon secundair,0,vacatures_eoy_since_2011_all-6.xlsx
2020-03-31,2020,3,maart 2020,Mrt 2020,Geen specifieke studievereiste,416,vacatures_eoy_since_2011_all-6.xlsx
2020-03-31,2020,3,maart 2020,Mrt 2020,Graduaat (HBO5),15,vacatures_eoy_since_2011_all-6.xlsx
2020-03-31,2020,3,maart 2020,Mrt 2020,Lager onderwijs + 1e en 2e graad secundair,49,vacatures_eoy_since_2011_all-6.xlsx
2020-03-31,2020,3,maart 2020,Mrt 2020,Master,44,vacatures_eoy_since_2011_all-6.xlsx
2020-03-31,2020,3,maart 2020,Mrt 2020,Professionele bachelor,101,vacatures_eoy_since_2011_all-6.xlsx
2020-04-30,2020,4,april 2020,Apr 2020,3e en 4e gr. sec. beroeps,94,vacatures_eoy_since_2011_all-6.xlsx
2020-04-30,2020,4,april 2020,Apr 2020,3e graad sec. algemeen,16,vacatures_eoy_since_2011_all-6.xlsx
2020-04-30,2020,4,april 2020,Apr 2020,3e graad sec. kunst,0,vacatures_eoy_since_2011_all-6.xlsx
2020-04-30,2020,4,april 2020,Apr 2020,3e graad sec. niet gespecificeerd,5,vacatures_eoy_since_2011_all-6.xlsx
2020-04-30,2020,4,april 2020,Apr 2020,3e graad sec. technisch,167,vacatures_eoy_since_2011_all-6.xlsx
2020-04-30,2020,4,april 2020,Apr 2020,Academische bachelor,10,vacatures_eoy_since_2011_all-6.xlsx
2020-04-30,2020,4,april 2020,Apr 2020,Buitengewoon secundair,0,vacatures_eoy_since_2011_all-6.xlsx
2020-04-30,2020,4,april 2020,Apr 2020,Geen specifieke studievereiste,386,vacatures_eoy_since_2011_all-6.xlsx
2020-04-30,2020,4,april 2020,Apr 2020,Graduaat (HBO5),8,vacatures_eoy_since_2011_all-6.xlsx
2020-04-30,2020,4,april 2020,Apr 2020,Lager onderwijs + 1e en 2e graad secundair,41,vacatures_eoy_since_2011_all-6.xlsx
2020-04-30,2020,4,april 2020,Apr 2020,Master,31,vacatures_eoy_since_2011_all-6.xlsx
2020-04-30,2020,4,april 2020,Apr 2020,Professionele bachelor,96,vacatures_eoy_since_2011_all-6.xlsx
2020-05-31,2020,5,mei 2020,Mei 2020,3e en 4e gr. sec. beroeps,147,vacatures_eoy_since_2011_all-6.xlsx
2020-05-31,2020,5,mei 2020,Mei 2020,3e graad sec. algemeen,13,vacatures_eoy_since_2011_all-6.xlsx
2020-05-31,2020,5,mei 2020,Mei 2020,3e graad sec. kunst,1,vacatures_eoy_since_2011_all-6.xlsx
2020-05-31,2020,5,mei 2020,Mei 2020,3e graad sec. niet gespecificeerd,10,vacatures_eoy_since_2011_all-6.xlsx
2020-05-31,2020,5,mei 2020,Mei 2020,3e graad sec. technisch,208,vacatures_eoy_since_2011_all-6.xlsx
2020-05-31,2020,5,mei 2020,Mei 2020,Academische bachelor,21,vacatures_eoy_since_2011_all-6.xlsx
2020-05-31,2020,5,mei 2020,Mei 2020,Buitengewoon secundair,2,vacatures_eoy_since_2011_all-6.xlsx
2020-05-31,2020,5,mei 2020,Mei 2020,Geen specifieke studievereiste,649,vacatures_eoy_since_2011_all-6.xlsx
2020-05-31,2020,5,mei 2020,Mei 2020,Graduaat (HBO5),13,vacatures_eoy_since_2011_all-6.xlsx
2020-05-31,2020,5,mei 2020,Mei 2020,Lager onderwijs + 1e en 2e graad secundair,80,vacatures_eoy_since_2011_all-6.xlsx
2020-05-31,2020,5,mei 2020,Mei 2020,Master,23,vacatures_eoy_since_2011_all-6.xlsx
2020-05-31,2020,5,mei 2020,Mei 2020,Professionele bachelor,137,vacatures_eoy_since_2011_all-6.xlsx
2020-06-30,2020,6,juni 2020,Jun 2020,3e en 4e gr. sec. beroeps,190,vacatures_eoy_since_2011_all-6.xlsx
2020-06-30,2020,6,juni 2020,Jun 2020,3e graad sec. algemeen,24,vacatures_eoy_since_2011_all-6.xlsx
2020-06-30,2020,6,juni 2020,Jun 2020,3e graad sec. kunst,1,vacatures_eoy_since_2011_all-6.xlsx
2020-06-30,2020,6,juni 2020,Jun 2020,3e graad sec. niet gespecificeerd,9,vacatures_eoy_since_2011_all-6.xlsx
2020-06-30,2020,6,juni 2020,Jun 2020,3e graad sec. technisch,283,vacatures_eoy_since_2011_all-6.xlsx
2020-06-30,2020,6,juni 2020,Jun 2020,Academische bachelor,27,vacatures_eoy_since_2011_all-6.xlsx
2020-06-30,2020,6,juni 2020,Jun 2020,Buitengewoon secundair,0,vacatures_eoy_since_2011_all-6.xlsx
2020-06-30,2020,6,juni 2020,Jun 2020,Geen specifieke studievereiste,670,vacatures_eoy_since_2011_all-6.xlsx
2020-06-30,2020,6,juni 2020,Jun 2020,Graduaat (HBO5),16,vacatures_eoy_since_2011_all-6.xlsx
2020-06-30,2020,6,juni 2020,Jun 2020,Lager onderwijs + 1e en 2e graad secundair,75,vacatures_eoy_since_2011_all-6.xlsx
2020-06-30,2020,6,juni 2020,Jun 2020,Master,42,vacatures_eoy_since_2011_all-6.xlsx
2020-06-30,2020,6,juni 2020,Jun 2020,Professionele bachelor,132,vacatures_eoy_since_2011_all-6.xlsx
2020-07-31,2020,7,juli 2020,Jul 2020,3e en 4e gr. sec. beroeps,123,vacatures_eoy_since_2011_all-6.xlsx
2020-07-31,2020,7,juli 2020,Jul 2020,3e graad sec. algemeen,8,vacatures_eoy_since_2011_all-6.xlsx
2020-07-31,2020,7,juli 2020,Jul 2020,3e graad sec. kunst,1,vacatures_eoy_since_2011_all-6.xlsx
2020-07-31,2020,7,juli 2020,Jul 2020,3e graad sec. niet gespecificeerd,6,vacatures_eoy_since_2011_all-6.xlsx
2020-07-31,2020,7,juli 2020,Jul 2020,3e graad sec. technisch,136,vacatures_eoy_since_2011_all-6.xlsx
2020-07-31,2020,7,juli 2020,Jul 2020,Academische bachelor,14,vacatures_eoy_since_2011_all-6.xlsx
2020-07-31,2020,7,juli 2020,Jul 2020,Buitengewoon secundair,0,vacatures_eoy_since_2011_all-6.xlsx
2020-07-31,2020,7,juli 2020,Jul 2020,Geen specifieke studievereiste,649,vacatures_eoy_since_2011_all-6.xlsx
2020-07-31,2020,7,juli 2020,Jul 2020,Graduaat (HBO5),8,vacatures_eoy_since_2011_all-6.xlsx
2020-07-31,2020,7,juli 2020,Jul 2020,Lager onderwijs + 1e en 2e graad secundair,24,vacatures_eoy_since_2011_all-6.xlsx
2020-07-31,2020,7,juli 2020,Jul 2020,Master,22,vacatures_eoy_since_2011_all-6.xlsx
2020-07-31,2020,7,juli 2020,Jul 2020,Professionele bachelor,73,vacatures_eoy_since_2011_all-6.xlsx
2020-08-31,2020,8,augustus 2020,Aug 2020,3e en 4e gr. sec. beroeps,213,vacatures_eoy_since_2011_all-6.xlsx
2020-08-31,2020,8,augustus 2020,Aug 2020,3e graad sec. algemeen,16,vacatures_eoy_since_2011_all-6.xlsx
2020-08-31,2020,8,augustus 2020,Aug 2020,3e graad sec. kunst,0,vacatures_eoy_since_2011_all-6.xlsx
2020-08-31,2020,8,augustus 2020,Aug 2020,3e graad sec. niet gespecificeerd,10,vacatures_eoy_since_2011_all-6.xlsx
2020-08-31,2020,8,augustus 2020,Aug 2020,3e graad sec. technisch,203,vacatures_eoy_since_2011_all-6.xlsx
2020-08-31,2020,8,augustus 2020,Aug 2020,Academische bachelor,19,vacatures_eoy_since_2011_all-6.xlsx
2020-08-31,2020,8,augustus 2020,Aug 2020,Buitengewoon secundair,1,vacatures_eoy_since_2011_all-6.xlsx
2020-08-31,2020,8,augustus 2020,Aug 2020,Geen specifieke studievereiste,769,vacatures_eoy_since_2011_all-6.xlsx
2020-08-31,2020,8,augustus 2020,Aug 2020,Graduaat (HBO5),10,vacatures_eoy_since_2011_all-6.xlsx
2020-08-31,2020,8,augustus 2020,Aug 2020,Lager onderwijs + 1e en 2e graad secundair,60,vacatures_eoy_since_2011_all-6.xlsx
2020-08-31,2020,8,augustus 2020,Aug 2020,Master,54,vacatures_eoy_since_2011_all-6.xlsx
2020-08-31,2020,8,augustus 2020,Aug 2020,Professionele bachelor,110,vacatures_eoy_since_2011_all-6.xlsx
2020-09-30,2020,9,september 2020,Sep 2020,3e en 4e gr. sec. beroeps,268,vacatures_eoy_since_2011_all-6.xlsx
2020-09-30,2020,9,september 2020,Sep 2020,3e graad sec. algemeen,18,vacatures_eoy_since_2011_all-6.xlsx
2020-09-30,2020,9,september 2020,Sep 2020,3e graad sec. kunst,0,vacatures_eoy_since_2011_all-6.xlsx
2020-09-30,2020,9,september 2020,Sep 2020,3e graad sec. niet gespecificeerd,38,vacatures_eoy_since_2011_all-6.xlsx
2020-09-30,2020,9,september 2020,Sep 2020,3e graad sec. technisch,332,vacatures_eoy_since_2011_all-6.xlsx
2020-09-30,2020,9,september 2020,Sep 2020,Academische bachelor,30,vacatures_eoy_since_2011_all-6.xlsx
2020-09-30,2020,9,september 2020,Sep 2020,Buitengewoon secundair,0,vacatures_eoy_since_2011_all-6.xlsx
2020-09-30,2020,9,september 2020,Sep 2020,Geen specifieke studievereiste,943,vacatures_eoy_since_2011_all-6.xlsx
2020-09-30,2020,9,september 2020,Sep 2020,Graduaat (HBO5),9,vacatures_eoy_since_2011_all-6.xlsx
2020-09-30,2020,9,september 2020,Sep 2020,Lager onderwijs + 1e en 2e graad secundair,92,vacatures_eoy_since_2011_all-6.xlsx
2020-09-30,2020,9,september 2020,Sep 2020,Master,55,vacatures_eoy_since_2011_all-6.xlsx
2020-09-30,2020,9,september 2020,Sep 2020,Professionele bachelor,120,vacatures_eoy_since_2011_all-6.xlsx
2020-10-31,2020,10,oktober 2020,Okt 2020,3e en 4e gr. sec. beroeps,195,vacatures_eoy_since_2011_all-6.xlsx
2020-10-31,2020,10,oktober 2020,Okt 2020,3e graad sec. algemeen,17,vacatures_eoy_since_2011_all-6.xlsx
2020-10-31,2020,10,oktober 2020,Okt 2020,3e graad sec. niet gespecificeerd,15,vacatures_eoy_since_2011_all-6.xlsx
2020-10-31,2020,10,oktober 2020,Okt 2020,3e graad sec. technisch,240,vacatures_eoy_since_2011_all-6.xlsx
2020-10-31,2020,10,oktober 2020,Okt 2020,Academische bachelor,26,vacatures_eoy_since_2011_all-6.xlsx
2020-10-31,2020,10,oktober 2020,Okt 2020,Geen specifieke studievereiste,885,vacatures_eoy_since_2011_all-6.xlsx
2020-10-31,2020,10,oktober 2020,Okt 2020,Graduaat (HBO5),13,vacatures_eoy_since_2011_all-6.xlsx
2020-10-31,2020,10,oktober 2020,Okt 2020,Lager onderwijs + 1e en 2e graad secundair,90,vacatures_eoy_since_2011_all-6.xlsx
2020-10-31,2020,10,oktober 2020,Okt 2020,Master,57,vacatures_eoy_since_2011_all-6.xlsx
2020-10-31,2020,10,oktober 2020,Okt 2020,Professionele bachelor,139,vacatures_eoy_since_2011_all-6.xlsx
2020-11-30,2020,11,november 2020,Nov 2020,3e en 4e gr. sec. beroeps,227,vacatures_eoy_since_2011_all-6.xlsx
2020-11-30,2020,11,november 2020,Nov 2020,3e graad sec. algemeen,55,vacatures_eoy_since_2011_all-6.xlsx
2020-11-30,2020,11,november 2020,Nov 2020,3e graad sec. kunst,1,vacatures_eoy_since_2011_all-6.xlsx
2020-11-30,2020,11,november 2020,Nov 2020,3e graad sec. niet gespecificeerd,7,vacatures_eoy_since_2011_all-6.xlsx
2020-11-30,2020,11,november 2020,Nov 2020,3e graad sec. technisch,320,vacatures_eoy_since_2011_all-6.xlsx
2020-11-30,2020,11,november 2020,Nov 2020,Academische bachelor,23,vacatures_eoy_since_2011_all-6.xlsx
2020-11-30,2020,11,november 2020,Nov 2020,Buitengewoon secundair,3,vacatures_eoy_since_2011_all-6.xlsx
2020-11-30,2020,11,november 2020,Nov 2020,Geen specifieke studievereiste,613,vacatures_eoy_since_2011_all-6.xlsx
2020-11-30,2020,11,november 2020,Nov 2020,Graduaat (HBO5),21,vacatures_eoy_since_2011_all-6.xlsx
2020-11-30,2020,11,november 2020,Nov 2020,Lager onderwijs + 1e en 2e graad secundair,54,vacatures_eoy_since_2011_all-6.xlsx
2020-11-30,2020,11,november 2020,Nov 2020,Master,73,vacatures_eoy_since_2011_all-6.xlsx
2020-11-30,2020,11,november 2020,Nov 2020,Professionele bachelor,131,vacatures_eoy_since_2011_all-6.xlsx
2020-12-31,2020,12,december 2020,Dec 2020,3e en 4e gr. sec. beroeps,209,vacatures_eoy_since_2011_all-6.xlsx
2020-12-31,2020,12,december 2020,Dec 2020,3e graad sec. algemeen,33,vacatures_eoy_since_2011_all-6.xlsx
2020-12-31,2020,12,december 2020,Dec 2020,3e graad sec. kunst,0,vacatures_eoy_since_2011_all-6.xlsx
2020-12-31,2020,12,december 2020,Dec 2020,3e graad sec. niet gespecificeerd,12,vacatures_eoy_since_2011_all-6.xlsx
2020-12-31,2020,12,december 2020,Dec 2020,3e graad sec. technisch,216,vacatures_eoy_since_2011_all-6.xlsx
2020-12-31,2020,12,december 2020,Dec 2020,Academische bachelor,19,vacatures_eoy_since_2011_all-6.xlsx
2020-12-31,2020,12,december 2020,Dec 2020,Buitengewoon secundair,1,vacatures_eoy_since_2011_all-6.xlsx
2020-12-31,2020,12,december 2020,Dec 2020,Geen specifieke studievereiste,483,vacatures_eoy_since_2011_all-6.xlsx
2020-12-31,2020,12,december 2020,Dec 2020,Graduaat (HBO5),15,vacatures_eoy_since_2011_all-6.xlsx
2020-12-31,2020,12,december 2020,Dec 2020,Lager onderwijs + 1e en 2e graad secundair,90,vacatures_eoy_since_2011_all-6.xlsx
2020-12-31,2020,12,december 2020,Dec 2020,Master,38,vacatures_eoy_since_2011_all-6.xlsx
2020-12-31,2020,12,december 2020,Dec 2020,Professionele bachelor,88,vacatures_eoy_since_2011_all-6.xlsx
2022-01-31,2022,1,januari 2022,Jan 2022,3e en 4e gr. sec. beroeps,207,vacatures_eoy_since_2011_all-5.xlsx
2022-01-31,2022,1,januari 2022,Jan 2022,3e graad sec. algemeen,41,vacatures_eoy_since_2011_all-5.xlsx
2022-01-31,2022,1,januari 2022,Jan 2022,3e graad sec. niet gespecificeerd,20,vacatures_eoy_since_2011_all-5.xlsx
2022-01-31,2022,1,januari 2022,Jan 2022,3e graad sec. technisch,339,vacatures_eoy_since_2011_all-5.xlsx
2022-01-31,2022,1,januari 2022,Jan 2022,Academische bachelor,37,vacatures_eoy_since_2011_all-5.xlsx
2022-01-31,2022,1,januari 2022,Jan 2022,Buitengewoon secundair,0,vacatures_eoy_since_2011_all-5.xlsx
2022-01-31,2022,1,januari 2022,Jan 2022,Geen specifieke studievereiste,914,vacatures_eoy_since_2011_all-5.xlsx
2022-01-31,2022,1,januari 2022,Jan 2022,Graduaat (HBO5),31,vacatures_eoy_since_2011_all-5.xlsx
2022-01-31,2022,1,januari 2022,Jan 2022,Lager onderwijs + 1e en 2e graad secundair,109,vacatures_eoy_since_2011_all-5.xlsx
2022-01-31,2022,1,januari 2022,Jan 2022,Master,57,vacatures_eoy_since_2011_all-5.xlsx
2022-01-31,2022,1,januari 2022,Jan 2022,Professionele bachelor,159,vacatures_eoy_since_2011_all-5.xlsx
2022-02-28,2022,2,februari 2022,Feb 2022,3e en 4e gr. sec. beroeps,263,vacatures_eoy_since_2011_all-5.xlsx
2022-02-28,2022,2,februari 2022,Feb 2022,3e graad sec. algemeen,27,vacatures_eoy_since_2011_all-5.xlsx
2022-02-28,2022,2,februari 2022,Feb 2022,3e graad sec. kunst,1,vacatures_eoy_since_2011_all-5.xlsx
2022-02-28,2022,2,februari 2022,Feb 2022,3e graad sec. niet gespecificeerd,19,vacatures_eoy_since_2011_all-5.xlsx
2022-02-28,2022,2,februari 2022,Feb 2022,3e graad sec. technisch,343,vacatures_eoy_since_2011_all-5.xlsx
2022-02-28,2022,2,februari 2022,Feb 2022,Academische bachelor,32,vacatures_eoy_since_2011_all-5.xlsx
2022-02-28,2022,2,februari 2022,Feb 2022,Buitengewoon secundair,0,vacatures_eoy_since_2011_all-5.xlsx
2022-02-28,2022,2,februari 2022,Feb 2022,Geen specifieke studievereiste,1012,vacatures_eoy_since_2011_all-5.xlsx
2022-02-28,2022,2,februari 2022,Feb 2022,Graduaat (HBO5),47,vacatures_eoy_since_2011_all-5.xlsx
2022-02-28,2022,2,februari 2022,Feb 2022,Lager onderwijs + 1e en 2e graad secundair,119,vacatures_eoy_since_2011_all-5.xlsx
2022-02-28,2022,2,februari 2022,Feb 2022,Master,110,vacatures_eoy_since_2011_all-5.xlsx
2022-02-28,2022,2,februari 2022,Feb 2022,Professionele bachelor,181,vacatures_eoy_since_2011_all-5.xlsx
2022-03-31,2022,3,maart 2022,Mrt 2022,3e en 4e gr. sec. beroeps,212,vacatures_eoy_since_2011_all-5.xlsx
2022-03-31,2022,3,maart 2022,Mrt 2022,3e graad sec. algemeen,29,vacatures_eoy_since_2011_all-5.xlsx
2022-03-31,2022,3,maart 2022,Mrt 2022,3e graad sec. kunst,1,vacatures_eoy_since_2011_all-5.xlsx
2022-03-31,2022,3,maart 2022,Mrt 2022,3e graad sec. niet gespecificeerd,8,vacatures_eoy_since_2011_all-5.xlsx
2022-03-31,2022,3,maart 2022,Mrt 2022,3e graad sec. technisch,392,vacatures_eoy_since_2011_all-5.xlsx
2022-03-31,2022,3,maart 2022,Mrt 2022,Academische bachelor,46,vacatures_eoy_since_2011_all-5.xlsx
2022-03-31,2022,3,maart 2022,Mrt 2022,Buitengewoon secundair,3,vacatures_eoy_since_2011_all-5.xlsx
2022-03-31,2022,3,maart 2022,Mrt 2022,Geen specifieke studievereiste,1031,vacatures_eoy_since_2011_all-5.xlsx
2022-03-31,2022,3,maart 2022,Mrt 2022,Graduaat (HBO5),40,vacatures_eoy_since_2011_all-5.xlsx
2022-03-31,2022,3,maart 2022,Mrt 2022,Lager onderwijs + 1e en 2e graad secundair,80,vacatures_eoy_since_2011_all-5.xlsx
2022-03-31,2022,3,maart 2022,Mrt 2022,Master,82,vacatures_eoy_since_2011_all-5.xlsx
2022-03-31,2022,3,maart 2022,Mrt 2022,Professionele bachelor,160,vacatures_eoy_since_2011_all-5.xlsx
2022-04-30,2022,4,april 2022,Apr 2022,3e en 4e gr. sec. beroeps,112,vacatures_eoy_since_2011_all-5.xlsx
2022-04-30,2022,4,april 2022,Apr 2022,3e graad sec. algemeen,25,vacatures_eoy_since_2011_all-5.xlsx
2022-04-30,2022,4,april 2022,Apr 2022,3e graad sec. kunst,1,vacatures_eoy_since_2011_all-5.xlsx
2022-04-30,2022,4,april 2022,Apr 2022,3e graad sec. niet gespecificeerd,6,vacatures_eoy_since_2011_all-5.xlsx
2022-04-30,2022,4,april 2022,Apr 2022,3e graad sec. technisch,223,vacatures_eoy_since_2011_all-5.xlsx
2022-04-30,2022,4,april 2022,Apr 2022,Academische bachelor,35,vacatures_eoy_since_2011_all-5.xlsx
2022-04-30,2022,4,april 2022,Apr 2022,Buitengewoon secundair,0,vacatures_eoy_since_2011_all-5.xlsx
2022-04-30,2022,4,april 2022,Apr 2022,Geen specifieke studievereiste,1217,vacatures_eoy_since_2011_all-5.xlsx
2022-04-30,2022,4,april 2022,Apr 2022,Graduaat (HBO5),27,vacatures_eoy_since_2011_all-5.xlsx
2022-04-30,2022,4,april 2022,Apr 2022,Lager onderwijs + 1e en 2e graad secundair,71,vacatures_eoy_since_2011_all-5.xlsx
2022-04-30,2022,4,april 2022,Apr 2022,Master,51,vacatures_eoy_since_2011_all-5.xlsx
2022-04-30,2022,4,april 2022,Apr 2022,Professionele bachelor,138,vacatures_eoy_since_2011_all-5.xlsx
2022-05-31,2022,5,mei 2022,Mei 2022,3e en 4e gr. sec. beroeps,241,vacatures_eoy_since_2011_all-5.xlsx
2022-05-31,2022,5,mei 2022,Mei 2022,3e graad sec. algemeen,49,vacatures_eoy_since_2011_all-5.xlsx
2022-05-31,2022,5,mei 2022,Mei 2022,3e graad sec. kunst,2,vacatures_eoy_since_2011_all-5.xlsx
2022-05-31,2022,5,mei 2022,Mei 2022,3e graad sec. niet gespecificeerd,14,vacatures_eoy_since_2011_all-5.xlsx
2022-05-31,2022,5,mei 2022,Mei 2022,3e graad sec. technisch,454,vacatures_eoy_since_2011_all-5.xlsx
2022-05-31,2022,5,mei 2022,Mei 2022,Academische bachelor,50,vacatures_eoy_since_2011_all-5.xlsx
2022-05-31,2022,5,mei 2022,Mei 2022,Buitengewoon secundair,0,vacatures_eoy_since_2011_all-5.xlsx
2022-05-31,2022,5,mei 2022,Mei 2022,Geen specifieke studievereiste,1990,vacatures_eoy_since_2011_all-5.xlsx
2022-05-31,2022,5,mei 2022,Mei 2022,Graduaat (HBO5),25,vacatures_eoy_since_2011_all-5.xlsx
2022-05-31,2022,5,mei 2022,Mei 2022,Lager onderwijs + 1e en 2e graad secundair,73,vacatures_eoy_since_2011_all-5.xlsx
2022-05-31,2022,5,mei 2022,Mei 2022,Master,73,vacatures_eoy_since_2011_all-5.xlsx
2022-05-31,2022,5,mei 2022,Mei 2022,Professionele bachelor,210,vacatures_eoy_since_2011_all-5.xlsx
2022-06-30,2022,6,juni 2022,Jun 2022,3e en 4e gr. sec. beroeps,231,vacatures_eoy_since_2011_all-5.xlsx
2022-06-30,2022,6,juni 2022,Jun 2022,3e graad sec. algemeen,54,vacatures_eoy_since_2011_all-5.xlsx
2022-06-30,2022,6,juni 2022,Jun 2022,3e graad sec. kunst,1,vacatures_eoy_since_2011_all-5.xlsx
2022-06-30,2022,6,juni 2022,Jun 2022,3e graad sec. niet gespecificeerd,8,vacatures_eoy_since_2011_all-5.xlsx
2022-06-30,2022,6,juni 2022,Jun 2022,3e graad sec. technisch,303,vacatures_eoy_since_2011_all-5.xlsx
2022-06-30,2022,6,juni 2022,Jun 2022,Academische bachelor,39,vacatures_eoy_since_2011_all-5.xlsx
2022-06-30,2022,6,juni 2022,Jun 2022,Buitengewoon secundair,4,vacatures_eoy_since_2011_all-5.xlsx
2022-06-30,2022,6,juni 2022,Jun 2022,Geen specifieke studievereiste,1346,vacatures_eoy_since_2011_all-5.xlsx
2022-06-30,2022,6,juni 2022,Jun 2022,Graduaat (HBO5),38,vacatures_eoy_since_2011_all-5.xlsx
2022-06-30,2022,6,juni 2022,Jun 2022,Lager onderwijs + 1e en 2e graad secundair,112,vacatures_eoy_since_2011_all-5.xlsx
2022-06-30,2022,6,juni 2022,Jun 2022,Master,68,vacatures_eoy_since_2011_all-5.xlsx
2022-06-30,2022,6,juni 2022,Jun 2022,Professionele bachelor,207,vacatures_eoy_since_2011_all-5.xlsx
2022-07-31,2022,7,juli 2022,Jul 2022,3e en 4e gr. sec. beroeps,167,vacatures_eoy_since_2011_all-5.xlsx
2022-07-31,2022,7,juli 2022,Jul 2022,3e graad sec. algemeen,20,vacatures_eoy_since_2011_all-5.xlsx
2022-07-31,2022,7,juli 2022,Jul 2022,3e graad sec. kunst,2,vacatures_eoy_since_2011_all-5.xlsx
2022-07-31,2022,7,juli 2022,Jul 2022,3e graad sec. niet gespecificeerd,5,vacatures_eoy_since_2011_all-5.xlsx
2022-07-31,2022,7,juli 2022,Jul 2022,3e graad sec. technisch,251,vacatures_eoy_since_2011_all-5.xlsx
2022-07-31,2022,7,juli 2022,Jul 2022,Academische bachelor,39,vacatures_eoy_since_2011_all-5.xlsx
2022-07-31,2022,7,juli 2022,Jul 2022,Buitengewoon secundair,2,vacatures_eoy_since_2011_all-5.xlsx
2022-07-31,2022,7,juli 2022,Jul 2022,Geen specifieke studievereiste,954,vacatures_eoy_since_2011_all-5.xlsx
2022-07-31,2022,7,juli 2022,Jul 2022,Graduaat (HBO5),22,vacatures_eoy_since_2011_all-5.xlsx
2022-07-31,2022,7,juli 2022,Jul 2022,Lager onderwijs + 1e en 2e graad secundair,63,vacatures_eoy_since_2011_all-5.xlsx
2022-07-31,2022,7,juli 2022,Jul 2022,Master,46,vacatures_eoy_since_2011_all-5.xlsx
2022-07-31,2022,7,juli 2022,Jul 2022,Professionele bachelor,109,vacatures_eoy_since_2011_all-5.xlsx
2022-08-31,2022,8,augustus 2022,Aug 2022,3e en 4e gr. sec. beroeps,273,vacatures_eoy_since_2011_all-5.xlsx
2022-08-31,2022,8,augustus 2022,Aug 2022,3e graad sec. algemeen,119,vacatures_eoy_since_2011_all-5.xlsx
2022-08-31,2022,8,augustus 2022,Aug 2022,3e graad sec. kunst,1,vacatures_eoy_since_2011_all-5.xlsx
2022-08-31,2022,8,augustus 2022,Aug 2022,3e graad sec. niet gespecificeerd,10,vacatures_eoy_since_2011_all-5.xlsx
2022-08-31,2022,8,augustus 2022,Aug 2022,3e graad sec. technisch,260,vacatures_eoy_since_2011_all-5.xlsx
2022-08-31,2022,8,augustus 2022,Aug 2022,Academische bachelor,67,vacatures_eoy_since_2011_all-5.xlsx
2022-08-31,2022,8,augustus 2022,Aug 2022,Buitengewoon secundair,7,vacatures_eoy_since_2011_all-5.xlsx
2022-08-31,2022,8,augustus 2022,Aug 2022,Geen specifieke studievereiste,973,vacatures_eoy_since_2011_all-5.xlsx
2022-08-31,2022,8,augustus 2022,Aug 2022,Graduaat (HBO5),26,vacatures_eoy_since_2011_all-5.xlsx
2022-08-31,2022,8,augustus 2022,Aug 2022,Lager onderwijs + 1e en 2e graad secundair,74,vacatures_eoy_since_2011_all-5.xlsx
2022-08-31,2022,8,augustus 2022,Aug 2022,Master,72,vacatures_eoy_since_2011_all-5.xlsx
2022-08-31,2022,8,augustus 2022,Aug 2022,Professionele bachelor,188,vacatures_eoy_since_2011_all-5.xlsx
2022-09-30,2022,9,september 2022,Sep 2022,3e en 4e gr. sec. beroeps,224,vacatures_eoy_since_2011_all-5.xlsx
2022-09-30,2022,9,september 2022,Sep 2022,3e graad sec. algemeen,25,vacatures_eoy_since_2011_all-5.xlsx
2022-09-30,2022,9,september 2022,Sep 2022,3e graad sec. kunst,3,vacatures_eoy_since_2011_all-5.xlsx
2022-09-30,2022,9,september 2022,Sep 2022,3e graad sec. niet gespecificeerd,21,vacatures_eoy_since_2011_all-5.xlsx
2022-09-30,2022,9,september 2022,Sep 2022,3e graad sec. technisch,288,vacatures_eoy_since_2011_all-5.xlsx
2022-09-30,2022,9,september 2022,Sep 2022,Academische bachelor,63,vacatures_eoy_since_2011_all-5.xlsx
2022-09-30,2022,9,september 2022,Sep 2022,Buitengewoon secundair,3,vacatures_eoy_since_2011_all-5.xlsx
2022-09-30,2022,9,september 2022,Sep 2022,Geen specifieke studievereiste,1282,vacatures_eoy_since_2011_all-5.xlsx
2022-09-30,2022,9,september 2022,Sep 2022,Graduaat (HBO5),28,vacatures_eoy_since_2011_all-5.xlsx
2022-09-30,2022,9,september 2022,Sep 2022,Lager onderwijs + 1e en 2e graad secundair,116,vacatures_eoy_since_2011_all-5.xlsx
2022-09-30,2022,9,september 2022,Sep 2022,Master,68,vacatures_eoy_since_2011_all-5.xlsx
2022-09-30,2022,9,september 2022,Sep 2022,Professionele bachelor,175,vacatures_eoy_since_2011_all-5.xlsx
2022-10-31,2022,10,oktober 2022,Okt 2022,3e en 4e gr. sec. beroeps,182,vacatures_eoy_since_2011_all-5.xlsx
2022-10-31,2022,10,oktober 2022,Okt 2022,3e graad sec. algemeen,31,vacatures_eoy_since_2011_all-5.xlsx
2022-10-31,2022,10,oktober 2022,Okt 2022,3e graad sec. kunst,0,vacatures_eoy_since_2011_all-5.xlsx
2022-10-31,2022,10,oktober 2022,Okt 2022,3e graad sec. niet gespecificeerd,35,vacatures_eoy_since_2011_all-5.xlsx
2022-10-31,2022,10,oktober 2022,Okt 2022,3e graad sec. technisch,264,vacatures_eoy_since_2011_all-5.xlsx
2022-10-31,2022,10,oktober 2022,Okt 2022,Academische bachelor,43,vacatures_eoy_since_2011_all-5.xlsx
2022-10-31,2022,10,oktober 2022,Okt 2022,Buitengewoon secundair,0,vacatures_eoy_since_2011_all-5.xlsx
2022-10-31,2022,10,oktober 2022,Okt 2022,Geen specifieke studievereiste,860,vacatures_eoy_since_2011_all-5.xlsx
2022-10-31,2022,10,oktober 2022,Okt 2022,Graduaat (HBO5),25,vacatures_eoy_since_2011_all-5.xlsx
2022-10-31,2022,10,oktober 2022,Okt 2022,Lager onderwijs + 1e en 2e graad secundair,99,vacatures_eoy_since_2011_all-5.xlsx
2022-10-31,2022,10,oktober 2022,Okt 2022,Master,73,vacatures_eoy_since_2011_all-5.xlsx
2022-10-31,2022,10,oktober 2022,Okt 2022,Professionele bachelor,192,vacatures_eoy_since_2011_all-5.xlsx
2022-11-30,2022,11,november 2022,Nov 2022,3e en 4e gr. sec. beroeps,215,vacatures_eoy_since_2011_all-5.xlsx
2022-11-30,2022,11,november 2022,Nov 2022,3e graad sec. algemeen,88,vacatures_eoy_since_2011_all-5.xlsx
2022-11-30,2022,11,november 2022,Nov 2022,3e graad sec. kunst,2,vacatures_eoy_since_2011_all-5.xlsx
2022-11-30,2022,11,november 2022,Nov 2022,3e graad sec. niet gespecificeerd,9,vacatures_eoy_since_2011_all-5.xlsx
2022-11-30,2022,11,november 2022,Nov 2022,3e graad sec. technisch,318,vacatures_eoy_since_2011_all-5.xlsx
2022-11-30,2022,11,november 2022,Nov 2022,Academische bachelor,67,vacatures_eoy_since_2011_all-5.xlsx
2022-11-30,2022,11,november 2022,Nov 2022,Buitengewoon secundair,5,vacatures_eoy_since_2011_all-5.xlsx
2022-11-30,2022,11,november 2022,Nov 2022,Geen specifieke studievereiste,940,vacatures_eoy_since_2011_all-5.xlsx
2022-11-30,2022,11,november 2022,Nov 2022,Graduaat (HBO5),26,vacatures_eoy_since_2011_all-5.xlsx
2022-11-30,2022,11,november 2022,Nov 2022,Lager onderwijs + 1e en 2e graad secundair,68,vacatures_eoy_since_2011_all-5.xlsx
2022-11-30,2022,11,november 2022,Nov 2022,Master,94,vacatures_eoy_since_2011_all-5.xlsx
2022-11-30,2022,11,november 2022,Nov 2022,Professionele bachelor,171,vacatures_eoy_since_2011_all-5.xlsx
2022-12-31,2022,12,december 2022,Dec 2022,3e en 4e gr. sec. beroeps,143,vacatures_eoy_since_2011_all-5.xlsx
2022-12-31,2022,12,december 2022,Dec 2022,3e graad sec. algemeen,17,vacatures_eoy_since_2011_all-5.xlsx
2022-12-31,2022,12,december 2022,Dec 2022,3e graad sec. kunst,3,vacatures_eoy_since_2011_all-5.xlsx
2022-12-31,2022,12,december 2022,Dec 2022,3e graad sec. niet gespecificeerd,14,vacatures_eoy_since_2011_all-5.xlsx
2022-12-31,2022,12,december 2022,Dec 2022,3e graad sec. technisch,209,vacatures_eoy_since_2011_all-5.xlsx
2022-12-31,2022,12,december 2022,Dec 2022,Academische bachelor,42,vacatures_eoy_since_2011_all-5.xlsx
2022-12-31,2022,12,december 2022,Dec 2022,Buitengewoon secundair,0,vacatures_eoy_since_2011_all-5.xlsx
2022-12-31,2022,12,december 2022,Dec 2022,Geen specifieke studievereiste,762,vacatures_eoy_since_2011_all-5.xlsx
2022-12-31,2022,12,december 2022,Dec 2022,Graduaat (HBO5),25,vacatures_eoy_since_2011_all-5.xlsx
2022-12-31,2022,12,december 2022,Dec 2022,Lager onderwijs + 1e en 2e graad secundair,68,vacatures_eoy_since_2011_all-5.xlsx
2022-12-31,2022,12,december 2022,Dec 2022,Master,60,vacatures_eoy_since_2011_all-5.xlsx
2022-12-31,2022,12,december 2022,Dec 2022,Professionele bachelor,179,vacatures_eoy_since_2011_all-5.xlsx
2023-01-31,2023,1,januari 2023,Jan 2023,3e en 4e gr. sec. beroeps,221,vacatures_eoy_since_2011_all-4.xlsx
2023-01-31,2023,1,januari 2023,Jan 2023,3e graad sec. algemeen,29,vacatures_eoy_since_2011_all-4.xlsx
2023-01-31,2023,1,januari 2023,Jan 2023,3e graad sec. kunst,1,vacatures_eoy_since_2011_all-4.xlsx
2023-01-31,2023,1,januari 2023,Jan 2023,3e graad sec. niet gespecificeerd,12,vacatures_eoy_since_2011_all-4.xlsx
2023-01-31,2023,1,januari 2023,Jan 2023,3e graad sec. technisch,334,vacatures_eoy_since_2011_all-4.xlsx
2023-01-31,2023,1,januari 2023,Jan 2023,Academische bachelor,40,vacatures_eoy_since_2011_all-4.xlsx
2023-01-31,2023,1,januari 2023,Jan 2023,Buitengewoon secundair,0,vacatures_eoy_since_2011_all-4.xlsx
2023-01-31,2023,1,januari 2023,Jan 2023,Geen specifieke studievereiste,924,vacatures_eoy_since_2011_all-4.xlsx
2023-01-31,2023,1,januari 2023,Jan 2023,Graduaat (HBO5),34,vacatures_eoy_since_2011_all-4.xlsx
2023-01-31,2023,1,januari 2023,Jan 2023,Lager onderwijs + 1e en 2e graad secundair,104,vacatures_eoy_since_2011_all-4.xlsx
2023-01-31,2023,1,januari 2023,Jan 2023,Master,78,vacatures_eoy_since_2011_all-4.xlsx
2023-01-31,2023,1,januari 2023,Jan 2023,Professionele bachelor,219,vacatures_eoy_since_2011_all-4.xlsx
2023-02-28,2023,2,februari 2023,Feb 2023,3e en 4e gr. sec. beroeps,220,vacatures_eoy_since_2011_all-4.xlsx
2023-02-28,2023,2,februari 2023,Feb 2023,3e graad sec. algemeen,28,vacatures_eoy_since_2011_all-4.xlsx
2023-02-28,2023,2,februari 2023,Feb 2023,3e graad sec. kunst,3,vacatures_eoy_since_2011_all-4.xlsx
2023-02-28,2023,2,februari 2023,Feb 2023,3e graad sec. niet gespecificeerd,14,vacatures_eoy_since_2011_all-4.xlsx
2023-02-28,2023,2,februari 2023,Feb 2023,3e graad sec. technisch,262,vacatures_eoy_since_2011_all-4.xlsx
2023-02-28,2023,2,februari 2023,Feb 2023,Academische bachelor,66,vacatures_eoy_since_2011_all-4.xlsx
2023-02-28,2023,2,februari 2023,Feb 2023,Buitengewoon secundair,19,vacatures_eoy_since_2011_all-4.xlsx
2023-02-28,2023,2,februari 2023,Feb 2023,Geen specifieke studievereiste,1174,vacatures_eoy_since_2011_all-4.xlsx
2023-02-28,2023,2,februari 2023,Feb 2023,Graduaat (HBO5),23,vacatures_eoy_since_2011_all-4.xlsx
2023-02-28,2023,2,februari 2023,Feb 2023,Lager onderwijs + 1e en 2e graad secundair,110,vacatures_eoy_since_2011_all-4.xlsx
2023-02-28,2023,2,februari 2023,Feb 2023,Master,86,vacatures_eoy_since_2011_all-4.xlsx
2023-02-28,2023,2,februari 2023,Feb 2023,Professionele bachelor,204,vacatures_eoy_since_2011_all-4.xlsx
2023-03-31,2023,3,maart 2023,Mrt 2023,3e en 4e gr. sec. beroeps,240,vacatures_eoy_since_2011_all-4.xlsx
2023-03-31,2023,3,maart 2023,Mrt 2023,3e graad sec. algemeen,26,vacatures_eoy_since_2011_all-4.xlsx
2023-03-31,2023,3,maart 2023,Mrt 2023,3e graad sec. kunst,4,vacatures_eoy_since_2011_all-4.xlsx
2023-03-31,2023,3,maart 2023,Mrt 2023,3e graad sec. niet gespecificeerd,17,vacatures_eoy_since_2011_all-4.xlsx
2023-03-31,2023,3,maart 2023,Mrt 2023,3e graad sec. technisch,311,vacatures_eoy_since_2011_all-4.xlsx
2023-03-31,2023,3,maart 2023,Mrt 2023,Academische bachelor,31,vacatures_eoy_since_2011_all-4.xlsx
2023-03-31,2023,3,maart 2023,Mrt 2023,Buitengewoon secundair,0,vacatures_eoy_since_2011_all-4.xlsx
2023-03-31,2023,3,maart 2023,Mrt 2023,Geen specifieke studievereiste,879,vacatures_eoy_since_2011_all-4.xlsx
2023-03-31,2023,3,maart 2023,Mrt 2023,Graduaat (HBO5),38,vacatures_eoy_since_2011_all-4.xlsx
2023-03-31,2023,3,maart 2023,Mrt 2023,Lager onderwijs + 1e en 2e graad secundair,85,vacatures_eoy_since_2011_all-4.xlsx
2023-03-31,2023,3,maart 2023,Mrt 2023,Master,71,vacatures_eoy_since_2011_all-4.xlsx
2023-03-31,2023,3,maart 2023,Mrt 2023,Professionele bachelor,188,vacatures_eoy_since_2011_all-4.xlsx
2023-04-30,2023,4,april 2023,Apr 2023,3e en 4e gr. sec. beroeps,250,vacatures_eoy_since_2011_all-4.xlsx
2023-04-30,2023,4,april 2023,Apr 2023,3e graad sec. algemeen,28,vacatures_eoy_since_2011_all-4.xlsx
2023-04-30,2023,4,april 2023,Apr 2023,3e graad sec. kunst,2,vacatures_eoy_since_2011_all-4.xlsx
2023-04-30,2023,4,april 2023,Apr 2023,3e graad sec. niet gespecificeerd,10,vacatures_eoy_since_2011_all-4.xlsx
2023-04-30,2023,4,april 2023,Apr 2023,3e graad sec. technisch,399,vacatures_eoy_since_2011_all-4.xlsx
2023-04-30,2023,4,april 2023,Apr 2023,Academische bachelor,51,vacatures_eoy_since_2011_all-4.xlsx
2023-04-30,2023,4,april 2023,Apr 2023,Buitengewoon secundair,1,vacatures_eoy_since_2011_all-4.xlsx
2023-04-30,2023,4,april 2023,Apr 2023,Geen specifieke studievereiste,935,vacatures_eoy_since_2011_all-4.xlsx
2023-04-30,2023,4,april 2023,Apr 2023,Graduaat (HBO5),20,vacatures_eoy_since_2011_all-4.xlsx
2023-04-30,2023,4,april 2023,Apr 2023,Lager onderwijs + 1e en 2e graad secundair,72,vacatures_eoy_since_2011_all-4.xlsx
2023-04-30,2023,4,april 2023,Apr 2023,Master,54,vacatures_eoy_since_2011_all-4.xlsx
2023-04-30,2023,4,april 2023,Apr 2023,Professionele bachelor,176,vacatures_eoy_since_2011_all-4.xlsx
2023-05-31,2023,5,mei 2023,Mei 2023,3e en 4e gr. sec. beroeps,233,vacatures_eoy_since_2011_all-4.xlsx
2023-05-31,2023,5,mei 2023,Mei 2023,3e graad sec. algemeen,16,vacatures_eoy_since_2011_all-4.xlsx
2023-05-31,2023,5,mei 2023,Mei 2023,3e graad sec. kunst,2,vacatures_eoy_since_2011_all-4.xlsx
2023-05-31,2023,5,mei 2023,Mei 2023,3e graad sec. niet gespecificeerd,27,vacatures_eoy_since_2011_all-4.xlsx
2023-05-31,2023,5,mei 2023,Mei 2023,3e graad sec. technisch,286,vacatures_eoy_since_2011_all-4.xlsx
2023-05-31,2023,5,mei 2023,Mei 2023,Academische bachelor,76,vacatures_eoy_since_2011_all-4.xlsx
2023-05-31,2023,5,mei 2023,Mei 2023,Buitengewoon secundair,4,vacatures_eoy_since_2011_all-4.xlsx
2023-05-31,2023,5,mei 2023,Mei 2023,Geen specifieke studievereiste,1195,vacatures_eoy_since_2011_all-4.xlsx
2023-05-31,2023,5,mei 2023,Mei 2023,Graduaat (HBO5),36,vacatures_eoy_since_2011_all-4.xlsx
2023-05-31,2023,5,mei 2023,Mei 2023,Lager onderwijs + 1e en 2e graad secundair,159,vacatures_eoy_since_2011_all-4.xlsx
2023-05-31,2023,5,mei 2023,Mei 2023,Master,127,vacatures_eoy_since_2011_all-4.xlsx
2023-05-31,2023,5,mei 2023,Mei 2023,Professionele bachelor,227,vacatures_eoy_since_2011_all-4.xlsx
2023-06-30,2023,6,juni 2023,Jun 2023,3e en 4e gr. sec. beroeps,211,vacatures_eoy_since_2011_all-4.xlsx
2023-06-30,2023,6,juni 2023,Jun 2023,3e graad sec. algemeen,27,vacatures_eoy_since_2011_all-4.xlsx
2023-06-30,2023,6,juni 2023,Jun 2023,3e graad sec. kunst,3,vacatures_eoy_since_2011_all-4.xlsx
2023-06-30,2023,6,juni 2023,Jun 2023,3e graad sec. niet gespecificeerd,55,vacatures_eoy_since_2011_all-4.xlsx
2023-06-30,2023,6,juni 2023,Jun 2023,3e graad sec. technisch,222,vacatures_eoy_since_2011_all-4.xlsx
2023-06-30,2023,6,juni 2023,Jun 2023,Academische bachelor,56,vacatures_eoy_since_2011_all-4.xlsx
2023-06-30,2023,6,juni 2023,Jun 2023,Buitengewoon secundair,1,vacatures_eoy_since_2011_all-4.xlsx
2023-06-30,2023,6,juni 2023,Jun 2023,Geen specifieke studievereiste,840,vacatures_eoy_since_2011_all-4.xlsx
2023-06-30,2023,6,juni 2023,Jun 2023,Graduaat (HBO5),33,vacatures_eoy_since_2011_all-4.xlsx
2023-06-30,2023,6,juni 2023,Jun 2023,Lager onderwijs + 1e en 2e graad secundair,92,vacatures_eoy_since_2011_all-4.xlsx
2023-06-30,2023,6,juni 2023,Jun 2023,Master,65,vacatures_eoy_since_2011_all-4.xlsx
2023-06-30,2023,6,juni 2023,Jun 2023,Professionele bachelor,189,vacatures_eoy_since_2011_all-4.xlsx
2023-07-31,2023,7,juli 2023,Jul 2023,3e en 4e gr. sec. beroeps,140,vacatures_eoy_since_2011_all-4.xlsx
2023-07-31,2023,7,juli 2023,Jul 2023,3e graad sec. algemeen,11,vacatures_eoy_since_2011_all-4.xlsx
2023-07-31,2023,7,juli 2023,Jul 2023,3e graad sec. kunst,2,vacatures_eoy_since_2011_all-4.xlsx
2023-07-31,2023,7,juli 2023,Jul 2023,3e graad sec. niet gespecificeerd,26,vacatures_eoy_since_2011_all-4.xlsx
2023-07-31,2023,7,juli 2023,Jul 2023,3e graad sec. technisch,158,vacatures_eoy_since_2011_all-4.xlsx
2023-07-31,2023,7,juli 2023,Jul 2023,Academische bachelor,31,vacatures_eoy_since_2011_all-4.xlsx
2023-07-31,2023,7,juli 2023,Jul 2023,Buitengewoon secundair,10,vacatures_eoy_since_2011_all-4.xlsx
2023-07-31,2023,7,juli 2023,Jul 2023,Geen specifieke studievereiste,521,vacatures_eoy_since_2011_all-4.xlsx
2023-07-31,2023,7,juli 2023,Jul 2023,Graduaat (HBO5),21,vacatures_eoy_since_2011_all-4.xlsx
2023-07-31,2023,7,juli 2023,Jul 2023,Lager onderwijs + 1e en 2e graad secundair,58,vacatures_eoy_since_2011_all-4.xlsx
2023-07-31,2023,7,juli 2023,Jul 2023,Master,50,vacatures_eoy_since_2011_all-4.xlsx
2023-07-31,2023,7,juli 2023,Jul 2023,Professionele bachelor,128,vacatures_eoy_since_2011_all-4.xlsx
2023-08-31,2023,8,augustus 2023,Aug 2023,3e en 4e gr. sec. beroeps,150,vacatures_eoy_since_2011_all-4.xlsx
2023-08-31,2023,8,augustus 2023,Aug 2023,3e graad sec. algemeen,15,vacatures_eoy_since_2011_all-4.xlsx
2023-08-31,2023,8,augustus 2023,Aug 2023,3e graad sec. kunst,0,vacatures_eoy_since_2011_all-4.xlsx
2023-08-31,2023,8,augustus 2023,Aug 2023,3e graad sec. niet gespecificeerd,40,vacatures_eoy_since_2011_all-4.xlsx
2023-08-31,2023,8,augustus 2023,Aug 2023,3e graad sec. technisch,211,vacatures_eoy_since_2011_all-4.xlsx
2023-08-31,2023,8,augustus 2023,Aug 2023,Academische bachelor,40,vacatures_eoy_since_2011_all-4.xlsx
2023-08-31,2023,8,augustus 2023,Aug 2023,Buitengewoon secundair,6,vacatures_eoy_since_2011_all-4.xlsx
2023-08-31,2023,8,augustus 2023,Aug 2023,Geen specifieke studievereiste,813,vacatures_eoy_since_2011_all-4.xlsx
2023-08-31,2023,8,augustus 2023,Aug 2023,Graduaat (HBO5),36,vacatures_eoy_since_2011_all-4.xlsx
2023-08-31,2023,8,augustus 2023,Aug 2023,Lager onderwijs + 1e en 2e graad secundair,94,vacatures_eoy_since_2011_all-4.xlsx
2023-08-31,2023,8,augustus 2023,Aug 2023,Master,65,vacatures_eoy_since_2011_all-4.xlsx
2023-08-31,2023,8,augustus 2023,Aug 2023,Professionele bachelor,175,vacatures_eoy_since_2011_all-4.xlsx
2023-09-30,2023,9,september 2023,Sep 2023,3e en 4e gr. sec. beroeps,188,vacatures_eoy_since_2011_all-4.xlsx
2023-09-30,2023,9,september 2023,Sep 2023,3e graad sec. algemeen,31,vacatures_eoy_since_2011_all-4.xlsx
2023-09-30,2023,9,september 2023,Sep 2023,3e graad sec. niet gespecificeerd,26,vacatures_eoy_since_2011_all-4.xlsx
2023-09-30,2023,9,september 2023,Sep 2023,3e graad sec. technisch,209,vacatures_eoy_since_2011_all-4.xlsx
2023-09-30,2023,9,september 2023,Sep 2023,Academische bachelor,45,vacatures_eoy_since_2011_all-4.xlsx
2023-09-30,2023,9,september 2023,Sep 2023,Buitengewoon secundair,0,vacatures_eoy_since_2011_all-4.xlsx
2023-09-30,2023,9,september 2023,Sep 2023,Geen specifieke studievereiste,932,vacatures_eoy_since_2011_all-4.xlsx
2023-09-30,2023,9,september 2023,Sep 2023,Graduaat (HBO5),22,vacatures_eoy_since_2011_all-4.xlsx
2023-09-30,2023,9,september 2023,Sep 2023,Lager onderwijs + 1e en 2e graad secundair,55,vacatures_eoy_since_2011_all-4.xlsx
2023-09-30,2023,9,september 2023,Sep 2023,Master,47,vacatures_eoy_since_2011_all-4.xlsx
2023-09-30,2023,9,september 2023,Sep 2023,Professionele bachelor,208,vacatures_eoy_since_2011_all-4.xlsx
2023-10-31,2023,10,oktober 2023,Okt 2023,3e en 4e gr. sec. beroeps,186,vacatures_eoy_since_2011_all-4.xlsx
2023-10-31,2023,10,oktober 2023,Okt 2023,3e graad sec. algemeen,18,vacatures_eoy_since_2011_all-4.xlsx
2023-10-31,2023,10,oktober 2023,Okt 2023,3e graad sec. niet gespecificeerd,27,vacatures_eoy_since_2011_all-4.xlsx
2023-10-31,2023,10,oktober 2023,Okt 2023,3e graad sec. technisch,183,vacatures_eoy_since_2011_all-4.xlsx
2023-10-31,2023,10,oktober 2023,Okt 2023,Academische bachelor,33,vacatures_eoy_since_2011_all-4.xlsx
2023-10-31,2023,10,oktober 2023,Okt 2023,Buitengewoon secundair,4,vacatures_eoy_since_2011_all-4.xlsx
2023-10-31,2023,10,oktober 2023,Okt 2023,Geen specifieke studievereiste,905,vacatures_eoy_since_2011_all-4.xlsx
2023-10-31,2023,10,oktober 2023,Okt 2023,Graduaat (HBO5),20,vacatures_eoy_since_2011_all-4.xlsx
2023-10-31,2023,10,oktober 2023,Okt 2023,Lager onderwijs + 1e en 2e graad secundair,88,vacatures_eoy_since_2011_all-4.xlsx
2023-10-31,2023,10,oktober 2023,Okt 2023,Master,61,vacatures_eoy_since_2011_all-4.xlsx
2023-10-31,2023,10,oktober 2023,Okt 2023,Professionele bachelor,183,vacatures_eoy_since_2011_all-4.xlsx
2023-11-30,2023,11,november 2023,Nov 2023,3e en 4e gr. sec. beroeps,166,vacatures_eoy_since_2011_all-4.xlsx
2023-11-30,2023,11,november 2023,Nov 2023,3e graad sec. algemeen,20,vacatures_eoy_since_2011_all-4.xlsx
2023-11-30,2023,11,november 2023,Nov 2023,3e graad sec. niet gespecificeerd,14,vacatures_eoy_since_2011_all-4.xlsx
2023-11-30,2023,11,november 2023,Nov 2023,3e graad sec. technisch,221,vacatures_eoy_since_2011_all-4.xlsx
2023-11-30,2023,11,november 2023,Nov 2023,Academische bachelor,42,vacatures_eoy_since_2011_all-4.xlsx
2023-11-30,2023,11,november 2023,Nov 2023,Buitengewoon secundair,2,vacatures_eoy_since_2011_all-4.xlsx
2023-11-30,2023,11,november 2023,Nov 2023,Geen specifieke studievereiste,824,vacatures_eoy_since_2011_all-4.xlsx
2023-11-30,2023,11,november 2023,Nov 2023,Graduaat (HBO5),22,vacatures_eoy_since_2011_all-4.xlsx
2023-11-30,2023,11,november 2023,Nov 2023,Lager onderwijs + 1e en 2e graad secundair,71,vacatures_eoy_since_2011_all-4.xlsx
2023-11-30,2023,11,november 2023,Nov 2023,Master,50,vacatures_eoy_since_2011_all-4.xlsx
2023-11-30,2023,11,november 2023,Nov 2023,Professionele bachelor,146,vacatures_eoy_since_2011_all-4.xlsx
2023-12-31,2023,12,december 2023,Dec 2023,3e en 4e gr. sec. beroeps,127,vacatures_eoy_since_2011_all-4.xlsx
2023-12-31,2023,12,december 2023,Dec 2023,3e graad sec. algemeen,28,vacatures_eoy_since_2011_all-4.xlsx
2023-12-31,2023,12,december 2023,Dec 2023,3e graad sec. niet gespecificeerd,3,vacatures_eoy_since_2011_all-4.xlsx
2023-12-31,2023,12,december 2023,Dec 2023,3e graad sec. technisch,166,vacatures_eoy_since_2011_all-4.xlsx
2023-12-31,2023,12,december 2023,Dec 2023,Academische bachelor,57,vacatures_eoy_since_2011_all-4.xlsx
2023-12-31,2023,12,december 2023,Dec 2023,Buitengewoon secundair,4,vacatures_eoy_since_2011_all-4.xlsx
2023-12-31,2023,12,december 2023,Dec 2023,Geen specifieke studievereiste,423,vacatures_eoy_since_2011_all-4.xlsx
2023-12-31,2023,12,december 2023,Dec 2023,Graduaat (HBO5),19,vacatures_eoy_since_2011_all-4.xlsx
2023-12-31,2023,12,december 2023,Dec 2023,Lager onderwijs + 1e en 2e graad secundair,52,vacatures_eoy_since_2011_all-4.xlsx
2023-12-31,2023,12,december 2023,Dec 2023,Master,69,vacatures_eoy_since_2011_all-4.xlsx
2023-12-31,2023,12,december 2023,Dec 2023,Professionele bachelor,128,vacatures_eoy_since_2011_all-4.xlsx
2024-01-31,2024,1,januari 2024,Jan 2024,3e en 4e gr. sec. beroeps,253,vacatures_eoy_since_2011_all-3.xlsx
2024-01-31,2024,1,januari 2024,Jan 2024,3e graad sec. algemeen,21,vacatures_eoy_since_2011_all-3.xlsx
2024-01-31,2024,1,januari 2024,Jan 2024,3e graad sec. niet gespecificeerd,7,vacatures_eoy_since_2011_all-3.xlsx
2024-01-31,2024,1,januari 2024,Jan 2024,3e graad sec. technisch,238,vacatures_eoy_since_2011_all-3.xlsx
2024-01-31,2024,1,januari 2024,Jan 2024,Academische bachelor,52,vacatures_eoy_since_2011_all-3.xlsx
2024-01-31,2024,1,januari 2024,Jan 2024,Buitengewoon secundair,0,vacatures_eoy_since_2011_all-3.xlsx
2024-01-31,2024,1,januari 2024,Jan 2024,Geen specifieke studievereiste,1029,vacatures_eoy_since_2011_all-3.xlsx
2024-01-31,2024,1,januari 2024,Jan 2024,Graduaat (HBO5),47,vacatures_eoy_since_2011_all-3.xlsx
2024-01-31,2024,1,januari 2024,Jan 2024,Lager onderwijs + 1e en 2e graad secundair,97,vacatures_eoy_since_2011_all-3.xlsx
2024-01-31,2024,1,januari 2024,Jan 2024,Master,93,vacatures_eoy_since_2011_all-3.xlsx
2024-01-31,2024,1,januari 2024,Jan 2024,Professionele bachelor,177,vacatures_eoy_since_2011_all-3.xlsx
2024-02-29,2024,2,februari 2024,Feb 2024,3e en 4e gr. sec. beroeps,153,vacatures_eoy_since_2011_all-3.xlsx
2024-02-29,2024,2,februari 2024,Feb 2024,3e graad sec. algemeen,19,vacatures_eoy_since_2011_all-3.xlsx
2024-02-29,2024,2,februari 2024,Feb 2024,3e graad sec. niet gespecificeerd,9,vacatures_eoy_since_2011_all-3.xlsx
2024-02-29,2024,2,februari 2024,Feb 2024,3e graad sec. technisch,222,vacatures_eoy_since_2011_all-3.xlsx
2024-02-29,2024,2,februari 2024,Feb 2024,Academische bachelor,24,vacatures_eoy_since_2011_all-3.xlsx
2024-02-29,2024,2,februari 2024,Feb 2024,Buitengewoon secundair,1,vacatures_eoy_since_2011_all-3.xlsx
2024-02-29,2024,2,februari 2024,Feb 2024,Geen specifieke studievereiste,812,vacatures_eoy_since_2011_all-3.xlsx
2024-02-29,2024,2,februari 2024,Feb 2024,Graduaat (HBO5),33,vacatures_eoy_since_2011_all-3.xlsx
2024-02-29,2024,2,februari 2024,Feb 2024,Lager onderwijs + 1e en 2e graad secundair,77,vacatures_eoy_since_2011_all-3.xlsx
2024-02-29,2024,2,februari 2024,Feb 2024,Master,68,vacatures_eoy_since_2011_all-3.xlsx
2024-02-29,2024,2,februari 2024,Feb 2024,Professionele bachelor,176,vacatures_eoy_since_2011_all-3.xlsx
2024-03-31,2024,3,maart 2024,Mrt 2024,3e en 4e gr. sec. beroeps,165,vacatures_eoy_since_2011_all-3.xlsx
2024-03-31,2024,3,maart 2024,Mrt 2024,3e graad sec. algemeen,19,vacatures_eoy_since_2011_all-3.xlsx
2024-03-31,2024,3,maart 2024,Mrt 2024,3e graad sec. niet gespecificeerd,22,vacatures_eoy_since_2011_all-3.xlsx
2024-03-31,2024,3,maart 2024,Mrt 2024,3e graad sec. technisch,163,vacatures_eoy_since_2011_all-3.xlsx
2024-03-31,2024,3,maart 2024,Mrt 2024,Academische bachelor,44,vacatures_eoy_since_2011_all-3.xlsx
2024-03-31,2024,3,maart 2024,Mrt 2024,Buitengewoon secundair,3,vacatures_eoy_since_2011_all-3.xlsx
2024-03-31,2024,3,maart 2024,Mrt 2024,Geen specifieke studievereiste,776,vacatures_eoy_since_2011_all-3.xlsx
2024-03-31,2024,3,maart 2024,Mrt 2024,Graduaat (HBO5),26,vacatures_eoy_since_2011_all-3.xlsx
2024-03-31,2024,3,maart 2024,Mrt 2024,Lager onderwijs + 1e en 2e graad secundair,59,vacatures_eoy_since_2011_all-3.xlsx
2024-03-31,2024,3,maart 2024,Mrt 2024,Master,88,vacatures_eoy_since_2011_all-3.xlsx
2024-03-31,2024,3,maart 2024,Mrt 2024,Professionele bachelor,178,vacatures_eoy_since_2011_all-3.xlsx
2024-04-30,2024,4,april 2024,Apr 2024,3e en 4e gr. sec. beroeps,132,vacatures_eoy_since_2011_all-3.xlsx
2024-04-30,2024,4,april 2024,Apr 2024,3e graad sec. algemeen,15,vacatures_eoy_since_2011_all-3.xlsx
2024-04-30,2024,4,april 2024,Apr 2024,3e graad sec. kunst,2,vacatures_eoy_since_2011_all-3.xlsx
2024-04-30,2024,4,april 2024,Apr 2024,3e graad sec. niet gespecificeerd,10,vacatures_eoy_since_2011_all-3.xlsx
2024-04-30,2024,4,april 2024,Apr 2024,3e graad sec. technisch,158,vacatures_eoy_since_2011_all-3.xlsx
2024-04-30,2024,4,april 2024,Apr 2024,Academische bachelor,24,vacatures_eoy_since_2011_all-3.xlsx
2024-04-30,2024,4,april 2024,Apr 2024,Buitengewoon secundair,1,vacatures_eoy_since_2011_all-3.xlsx
2024-04-30,2024,4,april 2024,Apr 2024,Geen specifieke studievereiste,759,vacatures_eoy_since_2011_all-3.xlsx
2024-04-30,2024,4,april 2024,Apr 2024,Graduaat (HBO5),41,vacatures_eoy_since_2011_all-3.xlsx
2024-04-30,2024,4,april 2024,Apr 2024,Lager onderwijs + 1e en 2e graad secundair,63,vacatures_eoy_since_2011_all-3.xlsx
2024-04-30,2024,4,april 2024,Apr 2024,Master,84,vacatures_eoy_since_2011_all-3.xlsx
2024-04-30,2024,4,april 2024,Apr 2024,Professionele bachelor,179,vacatures_eoy_since_2011_all-3.xlsx
2024-05-31,2024,5,mei 2024,Mei 2024,3e en 4e gr. sec. beroeps,159,vacatures_eoy_since_2011_all-3.xlsx
2024-05-31,2024,5,mei 2024,Mei 2024,3e graad sec. algemeen,22,vacatures_eoy_since_2011_all-3.xlsx
2024-05-31,2024,5,mei 2024,Mei 2024,3e graad sec. kunst,0,vacatures_eoy_since_2011_all-3.xlsx
2024-05-31,2024,5,mei 2024,Mei 2024,3e graad sec. niet gespecificeerd,17,vacatures_eoy_since_2011_all-3.xlsx
2024-05-31,2024,5,mei 2024,Mei 2024,3e graad sec. technisch,179,vacatures_eoy_since_2011_all-3.xlsx
2024-05-31,2024,5,mei 2024,Mei 2024,Academische bachelor,36,vacatures_eoy_since_2011_all-3.xlsx
2024-05-31,2024,5,mei 2024,Mei 2024,Buitengewoon secundair,0,vacatures_eoy_since_2011_all-3.xlsx
2024-05-31,2024,5,mei 2024,Mei 2024,Geen specifieke studievereiste,651,vacatures_eoy_since_2011_all-3.xlsx
2024-05-31,2024,5,mei 2024,Mei 2024,Graduaat (HBO5),41,vacatures_eoy_since_2011_all-3.xlsx
2024-05-31,2024,5,mei 2024,Mei 2024,Lager onderwijs + 1e en 2e graad secundair,65,vacatures_eoy_since_2011_all-3.xlsx
2024-05-31,2024,5,mei 2024,Mei 2024,Master,77,vacatures_eoy_since_2011_all-3.xlsx
2024-05-31,2024,5,mei 2024,Mei 2024,Professionele bachelor,209,vacatures_eoy_since_2011_all-3.xlsx
2024-06-30,2024,6,juni 2024,Jun 2024,3e en 4e gr. sec. beroeps,141,vacatures_eoy_since_2011_all-3.xlsx
2024-06-30,2024,6,juni 2024,Jun 2024,3e graad sec. algemeen,14,vacatures_eoy_since_2011_all-3.xlsx
2024-06-30,2024,6,juni 2024,Jun 2024,3e graad sec. kunst,0,vacatures_eoy_since_2011_all-3.xlsx
2024-06-30,2024,6,juni 2024,Jun 2024,3e graad sec. niet gespecificeerd,28,vacatures_eoy_since_2011_all-3.xlsx
2024-06-30,2024,6,juni 2024,Jun 2024,3e graad sec. technisch,135,vacatures_eoy_since_2011_all-3.xlsx
2024-06-30,2024,6,juni 2024,Jun 2024,Academische bachelor,55,vacatures_eoy_since_2011_all-3.xlsx
2024-06-30,2024,6,juni 2024,Jun 2024,Buitengewoon secundair,0,vacatures_eoy_since_2011_all-3.xlsx
2024-06-30,2024,6,juni 2024,Jun 2024,Geen specifieke studievereiste,625,vacatures_eoy_since_2011_all-3.xlsx
2024-06-30,2024,6,juni 2024,Jun 2024,Graduaat (HBO5),39,vacatures_eoy_since_2011_all-3.xlsx
2024-06-30,2024,6,juni 2024,Jun 2024,Lager onderwijs + 1e en 2e graad secundair,77,vacatures_eoy_since_2011_all-3.xlsx
2024-06-30,2024,6,juni 2024,Jun 2024,Master,77,vacatures_eoy_since_2011_all-3.xlsx
2024-06-30,2024,6,juni 2024,Jun 2024,Professionele bachelor,138,vacatures_eoy_since_2011_all-3.xlsx
2024-07-31,2024,7,juli 2024,Jul 2024,3e en 4e gr. sec. beroeps,154,vacatures_eoy_since_2011_all-3.xlsx
2024-07-31,2024,7,juli 2024,Jul 2024,3e graad sec. algemeen,11,vacatures_eoy_since_2011_all-3.xlsx
2024-07-31,2024,7,juli 2024,Jul 2024,3e graad sec. kunst,1,vacatures_eoy_since_2011_all-3.xlsx
2024-07-31,2024,7,juli 2024,Jul 2024,3e graad sec. niet gespecificeerd,7,vacatures_eoy_since_2011_all-3.xlsx
2024-07-31,2024,7,juli 2024,Jul 2024,3e graad sec. technisch,134,vacatures_eoy_since_2011_all-3.xlsx
2024-07-31,2024,7,juli 2024,Jul 2024,Academische bachelor,33,vacatures_eoy_since_2011_all-3.xlsx
2024-07-31,2024,7,juli 2024,Jul 2024,Buitengewoon secundair,1,vacatures_eoy_since_2011_all-3.xlsx
2024-07-31,2024,7,juli 2024,Jul 2024,Geen specifieke studievereiste,566,vacatures_eoy_since_2011_all-3.xlsx
2024-07-31,2024,7,juli 2024,Jul 2024,Graduaat (HBO5),41,vacatures_eoy_since_2011_all-3.xlsx
2024-07-31,2024,7,juli 2024,Jul 2024,Lager onderwijs + 1e en 2e graad secundair,30,vacatures_eoy_since_2011_all-3.xlsx
2024-07-31,2024,7,juli 2024,Jul 2024,Master,78,vacatures_eoy_since_2011_all-3.xlsx
2024-07-31,2024,7,juli 2024,Jul 2024,Professionele bachelor,142,vacatures_eoy_since_2011_all-3.xlsx
2024-08-31,2024,8,augustus 2024,Aug 2024,3e en 4e gr. sec. beroeps,136,vacatures_eoy_since_2011_all-3.xlsx
2024-08-31,2024,8,augustus 2024,Aug 2024,3e graad sec. algemeen,13,vacatures_eoy_since_2011_all-3.xlsx
2024-08-31,2024,8,augustus 2024,Aug 2024,3e graad sec. kunst,0,vacatures_eoy_since_2011_all-3.xlsx
2024-08-31,2024,8,augustus 2024,Aug 2024,3e graad sec. niet gespecificeerd,6,vacatures_eoy_since_2011_all-3.xlsx
2024-08-31,2024,8,augustus 2024,Aug 2024,3e graad sec. technisch,173,vacatures_eoy_since_2011_all-3.xlsx
2024-08-31,2024,8,augustus 2024,Aug 2024,Academische bachelor,33,vacatures_eoy_since_2011_all-3.xlsx
2024-08-31,2024,8,augustus 2024,Aug 2024,Buitengewoon secundair,2,vacatures_eoy_since_2011_all-3.xlsx
2024-08-31,2024,8,augustus 2024,Aug 2024,Geen specifieke studievereiste,787,vacatures_eoy_since_2011_all-3.xlsx
2024-08-31,2024,8,augustus 2024,Aug 2024,Graduaat (HBO5),60,vacatures_eoy_since_2011_all-3.xlsx
2024-08-31,2024,8,augustus 2024,Aug 2024,Lager onderwijs + 1e en 2e graad secundair,64,vacatures_eoy_since_2011_all-3.xlsx
2024-08-31,2024,8,augustus 2024,Aug 2024,Master,71,vacatures_eoy_since_2011_all-3.xlsx
2024-08-31,2024,8,augustus 2024,Aug 2024,Professionele bachelor,155,vacatures_eoy_since_2011_all-3.xlsx
2024-09-30,2024,9,september 2024,Sep 2024,3e en 4e gr. sec. beroeps,176,vacatures_eoy_since_2011_all-3.xlsx
2024-09-30,2024,9,september 2024,Sep 2024,3e graad sec. algemeen,25,vacatures_eoy_since_2011_all-3.xlsx
2024-09-30,2024,9,september 2024,Sep 2024,3e graad sec. kunst,0,vacatures_eoy_since_2011_all-3.xlsx
2024-09-30,2024,9,september 2024,Sep 2024,3e graad sec. niet gespecificeerd,5,vacatures_eoy_since_2011_all-3.xlsx
2024-09-30,2024,9,september 2024,Sep 2024,3e graad sec. technisch,170,vacatures_eoy_since_2011_all-3.xlsx
2024-09-30,2024,9,september 2024,Sep 2024,Academische bachelor,54,vacatures_eoy_since_2011_all-3.xlsx
2024-09-30,2024,9,september 2024,Sep 2024,Buitengewoon secundair,2,vacatures_eoy_since_2011_all-3.xlsx
2024-09-30,2024,9,september 2024,Sep 2024,Geen specifieke studievereiste,959,vacatures_eoy_since_2011_all-3.xlsx
2024-09-30,2024,9,september 2024,Sep 2024,Graduaat (HBO5),56,vacatures_eoy_since_2011_all-3.xlsx
2024-09-30,2024,9,september 2024,Sep 2024,Lager onderwijs + 1e en 2e graad secundair,66,vacatures_eoy_since_2011_all-3.xlsx
2024-09-30,2024,9,september 2024,Sep 2024,Master,61,vacatures_eoy_since_2011_all-3.xlsx
2024-09-30,2024,9,september 2024,Sep 2024,Professionele bachelor,222,vacatures_eoy_since_2011_all-3.xlsx
2024-10-31,2024,10,oktober 2024,Okt 2024,3e en 4e gr. sec. beroeps,148,vacatures_eoy_since_2011_all-3.xlsx
2024-10-31,2024,10,oktober 2024,Okt 2024,3e graad sec. algemeen,11,vacatures_eoy_since_2011_all-3.xlsx
2024-10-31,2024,10,oktober 2024,Okt 2024,3e graad sec. kunst,3,vacatures_eoy_since_2011_all-3.xlsx
2024-10-31,2024,10,oktober 2024,Okt 2024,3e graad sec. niet gespecificeerd,24,vacatures_eoy_since_2011_all-3.xlsx
2024-10-31,2024,10,oktober 2024,Okt 2024,3e graad sec. technisch,186,vacatures_eoy_since_2011_all-3.xlsx
2024-10-31,2024,10,oktober 2024,Okt 2024,Academische bachelor,40,vacatures_eoy_since_2011_all-3.xlsx
2024-10-31,2024,10,oktober 2024,Okt 2024,Buitengewoon secundair,3,vacatures_eoy_since_2011_all-3.xlsx
2024-10-31,2024,10,oktober 2024,Okt 2024,Geen specifieke studievereiste,955,vacatures_eoy_since_2011_all-3.xlsx
2024-10-31,2024,10,oktober 2024,Okt 2024,Graduaat (HBO5),32,vacatures_eoy_since_2011_all-3.xlsx
2024-10-31,2024,10,oktober 2024,Okt 2024,Lager onderwijs + 1e en 2e graad secundair,68,vacatures_eoy_since_2011_all-3.xlsx
2024-10-31,2024,10,oktober 2024,Okt 2024,Master,77,vacatures_eoy_since_2011_all-3.xlsx
2024-10-31,2024,10,oktober 2024,Okt 2024,Professionele bachelor,168,vacatures_eoy_since_2011_all-3.xlsx
2024-11-30,2024,11,november 2024,Nov 2024,3e en 4e gr. sec. beroeps,129,vacatures_eoy_since_2011_all-3.xlsx
2024-11-30,2024,11,november 2024,Nov 2024,3e graad sec. algemeen,14,vacatures_eoy_since_2011_all-3.xlsx
2024-11-30,2024,11,november 2024,Nov 2024,3e graad sec. kunst,1,vacatures_eoy_since_2011_all-3.xlsx
2024-11-30,2024,11,november 2024,Nov 2024,3e graad sec. niet gespecificeerd,10,vacatures_eoy_since_2011_all-3.xlsx
2024-11-30,2024,11,november 2024,Nov 2024,3e graad sec. technisch,192,vacatures_eoy_since_2011_all-3.xlsx
2024-11-30,2024,11,november 2024,Nov 2024,Academische bachelor,35,vacatures_eoy_since_2011_all-3.xlsx
2024-11-30,2024,11,november 2024,Nov 2024,Buitengewoon secundair,0,vacatures_eoy_since_2011_all-3.xlsx
2024-11-30,2024,11,november 2024,Nov 2024,Geen specifieke studievereiste,666,vacatures_eoy_since_2011_all-3.xlsx
2024-11-30,2024,11,november 2024,Nov 2024,Graduaat (HBO5),27,vacatures_eoy_since_2011_all-3.xlsx
2024-11-30,2024,11,november 2024,Nov 2024,Lager onderwijs + 1e en 2e graad secundair,47,vacatures_eoy_since_2011_all-3.xlsx
2024-11-30,2024,11,november 2024,Nov 2024,Master,46,vacatures_eoy_since_2011_all-3.xlsx
2024-11-30,2024,11,november 2024,Nov 2024,Professionele bachelor,175,vacatures_eoy_since_2011_all-3.xlsx
2024-12-31,2024,12,december 2024,Dec 2024,3e en 4e gr. sec. beroeps,116,vacatures_eoy_since_2011_all-3.xlsx
2024-12-31,2024,12,december 2024,Dec 2024,3e graad sec. algemeen,18,vacatures_eoy_since_2011_all-3.xlsx
2024-12-31,2024,12,december 2024,Dec 2024,3e graad sec. kunst,0,vacatures_eoy_since_2011_all-3.xlsx
2024-12-31,2024,12,december 2024,Dec 2024,3e graad sec. niet gespecificeerd,5,vacatures_eoy_since_2011_all-3.xlsx
2024-12-31,2024,12,december 2024,Dec 2024,3e graad sec. technisch,164,vacatures_eoy_since_2011_all-3.xlsx
2024-12-31,2024,12,december 2024,Dec 2024,Academische bachelor,36,vacatures_eoy_since_2011_all-3.xlsx
2024-12-31,2024,12,december 2024,Dec 2024,Buitengewoon secundair,1,vacatures_eoy_since_2011_all-3.xlsx
2024-12-31,2024,12,december 2024,Dec 2024,Geen specifieke studievereiste,599,vacatures_eoy_since_2011_all-3.xlsx
2024-12-31,2024,12,december 2024,Dec 2024,Graduaat (HBO5),38,vacatures_eoy_since_2011_all-3.xlsx
2024-12-31,2024,12,december 2024,Dec 2024,Lager onderwijs + 1e en 2e graad secundair,39,vacatures_eoy_since_2011_all-3.xlsx
2024-12-31,2024,12,december 2024,Dec 2024,Master,58,vacatures_eoy_since_2011_all-3.xlsx
2024-12-31,2024,12,december 2024,Dec 2024,Professionele bachelor,140,vacatures_eoy_since_2011_all-3.xlsx
2025-01-31,2025,1,januari 2025,Jan 2025,3e en 4e gr. sec. beroeps,188,vacatures_eoy_since_2011_all-2.xlsx
2025-01-31,2025,1,januari 2025,Jan 2025,3e graad sec. algemeen,19,vacatures_eoy_since_2011_all-2.xlsx
2025-01-31,2025,1,januari 2025,Jan 2025,3e graad sec. niet gespecificeerd,14,vacatures_eoy_since_2011_all-2.xlsx
2025-01-31,2025,1,januari 2025,Jan 2025,3e graad sec. technisch,197,vacatures_eoy_since_2011_all-2.xlsx
2025-01-31,2025,1,januari 2025,Jan 2025,Academische bachelor,44,vacatures_eoy_since_2011_all-2.xlsx
2025-01-31,2025,1,januari 2025,Jan 2025,Buitengewoon secundair,1,vacatures_eoy_since_2011_all-2.xlsx
2025-01-31,2025,1,januari 2025,Jan 2025,Geen specifieke studievereiste,951,vacatures_eoy_since_2011_all-2.xlsx
2025-01-31,2025,1,januari 2025,Jan 2025,Graduaat (HBO5),48,vacatures_eoy_since_2011_all-2.xlsx
2025-01-31,2025,1,januari 2025,Jan 2025,Lager onderwijs + 1e en 2e graad secundair,92,vacatures_eoy_since_2011_all-2.xlsx
2025-01-31,2025,1,januari 2025,Jan 2025,Master,62,vacatures_eoy_since_2011_all-2.xlsx
2025-01-31,2025,1,januari 2025,Jan 2025,Professionele bachelor,177,vacatures_eoy_since_2011_all-2.xlsx
2025-02-28,2025,2,februari 2025,Feb 2025,3e en 4e gr. sec. beroeps,121,vacatures_eoy_since_2011_all-2.xlsx
2025-02-28,2025,2,februari 2025,Feb 2025,3e graad sec. algemeen,30,vacatures_eoy_since_2011_all-2.xlsx
2025-02-28,2025,2,februari 2025,Feb 2025,3e graad sec. kunst,0,vacatures_eoy_since_2011_all-2.xlsx
2025-02-28,2025,2,februari 2025,Feb 2025,3e graad sec. niet gespecificeerd,2,vacatures_eoy_since_2011_all-2.xlsx
2025-02-28,2025,2,februari 2025,Feb 2025,3e graad sec. technisch,218,vacatures_eoy_since_2011_all-2.xlsx
2025-02-28,2025,2,februari 2025,Feb 2025,Academische bachelor,34,vacatures_eoy_since_2011_all-2.xlsx
2025-02-28,2025,2,februari 2025,Feb 2025,Buitengewoon secundair,2,vacatures_eoy_since_2011_all-2.xlsx
2025-02-28,2025,2,februari 2025,Feb 2025,Geen specifieke studievereiste,898,vacatures_eoy_since_2011_all-2.xlsx
2025-02-28,2025,2,februari 2025,Feb 2025,Graduaat (HBO5),37,vacatures_eoy_since_2011_all-2.xlsx
2025-02-28,2025,2,februari 2025,Feb 2025,Lager onderwijs + 1e en 2e graad secundair,60,vacatures_eoy_since_2011_all-2.xlsx
2025-02-28,2025,2,februari 2025,Feb 2025,Master,60,vacatures_eoy_since_2011_all-2.xlsx
2025-02-28,2025,2,februari 2025,Feb 2025,Professionele bachelor,220,vacatures_eoy_since_2011_all-2.xlsx
2025-03-31,2025,3,maart 2025,Mrt 2025,3e en 4e gr. sec. beroeps,138,vacatures_eoy_since_2011_all-2.xlsx
2025-03-31,2025,3,maart 2025,Mrt 2025,3e graad sec. algemeen,16,vacatures_eoy_since_2011_all-2.xlsx
2025-03-31,2025,3,maart 2025,Mrt 2025,3e graad sec. kunst,0,vacatures_eoy_since_2011_all-2.xlsx
2025-03-31,2025,3,maart 2025,Mrt 2025,3e graad sec. niet gespecificeerd,7,vacatures_eoy_since_2011_all-2.xlsx
2025-03-31,2025,3,maart 2025,Mrt 2025,3e graad sec. technisch,163,vacatures_eoy_since_2011_all-2.xlsx
2025-03-31,2025,3,maart 2025,Mrt 2025,Academische bachelor,36,vacatures_eoy_since_2011_all-2.xlsx
2025-03-31,2025,3,maart 2025,Mrt 2025,Buitengewoon secundair,3,vacatures_eoy_since_2011_all-2.xlsx
2025-03-31,2025,3,maart 2025,Mrt 2025,Geen specifieke studievereiste,893,vacatures_eoy_since_2011_all-2.xlsx
2025-03-31,2025,3,maart 2025,Mrt 2025,Graduaat (HBO5),70,vacatures_eoy_since_2011_all-2.xlsx
2025-03-31,2025,3,maart 2025,Mrt 2025,Lager onderwijs + 1e en 2e graad secundair,54,vacatures_eoy_since_2011_all-2.xlsx
2025-03-31,2025,3,maart 2025,Mrt 2025,Master,68,vacatures_eoy_since_2011_all-2.xlsx
2025-03-31,2025,3,maart 2025,Mrt 2025,Professionele bachelor,228,vacatures_eoy_since_2011_all-2.xlsx
2025-04-30,2025,4,april 2025,Apr 2025,3e en 4e gr. sec. beroeps,103,vacatures_eoy_since_2011_all-2.xlsx
2025-04-30,2025,4,april 2025,Apr 2025,3e graad sec. algemeen,15,vacatures_eoy_since_2011_all-2.xlsx
2025-04-30,2025,4,april 2025,Apr 2025,3e graad sec. kunst,0,vacatures_eoy_since_2011_all-2.xlsx
2025-04-30,2025,4,april 2025,Apr 2025,3e graad sec. niet gespecificeerd,13,vacatures_eoy_since_2011_all-2.xlsx
2025-04-30,2025,4,april 2025,Apr 2025,3e graad sec. technisch,151,vacatures_eoy_since_2011_all-2.xlsx
2025-04-30,2025,4,april 2025,Apr 2025,Academische bachelor,38,vacatures_eoy_since_2011_all-2.xlsx
2025-04-30,2025,4,april 2025,Apr 2025,Buitengewoon secundair,0,vacatures_eoy_since_2011_all-2.xlsx
2025-04-30,2025,4,april 2025,Apr 2025,Geen specifieke studievereiste,867,vacatures_eoy_since_2011_all-2.xlsx
2025-04-30,2025,4,april 2025,Apr 2025,Graduaat (HBO5),22,vacatures_eoy_since_2011_all-2.xlsx
2025-04-30,2025,4,april 2025,Apr 2025,Lager onderwijs + 1e en 2e graad secundair,56,vacatures_eoy_since_2011_all-2.xlsx
2025-04-30,2025,4,april 2025,Apr 2025,Master,74,vacatures_eoy_since_2011_all-2.xlsx
2025-04-30,2025,4,april 2025,Apr 2025,Professionele bachelor,186,vacatures_eoy_since_2011_all-2.xlsx
2025-05-31,2025,5,mei 2025,Mei 2025,3e en 4e gr. sec. beroeps,145,vacatures_eoy_since_2011_all-2.xlsx
2025-05-31,2025,5,mei 2025,Mei 2025,3e graad sec. algemeen,18,vacatures_eoy_since_2011_all-2.xlsx
2025-05-31,2025,5,mei 2025,Mei 2025,3e graad sec. kunst,0,vacatures_eoy_since_2011_all-2.xlsx
2025-05-31,2025,5,mei 2025,Mei 2025,3e graad sec. niet gespecificeerd,7,vacatures_eoy_since_2011_all-2.xlsx
2025-05-31,2025,5,mei 2025,Mei 2025,3e graad sec. technisch,148,vacatures_eoy_since_2011_all-2.xlsx
2025-05-31,2025,5,mei 2025,Mei 2025,Academische bachelor,41,vacatures_eoy_since_2011_all-2.xlsx
2025-05-31,2025,5,mei 2025,Mei 2025,Buitengewoon secundair,0,vacatures_eoy_since_2011_all-2.xlsx
2025-05-31,2025,5,mei 2025,Mei 2025,Geen specifieke studievereiste,706,vacatures_eoy_since_2011_all-2.xlsx
2025-05-31,2025,5,mei 2025,Mei 2025,Graduaat (HBO5),42,vacatures_eoy_since_2011_all-2.xlsx
2025-05-31,2025,5,mei 2025,Mei 2025,Lager onderwijs + 1e en 2e graad secundair,42,vacatures_eoy_since_2011_all-2.xlsx
2025-05-31,2025,5,mei 2025,Mei 2025,Master,49,vacatures_eoy_since_2011_all-2.xlsx
2025-05-31,2025,5,mei 2025,Mei 2025,Professionele bachelor,193,vacatures_eoy_since_2011_all-2.xlsx
2025-06-30,2025,6,juni 2025,Jun 2025,3e en 4e gr. sec. beroeps,125,vacatures_eoy_since_2011_all-2.xlsx
2025-06-30,2025,6,juni 2025,Jun 2025,3e graad sec. algemeen,14,vacatures_eoy_since_2011_all-2.xlsx
2025-06-30,2025,6,juni 2025,Jun 2025,3e graad sec. kunst,0,vacatures_eoy_since_2011_all-2.xlsx
2025-06-30,2025,6,juni 2025,Jun 2025,3e graad sec. niet gespecificeerd,45,vacatures_eoy_since_2011_all-2.xlsx
2025-06-30,2025,6,juni 2025,Jun 2025,3e graad sec. technisch,152,vacatures_eoy_since_2011_all-2.xlsx
2025-06-30,2025,6,juni 2025,Jun 2025,Academische bachelor,30,vacatures_eoy_since_2011_all-2.xlsx
2025-06-30,2025,6,juni 2025,Jun 2025,Bachelor niet gespecificeerd,45,vacatures_eoy_since_2011_all-2.xlsx
2025-06-30,2025,6,juni 2025,Jun 2025,Buitengewoon secundair,0,vacatures_eoy_since_2011_all-2.xlsx
2025-06-30,2025,6,juni 2025,Jun 2025,Geen specifieke studievereiste,647,vacatures_eoy_since_2011_all-2.xlsx
2025-06-30,2025,6,juni 2025,Jun 2025,Graduaat (HBO5),40,vacatures_eoy_since_2011_all-2.xlsx
2025-06-30,2025,6,juni 2025,Jun 2025,Lager onderwijs + 1e en 2e graad secundair,32,vacatures_eoy_since_2011_all-2.xlsx
2025-06-30,2025,6,juni 2025,Jun 2025,Master,56,vacatures_eoy_since_2011_all-2.xlsx
2025-06-30,2025,6,juni 2025,Jun 2025,Professionele bachelor,173,vacatures_eoy_since_2011_all-2.xlsx
2025-07-31,2025,7,juli 2025,Jul 2025,3e en 4e gr. sec. beroeps,72,vacatures_eoy_since_2011_all-2.xlsx
2025-07-31,2025,7,juli 2025,Jul 2025,3e graad sec. algemeen,4,vacatures_eoy_since_2011_all-2.xlsx
2025-07-31,2025,7,juli 2025,Jul 2025,3e graad sec. kunst,1,vacatures_eoy_since_2011_all-2.xlsx
2025-07-31,2025,7,juli 2025,Jul 2025,3e graad sec. niet gespecificeerd,47,vacatures_eoy_since_2011_all-2.xlsx
2025-07-31,2025,7,juli 2025,Jul 2025,3e graad sec. technisch,111,vacatures_eoy_since_2011_all-2.xlsx
2025-07-31,2025,7,juli 2025,Jul 2025,Academische bachelor,9,vacatures_eoy_since_2011_all-2.xlsx
2025-07-31,2025,7,juli 2025,Jul 2025,Bachelor niet gespecificeerd,50,vacatures_eoy_since_2011_all-2.xlsx
2025-07-31,2025,7,juli 2025,Jul 2025,Geen specifieke studievereiste,511,vacatures_eoy_since_2011_all-2.xlsx
2025-07-31,2025,7,juli 2025,Jul 2025,Graduaat (HBO5),27,vacatures_eoy_since_2011_all-2.xlsx
2025-07-31,2025,7,juli 2025,Jul 2025,Lager onderwijs + 1e en 2e graad secundair,34,vacatures_eoy_since_2011_all-2.xlsx
2025-07-31,2025,7,juli 2025,Jul 2025,Master,56,vacatures_eoy_since_2011_all-2.xlsx
2025-07-31,2025,7,juli 2025,Jul 2025,Professionele bachelor,100,vacatures_eoy_since_2011_all-2.xlsx
2025-08-31,2025,8,augustus 2025,Aug 2025,3e en 4e gr. sec. beroeps,115,vacatures_eoy_since_2011_all-2.xlsx
2025-08-31,2025,8,augustus 2025,Aug 2025,3e graad sec. algemeen,10,vacatures_eoy_since_2011_all-2.xlsx
2025-08-31,2025,8,augustus 2025,Aug 2025,3e graad sec. kunst,1,vacatures_eoy_since_2011_all-2.xlsx
2025-08-31,2025,8,augustus 2025,Aug 2025,3e graad sec. niet gespecificeerd,78,vacatures_eoy_since_2011_all-2.xlsx
2025-08-31,2025,8,augustus 2025,Aug 2025,3e graad sec. technisch,111,vacatures_eoy_since_2011_all-2.xlsx
2025-08-31,2025,8,augustus 2025,Aug 2025,Academische bachelor,15,vacatures_eoy_since_2011_all-2.xlsx
2025-08-31,2025,8,augustus 2025,Aug 2025,Bachelor niet gespecificeerd,74,vacatures_eoy_since_2011_all-2.xlsx
2025-08-31,2025,8,augustus 2025,Aug 2025,Buitengewoon secundair,4,vacatures_eoy_since_2011_all-2.xlsx
2025-08-31,2025,8,augustus 2025,Aug 2025,Geen specifieke studievereiste,825,vacatures_eoy_since_2011_all-2.xlsx
2025-08-31,2025,8,augustus 2025,Aug 2025,Graduaat (HBO5),66,vacatures_eoy_since_2011_all-2.xlsx
2025-08-31,2025,8,augustus 2025,Aug 2025,Lager onderwijs + 1e en 2e graad secundair,40,vacatures_eoy_since_2011_all-2.xlsx
2025-08-31,2025,8,augustus 2025,Aug 2025,Master,81,vacatures_eoy_since_2011_all-2.xlsx
2025-08-31,2025,8,augustus 2025,Aug 2025,Professionele bachelor,136,vacatures_eoy_since_2011_all-2.xlsx
2025-09-30,2025,9,september 2025,Sep 2025,3e en 4e gr. sec. beroeps,105,vacatures_eoy_since_2011_all-2.xlsx
2025-09-30,2025,9,september 2025,Sep 2025,3e graad sec. algemeen,12,vacatures_eoy_since_2011_all-2.xlsx
2025-09-30,2025,9,september 2025,Sep 2025,3e graad sec. kunst,1,vacatures_eoy_since_2011_all-2.xlsx
2025-09-30,2025,9,september 2025,Sep 2025,3e graad sec. niet gespecificeerd,100,vacatures_eoy_since_2011_all-2.xlsx
2025-09-30,2025,9,september 2025,Sep 2025,3e graad sec. technisch,160,vacatures_eoy_since_2011_all-2.xlsx
2025-09-30,2025,9,september 2025,Sep 2025,Academische bachelor,21,vacatures_eoy_since_2011_all-2.xlsx
2025-09-30,2025,9,september 2025,Sep 2025,Bachelor niet gespecificeerd,87,vacatures_eoy_since_2011_all-2.xlsx
2025-09-30,2025,9,september 2025,Sep 2025,Buitengewoon secundair,3,vacatures_eoy_since_2011_all-2.xlsx
2025-09-30,2025,9,september 2025,Sep 2025,Geen specifieke studievereiste,902,vacatures_eoy_since_2011_all-2.xlsx
2025-09-30,2025,9,september 2025,Sep 2025,Graduaat (HBO5),31,vacatures_eoy_since_2011_all-2.xlsx
2025-09-30,2025,9,september 2025,Sep 2025,Lager onderwijs + 1e en 2e graad secundair,36,vacatures_eoy_since_2011_all-2.xlsx
2025-09-30,2025,9,september 2025,Sep 2025,Master,61,vacatures_eoy_since_2011_all-2.xlsx
2025-09-30,2025,9,september 2025,Sep 2025,Professionele bachelor,118,vacatures_eoy_since_2011_all-2.xlsx
2025-10-31,2025,10,oktober 2025,Okt 2025,3e en 4e gr. sec. beroeps,143,vacatures_eoy_since_2011_all-2.xlsx
2025-10-31,2025,10,oktober 2025,Okt 2025,3e graad sec. algemeen,8,vacatures_eoy_since_2011_all-2.xlsx
2025-10-31,2025,10,oktober 2025,Okt 2025,3e graad sec. kunst,1,vacatures_eoy_since_2011_all-2.xlsx
2025-10-31,2025,10,oktober 2025,Okt 2025,3e graad sec. niet gespecificeerd,65,vacatures_eoy_since_2011_all-2.xlsx
2025-10-31,2025,10,oktober 2025,Okt 2025,3e graad sec. technisch,206,vacatures_eoy_since_2011_all-2.xlsx
2025-10-31,2025,10,oktober 2025,Okt 2025,Academische bachelor,17,vacatures_eoy_since_2011_all-2.xlsx
2025-10-31,2025,10,oktober 2025,Okt 2025,Bachelor niet gespecificeerd,71,vacatures_eoy_since_2011_all-2.xlsx
2025-10-31,2025,10,oktober 2025,Okt 2025,Buitengewoon secundair,5,vacatures_eoy_since_2011_all-2.xlsx
2025-10-31,2025,10,oktober 2025,Okt 2025,Geen specifieke studievereiste,1112,vacatures_eoy_since_2011_all-2.xlsx
2025-10-31,2025,10,oktober 2025,Okt 2025,Graduaat (HBO5),44,vacatures_eoy_since_2011_all-2.xlsx
2025-10-31,2025,10,oktober 2025,Okt 2025,Lager onderwijs + 1e en 2e graad secundair,40,vacatures_eoy_since_2011_all-2.xlsx
2025-10-31,2025,10,oktober 2025,Okt 2025,Master,86,vacatures_eoy_since_2011_all-2.xlsx
2025-10-31,2025,10,oktober 2025,Okt 2025,Professionele bachelor,167,vacatures_eoy_since_2011_all-2.xlsx
2025-11-30,2025,11,november 2025,Nov 2025,3e en 4e gr. sec. beroeps,66,vacatures_eoy_since_2011_all-2.xlsx
2025-11-30,2025,11,november 2025,Nov 2025,3e graad sec. algemeen,14,vacatures_eoy_since_2011_all-2.xlsx
2025-11-30,2025,11,november 2025,Nov 2025,3e graad sec. kunst,0,vacatures_eoy_since_2011_all-2.xlsx
2025-11-30,2025,11,november 2025,Nov 2025,3e graad sec. niet gespecificeerd,71,vacatures_eoy_since_2011_all-2.xlsx
2025-11-30,2025,11,november 2025,Nov 2025,3e graad sec. technisch,87,vacatures_eoy_since_2011_all-2.xlsx
2025-11-30,2025,11,november 2025,Nov 2025,Academische bachelor,15,vacatures_eoy_since_2011_all-2.xlsx
2025-11-30,2025,11,november 2025,Nov 2025,Bachelor niet gespecificeerd,64,vacatures_eoy_since_2011_all-2.xlsx
2025-11-30,2025,11,november 2025,Nov 2025,Buitengewoon secundair,1,vacatures_eoy_since_2011_all-2.xlsx
2025-11-30,2025,11,november 2025,Nov 2025,Geen specifieke studievereiste,762,vacatures_eoy_since_2011_all-2.xlsx
2025-11-30,2025,11,november 2025,Nov 2025,Graduaat (HBO5),37,vacatures_eoy_since_2011_all-2.xlsx
2025-11-30,2025,11,november 2025,Nov 2025,Lager onderwijs + 1e en 2e graad secundair,31,vacatures_eoy_since_2011_all-2.xlsx
2025-11-30,2025,11,november 2025,Nov 2025,Master,68,vacatures_eoy_since_2011_all-2.xlsx
2025-11-30,2025,11,november 2025,Nov 2025,Professionele bachelor,136,vacatures_eoy_since_2011_all-2.xlsx
2025-12-31,2025,12,december 2025,Dec 2025,3e en 4e gr. sec. beroeps,51,vacatures_eoy_since_2011_all-2.xlsx
2025-12-31,2025,12,december 2025,Dec 2025,3e graad sec. algemeen,8,vacatures_eoy_since_2011_all-2.xlsx
2025-12-31,2025,12,december 2025,Dec 2025,3e graad sec. kunst,0,vacatures_eoy_since_2011_all-2.xlsx
2025-12-31,2025,12,december 2025,Dec 2025,3e graad sec. niet gespecificeerd,128,vacatures_eoy_since_2011_all-2.xlsx
2025-12-31,2025,12,december 2025,Dec 2025,3e graad sec. technisch,85,vacatures_eoy_since_2011_all-2.xlsx
2025-12-31,2025,12,december 2025,Dec 2025,Academische bachelor,14,vacatures_eoy_since_2011_all-2.xlsx
2025-12-31,2025,12,december 2025,Dec 2025,Bachelor niet gespecificeerd,124,vacatures_eoy_since_2011_all-2.xlsx
2025-12-31,2025,12,december 2025,Dec 2025,Buitengewoon secundair,3,vacatures_eoy_since_2011_all-2.xlsx
2025-12-31,2025,12,december 2025,Dec 2025,Geen specifieke studievereiste,657,vacatures_eoy_since_2011_all-2.xlsx
2025-12-31,2025,12,december 2025,Dec 2025,Graduaat (HBO5),39,vacatures_eoy_since_2011_all-2.xlsx
2025-12-31,2025,12,december 2025,Dec 2025,Lager onderwijs + 1e en 2e graad secundair,50,vacatures_eoy_since_2011_all-2.xlsx
2025-12-31,2025,12,december 2025,Dec 2025,Master,110,vacatures_eoy_since_2011_all-2.xlsx
2025-12-31,2025,12,december 2025,Dec 2025,Professionele bachelor,136,vacatures_eoy_since_2011_all-2.xlsx
2026-01-31,2026,1,januari 2026,Jan 2026,3e en 4e gr. sec. beroeps,83,vacatures_eoy_since_2011_all.xlsx
2026-01-31,2026,1,januari 2026,Jan 2026,3e graad sec. algemeen,11,vacatures_eoy_since_2011_all.xlsx
2026-01-31,2026,1,januari 2026,Jan 2026,3e graad sec. kunst,2,vacatures_eoy_since_2011_all.xlsx
2026-01-31,2026,1,januari 2026,Jan 2026,3e graad sec. niet gespecificeerd,107,vacatures_eoy_since_2011_all.xlsx
2026-01-31,2026,1,januari 2026,Jan 2026,3e graad sec. technisch,176,vacatures_eoy_since_2011_all.xlsx
2026-01-31,2026,1,januari 2026,Jan 2026,Academische bachelor,13,vacatures_eoy_since_2011_all.xlsx
2026-01-31,2026,1,januari 2026,Jan 2026,Bachelor niet gespecificeerd,60,vacatures_eoy_since_2011_all.xlsx
2026-01-31,2026,1,januari 2026,Jan 2026,Buitengewoon secundair,1,vacatures_eoy_since_2011_all.xlsx
2026-01-31,2026,1,januari 2026,Jan 2026,Geen specifieke studievereiste,848,vacatures_eoy_since_2011_all.xlsx
2026-01-31,2026,1,januari 2026,Jan 2026,Graduaat (HBO5),56,vacatures_eoy_since_2011_all.xlsx
2026-01-31,2026,1,januari 2026,Jan 2026,Lager onderwijs + 1e en 2e graad secundair,27,vacatures_eoy_since_2011_all.xlsx
2026-01-31,2026,1,januari 2026,Jan 2026,Master,82,vacatures_eoy_since_2011_all.xlsx
2026-01-31,2026,1,januari 2026,Jan 2026,Professionele bachelor,168,vacatures_eoy_since_2011_all.xlsx
2026-02-28,2026,2,februari 2026,Feb 2026,3e en 4e gr. sec. beroeps,83,vacatures_eoy_since_2011_all.xlsx
2026-02-28,2026,2,februari 2026,Feb 2026,3e graad sec. algemeen,21,vacatures_eoy_since_2011_all.xlsx
2026-02-28,2026,2,februari 2026,Feb 2026,3e graad sec. kunst,0,vacatures_eoy_since_2011_all.xlsx
2026-02-28,2026,2,februari 2026,Feb 2026,3e graad sec. niet gespecificeerd,154,vacatures_eoy_since_2011_all.xlsx
2026-02-28,2026,2,februari 2026,Feb 2026,3e graad sec. technisch,111,vacatures_eoy_since_2011_all.xlsx
2026-02-28,2026,2,februari 2026,Feb 2026,Academische bachelor,12,vacatures_eoy_since_2011_all.xlsx
2026-02-28,2026,2,februari 2026,Feb 2026,Bachelor niet gespecificeerd,79,vacatures_eoy_since_2011_all.xlsx
2026-02-28,2026,2,februari 2026,Feb 2026,Buitengewoon secundair,1,vacatures_eoy_since_2011_all.xlsx
2026-02-28,2026,2,februari 2026,Feb 2026,Geen specifieke studievereiste,710,vacatures_eoy_since_2011_all.xlsx
2026-02-28,2026,2,februari 2026,Feb 2026,Graduaat (HBO5),45,vacatures_eoy_since_2011_all.xlsx
2026-02-28,2026,2,februari 2026,Feb 2026,Lager onderwijs + 1e en 2e graad secundair,45,vacatures_eoy_since_2011_all.xlsx
2026-02-28,2026,2,februari 2026,Feb 2026,Master,99,vacatures_eoy_since_2011_all.xlsx
2026-02-28,2026,2,februari 2026,Feb 2026,Professionele bachelor,193,vacatures_eoy_since_2011_all.xlsx
2026-03-31,2026,3,maart 2026,Mrt 2026,3e en 4e gr. sec. beroeps,77,vacatures_eoy_since_2011_all.xlsx
2026-03-31,2026,3,maart 2026,Mrt 2026,3e graad sec. algemeen,10,vacatures_eoy_since_2011_all.xlsx
2026-03-31,2026,3,maart 2026,Mrt 2026,3e graad sec. kunst,0,vacatures_eoy_since_2011_all.xlsx
2026-03-31,2026,3,maart 2026,Mrt 2026,3e graad sec. niet gespecificeerd,141,vacatures_eoy_since_2011_all.xlsx
2026-03-31,2026,3,maart 2026,Mrt 2026,3e graad sec. technisch,139,vacatures_eoy_since_2011_all.xlsx
2026-03-31,2026,3,maart 2026,Mrt 2026,Academische bachelor,16,vacatures_eoy_since_2011_all.xlsx
2026-03-31,2026,3,maart 2026,Mrt 2026,Bachelor niet gespecificeerd,71,vacatures_eoy_since_2011_all.xlsx
2026-03-31,2026,3,maart 2026,Mrt 2026,Buitengewoon secundair,3,vacatures_eoy_since_2011_all.xlsx
2026-03-31,2026,3,maart 2026,Mrt 2026,Geen specifieke studievereiste,770,vacatures_eoy_since_2011_all.xlsx
2026-03-31,2026,3,maart 2026,Mrt 2026,Graduaat (HBO5),57,vacatures_eoy_since_2011_all.xlsx
2026-03-31,2026,3,maart 2026,Mrt 2026,Lager onderwijs + 1e en 2e graad secundair,33,vacatures_eoy_since_2011_all.xlsx
2026-03-31,2026,3,maart 2026,Mrt 2026,Master,91,vacatures_eoy_since_2011_all.xlsx
2026-03-31,2026,3,maart 2026,Mrt 2026,Professionele bachelor,172,vacatures_eoy_since_2011_all.xlsx
2026-04-30,2026,4,april 2026,Apr 2026,3e en 4e gr. sec. beroeps,102,vacatures_eoy_since_2011_all.xlsx
2026-04-30,2026,4,april 2026,Apr 2026,3e graad sec. algemeen,15,vacatures_eoy_since_2011_all.xlsx
2026-04-30,2026,4,april 2026,Apr 2026,3e graad sec. kunst,0,vacatures_eoy_since_2011_all.xlsx
2026-04-30,2026,4,april 2026,Apr 2026,3e graad sec. niet gespecificeerd,128,vacatures_eoy_since_2011_all.xlsx
2026-04-30,2026,4,april 2026,Apr 2026,3e graad sec. technisch,130,vacatures_eoy_since_2011_all.xlsx
2026-04-30,2026,4,april 2026,Apr 2026,Academische bachelor,13,vacatures_eoy_since_2011_all.xlsx
2026-04-30,2026,4,april 2026,Apr 2026,Bachelor niet gespecificeerd,93,vacatures_eoy_since_2011_all.xlsx
2026-04-30,2026,4,april 2026,Apr 2026,Buitengewoon secundair,0,vacatures_eoy_since_2011_all.xlsx
2026-04-30,2026,4,april 2026,Apr 2026,Geen specifieke studievereiste,661,vacatures_eoy_since_2011_all.xlsx
2026-04-30,2026,4,april 2026,Apr 2026,Graduaat (HBO5),43,vacatures_eoy_since_2011_all.xlsx
2026-04-30,2026,4,april 2026,Apr 2026,Lager onderwijs + 1e en 2e graad secundair,16,vacatures_eoy_since_2011_all.xlsx
2026-04-30,2026,4,april 2026,Apr 2026,Master,100,vacatures_eoy_since_2011_all.xlsx
2026-04-30,2026,4,april 2026,Apr 2026,Professionele bachelor,113,vacatures_eoy_since_2011_all.xlsx
