period_end,period_year,period_month,period_label,period_short,beroep,vacatures
2017-12-31,2017,12,januari 2017 - december 2017,Dec 2017,Aankoper,38
2018-12-31,2018,12,januari 2018 - december 2018,Dec 2018,Aankoper,57
2019-12-31,2019,12,januari 2019 - december 2019,Dec 2019,Aankoper,78
2020-12-31,2020,12,januari 2020 - december 2020,Dec 2020,Aankoper,53
2021-12-31,2021,12,januari 2021 - december 2021,Dec 2021,Aankoper,58
2022-12-31,2022,12,januari 2022 - december 2022,Dec 2022,Aankoper,77
2023-12-31,2023,12,januari 2023 - december 2023,Dec 2023,Aankoper,69
2024-12-31,2024,12,januari 2024 - december 2024,Dec 2024,Aankoper,97
2025-12-31,2025,12,januari 2025 - december 2025,Dec 2025,Aankoper,116
2026-04-30,2026,4,mei 2025 - april 2026,Apr 2026,Aankoper,110
2017-12-31,2017,12,januari 2017 - december 2017,Dec 2017,"Aansluiter van waterleidingen, rioleringen en warmtenetten",17
2018-12-31,2018,12,januari 2018 - december 2018,Dec 2018,"Aansluiter van waterleidingen, rioleringen en warmtenetten",35
2019-12-31,2019,12,januari 2019 - december 2019,Dec 2019,"Aansluiter van waterleidingen, rioleringen en warmtenetten",11
2020-12-31,2020,12,januari 2020 - december 2020,Dec 2020,"Aansluiter van waterleidingen, rioleringen en warmtenetten",20
2021-12-31,2021,12,januari 2021 - december 2021,Dec 2021,"Aansluiter van waterleidingen, rioleringen en warmtenetten",28
2022-12-31,2022,12,januari 2022 - december 2022,Dec 2022,"Aansluiter van waterleidingen, rioleringen en warmtenetten",31
2023-12-31,2023,12,januari 2023 - december 2023,Dec 2023,"Aansluiter van waterleidingen, rioleringen en warmtenetten",23
2024-12-31,2024,12,januari 2024 - december 2024,Dec 2024,"Aansluiter van waterleidingen, rioleringen en warmtenetten",30
2025-12-31,2025,12,januari 2025 - december 2025,Dec 2025,"Aansluiter van waterleidingen, rioleringen en warmtenetten",49
2026-04-30,2026,4,mei 2025 - april 2026,Apr 2026,"Aansluiter van waterleidingen, rioleringen en warmtenetten",30
2017-12-31,2017,12,januari 2017 - december 2017,Dec 2017,Accountant,46
2018-12-31,2018,12,januari 2018 - december 2018,Dec 2018,Accountant,97
2019-12-31,2019,12,januari 2019 - december 2019,Dec 2019,Accountant,107
2020-12-31,2020,12,januari 2020 - december 2020,Dec 2020,Accountant,76
2021-12-31,2021,12,januari 2021 - december 2021,Dec 2021,Accountant,49
2022-12-31,2022,12,januari 2022 - december 2022,Dec 2022,Accountant,87
2023-12-31,2023,12,januari 2023 - december 2023,Dec 2023,Accountant,88
2024-12-31,2024,12,januari 2024 - december 2024,Dec 2024,Accountant,94
2025-12-31,2025,12,januari 2025 - december 2025,Dec 2025,Accountant,94
2026-04-30,2026,4,mei 2025 - april 2026,Apr 2026,Accountant,121
2017-12-31,2017,12,januari 2017 - december 2017,Dec 2017,Accountmanager in de financiële sector,2
2018-12-31,2018,12,januari 2018 - december 2018,Dec 2018,Accountmanager in de financiële sector,16
2020-12-31,2020,12,januari 2020 - december 2020,Dec 2020,Accountmanager in de financiële sector,1
2026-04-30,2026,4,mei 2025 - april 2026,Apr 2026,Accountmanager in de financiële sector,8
2023-12-31,2023,12,januari 2023 - december 2023,Dec 2023,Accountmanager publiciteit,1
2018-12-31,2018,12,januari 2018 - december 2018,Dec 2018,Accountmanager sales,1
2019-12-31,2019,12,januari 2019 - december 2019,Dec 2019,Accountmanager sales,1
2020-12-31,2020,12,januari 2020 - december 2020,Dec 2020,Accountmanager sales,6
2021-12-31,2021,12,januari 2021 - december 2021,Dec 2021,Accountmanager sales,1
2022-12-31,2022,12,januari 2022 - december 2022,Dec 2022,Accountmanager sales,3
2024-12-31,2024,12,januari 2024 - december 2024,Dec 2024,Accountmanager sales,1
2025-12-31,2025,12,januari 2025 - december 2025,Dec 2025,Accountmanager sales,1
2026-04-30,2026,4,mei 2025 - april 2026,Apr 2026,Accountmanager sales,7
2017-12-31,2017,12,januari 2017 - december 2017,Dec 2017,Administratief en financieel verantwoordelijke,12
2018-12-31,2018,12,januari 2018 - december 2018,Dec 2018,Administratief en financieel verantwoordelijke,54
2019-12-31,2019,12,januari 2019 - december 2019,Dec 2019,Administratief en financieel verantwoordelijke,14
2020-12-31,2020,12,januari 2020 - december 2020,Dec 2020,Administratief en financieel verantwoordelijke,10
2021-12-31,2021,12,januari 2021 - december 2021,Dec 2021,Administratief en financieel verantwoordelijke,16
2022-12-31,2022,12,januari 2022 - december 2022,Dec 2022,Administratief en financieel verantwoordelijke,22
2023-12-31,2023,12,januari 2023 - december 2023,Dec 2023,Administratief en financieel verantwoordelijke,20
2024-12-31,2024,12,januari 2024 - december 2024,Dec 2024,Administratief en financieel verantwoordelijke,12
2025-12-31,2025,12,januari 2025 - december 2025,Dec 2025,Administratief en financieel verantwoordelijke,17
2026-04-30,2026,4,mei 2025 - april 2026,Apr 2026,Administratief en financieel verantwoordelijke,28
2017-12-31,2017,12,januari 2017 - december 2017,Dec 2017,Adviseur bedrijfsorganisatie en management,2
2018-12-31,2018,12,januari 2018 - december 2018,Dec 2018,Adviseur bedrijfsorganisatie en management,1
2019-12-31,2019,12,januari 2019 - december 2019,Dec 2019,Adviseur bedrijfsorganisatie en management,3
2021-12-31,2021,12,januari 2021 - december 2021,Dec 2021,Adviseur bedrijfsorganisatie en management,2
2022-12-31,2022,12,januari 2022 - december 2022,Dec 2022,Adviseur bedrijfsorganisatie en management,6
2023-12-31,2023,12,januari 2023 - december 2023,Dec 2023,Adviseur bedrijfsorganisatie en management,3
2024-12-31,2024,12,januari 2024 - december 2024,Dec 2024,Adviseur bedrijfsorganisatie en management,3
2017-12-31,2017,12,januari 2017 - december 2017,Dec 2017,Adviseur beleggingen,2
2021-12-31,2021,12,januari 2021 - december 2021,Dec 2021,Adviseur kredieten,7
2022-12-31,2022,12,januari 2022 - december 2022,Dec 2022,Adviseur kredieten,0
2025-12-31,2025,12,januari 2025 - december 2025,Dec 2025,Adviseur kredieten,1
2026-04-30,2026,4,mei 2025 - april 2026,Apr 2026,Adviseur kredieten,3
2019-12-31,2019,12,januari 2019 - december 2019,Dec 2019,Adviseur verzekeringen,1
2017-12-31,2017,12,januari 2017 - december 2017,Dec 2017,Afdelingsverantwoordelijke productie,9
2018-12-31,2018,12,januari 2018 - december 2018,Dec 2018,Afdelingsverantwoordelijke productie,3
2019-12-31,2019,12,januari 2019 - december 2019,Dec 2019,Afdelingsverantwoordelijke productie,5
2020-12-31,2020,12,januari 2020 - december 2020,Dec 2020,Afdelingsverantwoordelijke productie,1
2021-12-31,2021,12,januari 2021 - december 2021,Dec 2021,Afdelingsverantwoordelijke productie,10
2022-12-31,2022,12,januari 2022 - december 2022,Dec 2022,Afdelingsverantwoordelijke productie,0
2023-12-31,2023,12,januari 2023 - december 2023,Dec 2023,Afdelingsverantwoordelijke productie,9
2024-12-31,2024,12,januari 2024 - december 2024,Dec 2024,Afdelingsverantwoordelijke productie,7
2025-12-31,2025,12,januari 2025 - december 2025,Dec 2025,Afdelingsverantwoordelijke productie,21
2026-04-30,2026,4,mei 2025 - april 2026,Apr 2026,Afdelingsverantwoordelijke productie,41
2018-12-31,2018,12,januari 2018 - december 2018,Dec 2018,Afwasser,1
2023-12-31,2023,12,januari 2023 - december 2023,Dec 2023,Afwasser,2
2024-12-31,2024,12,januari 2024 - december 2024,Dec 2024,Afwasser,1
2017-12-31,2017,12,januari 2017 - december 2017,Dec 2017,Algemeen directeur,18
2018-12-31,2018,12,januari 2018 - december 2018,Dec 2018,Algemeen directeur,14
2019-12-31,2019,12,januari 2019 - december 2019,Dec 2019,Algemeen directeur,19
2020-12-31,2020,12,januari 2020 - december 2020,Dec 2020,Algemeen directeur,15
2021-12-31,2021,12,januari 2021 - december 2021,Dec 2021,Algemeen directeur,8
2022-12-31,2022,12,januari 2022 - december 2022,Dec 2022,Algemeen directeur,15
2023-12-31,2023,12,januari 2023 - december 2023,Dec 2023,Algemeen directeur,21
2024-12-31,2024,12,januari 2024 - december 2024,Dec 2024,Algemeen directeur,25
2025-12-31,2025,12,januari 2025 - december 2025,Dec 2025,Algemeen directeur,16
2026-04-30,2026,4,mei 2025 - april 2026,Apr 2026,Algemeen directeur,19
2017-12-31,2017,12,januari 2017 - december 2017,Dec 2017,Ambachtelijk glasbewerker,2
2020-12-31,2020,12,januari 2020 - december 2020,Dec 2020,Ambachtelijk glasbewerker,1
2021-12-31,2021,12,januari 2021 - december 2021,Dec 2021,Ambachtelijk glasbewerker,1
2022-12-31,2022,12,januari 2022 - december 2022,Dec 2022,Ambachtelijk glasbewerker,1
2023-12-31,2023,12,januari 2023 - december 2023,Dec 2023,Ambachtelijk glasbewerker,1
2024-12-31,2024,12,januari 2024 - december 2024,Dec 2024,Ambachtelijk glasbewerker,1
2025-12-31,2025,12,januari 2025 - december 2025,Dec 2025,Ambachtelijk glasbewerker,1
2026-04-30,2026,4,mei 2025 - april 2026,Apr 2026,Ambachtelijk glasbewerker,0
2017-12-31,2017,12,januari 2017 - december 2017,Dec 2017,Ambachtelijk metaalbewerker,1
2018-12-31,2018,12,januari 2018 - december 2018,Dec 2018,Ambachtelijk metaalbewerker,6
2019-12-31,2019,12,januari 2019 - december 2019,Dec 2019,Ambachtelijk metaalbewerker,4
2020-12-31,2020,12,januari 2020 - december 2020,Dec 2020,Ambachtelijk metaalbewerker,5
2021-12-31,2021,12,januari 2021 - december 2021,Dec 2021,Ambachtelijk metaalbewerker,0
2022-12-31,2022,12,januari 2022 - december 2022,Dec 2022,Ambachtelijk metaalbewerker,1
2023-12-31,2023,12,januari 2023 - december 2023,Dec 2023,Ambachtelijk metaalbewerker,0
2025-12-31,2025,12,januari 2025 - december 2025,Dec 2025,Ambachtelijk metaalbewerker,1
2026-04-30,2026,4,mei 2025 - april 2026,Apr 2026,Ambachtelijk metaalbewerker,2
2019-12-31,2019,12,januari 2019 - december 2019,Dec 2019,Analist communicatie- en informatiesystemen defensie-veiligheid,1
2017-12-31,2017,12,januari 2017 - december 2017,Dec 2017,Animator,4
2021-12-31,2021,12,januari 2021 - december 2021,Dec 2021,Animator,1
2023-12-31,2023,12,januari 2023 - december 2023,Dec 2023,Animator,3
2024-12-31,2024,12,januari 2024 - december 2024,Dec 2024,Animator,2
2017-12-31,2017,12,januari 2017 - december 2017,Dec 2017,Arbeidsbemiddelaar-jobcoach,1
2018-12-31,2018,12,januari 2018 - december 2018,Dec 2018,Arbeidsbemiddelaar-jobcoach,0
2019-12-31,2019,12,januari 2019 - december 2019,Dec 2019,Arbeidsbemiddelaar-jobcoach,2
2021-12-31,2021,12,januari 2021 - december 2021,Dec 2021,Arbeidsbemiddelaar-jobcoach,0
2022-12-31,2022,12,januari 2022 - december 2022,Dec 2022,Arbeidsbemiddelaar-jobcoach,37
2023-12-31,2023,12,januari 2023 - december 2023,Dec 2023,Arbeidsbemiddelaar-jobcoach,2
2024-12-31,2024,12,januari 2024 - december 2024,Dec 2024,Arbeidsbemiddelaar-jobcoach,0
2025-12-31,2025,12,januari 2025 - december 2025,Dec 2025,Arbeidsbemiddelaar-jobcoach,1
2021-12-31,2021,12,januari 2021 - december 2021,Dec 2021,Archiefmedewerker,1
2022-12-31,2022,12,januari 2022 - december 2022,Dec 2022,Archiefmedewerker,1
2017-12-31,2017,12,januari 2017 - december 2017,Dec 2017,Architect,7
2018-12-31,2018,12,januari 2018 - december 2018,Dec 2018,Architect,3
2019-12-31,2019,12,januari 2019 - december 2019,Dec 2019,Architect,4
2020-12-31,2020,12,januari 2020 - december 2020,Dec 2020,Architect,10
2021-12-31,2021,12,januari 2021 - december 2021,Dec 2021,Architect,16
2022-12-31,2022,12,januari 2022 - december 2022,Dec 2022,Architect,23
2023-12-31,2023,12,januari 2023 - december 2023,Dec 2023,Architect,26
2024-12-31,2024,12,januari 2024 - december 2024,Dec 2024,Architect,24
2025-12-31,2025,12,januari 2025 - december 2025,Dec 2025,Architect,17
2026-04-30,2026,4,mei 2025 - april 2026,Apr 2026,Architect,19
2017-12-31,2017,12,januari 2017 - december 2017,Dec 2017,Asbestverwijderaar,67
2018-12-31,2018,12,januari 2018 - december 2018,Dec 2018,Asbestverwijderaar,25
2019-12-31,2019,12,januari 2019 - december 2019,Dec 2019,Asbestverwijderaar,44
2020-12-31,2020,12,januari 2020 - december 2020,Dec 2020,Asbestverwijderaar,29
2021-12-31,2021,12,januari 2021 - december 2021,Dec 2021,Asbestverwijderaar,42
2022-12-31,2022,12,januari 2022 - december 2022,Dec 2022,Asbestverwijderaar,43
2023-12-31,2023,12,januari 2023 - december 2023,Dec 2023,Asbestverwijderaar,40
2024-12-31,2024,12,januari 2024 - december 2024,Dec 2024,Asbestverwijderaar,79
2025-12-31,2025,12,januari 2025 - december 2025,Dec 2025,Asbestverwijderaar,68
2026-04-30,2026,4,mei 2025 - april 2026,Apr 2026,Asbestverwijderaar,33
2017-12-31,2017,12,januari 2017 - december 2017,Dec 2017,Assistent accountancy,55
2018-12-31,2018,12,januari 2018 - december 2018,Dec 2018,Assistent accountancy,85
2019-12-31,2019,12,januari 2019 - december 2019,Dec 2019,Assistent accountancy,64
2020-12-31,2020,12,januari 2020 - december 2020,Dec 2020,Assistent accountancy,63
2021-12-31,2021,12,januari 2021 - december 2021,Dec 2021,Assistent accountancy,82
2022-12-31,2022,12,januari 2022 - december 2022,Dec 2022,Assistent accountancy,173
2023-12-31,2023,12,januari 2023 - december 2023,Dec 2023,Assistent accountancy,106
2024-12-31,2024,12,januari 2024 - december 2024,Dec 2024,Assistent accountancy,102
2025-12-31,2025,12,januari 2025 - december 2025,Dec 2025,Assistent accountancy,119
2026-04-30,2026,4,mei 2025 - april 2026,Apr 2026,Assistent accountancy,94
2017-12-31,2017,12,januari 2017 - december 2017,Dec 2017,Assistent winkelmanager,7
2018-12-31,2018,12,januari 2018 - december 2018,Dec 2018,Assistent winkelmanager,9
2021-12-31,2021,12,januari 2021 - december 2021,Dec 2021,Assistent winkelmanager,1
2023-12-31,2023,12,januari 2023 - december 2023,Dec 2023,Assistent winkelmanager,2
2025-12-31,2025,12,januari 2025 - december 2025,Dec 2025,Assistent winkelmanager,2
2026-04-30,2026,4,mei 2025 - april 2026,Apr 2026,Assistent winkelmanager,2
2021-12-31,2021,12,januari 2021 - december 2021,Dec 2021,Attractiebediener,2
2022-12-31,2022,12,januari 2022 - december 2022,Dec 2022,Autobuschauffeur,1
2023-12-31,2023,12,januari 2023 - december 2023,Dec 2023,Autobuschauffeur,4
2017-12-31,2017,12,januari 2017 - december 2017,Dec 2017,BIM-expert (Building Information Modeling),18
2018-12-31,2018,12,januari 2018 - december 2018,Dec 2018,BIM-expert (Building Information Modeling),14
2019-12-31,2019,12,januari 2019 - december 2019,Dec 2019,BIM-expert (Building Information Modeling),11
2020-12-31,2020,12,januari 2020 - december 2020,Dec 2020,BIM-expert (Building Information Modeling),8
2021-12-31,2021,12,januari 2021 - december 2021,Dec 2021,BIM-expert (Building Information Modeling),4
2022-12-31,2022,12,januari 2022 - december 2022,Dec 2022,BIM-expert (Building Information Modeling),13
2023-12-31,2023,12,januari 2023 - december 2023,Dec 2023,BIM-expert (Building Information Modeling),11
2024-12-31,2024,12,januari 2024 - december 2024,Dec 2024,BIM-expert (Building Information Modeling),12
2025-12-31,2025,12,januari 2025 - december 2025,Dec 2025,BIM-expert (Building Information Modeling),5
2026-04-30,2026,4,mei 2025 - april 2026,Apr 2026,BIM-expert (Building Information Modeling),6
2017-12-31,2017,12,januari 2017 - december 2017,Dec 2017,Back-office medewerker in de financiële sector,1
2025-12-31,2025,12,januari 2025 - december 2025,Dec 2025,Back-office medewerker in de financiële sector,1
2026-04-30,2026,4,mei 2025 - april 2026,Apr 2026,Back-office medewerker in de financiële sector,2
2017-12-31,2017,12,januari 2017 - december 2017,Dec 2017,Bankwerker,7
2018-12-31,2018,12,januari 2018 - december 2018,Dec 2018,Bankwerker,5
2019-12-31,2019,12,januari 2019 - december 2019,Dec 2019,Bankwerker,1
2020-12-31,2020,12,januari 2020 - december 2020,Dec 2020,Bankwerker,1
2022-12-31,2022,12,januari 2022 - december 2022,Dec 2022,Bankwerker,1
2023-12-31,2023,12,januari 2023 - december 2023,Dec 2023,Bankwerker,2
2024-12-31,2024,12,januari 2024 - december 2024,Dec 2024,Bankwerker,3
2022-12-31,2022,12,januari 2022 - december 2022,Dec 2022,Barman,4
2024-12-31,2024,12,januari 2024 - december 2024,Dec 2024,Barman,2
2024-12-31,2024,12,januari 2024 - december 2024,Dec 2024,Bediener baggermachines,1
2017-12-31,2017,12,januari 2017 - december 2017,Dec 2017,Bediener grondverzetmachines,207
2018-12-31,2018,12,januari 2018 - december 2018,Dec 2018,Bediener grondverzetmachines,251
2019-12-31,2019,12,januari 2019 - december 2019,Dec 2019,Bediener grondverzetmachines,230
2020-12-31,2020,12,januari 2020 - december 2020,Dec 2020,Bediener grondverzetmachines,169
2021-12-31,2021,12,januari 2021 - december 2021,Dec 2021,Bediener grondverzetmachines,249
2022-12-31,2022,12,januari 2022 - december 2022,Dec 2022,Bediener grondverzetmachines,354
2023-12-31,2023,12,januari 2023 - december 2023,Dec 2023,Bediener grondverzetmachines,308
2024-12-31,2024,12,januari 2024 - december 2024,Dec 2024,Bediener grondverzetmachines,321
2025-12-31,2025,12,januari 2025 - december 2025,Dec 2025,Bediener grondverzetmachines,257
2026-04-30,2026,4,mei 2025 - april 2026,Apr 2026,Bediener grondverzetmachines,210
2017-12-31,2017,12,januari 2017 - december 2017,Dec 2017,Bediener machines horizontale boringen,9
2018-12-31,2018,12,januari 2018 - december 2018,Dec 2018,Bediener machines horizontale boringen,7
2019-12-31,2019,12,januari 2019 - december 2019,Dec 2019,Bediener machines horizontale boringen,13
2020-12-31,2020,12,januari 2020 - december 2020,Dec 2020,Bediener machines horizontale boringen,12
2021-12-31,2021,12,januari 2021 - december 2021,Dec 2021,Bediener machines horizontale boringen,27
2022-12-31,2022,12,januari 2022 - december 2022,Dec 2022,Bediener machines horizontale boringen,11
2023-12-31,2023,12,januari 2023 - december 2023,Dec 2023,Bediener machines horizontale boringen,18
2024-12-31,2024,12,januari 2024 - december 2024,Dec 2024,Bediener machines horizontale boringen,43
2025-12-31,2025,12,januari 2025 - december 2025,Dec 2025,Bediener machines horizontale boringen,29
2026-04-30,2026,4,mei 2025 - april 2026,Apr 2026,Bediener machines horizontale boringen,26
2017-12-31,2017,12,januari 2017 - december 2017,Dec 2017,Bediener machines verticale boringen,5
2018-12-31,2018,12,januari 2018 - december 2018,Dec 2018,Bediener machines verticale boringen,20
2019-12-31,2019,12,januari 2019 - december 2019,Dec 2019,Bediener machines verticale boringen,11
2020-12-31,2020,12,januari 2020 - december 2020,Dec 2020,Bediener machines verticale boringen,10
2021-12-31,2021,12,januari 2021 - december 2021,Dec 2021,Bediener machines verticale boringen,10
2022-12-31,2022,12,januari 2022 - december 2022,Dec 2022,Bediener machines verticale boringen,7
2023-12-31,2023,12,januari 2023 - december 2023,Dec 2023,Bediener machines verticale boringen,5
2024-12-31,2024,12,januari 2024 - december 2024,Dec 2024,Bediener machines verticale boringen,14
2025-12-31,2025,12,januari 2025 - december 2025,Dec 2025,Bediener machines verticale boringen,7
2026-04-30,2026,4,mei 2025 - april 2026,Apr 2026,Bediener machines verticale boringen,8
2021-12-31,2021,12,januari 2021 - december 2021,Dec 2021,Bediener of medewerker diepfunderingsmachines,2
2023-12-31,2023,12,januari 2023 - december 2023,Dec 2023,Bediener of medewerker diepfunderingsmachines,1
2024-12-31,2024,12,januari 2024 - december 2024,Dec 2024,Bediener of medewerker diepfunderingsmachines,1
2025-12-31,2025,12,januari 2025 - december 2025,Dec 2025,Bediener of medewerker diepfunderingsmachines,1
2026-04-30,2026,4,mei 2025 - april 2026,Apr 2026,Bediener of medewerker diepfunderingsmachines,1
2017-12-31,2017,12,januari 2017 - december 2017,Dec 2017,Bediener van betonnerings- en asfalteringsmachines,8
2018-12-31,2018,12,januari 2018 - december 2018,Dec 2018,Bediener van betonnerings- en asfalteringsmachines,3
2019-12-31,2019,12,januari 2019 - december 2019,Dec 2019,Bediener van betonnerings- en asfalteringsmachines,0
2020-12-31,2020,12,januari 2020 - december 2020,Dec 2020,Bediener van betonnerings- en asfalteringsmachines,6
2021-12-31,2021,12,januari 2021 - december 2021,Dec 2021,Bediener van betonnerings- en asfalteringsmachines,13
2022-12-31,2022,12,januari 2022 - december 2022,Dec 2022,Bediener van betonnerings- en asfalteringsmachines,2
2023-12-31,2023,12,januari 2023 - december 2023,Dec 2023,Bediener van betonnerings- en asfalteringsmachines,2
2024-12-31,2024,12,januari 2024 - december 2024,Dec 2024,Bediener van betonnerings- en asfalteringsmachines,2
2025-12-31,2025,12,januari 2025 - december 2025,Dec 2025,Bediener van betonnerings- en asfalteringsmachines,5
2026-04-30,2026,4,mei 2025 - april 2026,Apr 2026,Bediener van betonnerings- en asfalteringsmachines,14
2025-12-31,2025,12,januari 2025 - december 2025,Dec 2025,Beeldopnametechnicus,1
2025-12-31,2025,12,januari 2025 - december 2025,Dec 2025,Behandelaar luchtvracht en bagage,2
2026-04-30,2026,4,mei 2025 - april 2026,Apr 2026,Behandelaar luchtvracht en bagage,2
2017-12-31,2017,12,januari 2017 - december 2017,Dec 2017,Beheerder verzekeringen,1
2018-12-31,2018,12,januari 2018 - december 2018,Dec 2018,Beheerder verzekeringen,1
2019-12-31,2019,12,januari 2019 - december 2019,Dec 2019,Beheerder verzekeringen,2
2021-12-31,2021,12,januari 2021 - december 2021,Dec 2021,Beheerder verzekeringen,2
2022-12-31,2022,12,januari 2022 - december 2022,Dec 2022,Beheerder verzekeringen,2
2025-12-31,2025,12,januari 2025 - december 2025,Dec 2025,Beheerder verzekeringen,3
2026-04-30,2026,4,mei 2025 - april 2026,Apr 2026,Beheerder verzekeringen,1
2017-12-31,2017,12,januari 2017 - december 2017,Dec 2017,Bekister-betonneerder,231
2018-12-31,2018,12,januari 2018 - december 2018,Dec 2018,Bekister-betonneerder,305
2019-12-31,2019,12,januari 2019 - december 2019,Dec 2019,Bekister-betonneerder,219
2020-12-31,2020,12,januari 2020 - december 2020,Dec 2020,Bekister-betonneerder,218
2021-12-31,2021,12,januari 2021 - december 2021,Dec 2021,Bekister-betonneerder,251
2022-12-31,2022,12,januari 2022 - december 2022,Dec 2022,Bekister-betonneerder,324
2023-12-31,2023,12,januari 2023 - december 2023,Dec 2023,Bekister-betonneerder,223
2024-12-31,2024,12,januari 2024 - december 2024,Dec 2024,Bekister-betonneerder,134
2025-12-31,2025,12,januari 2025 - december 2025,Dec 2025,Bekister-betonneerder,202
2026-04-30,2026,4,mei 2025 - april 2026,Apr 2026,Bekister-betonneerder,164
2017-12-31,2017,12,januari 2017 - december 2017,Dec 2017,Belastingadviseur,1
2019-12-31,2019,12,januari 2019 - december 2019,Dec 2019,Belastingadviseur,1
2021-12-31,2021,12,januari 2021 - december 2021,Dec 2021,Belastingadviseur,2
2022-12-31,2022,12,januari 2022 - december 2022,Dec 2022,Belastingadviseur,4
2023-12-31,2023,12,januari 2023 - december 2023,Dec 2023,Belastingadviseur,2
2018-12-31,2018,12,januari 2018 - december 2018,Dec 2018,Beleidsdeskundige,2
2019-12-31,2019,12,januari 2019 - december 2019,Dec 2019,Beleidsdeskundige,1
2020-12-31,2020,12,januari 2020 - december 2020,Dec 2020,Beleidsdeskundige,3
2021-12-31,2021,12,januari 2021 - december 2021,Dec 2021,Beleidsdeskundige,15
2022-12-31,2022,12,januari 2022 - december 2022,Dec 2022,Beleidsdeskundige,50
2023-12-31,2023,12,januari 2023 - december 2023,Dec 2023,Beleidsdeskundige,49
2024-12-31,2024,12,januari 2024 - december 2024,Dec 2024,Beleidsdeskundige,32
2025-12-31,2025,12,januari 2025 - december 2025,Dec 2025,Beleidsdeskundige,29
2026-04-30,2026,4,mei 2025 - april 2026,Apr 2026,Beleidsdeskundige,28
2024-12-31,2024,12,januari 2024 - december 2024,Dec 2024,Bemanning zeevaart,1
2025-12-31,2025,12,januari 2025 - december 2025,Dec 2025,Bemanning zeevaart,0
2026-04-30,2026,4,mei 2025 - april 2026,Apr 2026,Bemanning zeevaart,1
2017-12-31,2017,12,januari 2017 - december 2017,Dec 2017,Bestuurder van bosexploitatiemachines,2
2019-12-31,2019,12,januari 2019 - december 2019,Dec 2019,Bestuurder van bosexploitatiemachines,3
2020-12-31,2020,12,januari 2020 - december 2020,Dec 2020,Bestuurder van bosexploitatiemachines,1
2021-12-31,2021,12,januari 2021 - december 2021,Dec 2021,Bestuurder van bosexploitatiemachines,4
2022-12-31,2022,12,januari 2022 - december 2022,Dec 2022,Bestuurder van bosexploitatiemachines,1
2023-12-31,2023,12,januari 2023 - december 2023,Dec 2023,Bestuurder van bosexploitatiemachines,1
2024-12-31,2024,12,januari 2024 - december 2024,Dec 2024,Bestuurder van bosexploitatiemachines,6
2025-12-31,2025,12,januari 2025 - december 2025,Dec 2025,Bestuurder van bosexploitatiemachines,1
2026-04-30,2026,4,mei 2025 - april 2026,Apr 2026,Bestuurder van bosexploitatiemachines,0
2019-12-31,2019,12,januari 2019 - december 2019,Dec 2019,Bestuurder van sleepvoertuigen,2
2026-04-30,2026,4,mei 2025 - april 2026,Apr 2026,Bestuurder van sleepvoertuigen,1
2017-12-31,2017,12,januari 2017 - december 2017,Dec 2017,Beveiligingstechnicus,181
2018-12-31,2018,12,januari 2018 - december 2018,Dec 2018,Beveiligingstechnicus,107
2019-12-31,2019,12,januari 2019 - december 2019,Dec 2019,Beveiligingstechnicus,84
2020-12-31,2020,12,januari 2020 - december 2020,Dec 2020,Beveiligingstechnicus,63
2021-12-31,2021,12,januari 2021 - december 2021,Dec 2021,Beveiligingstechnicus,59
2022-12-31,2022,12,januari 2022 - december 2022,Dec 2022,Beveiligingstechnicus,84
2023-12-31,2023,12,januari 2023 - december 2023,Dec 2023,Beveiligingstechnicus,53
2024-12-31,2024,12,januari 2024 - december 2024,Dec 2024,Beveiligingstechnicus,54
2025-12-31,2025,12,januari 2025 - december 2025,Dec 2025,Beveiligingstechnicus,48
2026-04-30,2026,4,mei 2025 - april 2026,Apr 2026,Beveiligingstechnicus,51
2017-12-31,2017,12,januari 2017 - december 2017,Dec 2017,Bewakingsagent,1
2026-04-30,2026,4,mei 2025 - april 2026,Apr 2026,Bewakingsagent,9
2023-12-31,2023,12,januari 2023 - december 2023,Dec 2023,Bibliothecaris-archivaris,1
2024-12-31,2024,12,januari 2024 - december 2024,Dec 2024,Bibliothecaris-archivaris,1
2023-12-31,2023,12,januari 2023 - december 2023,Dec 2023,Bibliotheekdeskundige,1
2024-12-31,2024,12,januari 2024 - december 2024,Dec 2024,Bibliotheekdeskundige,1
2022-12-31,2022,12,januari 2022 - december 2022,Dec 2022,Bibliotheekmedewerker,1
2023-12-31,2023,12,januari 2023 - december 2023,Dec 2023,Bibliotheekmedewerker,1
2024-12-31,2024,12,januari 2024 - december 2024,Dec 2024,Bibliotheekmedewerker,2
2017-12-31,2017,12,januari 2017 - december 2017,Dec 2017,Bodemonderzoeker,5
2018-12-31,2018,12,januari 2018 - december 2018,Dec 2018,Bodemonderzoeker,3
2019-12-31,2019,12,januari 2019 - december 2019,Dec 2019,Bodemonderzoeker,13
2020-12-31,2020,12,januari 2020 - december 2020,Dec 2020,Bodemonderzoeker,7
2021-12-31,2021,12,januari 2021 - december 2021,Dec 2021,Bodemonderzoeker,3
2022-12-31,2022,12,januari 2022 - december 2022,Dec 2022,Bodemonderzoeker,2
2023-12-31,2023,12,januari 2023 - december 2023,Dec 2023,Bodemonderzoeker,1
2024-12-31,2024,12,januari 2024 - december 2024,Dec 2024,Bodemonderzoeker,12
2025-12-31,2025,12,januari 2025 - december 2025,Dec 2025,Bodemonderzoeker,7
2026-04-30,2026,4,mei 2025 - april 2026,Apr 2026,Bodemonderzoeker,9
2020-12-31,2020,12,januari 2020 - december 2020,Dec 2020,Boomverzorger,1
2021-12-31,2021,12,januari 2021 - december 2021,Dec 2021,Boomverzorger,1
2023-12-31,2023,12,januari 2023 - december 2023,Dec 2023,Boomverzorger,1
2026-04-30,2026,4,mei 2025 - april 2026,Apr 2026,Boomverzorger,2
2017-12-31,2017,12,januari 2017 - december 2017,Dec 2017,Bordenbouwer - Elektromonteur machinebouw,71
2018-12-31,2018,12,januari 2018 - december 2018,Dec 2018,Bordenbouwer - Elektromonteur machinebouw,132
2019-12-31,2019,12,januari 2019 - december 2019,Dec 2019,Bordenbouwer - Elektromonteur machinebouw,94
2020-12-31,2020,12,januari 2020 - december 2020,Dec 2020,Bordenbouwer - Elektromonteur machinebouw,43
2021-12-31,2021,12,januari 2021 - december 2021,Dec 2021,Bordenbouwer - Elektromonteur machinebouw,31
2022-12-31,2022,12,januari 2022 - december 2022,Dec 2022,Bordenbouwer - Elektromonteur machinebouw,32
2023-12-31,2023,12,januari 2023 - december 2023,Dec 2023,Bordenbouwer - Elektromonteur machinebouw,79
2024-12-31,2024,12,januari 2024 - december 2024,Dec 2024,Bordenbouwer - Elektromonteur machinebouw,47
2025-12-31,2025,12,januari 2025 - december 2025,Dec 2025,Bordenbouwer - Elektromonteur machinebouw,32
2026-04-30,2026,4,mei 2025 - april 2026,Apr 2026,Bordenbouwer - Elektromonteur machinebouw,41
2017-12-31,2017,12,januari 2017 - december 2017,Dec 2017,Bouwkundig tekenaar,182
2018-12-31,2018,12,januari 2018 - december 2018,Dec 2018,Bouwkundig tekenaar,172
2019-12-31,2019,12,januari 2019 - december 2019,Dec 2019,Bouwkundig tekenaar,198
2020-12-31,2020,12,januari 2020 - december 2020,Dec 2020,Bouwkundig tekenaar,163
2021-12-31,2021,12,januari 2021 - december 2021,Dec 2021,Bouwkundig tekenaar,250
2022-12-31,2022,12,januari 2022 - december 2022,Dec 2022,Bouwkundig tekenaar,221
2023-12-31,2023,12,januari 2023 - december 2023,Dec 2023,Bouwkundig tekenaar,141
2024-12-31,2024,12,januari 2024 - december 2024,Dec 2024,Bouwkundig tekenaar,112
2025-12-31,2025,12,januari 2025 - december 2025,Dec 2025,Bouwkundig tekenaar,155
2026-04-30,2026,4,mei 2025 - april 2026,Apr 2026,Bouwkundig tekenaar,146
2017-12-31,2017,12,januari 2017 - december 2017,Dec 2017,Brandertechnicus,20
2018-12-31,2018,12,januari 2018 - december 2018,Dec 2018,Brandertechnicus,15
2019-12-31,2019,12,januari 2019 - december 2019,Dec 2019,Brandertechnicus,19
2020-12-31,2020,12,januari 2020 - december 2020,Dec 2020,Brandertechnicus,15
2021-12-31,2021,12,januari 2021 - december 2021,Dec 2021,Brandertechnicus,15
2022-12-31,2022,12,januari 2022 - december 2022,Dec 2022,Brandertechnicus,30
2023-12-31,2023,12,januari 2023 - december 2023,Dec 2023,Brandertechnicus,20
2024-12-31,2024,12,januari 2024 - december 2024,Dec 2024,Brandertechnicus,22
2025-12-31,2025,12,januari 2025 - december 2025,Dec 2025,Brandertechnicus,23
2026-04-30,2026,4,mei 2025 - april 2026,Apr 2026,Brandertechnicus,29
2023-12-31,2023,12,januari 2023 - december 2023,Dec 2023,Brandwacht-veiligheidswacht,1
2021-12-31,2021,12,januari 2021 - december 2021,Dec 2021,Brood- en banketbakker,0
2022-12-31,2022,12,januari 2022 - december 2022,Dec 2022,Brood- en banketbakker,0
2018-12-31,2018,12,januari 2018 - december 2018,Dec 2018,Business analist,1
2019-12-31,2019,12,januari 2019 - december 2019,Dec 2019,Business analist,16
2020-12-31,2020,12,januari 2020 - december 2020,Dec 2020,Business analist,7
2021-12-31,2021,12,januari 2021 - december 2021,Dec 2021,Business analist,6
2022-12-31,2022,12,januari 2022 - december 2022,Dec 2022,Business analist,6
2023-12-31,2023,12,januari 2023 - december 2023,Dec 2023,Business analist,4
2024-12-31,2024,12,januari 2024 - december 2024,Dec 2024,Business analist,2
2025-12-31,2025,12,januari 2025 - december 2025,Dec 2025,Business analist,10
2026-04-30,2026,4,mei 2025 - april 2026,Apr 2026,Business analist,11
2021-12-31,2021,12,januari 2021 - december 2021,Dec 2021,Business developer,2
2025-12-31,2025,12,januari 2025 - december 2025,Dec 2025,Business developer,3
2026-04-30,2026,4,mei 2025 - april 2026,Apr 2026,Business developer,7
2017-12-31,2017,12,januari 2017 - december 2017,Dec 2017,Business en financial controller,17
2018-12-31,2018,12,januari 2018 - december 2018,Dec 2018,Business en financial controller,13
2019-12-31,2019,12,januari 2019 - december 2019,Dec 2019,Business en financial controller,17
2020-12-31,2020,12,januari 2020 - december 2020,Dec 2020,Business en financial controller,19
2021-12-31,2021,12,januari 2021 - december 2021,Dec 2021,Business en financial controller,24
2022-12-31,2022,12,januari 2022 - december 2022,Dec 2022,Business en financial controller,36
2023-12-31,2023,12,januari 2023 - december 2023,Dec 2023,Business en financial controller,35
2024-12-31,2024,12,januari 2024 - december 2024,Dec 2024,Business en financial controller,41
2025-12-31,2025,12,januari 2025 - december 2025,Dec 2025,Business en financial controller,38
2026-04-30,2026,4,mei 2025 - april 2026,Apr 2026,Business en financial controller,47
2017-12-31,2017,12,januari 2017 - december 2017,Dec 2017,Calculator bouw,350
2018-12-31,2018,12,januari 2018 - december 2018,Dec 2018,Calculator bouw,353
2019-12-31,2019,12,januari 2019 - december 2019,Dec 2019,Calculator bouw,290
2020-12-31,2020,12,januari 2020 - december 2020,Dec 2020,Calculator bouw,264
2021-12-31,2021,12,januari 2021 - december 2021,Dec 2021,Calculator bouw,359
2022-12-31,2022,12,januari 2022 - december 2022,Dec 2022,Calculator bouw,411
2023-12-31,2023,12,januari 2023 - december 2023,Dec 2023,Calculator bouw,364
2024-12-31,2024,12,januari 2024 - december 2024,Dec 2024,Calculator bouw,394
2025-12-31,2025,12,januari 2025 - december 2025,Dec 2025,Calculator bouw,428
2026-04-30,2026,4,mei 2025 - april 2026,Apr 2026,Calculator bouw,421
2017-12-31,2017,12,januari 2017 - december 2017,Dec 2017,Carwashmedewerker,3
2019-12-31,2019,12,januari 2019 - december 2019,Dec 2019,Carwashmedewerker,1
2025-12-31,2025,12,januari 2025 - december 2025,Dec 2025,Carwashmedewerker,1
2020-12-31,2020,12,januari 2020 - december 2020,Dec 2020,Charcutier,20
2021-12-31,2021,12,januari 2021 - december 2021,Dec 2021,Charcutier,20
2022-12-31,2022,12,januari 2022 - december 2022,Dec 2022,Charcutier,6
2023-12-31,2023,12,januari 2023 - december 2023,Dec 2023,Charcutier,14
2024-12-31,2024,12,januari 2024 - december 2024,Dec 2024,Charcutier,0
2025-12-31,2025,12,januari 2025 - december 2025,Dec 2025,Charcutier,9
2026-04-30,2026,4,mei 2025 - april 2026,Apr 2026,Charcutier,3
2017-12-31,2017,12,januari 2017 - december 2017,Dec 2017,Commercieel medewerker binnendienst,42
2018-12-31,2018,12,januari 2018 - december 2018,Dec 2018,Commercieel medewerker binnendienst,89
2019-12-31,2019,12,januari 2019 - december 2019,Dec 2019,Commercieel medewerker binnendienst,39
2020-12-31,2020,12,januari 2020 - december 2020,Dec 2020,Commercieel medewerker binnendienst,45
2021-12-31,2021,12,januari 2021 - december 2021,Dec 2021,Commercieel medewerker binnendienst,56
2022-12-31,2022,12,januari 2022 - december 2022,Dec 2022,Commercieel medewerker binnendienst,91
2023-12-31,2023,12,januari 2023 - december 2023,Dec 2023,Commercieel medewerker binnendienst,43
2024-12-31,2024,12,januari 2024 - december 2024,Dec 2024,Commercieel medewerker binnendienst,61
2025-12-31,2025,12,januari 2025 - december 2025,Dec 2025,Commercieel medewerker binnendienst,90
2026-04-30,2026,4,mei 2025 - april 2026,Apr 2026,Commercieel medewerker binnendienst,96
2017-12-31,2017,12,januari 2017 - december 2017,Dec 2017,Compliance officer,1
2025-12-31,2025,12,januari 2025 - december 2025,Dec 2025,Compliance officer,1
2026-04-30,2026,4,mei 2025 - april 2026,Apr 2026,Compliance officer,1
2017-12-31,2017,12,januari 2017 - december 2017,Dec 2017,Conciërge,2
2018-12-31,2018,12,januari 2018 - december 2018,Dec 2018,Conciërge,1
2019-12-31,2019,12,januari 2019 - december 2019,Dec 2019,Conciërge,2
2023-12-31,2023,12,januari 2023 - december 2023,Dec 2023,Conciërge,11
2024-12-31,2024,12,januari 2024 - december 2024,Dec 2024,Conciërge,6
2025-12-31,2025,12,januari 2025 - december 2025,Dec 2025,Conciërge,2
2026-04-30,2026,4,mei 2025 - april 2026,Apr 2026,Conciërge,1
2017-12-31,2017,12,januari 2017 - december 2017,Dec 2017,Contactcenter medewerker,184
2018-12-31,2018,12,januari 2018 - december 2018,Dec 2018,Contactcenter medewerker,1287
2019-12-31,2019,12,januari 2019 - december 2019,Dec 2019,Contactcenter medewerker,54
2020-12-31,2020,12,januari 2020 - december 2020,Dec 2020,Contactcenter medewerker,40
2021-12-31,2021,12,januari 2021 - december 2021,Dec 2021,Contactcenter medewerker,113
2022-12-31,2022,12,januari 2022 - december 2022,Dec 2022,Contactcenter medewerker,96
2023-12-31,2023,12,januari 2023 - december 2023,Dec 2023,Contactcenter medewerker,140
2024-12-31,2024,12,januari 2024 - december 2024,Dec 2024,Contactcenter medewerker,188
2025-12-31,2025,12,januari 2025 - december 2025,Dec 2025,Contactcenter medewerker,160
2026-04-30,2026,4,mei 2025 - april 2026,Apr 2026,Contactcenter medewerker,134
2021-12-31,2021,12,januari 2021 - december 2021,Dec 2021,Content marketeer,12
2022-12-31,2022,12,januari 2022 - december 2022,Dec 2022,Content marketeer,1
2023-12-31,2023,12,januari 2023 - december 2023,Dec 2023,Content marketeer,3
2024-12-31,2024,12,januari 2024 - december 2024,Dec 2024,Content marketeer,2
2025-12-31,2025,12,januari 2025 - december 2025,Dec 2025,Content marketeer,12
2026-04-30,2026,4,mei 2025 - april 2026,Apr 2026,Content marketeer,13
2017-12-31,2017,12,januari 2017 - december 2017,Dec 2017,Controleur sociale inspectie,1
2017-12-31,2017,12,januari 2017 - december 2017,Dec 2017,Credit collector,3
2018-12-31,2018,12,januari 2018 - december 2018,Dec 2018,Credit collector,3
2019-12-31,2019,12,januari 2019 - december 2019,Dec 2019,Credit collector,2
2020-12-31,2020,12,januari 2020 - december 2020,Dec 2020,Credit collector,1
2021-12-31,2021,12,januari 2021 - december 2021,Dec 2021,Credit collector,7
2022-12-31,2022,12,januari 2022 - december 2022,Dec 2022,Credit collector,4
2023-12-31,2023,12,januari 2023 - december 2023,Dec 2023,Credit collector,4
2024-12-31,2024,12,januari 2024 - december 2024,Dec 2024,Credit collector,2
2025-12-31,2025,12,januari 2025 - december 2025,Dec 2025,Credit collector,0
2022-12-31,2022,12,januari 2022 - december 2022,Dec 2022,Cultuurmanager,1
2023-12-31,2023,12,januari 2023 - december 2023,Dec 2023,Cultuurmanager,5
2024-12-31,2024,12,januari 2024 - december 2024,Dec 2024,Customer experience manager,1
2017-12-31,2017,12,januari 2017 - december 2017,Dec 2017,Daktimmerman,70
2018-12-31,2018,12,januari 2018 - december 2018,Dec 2018,Daktimmerman,73
2019-12-31,2019,12,januari 2019 - december 2019,Dec 2019,Daktimmerman,79
2020-12-31,2020,12,januari 2020 - december 2020,Dec 2020,Daktimmerman,91
2021-12-31,2021,12,januari 2021 - december 2021,Dec 2021,Daktimmerman,72
2022-12-31,2022,12,januari 2022 - december 2022,Dec 2022,Daktimmerman,55
2023-12-31,2023,12,januari 2023 - december 2023,Dec 2023,Daktimmerman,56
2024-12-31,2024,12,januari 2024 - december 2024,Dec 2024,Daktimmerman,36
2025-12-31,2025,12,januari 2025 - december 2025,Dec 2025,Daktimmerman,51
2026-04-30,2026,4,mei 2025 - april 2026,Apr 2026,Daktimmerman,39
2017-12-31,2017,12,januari 2017 - december 2017,Dec 2017,Dakwerker,763
2018-12-31,2018,12,januari 2018 - december 2018,Dec 2018,Dakwerker,842
2019-12-31,2019,12,januari 2019 - december 2019,Dec 2019,Dakwerker,955
2020-12-31,2020,12,januari 2020 - december 2020,Dec 2020,Dakwerker,896
2021-12-31,2021,12,januari 2021 - december 2021,Dec 2021,Dakwerker,848
2022-12-31,2022,12,januari 2022 - december 2022,Dec 2022,Dakwerker,754
2023-12-31,2023,12,januari 2023 - december 2023,Dec 2023,Dakwerker,696
2024-12-31,2024,12,januari 2024 - december 2024,Dec 2024,Dakwerker,673
2025-12-31,2025,12,januari 2025 - december 2025,Dec 2025,Dakwerker,602
2026-04-30,2026,4,mei 2025 - april 2026,Apr 2026,Dakwerker,644
2021-12-31,2021,12,januari 2021 - december 2021,Dec 2021,Danser,2
2021-12-31,2021,12,januari 2021 - december 2021,Dec 2021,Data engineer,2
2022-12-31,2022,12,januari 2022 - december 2022,Dec 2022,Data engineer,1
2023-12-31,2023,12,januari 2023 - december 2023,Dec 2023,Data engineer,0
2024-12-31,2024,12,januari 2024 - december 2024,Dec 2024,Data engineer,1
2025-12-31,2025,12,januari 2025 - december 2025,Dec 2025,Data engineer,9
2026-04-30,2026,4,mei 2025 - april 2026,Apr 2026,Data engineer,12
2024-12-31,2024,12,januari 2024 - december 2024,Dec 2024,Data manager,1
2025-12-31,2025,12,januari 2025 - december 2025,Dec 2025,Data manager,2
2026-04-30,2026,4,mei 2025 - april 2026,Apr 2026,Data manager,3
2022-12-31,2022,12,januari 2022 - december 2022,Dec 2022,Data scientist,1
2023-12-31,2023,12,januari 2023 - december 2023,Dec 2023,Data scientist,1
2024-12-31,2024,12,januari 2024 - december 2024,Dec 2024,Data scientist,1
2025-12-31,2025,12,januari 2025 - december 2025,Dec 2025,Data scientist,2
2017-12-31,2017,12,januari 2017 - december 2017,Dec 2017,Datacommunicatie- en netwerktechnicus,1783
2018-12-31,2018,12,januari 2018 - december 2018,Dec 2018,Datacommunicatie- en netwerktechnicus,3915
2019-12-31,2019,12,januari 2019 - december 2019,Dec 2019,Datacommunicatie- en netwerktechnicus,532
2020-12-31,2020,12,januari 2020 - december 2020,Dec 2020,Datacommunicatie- en netwerktechnicus,943
2021-12-31,2021,12,januari 2021 - december 2021,Dec 2021,Datacommunicatie- en netwerktechnicus,988
2022-12-31,2022,12,januari 2022 - december 2022,Dec 2022,Datacommunicatie- en netwerktechnicus,1048
2023-12-31,2023,12,januari 2023 - december 2023,Dec 2023,Datacommunicatie- en netwerktechnicus,969
2024-12-31,2024,12,januari 2024 - december 2024,Dec 2024,Datacommunicatie- en netwerktechnicus,587
2025-12-31,2025,12,januari 2025 - december 2025,Dec 2025,Datacommunicatie- en netwerktechnicus,343
2026-04-30,2026,4,mei 2025 - april 2026,Apr 2026,Datacommunicatie- en netwerktechnicus,418
2017-12-31,2017,12,januari 2017 - december 2017,Dec 2017,Decorateur van kunst- en artisanale objecten,1
2018-12-31,2018,12,januari 2018 - december 2018,Dec 2018,Decorateur van kunst- en artisanale objecten,2
2019-12-31,2019,12,januari 2019 - december 2019,Dec 2019,Decorateur van kunst- en artisanale objecten,1
2021-12-31,2021,12,januari 2021 - december 2021,Dec 2021,Decorateur van kunst- en artisanale objecten,2
2022-12-31,2022,12,januari 2022 - december 2022,Dec 2022,Decorateur van kunst- en artisanale objecten,0
2025-12-31,2025,12,januari 2025 - december 2025,Dec 2025,Decorateur van kunst- en artisanale objecten,3
2026-04-30,2026,4,mei 2025 - april 2026,Apr 2026,Decorateur van kunst- en artisanale objecten,2
2026-04-30,2026,4,mei 2025 - april 2026,Apr 2026,Decorbouwer-rekwisiteur,1
2017-12-31,2017,12,januari 2017 - december 2017,Dec 2017,Dekvloerlegger,36
2018-12-31,2018,12,januari 2018 - december 2018,Dec 2018,Dekvloerlegger,35
2019-12-31,2019,12,januari 2019 - december 2019,Dec 2019,Dekvloerlegger,20
2020-12-31,2020,12,januari 2020 - december 2020,Dec 2020,Dekvloerlegger,23
2021-12-31,2021,12,januari 2021 - december 2021,Dec 2021,Dekvloerlegger,39
2022-12-31,2022,12,januari 2022 - december 2022,Dec 2022,Dekvloerlegger,21
2023-12-31,2023,12,januari 2023 - december 2023,Dec 2023,Dekvloerlegger,16
2024-12-31,2024,12,januari 2024 - december 2024,Dec 2024,Dekvloerlegger,15
2025-12-31,2025,12,januari 2025 - december 2025,Dec 2025,Dekvloerlegger,5
2026-04-30,2026,4,mei 2025 - april 2026,Apr 2026,Dekvloerlegger,8
2021-12-31,2021,12,januari 2021 - december 2021,Dec 2021,Demonstrateur,8
2023-12-31,2023,12,januari 2023 - december 2023,Dec 2023,Deskundige toeristische ontwikkeling,1
2024-12-31,2024,12,januari 2024 - december 2024,Dec 2024,Dierentrimmer,2
2026-04-30,2026,4,mei 2025 - april 2026,Apr 2026,Dierentrimmer,1
2020-12-31,2020,12,januari 2020 - december 2020,Dec 2020,Dierenverzorger,1
2021-12-31,2021,12,januari 2021 - december 2021,Dec 2021,Dierenverzorger,1
2024-12-31,2024,12,januari 2024 - december 2024,Dec 2024,Dierenverzorger,1
2025-12-31,2025,12,januari 2025 - december 2025,Dec 2025,Dierenverzorger,1
2026-04-30,2026,4,mei 2025 - april 2026,Apr 2026,Dierenverzorger,1
2017-12-31,2017,12,januari 2017 - december 2017,Dec 2017,Digitaal drukker,4
2018-12-31,2018,12,januari 2018 - december 2018,Dec 2018,Digitaal drukker,1
2019-12-31,2019,12,januari 2019 - december 2019,Dec 2019,Digitaal drukker,0
2017-12-31,2017,12,januari 2017 - december 2017,Dec 2017,Digital marketeer,2
2018-12-31,2018,12,januari 2018 - december 2018,Dec 2018,Digital marketeer,2
2019-12-31,2019,12,januari 2019 - december 2019,Dec 2019,Digital marketeer,3
2020-12-31,2020,12,januari 2020 - december 2020,Dec 2020,Digital marketeer,2
2021-12-31,2021,12,januari 2021 - december 2021,Dec 2021,Digital marketeer,8
2022-12-31,2022,12,januari 2022 - december 2022,Dec 2022,Digital marketeer,4
2023-12-31,2023,12,januari 2023 - december 2023,Dec 2023,Digital marketeer,1
2024-12-31,2024,12,januari 2024 - december 2024,Dec 2024,Digital marketeer,4
2025-12-31,2025,12,januari 2025 - december 2025,Dec 2025,Digital marketeer,5
2026-04-30,2026,4,mei 2025 - april 2026,Apr 2026,Digital marketeer,6
2017-12-31,2017,12,januari 2017 - december 2017,Dec 2017,Digital sales assistant,23
2018-12-31,2018,12,januari 2018 - december 2018,Dec 2018,Digital sales assistant,21
2019-12-31,2019,12,januari 2019 - december 2019,Dec 2019,Digital sales assistant,22
2020-12-31,2020,12,januari 2020 - december 2020,Dec 2020,Digital sales assistant,19
2021-12-31,2021,12,januari 2021 - december 2021,Dec 2021,Digital sales assistant,43
2022-12-31,2022,12,januari 2022 - december 2022,Dec 2022,Digital sales assistant,25
2023-12-31,2023,12,januari 2023 - december 2023,Dec 2023,Digital sales assistant,14
2024-12-31,2024,12,januari 2024 - december 2024,Dec 2024,Digital sales assistant,8
2025-12-31,2025,12,januari 2025 - december 2025,Dec 2025,Digital sales assistant,21
2026-04-30,2026,4,mei 2025 - april 2026,Apr 2026,Digital sales assistant,13
2017-12-31,2017,12,januari 2017 - december 2017,Dec 2017,Dispatcher goederenvervoer,23
2018-12-31,2018,12,januari 2018 - december 2018,Dec 2018,Dispatcher goederenvervoer,39
2019-12-31,2019,12,januari 2019 - december 2019,Dec 2019,Dispatcher goederenvervoer,21
2020-12-31,2020,12,januari 2020 - december 2020,Dec 2020,Dispatcher goederenvervoer,23
2021-12-31,2021,12,januari 2021 - december 2021,Dec 2021,Dispatcher goederenvervoer,39
2022-12-31,2022,12,januari 2022 - december 2022,Dec 2022,Dispatcher goederenvervoer,49
2023-12-31,2023,12,januari 2023 - december 2023,Dec 2023,Dispatcher goederenvervoer,26
2024-12-31,2024,12,januari 2024 - december 2024,Dec 2024,Dispatcher goederenvervoer,23
2025-12-31,2025,12,januari 2025 - december 2025,Dec 2025,Dispatcher goederenvervoer,22
2026-04-30,2026,4,mei 2025 - april 2026,Apr 2026,Dispatcher goederenvervoer,26
2017-12-31,2017,12,januari 2017 - december 2017,Dec 2017,Dispatcher personenvervoer,14
2018-12-31,2018,12,januari 2018 - december 2018,Dec 2018,Dispatcher personenvervoer,5
2020-12-31,2020,12,januari 2020 - december 2020,Dec 2020,Dispatcher personenvervoer,2
2021-12-31,2021,12,januari 2021 - december 2021,Dec 2021,Dispatcher personenvervoer,1
2022-12-31,2022,12,januari 2022 - december 2022,Dec 2022,Dispatcher personenvervoer,7
2024-12-31,2024,12,januari 2024 - december 2024,Dec 2024,Dispatcher personenvervoer,2
2025-12-31,2025,12,januari 2025 - december 2025,Dec 2025,Dispatcher personenvervoer,5
2026-04-30,2026,4,mei 2025 - april 2026,Apr 2026,Dispatcher personenvervoer,5
2017-12-31,2017,12,januari 2017 - december 2017,Dec 2017,Dossierbeheerder accountancy,1
2021-12-31,2021,12,januari 2021 - december 2021,Dec 2021,Dossierbeheerder accountancy,1
2022-12-31,2022,12,januari 2022 - december 2022,Dec 2022,Dossierbeheerder accountancy,2
2026-04-30,2026,4,mei 2025 - april 2026,Apr 2026,Dossierbeheerder accountancy,4
2020-12-31,2020,12,januari 2020 - december 2020,Dec 2020,Douanedeclarant,1
2022-12-31,2022,12,januari 2022 - december 2022,Dec 2022,Douanedeclarant,7
2020-12-31,2020,12,januari 2020 - december 2020,Dec 2020,E-commerce manager,1
2026-04-30,2026,4,mei 2025 - april 2026,Apr 2026,E-commerce manager,1
2017-12-31,2017,12,januari 2017 - december 2017,Dec 2017,EPB-verslaggever,1
2018-12-31,2018,12,januari 2018 - december 2018,Dec 2018,EPB-verslaggever,3
2019-12-31,2019,12,januari 2019 - december 2019,Dec 2019,EPB-verslaggever,5
2020-12-31,2020,12,januari 2020 - december 2020,Dec 2020,EPB-verslaggever,3
2021-12-31,2021,12,januari 2021 - december 2021,Dec 2021,EPB-verslaggever,2
2017-12-31,2017,12,januari 2017 - december 2017,Dec 2017,Elektrotechnicus,1146
2018-12-31,2018,12,januari 2018 - december 2018,Dec 2018,Elektrotechnicus,1139
2019-12-31,2019,12,januari 2019 - december 2019,Dec 2019,Elektrotechnicus,1018
2020-12-31,2020,12,januari 2020 - december 2020,Dec 2020,Elektrotechnicus,1104
2021-12-31,2021,12,januari 2021 - december 2021,Dec 2021,Elektrotechnicus,1269
2022-12-31,2022,12,januari 2022 - december 2022,Dec 2022,Elektrotechnicus,1797
2023-12-31,2023,12,januari 2023 - december 2023,Dec 2023,Elektrotechnicus,1203
2024-12-31,2024,12,januari 2024 - december 2024,Dec 2024,Elektrotechnicus,909
2025-12-31,2025,12,januari 2025 - december 2025,Dec 2025,Elektrotechnicus,875
2026-04-30,2026,4,mei 2025 - april 2026,Apr 2026,Elektrotechnicus,724
2017-12-31,2017,12,januari 2017 - december 2017,Dec 2017,Elektrotechnisch installateur,67
2018-12-31,2018,12,januari 2018 - december 2018,Dec 2018,Elektrotechnisch installateur,70
2019-12-31,2019,12,januari 2019 - december 2019,Dec 2019,Elektrotechnisch installateur,95
2020-12-31,2020,12,januari 2020 - december 2020,Dec 2020,Elektrotechnisch installateur,116
2021-12-31,2021,12,januari 2021 - december 2021,Dec 2021,Elektrotechnisch installateur,123
2022-12-31,2022,12,januari 2022 - december 2022,Dec 2022,Elektrotechnisch installateur,106
2023-12-31,2023,12,januari 2023 - december 2023,Dec 2023,Elektrotechnisch installateur,73
2024-12-31,2024,12,januari 2024 - december 2024,Dec 2024,Elektrotechnisch installateur,81
2025-12-31,2025,12,januari 2025 - december 2025,Dec 2025,Elektrotechnisch installateur,57
2026-04-30,2026,4,mei 2025 - april 2026,Apr 2026,Elektrotechnisch installateur,108
2018-12-31,2018,12,januari 2018 - december 2018,Dec 2018,Energiedeskundige gebouwen,1
2024-12-31,2024,12,januari 2024 - december 2024,Dec 2024,Energiedeskundige gebouwen,1
2025-12-31,2025,12,januari 2025 - december 2025,Dec 2025,Energiedeskundige gebouwen,4
2026-04-30,2026,4,mei 2025 - april 2026,Apr 2026,Energiedeskundige gebouwen,4
2019-12-31,2019,12,januari 2019 - december 2019,Dec 2019,Enquêteur,1
2022-12-31,2022,12,januari 2022 - december 2022,Dec 2022,Enquêteur,15
2023-12-31,2023,12,januari 2023 - december 2023,Dec 2023,Enquêteur,14
2018-12-31,2018,12,januari 2018 - december 2018,Dec 2018,Erfgoedkundige,1
2020-12-31,2020,12,januari 2020 - december 2020,Dec 2020,Erfgoedkundige,2
2021-12-31,2021,12,januari 2021 - december 2021,Dec 2021,Erfgoedkundige,3
2022-12-31,2022,12,januari 2022 - december 2022,Dec 2022,Erfgoedkundige,3
2023-12-31,2023,12,januari 2023 - december 2023,Dec 2023,Erfgoedkundige,4
2024-12-31,2024,12,januari 2024 - december 2024,Dec 2024,Erfgoedkundige,4
2025-12-31,2025,12,januari 2025 - december 2025,Dec 2025,Erfgoedkundige,10
2026-04-30,2026,4,mei 2025 - april 2026,Apr 2026,Erfgoedkundige,9
2019-12-31,2019,12,januari 2019 - december 2019,Dec 2019,Ergotherapeut,1
2022-12-31,2022,12,januari 2022 - december 2022,Dec 2022,Ergotherapeut,1
2023-12-31,2023,12,januari 2023 - december 2023,Dec 2023,Ergotherapeut,1
2024-12-31,2024,12,januari 2024 - december 2024,Dec 2024,Ergotherapeut,1
2025-12-31,2025,12,januari 2025 - december 2025,Dec 2025,Ergotherapeut,1
2017-12-31,2017,12,januari 2017 - december 2017,Dec 2017,Eventmanager,1
2018-12-31,2018,12,januari 2018 - december 2018,Dec 2018,Eventmanager,2
2021-12-31,2021,12,januari 2021 - december 2021,Dec 2021,Eventmanager,1
2022-12-31,2022,12,januari 2022 - december 2022,Dec 2022,Eventmanager,4
2023-12-31,2023,12,januari 2023 - december 2023,Dec 2023,Eventmanager,4
2024-12-31,2024,12,januari 2024 - december 2024,Dec 2024,Eventmanager,1
2025-12-31,2025,12,januari 2025 - december 2025,Dec 2025,Eventmanager,1
2026-04-30,2026,4,mei 2025 - april 2026,Apr 2026,Eventmanager,1
2022-12-31,2022,12,januari 2022 - december 2022,Dec 2022,Expediteur,10
2024-12-31,2024,12,januari 2024 - december 2024,Dec 2024,Expediteur,2
2020-12-31,2020,12,januari 2020 - december 2020,Dec 2020,Expert lokale ontwikkeling,2
2021-12-31,2021,12,januari 2021 - december 2021,Dec 2021,Expert lokale ontwikkeling,2
2022-12-31,2022,12,januari 2022 - december 2022,Dec 2022,Expert lokale ontwikkeling,4
2023-12-31,2023,12,januari 2023 - december 2023,Dec 2023,Expert lokale ontwikkeling,7
2024-12-31,2024,12,januari 2024 - december 2024,Dec 2024,Expert lokale ontwikkeling,4
2025-12-31,2025,12,januari 2025 - december 2025,Dec 2025,Expert lokale ontwikkeling,35
2026-04-30,2026,4,mei 2025 - april 2026,Apr 2026,Expert lokale ontwikkeling,53
2017-12-31,2017,12,januari 2017 - december 2017,Dec 2017,Expert productieproces en -methodes,16
2018-12-31,2018,12,januari 2018 - december 2018,Dec 2018,Expert productieproces en -methodes,24
2019-12-31,2019,12,januari 2019 - december 2019,Dec 2019,Expert productieproces en -methodes,33
2020-12-31,2020,12,januari 2020 - december 2020,Dec 2020,Expert productieproces en -methodes,21
2021-12-31,2021,12,januari 2021 - december 2021,Dec 2021,Expert productieproces en -methodes,28
2022-12-31,2022,12,januari 2022 - december 2022,Dec 2022,Expert productieproces en -methodes,45
2023-12-31,2023,12,januari 2023 - december 2023,Dec 2023,Expert productieproces en -methodes,19
2024-12-31,2024,12,januari 2024 - december 2024,Dec 2024,Expert productieproces en -methodes,23
2025-12-31,2025,12,januari 2025 - december 2025,Dec 2025,Expert productieproces en -methodes,38
2026-04-30,2026,4,mei 2025 - april 2026,Apr 2026,Expert productieproces en -methodes,30
2019-12-31,2019,12,januari 2019 - december 2019,Dec 2019,Expert technische controle en keuring bouw,1
2025-12-31,2025,12,januari 2025 - december 2025,Dec 2025,Expert technische controle en keuring bouw,7
2026-04-30,2026,4,mei 2025 - april 2026,Apr 2026,Expert technische controle en keuring bouw,6
2017-12-31,2017,12,januari 2017 - december 2017,Dec 2017,Facility manager,2
2018-12-31,2018,12,januari 2018 - december 2018,Dec 2018,Facility manager,5
2019-12-31,2019,12,januari 2019 - december 2019,Dec 2019,Facility manager,11
2020-12-31,2020,12,januari 2020 - december 2020,Dec 2020,Facility manager,15
2021-12-31,2021,12,januari 2021 - december 2021,Dec 2021,Facility manager,15
2022-12-31,2022,12,januari 2022 - december 2022,Dec 2022,Facility manager,21
2023-12-31,2023,12,januari 2023 - december 2023,Dec 2023,Facility manager,22
2024-12-31,2024,12,januari 2024 - december 2024,Dec 2024,Facility manager,6
2025-12-31,2025,12,januari 2025 - december 2025,Dec 2025,Facility manager,13
2026-04-30,2026,4,mei 2025 - april 2026,Apr 2026,Facility manager,17
2023-12-31,2023,12,januari 2023 - december 2023,Dec 2023,Familiaal bemiddelaar,6
2017-12-31,2017,12,januari 2017 - december 2017,Dec 2017,Financieel analist,1
2019-12-31,2019,12,januari 2019 - december 2019,Dec 2019,Financieel analist,1
2021-12-31,2021,12,januari 2021 - december 2021,Dec 2021,Financieel analist,4
2022-12-31,2022,12,januari 2022 - december 2022,Dec 2022,Financieel analist,2
2023-12-31,2023,12,januari 2023 - december 2023,Dec 2023,Financieel analist,2
2024-12-31,2024,12,januari 2024 - december 2024,Dec 2024,Financieel analist,0
2025-12-31,2025,12,januari 2025 - december 2025,Dec 2025,Financieel analist,4
2026-04-30,2026,4,mei 2025 - april 2026,Apr 2026,Financieel analist,4
2017-12-31,2017,12,januari 2017 - december 2017,Dec 2017,Fitnessbegeleider,2
2021-12-31,2021,12,januari 2021 - december 2021,Dec 2021,Fitnessbegeleider,11
2022-12-31,2022,12,januari 2022 - december 2022,Dec 2022,Fitnessbegeleider,4
2023-12-31,2023,12,januari 2023 - december 2023,Dec 2023,Fitnessbegeleider,57
2024-12-31,2024,12,januari 2024 - december 2024,Dec 2024,Fitnessbegeleider,1
2019-12-31,2019,12,januari 2019 - december 2019,Dec 2019,GIS-medewerker,1
2020-12-31,2020,12,januari 2020 - december 2020,Dec 2020,GIS-medewerker,3
2022-12-31,2022,12,januari 2022 - december 2022,Dec 2022,GIS-medewerker,2
2025-12-31,2025,12,januari 2025 - december 2025,Dec 2025,Game-ontwikkelaar,4
2026-04-30,2026,4,mei 2025 - april 2026,Apr 2026,Game-ontwikkelaar,4
2022-12-31,2022,12,januari 2022 - december 2022,Dec 2022,Gemeenschapswacht,1
2017-12-31,2017,12,januari 2017 - december 2017,Dec 2017,Gevelreiniger,16
2018-12-31,2018,12,januari 2018 - december 2018,Dec 2018,Gevelreiniger,15
2019-12-31,2019,12,januari 2019 - december 2019,Dec 2019,Gevelreiniger,21
2020-12-31,2020,12,januari 2020 - december 2020,Dec 2020,Gevelreiniger,12
2021-12-31,2021,12,januari 2021 - december 2021,Dec 2021,Gevelreiniger,12
2022-12-31,2022,12,januari 2022 - december 2022,Dec 2022,Gevelreiniger,10
2023-12-31,2023,12,januari 2023 - december 2023,Dec 2023,Gevelreiniger,13
2024-12-31,2024,12,januari 2024 - december 2024,Dec 2024,Gevelreiniger,14
2025-12-31,2025,12,januari 2025 - december 2025,Dec 2025,Gevelreiniger,11
2026-04-30,2026,4,mei 2025 - april 2026,Apr 2026,Gevelreiniger,9
2017-12-31,2017,12,januari 2017 - december 2017,Dec 2017,Gevelrenoveerder-betonhersteller,50
2018-12-31,2018,12,januari 2018 - december 2018,Dec 2018,Gevelrenoveerder-betonhersteller,102
2019-12-31,2019,12,januari 2019 - december 2019,Dec 2019,Gevelrenoveerder-betonhersteller,59
2020-12-31,2020,12,januari 2020 - december 2020,Dec 2020,Gevelrenoveerder-betonhersteller,92
2021-12-31,2021,12,januari 2021 - december 2021,Dec 2021,Gevelrenoveerder-betonhersteller,48
2022-12-31,2022,12,januari 2022 - december 2022,Dec 2022,Gevelrenoveerder-betonhersteller,81
2023-12-31,2023,12,januari 2023 - december 2023,Dec 2023,Gevelrenoveerder-betonhersteller,69
2024-12-31,2024,12,januari 2024 - december 2024,Dec 2024,Gevelrenoveerder-betonhersteller,61
2025-12-31,2025,12,januari 2025 - december 2025,Dec 2025,Gevelrenoveerder-betonhersteller,42
2026-04-30,2026,4,mei 2025 - april 2026,Apr 2026,Gevelrenoveerder-betonhersteller,36
2024-12-31,2024,12,januari 2024 - december 2024,Dec 2024,Gezagvoerder zeevaart,2
2026-04-30,2026,4,mei 2025 - april 2026,Apr 2026,Gezagvoerder zeevaart,1
2017-12-31,2017,12,januari 2017 - december 2017,Dec 2017,Glaswerker,31
2018-12-31,2018,12,januari 2018 - december 2018,Dec 2018,Glaswerker,31
2019-12-31,2019,12,januari 2019 - december 2019,Dec 2019,Glaswerker,47
2020-12-31,2020,12,januari 2020 - december 2020,Dec 2020,Glaswerker,47
2021-12-31,2021,12,januari 2021 - december 2021,Dec 2021,Glaswerker,69
2022-12-31,2022,12,januari 2022 - december 2022,Dec 2022,Glaswerker,50
2023-12-31,2023,12,januari 2023 - december 2023,Dec 2023,Glaswerker,32
2024-12-31,2024,12,januari 2024 - december 2024,Dec 2024,Glaswerker,29
2025-12-31,2025,12,januari 2025 - december 2025,Dec 2025,Glaswerker,17
2026-04-30,2026,4,mei 2025 - april 2026,Apr 2026,Glaswerker,25
2017-12-31,2017,12,januari 2017 - december 2017,Dec 2017,Grafisch vormgever,3
2018-12-31,2018,12,januari 2018 - december 2018,Dec 2018,Grafisch vormgever,2
2019-12-31,2019,12,januari 2019 - december 2019,Dec 2019,Grafisch vormgever,7
2020-12-31,2020,12,januari 2020 - december 2020,Dec 2020,Grafisch vormgever,2
2021-12-31,2021,12,januari 2021 - december 2021,Dec 2021,Grafisch vormgever,5
2022-12-31,2022,12,januari 2022 - december 2022,Dec 2022,Grafisch vormgever,3
2023-12-31,2023,12,januari 2023 - december 2023,Dec 2023,Grafisch vormgever,4
2024-12-31,2024,12,januari 2024 - december 2024,Dec 2024,Grafisch vormgever,2
2025-12-31,2025,12,januari 2025 - december 2025,Dec 2025,Grafisch vormgever,4
2026-04-30,2026,4,mei 2025 - april 2026,Apr 2026,Grafisch vormgever,2
2020-12-31,2020,12,januari 2020 - december 2020,Dec 2020,Graveerder,1
2023-12-31,2023,12,januari 2023 - december 2023,Dec 2023,Graveerder,1
2017-12-31,2017,12,januari 2017 - december 2017,Dec 2017,HR-manager,12
2018-12-31,2018,12,januari 2018 - december 2018,Dec 2018,HR-manager,3
2019-12-31,2019,12,januari 2019 - december 2019,Dec 2019,HR-manager,15
2020-12-31,2020,12,januari 2020 - december 2020,Dec 2020,HR-manager,23
2021-12-31,2021,12,januari 2021 - december 2021,Dec 2021,HR-manager,30
2022-12-31,2022,12,januari 2022 - december 2022,Dec 2022,HR-manager,27
2023-12-31,2023,12,januari 2023 - december 2023,Dec 2023,HR-manager,26
2024-12-31,2024,12,januari 2024 - december 2024,Dec 2024,HR-manager,24
2025-12-31,2025,12,januari 2025 - december 2025,Dec 2025,HR-manager,32
2026-04-30,2026,4,mei 2025 - april 2026,Apr 2026,HR-manager,25
2025-12-31,2025,12,januari 2025 - december 2025,Dec 2025,Havenarbeider,1
2026-04-30,2026,4,mei 2025 - april 2026,Apr 2026,Havenarbeider,2
2017-12-31,2017,12,januari 2017 - december 2017,Dec 2017,Heftruckchauffeur,56
2018-12-31,2018,12,januari 2018 - december 2018,Dec 2018,Heftruckchauffeur,1
2019-12-31,2019,12,januari 2019 - december 2019,Dec 2019,Heftruckchauffeur,1
2020-12-31,2020,12,januari 2020 - december 2020,Dec 2020,Heftruckchauffeur,2
2021-12-31,2021,12,januari 2021 - december 2021,Dec 2021,Heftruckchauffeur,5
2022-12-31,2022,12,januari 2022 - december 2022,Dec 2022,Heftruckchauffeur,2
2023-12-31,2023,12,januari 2023 - december 2023,Dec 2023,Heftruckchauffeur,7
2024-12-31,2024,12,januari 2024 - december 2024,Dec 2024,Heftruckchauffeur,2
2025-12-31,2025,12,januari 2025 - december 2025,Dec 2025,Heftruckchauffeur,1
2026-04-30,2026,4,mei 2025 - april 2026,Apr 2026,Heftruckchauffeur,0
2018-12-31,2018,12,januari 2018 - december 2018,Dec 2018,Horecamanager,3
2019-12-31,2019,12,januari 2019 - december 2019,Dec 2019,Horecamanager,3
2020-12-31,2020,12,januari 2020 - december 2020,Dec 2020,Horecamanager,1
2022-12-31,2022,12,januari 2022 - december 2022,Dec 2022,Horecamanager,5
2018-12-31,2018,12,januari 2018 - december 2018,Dec 2018,Hotelreceptionist,3
2019-12-31,2019,12,januari 2019 - december 2019,Dec 2019,Hotelreceptionist,1
2021-12-31,2021,12,januari 2021 - december 2021,Dec 2021,Hotelreceptionist,1
2022-12-31,2022,12,januari 2022 - december 2022,Dec 2022,Hotelreceptionist,2
2017-12-31,2017,12,januari 2017 - december 2017,Dec 2017,Huishoudhulp-poetshulp,12
2018-12-31,2018,12,januari 2018 - december 2018,Dec 2018,Huishoudhulp-poetshulp,19
2019-12-31,2019,12,januari 2019 - december 2019,Dec 2019,Huishoudhulp-poetshulp,24
2020-12-31,2020,12,januari 2020 - december 2020,Dec 2020,Huishoudhulp-poetshulp,11
2021-12-31,2021,12,januari 2021 - december 2021,Dec 2021,Huishoudhulp-poetshulp,25
2022-12-31,2022,12,januari 2022 - december 2022,Dec 2022,Huishoudhulp-poetshulp,56
2023-12-31,2023,12,januari 2023 - december 2023,Dec 2023,Huishoudhulp-poetshulp,5
2024-12-31,2024,12,januari 2024 - december 2024,Dec 2024,Huishoudhulp-poetshulp,15
2025-12-31,2025,12,januari 2025 - december 2025,Dec 2025,Huishoudhulp-poetshulp,16
2026-04-30,2026,4,mei 2025 - april 2026,Apr 2026,Huishoudhulp-poetshulp,14
2018-12-31,2018,12,januari 2018 - december 2018,Dec 2018,Hulpkelner,1
2017-12-31,2017,12,januari 2017 - december 2017,Dec 2017,Hulpkok,2
2018-12-31,2018,12,januari 2018 - december 2018,Dec 2018,Hulpkok,0
2019-12-31,2019,12,januari 2019 - december 2019,Dec 2019,Hulpkok,6
2020-12-31,2020,12,januari 2020 - december 2020,Dec 2020,Hulpkok,2
2021-12-31,2021,12,januari 2021 - december 2021,Dec 2021,Hulpkok,2
2022-12-31,2022,12,januari 2022 - december 2022,Dec 2022,Hulpkok,4
2023-12-31,2023,12,januari 2023 - december 2023,Dec 2023,Hulpkok,2
2025-12-31,2025,12,januari 2025 - december 2025,Dec 2025,Hulpkok,19
2026-04-30,2026,4,mei 2025 - april 2026,Apr 2026,Hulpkok,12
2017-12-31,2017,12,januari 2017 - december 2017,Dec 2017,Hulpkok grootkeuken,2
2022-12-31,2022,12,januari 2022 - december 2022,Dec 2022,Hulpkok grootkeuken,1
2023-12-31,2023,12,januari 2023 - december 2023,Dec 2023,Hulpkok grootkeuken,1
2024-12-31,2024,12,januari 2024 - december 2024,Dec 2024,Hulpkok grootkeuken,2
2017-12-31,2017,12,januari 2017 - december 2017,Dec 2017,ICT architect,1
2018-12-31,2018,12,januari 2018 - december 2018,Dec 2018,ICT architect,1
2019-12-31,2019,12,januari 2019 - december 2019,Dec 2019,ICT architect,2
2020-12-31,2020,12,januari 2020 - december 2020,Dec 2020,ICT architect,5
2021-12-31,2021,12,januari 2021 - december 2021,Dec 2021,ICT architect,2
2023-12-31,2023,12,januari 2023 - december 2023,Dec 2023,ICT architect,1
2024-12-31,2024,12,januari 2024 - december 2024,Dec 2024,ICT architect,1
2025-12-31,2025,12,januari 2025 - december 2025,Dec 2025,ICT architect,0
2017-12-31,2017,12,januari 2017 - december 2017,Dec 2017,Industrieel elektromecanicien,842
2018-12-31,2018,12,januari 2018 - december 2018,Dec 2018,Industrieel elektromecanicien,1100
2019-12-31,2019,12,januari 2019 - december 2019,Dec 2019,Industrieel elektromecanicien,723
2020-12-31,2020,12,januari 2020 - december 2020,Dec 2020,Industrieel elektromecanicien,371
2021-12-31,2021,12,januari 2021 - december 2021,Dec 2021,Industrieel elektromecanicien,400
2022-12-31,2022,12,januari 2022 - december 2022,Dec 2022,Industrieel elektromecanicien,856
2023-12-31,2023,12,januari 2023 - december 2023,Dec 2023,Industrieel elektromecanicien,351
2024-12-31,2024,12,januari 2024 - december 2024,Dec 2024,Industrieel elektromecanicien,246
2025-12-31,2025,12,januari 2025 - december 2025,Dec 2025,Industrieel elektromecanicien,349
2026-04-30,2026,4,mei 2025 - april 2026,Apr 2026,Industrieel elektromecanicien,297
2017-12-31,2017,12,januari 2017 - december 2017,Dec 2017,Industrieel isolatiewerker,76
2018-12-31,2018,12,januari 2018 - december 2018,Dec 2018,Industrieel isolatiewerker,64
2019-12-31,2019,12,januari 2019 - december 2019,Dec 2019,Industrieel isolatiewerker,72
2020-12-31,2020,12,januari 2020 - december 2020,Dec 2020,Industrieel isolatiewerker,74
2021-12-31,2021,12,januari 2021 - december 2021,Dec 2021,Industrieel isolatiewerker,86
2022-12-31,2022,12,januari 2022 - december 2022,Dec 2022,Industrieel isolatiewerker,78
2023-12-31,2023,12,januari 2023 - december 2023,Dec 2023,Industrieel isolatiewerker,59
2024-12-31,2024,12,januari 2024 - december 2024,Dec 2024,Industrieel isolatiewerker,99
2025-12-31,2025,12,januari 2025 - december 2025,Dec 2025,Industrieel isolatiewerker,80
2026-04-30,2026,4,mei 2025 - april 2026,Apr 2026,Industrieel isolatiewerker,77
2017-12-31,2017,12,januari 2017 - december 2017,Dec 2017,Industrieel laborant,5
2018-12-31,2018,12,januari 2018 - december 2018,Dec 2018,Industrieel laborant,13
2019-12-31,2019,12,januari 2019 - december 2019,Dec 2019,Industrieel laborant,3
2020-12-31,2020,12,januari 2020 - december 2020,Dec 2020,Industrieel laborant,2
2021-12-31,2021,12,januari 2021 - december 2021,Dec 2021,Industrieel laborant,6
2022-12-31,2022,12,januari 2022 - december 2022,Dec 2022,Industrieel laborant,4
2023-12-31,2023,12,januari 2023 - december 2023,Dec 2023,Industrieel laborant,12
2024-12-31,2024,12,januari 2024 - december 2024,Dec 2024,Industrieel laborant,6
2025-12-31,2025,12,januari 2025 - december 2025,Dec 2025,Industrieel laborant,13
2026-04-30,2026,4,mei 2025 - april 2026,Apr 2026,Industrieel laborant,10
2017-12-31,2017,12,januari 2017 - december 2017,Dec 2017,Industrieel onderhoudstechnicus,314
2018-12-31,2018,12,januari 2018 - december 2018,Dec 2018,Industrieel onderhoudstechnicus,308
2019-12-31,2019,12,januari 2019 - december 2019,Dec 2019,Industrieel onderhoudstechnicus,163
2020-12-31,2020,12,januari 2020 - december 2020,Dec 2020,Industrieel onderhoudstechnicus,143
2021-12-31,2021,12,januari 2021 - december 2021,Dec 2021,Industrieel onderhoudstechnicus,164
2022-12-31,2022,12,januari 2022 - december 2022,Dec 2022,Industrieel onderhoudstechnicus,635
2023-12-31,2023,12,januari 2023 - december 2023,Dec 2023,Industrieel onderhoudstechnicus,287
2024-12-31,2024,12,januari 2024 - december 2024,Dec 2024,Industrieel onderhoudstechnicus,181
2025-12-31,2025,12,januari 2025 - december 2025,Dec 2025,Industrieel onderhoudstechnicus,222
2026-04-30,2026,4,mei 2025 - april 2026,Apr 2026,Industrieel onderhoudstechnicus,249
2017-12-31,2017,12,januari 2017 - december 2017,Dec 2017,Industrieel reiniger,25
2018-12-31,2018,12,januari 2018 - december 2018,Dec 2018,Industrieel reiniger,23
2019-12-31,2019,12,januari 2019 - december 2019,Dec 2019,Industrieel reiniger,64
2020-12-31,2020,12,januari 2020 - december 2020,Dec 2020,Industrieel reiniger,9
2021-12-31,2021,12,januari 2021 - december 2021,Dec 2021,Industrieel reiniger,13
2022-12-31,2022,12,januari 2022 - december 2022,Dec 2022,Industrieel reiniger,20
2023-12-31,2023,12,januari 2023 - december 2023,Dec 2023,Industrieel reiniger,3
2024-12-31,2024,12,januari 2024 - december 2024,Dec 2024,Industrieel reiniger,23
2025-12-31,2025,12,januari 2025 - december 2025,Dec 2025,Industrieel reiniger,16
2026-04-30,2026,4,mei 2025 - april 2026,Apr 2026,Industrieel reiniger,6
2017-12-31,2017,12,januari 2017 - december 2017,Dec 2017,Industrieel schilder,81
2018-12-31,2018,12,januari 2018 - december 2018,Dec 2018,Industrieel schilder,53
2019-12-31,2019,12,januari 2019 - december 2019,Dec 2019,Industrieel schilder,97
2020-12-31,2020,12,januari 2020 - december 2020,Dec 2020,Industrieel schilder,44
2021-12-31,2021,12,januari 2021 - december 2021,Dec 2021,Industrieel schilder,73
2022-12-31,2022,12,januari 2022 - december 2022,Dec 2022,Industrieel schilder,83
2023-12-31,2023,12,januari 2023 - december 2023,Dec 2023,Industrieel schilder,79
2024-12-31,2024,12,januari 2024 - december 2024,Dec 2024,Industrieel schilder,66
2025-12-31,2025,12,januari 2025 - december 2025,Dec 2025,Industrieel schilder,41
2026-04-30,2026,4,mei 2025 - april 2026,Apr 2026,Industrieel schilder,30
2017-12-31,2017,12,januari 2017 - december 2017,Dec 2017,Ingenieur studie en advies bouw,154
2018-12-31,2018,12,januari 2018 - december 2018,Dec 2018,Ingenieur studie en advies bouw,152
2019-12-31,2019,12,januari 2019 - december 2019,Dec 2019,Ingenieur studie en advies bouw,184
2020-12-31,2020,12,januari 2020 - december 2020,Dec 2020,Ingenieur studie en advies bouw,152
2021-12-31,2021,12,januari 2021 - december 2021,Dec 2021,Ingenieur studie en advies bouw,190
2022-12-31,2022,12,januari 2022 - december 2022,Dec 2022,Ingenieur studie en advies bouw,164
2023-12-31,2023,12,januari 2023 - december 2023,Dec 2023,Ingenieur studie en advies bouw,186
2024-12-31,2024,12,januari 2024 - december 2024,Dec 2024,Ingenieur studie en advies bouw,255
2025-12-31,2025,12,januari 2025 - december 2025,Dec 2025,Ingenieur studie en advies bouw,229
2026-04-30,2026,4,mei 2025 - april 2026,Apr 2026,Ingenieur studie en advies bouw,177
2017-12-31,2017,12,januari 2017 - december 2017,Dec 2017,Installateur elektrotechnische basiscomponenten,11
2018-12-31,2018,12,januari 2018 - december 2018,Dec 2018,Installateur elektrotechnische basiscomponenten,60
2019-12-31,2019,12,januari 2019 - december 2019,Dec 2019,Installateur elektrotechnische basiscomponenten,22
2020-12-31,2020,12,januari 2020 - december 2020,Dec 2020,Installateur elektrotechnische basiscomponenten,19
2021-12-31,2021,12,januari 2021 - december 2021,Dec 2021,Installateur elektrotechnische basiscomponenten,8
2022-12-31,2022,12,januari 2022 - december 2022,Dec 2022,Installateur elektrotechnische basiscomponenten,15
2023-12-31,2023,12,januari 2023 - december 2023,Dec 2023,Installateur elektrotechnische basiscomponenten,2
2024-12-31,2024,12,januari 2024 - december 2024,Dec 2024,Installateur elektrotechnische basiscomponenten,7
2025-12-31,2025,12,januari 2025 - december 2025,Dec 2025,Installateur elektrotechnische basiscomponenten,2
2026-04-30,2026,4,mei 2025 - april 2026,Apr 2026,Installateur elektrotechnische basiscomponenten,7
2017-12-31,2017,12,januari 2017 - december 2017,Dec 2017,Installateur energiemanagementsystemen,2
2018-12-31,2018,12,januari 2018 - december 2018,Dec 2018,Installateur energiemanagementsystemen,2
2019-12-31,2019,12,januari 2019 - december 2019,Dec 2019,Installateur energiemanagementsystemen,13
2020-12-31,2020,12,januari 2020 - december 2020,Dec 2020,Installateur energiemanagementsystemen,13
2021-12-31,2021,12,januari 2021 - december 2021,Dec 2021,Installateur energiemanagementsystemen,123
2022-12-31,2022,12,januari 2022 - december 2022,Dec 2022,Installateur energiemanagementsystemen,218
2023-12-31,2023,12,januari 2023 - december 2023,Dec 2023,Installateur energiemanagementsystemen,316
2024-12-31,2024,12,januari 2024 - december 2024,Dec 2024,Installateur energiemanagementsystemen,209
2025-12-31,2025,12,januari 2025 - december 2025,Dec 2025,Installateur energiemanagementsystemen,135
2026-04-30,2026,4,mei 2025 - april 2026,Apr 2026,Installateur energiemanagementsystemen,102
2017-12-31,2017,12,januari 2017 - december 2017,Dec 2017,Installateur gebouwenautomatisering,3
2018-12-31,2018,12,januari 2018 - december 2018,Dec 2018,Installateur gebouwenautomatisering,1
2019-12-31,2019,12,januari 2019 - december 2019,Dec 2019,Installateur gebouwenautomatisering,0
2020-12-31,2020,12,januari 2020 - december 2020,Dec 2020,Installateur gebouwenautomatisering,5
2023-12-31,2023,12,januari 2023 - december 2023,Dec 2023,Installateur gebouwenautomatisering,1
2024-12-31,2024,12,januari 2024 - december 2024,Dec 2024,Installateur gebouwenautomatisering,0
2025-12-31,2025,12,januari 2025 - december 2025,Dec 2025,Installateur gebouwenautomatisering,0
2026-04-30,2026,4,mei 2025 - april 2026,Apr 2026,Installateur gebouwenautomatisering,3
2017-12-31,2017,12,januari 2017 - december 2017,Dec 2017,Installateur nutsvoorzieningen,51
2018-12-31,2018,12,januari 2018 - december 2018,Dec 2018,Installateur nutsvoorzieningen,101
2019-12-31,2019,12,januari 2019 - december 2019,Dec 2019,Installateur nutsvoorzieningen,69
2020-12-31,2020,12,januari 2020 - december 2020,Dec 2020,Installateur nutsvoorzieningen,61
2021-12-31,2021,12,januari 2021 - december 2021,Dec 2021,Installateur nutsvoorzieningen,37
2022-12-31,2022,12,januari 2022 - december 2022,Dec 2022,Installateur nutsvoorzieningen,59
2023-12-31,2023,12,januari 2023 - december 2023,Dec 2023,Installateur nutsvoorzieningen,67
2024-12-31,2024,12,januari 2024 - december 2024,Dec 2024,Installateur nutsvoorzieningen,72
2025-12-31,2025,12,januari 2025 - december 2025,Dec 2025,Installateur nutsvoorzieningen,63
2026-04-30,2026,4,mei 2025 - april 2026,Apr 2026,Installateur nutsvoorzieningen,76
2017-12-31,2017,12,januari 2017 - december 2017,Dec 2017,Insteller-omsteller plaatbewerking,15
2018-12-31,2018,12,januari 2018 - december 2018,Dec 2018,Insteller-omsteller plaatbewerking,15
2019-12-31,2019,12,januari 2019 - december 2019,Dec 2019,Insteller-omsteller plaatbewerking,10
2020-12-31,2020,12,januari 2020 - december 2020,Dec 2020,Insteller-omsteller plaatbewerking,11
2021-12-31,2021,12,januari 2021 - december 2021,Dec 2021,Insteller-omsteller plaatbewerking,9
2022-12-31,2022,12,januari 2022 - december 2022,Dec 2022,Insteller-omsteller plaatbewerking,10
2023-12-31,2023,12,januari 2023 - december 2023,Dec 2023,Insteller-omsteller plaatbewerking,11
2024-12-31,2024,12,januari 2024 - december 2024,Dec 2024,Insteller-omsteller plaatbewerking,2
2025-12-31,2025,12,januari 2025 - december 2025,Dec 2025,Insteller-omsteller plaatbewerking,8
2026-04-30,2026,4,mei 2025 - april 2026,Apr 2026,Insteller-omsteller plaatbewerking,10
2017-12-31,2017,12,januari 2017 - december 2017,Dec 2017,Insteller-omsteller verspaning,91
2018-12-31,2018,12,januari 2018 - december 2018,Dec 2018,Insteller-omsteller verspaning,138
2019-12-31,2019,12,januari 2019 - december 2019,Dec 2019,Insteller-omsteller verspaning,56
2020-12-31,2020,12,januari 2020 - december 2020,Dec 2020,Insteller-omsteller verspaning,47
2021-12-31,2021,12,januari 2021 - december 2021,Dec 2021,Insteller-omsteller verspaning,90
2022-12-31,2022,12,januari 2022 - december 2022,Dec 2022,Insteller-omsteller verspaning,150
2023-12-31,2023,12,januari 2023 - december 2023,Dec 2023,Insteller-omsteller verspaning,46
2024-12-31,2024,12,januari 2024 - december 2024,Dec 2024,Insteller-omsteller verspaning,64
2025-12-31,2025,12,januari 2025 - december 2025,Dec 2025,Insteller-omsteller verspaning,52
2026-04-30,2026,4,mei 2025 - april 2026,Apr 2026,Insteller-omsteller verspaning,31
2017-12-31,2017,12,januari 2017 - december 2017,Dec 2017,Integratie expert ICT,6
2018-12-31,2018,12,januari 2018 - december 2018,Dec 2018,Integratie expert ICT,7
2019-12-31,2019,12,januari 2019 - december 2019,Dec 2019,Integratie expert ICT,10
2020-12-31,2020,12,januari 2020 - december 2020,Dec 2020,Integratie expert ICT,12
2021-12-31,2021,12,januari 2021 - december 2021,Dec 2021,Integratie expert ICT,23
2022-12-31,2022,12,januari 2022 - december 2022,Dec 2022,Integratie expert ICT,26
2023-12-31,2023,12,januari 2023 - december 2023,Dec 2023,Integratie expert ICT,27
2024-12-31,2024,12,januari 2024 - december 2024,Dec 2024,Integratie expert ICT,21
2025-12-31,2025,12,januari 2025 - december 2025,Dec 2025,Integratie expert ICT,26
2026-04-30,2026,4,mei 2025 - april 2026,Apr 2026,Integratie expert ICT,35
2017-12-31,2017,12,januari 2017 - december 2017,Dec 2017,Interieurarchitect interieurvormgever,56
2018-12-31,2018,12,januari 2018 - december 2018,Dec 2018,Interieurarchitect interieurvormgever,60
2019-12-31,2019,12,januari 2019 - december 2019,Dec 2019,Interieurarchitect interieurvormgever,81
2020-12-31,2020,12,januari 2020 - december 2020,Dec 2020,Interieurarchitect interieurvormgever,40
2021-12-31,2021,12,januari 2021 - december 2021,Dec 2021,Interieurarchitect interieurvormgever,71
2022-12-31,2022,12,januari 2022 - december 2022,Dec 2022,Interieurarchitect interieurvormgever,51
2023-12-31,2023,12,januari 2023 - december 2023,Dec 2023,Interieurarchitect interieurvormgever,27
2024-12-31,2024,12,januari 2024 - december 2024,Dec 2024,Interieurarchitect interieurvormgever,37
2025-12-31,2025,12,januari 2025 - december 2025,Dec 2025,Interieurarchitect interieurvormgever,46
2026-04-30,2026,4,mei 2025 - april 2026,Apr 2026,Interieurarchitect interieurvormgever,54
2017-12-31,2017,12,januari 2017 - december 2017,Dec 2017,Interieurbouwer,305
2018-12-31,2018,12,januari 2018 - december 2018,Dec 2018,Interieurbouwer,348
2019-12-31,2019,12,januari 2019 - december 2019,Dec 2019,Interieurbouwer,290
2020-12-31,2020,12,januari 2020 - december 2020,Dec 2020,Interieurbouwer,236
2021-12-31,2021,12,januari 2021 - december 2021,Dec 2021,Interieurbouwer,424
2022-12-31,2022,12,januari 2022 - december 2022,Dec 2022,Interieurbouwer,270
2023-12-31,2023,12,januari 2023 - december 2023,Dec 2023,Interieurbouwer,299
2024-12-31,2024,12,januari 2024 - december 2024,Dec 2024,Interieurbouwer,183
2025-12-31,2025,12,januari 2025 - december 2025,Dec 2025,Interieurbouwer,231
2026-04-30,2026,4,mei 2025 - april 2026,Apr 2026,Interieurbouwer,224
2017-12-31,2017,12,januari 2017 - december 2017,Dec 2017,Isoleerder ruwbouw en dak,56
2018-12-31,2018,12,januari 2018 - december 2018,Dec 2018,Isoleerder ruwbouw en dak,22
2019-12-31,2019,12,januari 2019 - december 2019,Dec 2019,Isoleerder ruwbouw en dak,46
2020-12-31,2020,12,januari 2020 - december 2020,Dec 2020,Isoleerder ruwbouw en dak,34
2021-12-31,2021,12,januari 2021 - december 2021,Dec 2021,Isoleerder ruwbouw en dak,31
2022-12-31,2022,12,januari 2022 - december 2022,Dec 2022,Isoleerder ruwbouw en dak,37
2023-12-31,2023,12,januari 2023 - december 2023,Dec 2023,Isoleerder ruwbouw en dak,49
2024-12-31,2024,12,januari 2024 - december 2024,Dec 2024,Isoleerder ruwbouw en dak,20
2025-12-31,2025,12,januari 2025 - december 2025,Dec 2025,Isoleerder ruwbouw en dak,10
2026-04-30,2026,4,mei 2025 - april 2026,Apr 2026,Isoleerder ruwbouw en dak,11
2022-12-31,2022,12,januari 2022 - december 2022,Dec 2022,Journalist-redacteur,5
2023-12-31,2023,12,januari 2023 - december 2023,Dec 2023,Journalist-redacteur,2
2024-12-31,2024,12,januari 2024 - december 2024,Dec 2024,Journalist-redacteur,1
2025-12-31,2025,12,januari 2025 - december 2025,Dec 2025,Journalist-redacteur,2
2026-04-30,2026,4,mei 2025 - april 2026,Apr 2026,Journalist-redacteur,1
2017-12-31,2017,12,januari 2017 - december 2017,Dec 2017,Juridisch medewerker,2
2018-12-31,2018,12,januari 2018 - december 2018,Dec 2018,Juridisch medewerker,15
2019-12-31,2019,12,januari 2019 - december 2019,Dec 2019,Juridisch medewerker,24
2020-12-31,2020,12,januari 2020 - december 2020,Dec 2020,Juridisch medewerker,3
2021-12-31,2021,12,januari 2021 - december 2021,Dec 2021,Juridisch medewerker,6
2022-12-31,2022,12,januari 2022 - december 2022,Dec 2022,Juridisch medewerker,8
2023-12-31,2023,12,januari 2023 - december 2023,Dec 2023,Juridisch medewerker,11
2024-12-31,2024,12,januari 2024 - december 2024,Dec 2024,Juridisch medewerker,6
2025-12-31,2025,12,januari 2025 - december 2025,Dec 2025,Juridisch medewerker,3
2026-04-30,2026,4,mei 2025 - april 2026,Apr 2026,Juridisch medewerker,2
2017-12-31,2017,12,januari 2017 - december 2017,Dec 2017,Jurist,2
2018-12-31,2018,12,januari 2018 - december 2018,Dec 2018,Jurist,8
2019-12-31,2019,12,januari 2019 - december 2019,Dec 2019,Jurist,15
2020-12-31,2020,12,januari 2020 - december 2020,Dec 2020,Jurist,7
2021-12-31,2021,12,januari 2021 - december 2021,Dec 2021,Jurist,10
2022-12-31,2022,12,januari 2022 - december 2022,Dec 2022,Jurist,16
2023-12-31,2023,12,januari 2023 - december 2023,Dec 2023,Jurist,13
2024-12-31,2024,12,januari 2024 - december 2024,Dec 2024,Jurist,11
2025-12-31,2025,12,januari 2025 - december 2025,Dec 2025,Jurist,30
2026-04-30,2026,4,mei 2025 - april 2026,Apr 2026,Jurist,26
2017-12-31,2017,12,januari 2017 - december 2017,Dec 2017,Kamerjongen-Kamermeisje,3
2018-12-31,2018,12,januari 2018 - december 2018,Dec 2018,Kamerjongen-Kamermeisje,3
2024-12-31,2024,12,januari 2024 - december 2024,Dec 2024,Kantoorverantwoordelijke in de financiële sector,1
2019-12-31,2019,12,januari 2019 - december 2019,Dec 2019,Kapper,1
2021-12-31,2021,12,januari 2021 - december 2021,Dec 2021,Kapper,2
2023-12-31,2023,12,januari 2023 - december 2023,Dec 2023,Kapper,2
2024-12-31,2024,12,januari 2024 - december 2024,Dec 2024,Kapper,1
2025-12-31,2025,12,januari 2025 - december 2025,Dec 2025,Kapper,7
2026-04-30,2026,4,mei 2025 - april 2026,Apr 2026,Kapper,7
2017-12-31,2017,12,januari 2017 - december 2017,Dec 2017,Kelner,1
2018-12-31,2018,12,januari 2018 - december 2018,Dec 2018,Kelner,8
2019-12-31,2019,12,januari 2019 - december 2019,Dec 2019,Kelner,6
2020-12-31,2020,12,januari 2020 - december 2020,Dec 2020,Kelner,1
2021-12-31,2021,12,januari 2021 - december 2021,Dec 2021,Kelner,6
2022-12-31,2022,12,januari 2022 - december 2022,Dec 2022,Kelner,7
2023-12-31,2023,12,januari 2023 - december 2023,Dec 2023,Kelner,5
2025-12-31,2025,12,januari 2025 - december 2025,Dec 2025,Kelner,11
2026-04-30,2026,4,mei 2025 - april 2026,Apr 2026,Kelner,6
2018-12-31,2018,12,januari 2018 - december 2018,Dec 2018,Keukenmedewerker,1
2019-12-31,2019,12,januari 2019 - december 2019,Dec 2019,Keukenmedewerker,5
2020-12-31,2020,12,januari 2020 - december 2020,Dec 2020,Keukenmedewerker,3
2021-12-31,2021,12,januari 2021 - december 2021,Dec 2021,Keukenmedewerker,7
2022-12-31,2022,12,januari 2022 - december 2022,Dec 2022,Keukenmedewerker,2
2023-12-31,2023,12,januari 2023 - december 2023,Dec 2023,Keukenmedewerker,1
2024-12-31,2024,12,januari 2024 - december 2024,Dec 2024,Keukenmedewerker,2
2025-12-31,2025,12,januari 2025 - december 2025,Dec 2025,Keukenmedewerker,14
2026-04-30,2026,4,mei 2025 - april 2026,Apr 2026,Keukenmedewerker,8
2023-12-31,2023,12,januari 2023 - december 2023,Dec 2023,Keukenverantwoordelijke,1
2025-12-31,2025,12,januari 2025 - december 2025,Dec 2025,Keukenverantwoordelijke,6
2026-04-30,2026,4,mei 2025 - april 2026,Apr 2026,Keukenverantwoordelijke,3
2017-12-31,2017,12,januari 2017 - december 2017,Dec 2017,Kinderbegeleider baby's en peuters,3
2018-12-31,2018,12,januari 2018 - december 2018,Dec 2018,Kinderbegeleider baby's en peuters,0
2021-12-31,2021,12,januari 2021 - december 2021,Dec 2021,Kinderbegeleider baby's en peuters,1
2022-12-31,2022,12,januari 2022 - december 2022,Dec 2022,Kinderbegeleider baby's en peuters,2
2023-12-31,2023,12,januari 2023 - december 2023,Dec 2023,Kinderbegeleider baby's en peuters,3
2024-12-31,2024,12,januari 2024 - december 2024,Dec 2024,Kinderbegeleider baby's en peuters,1
2025-12-31,2025,12,januari 2025 - december 2025,Dec 2025,Kinderbegeleider baby's en peuters,0
2017-12-31,2017,12,januari 2017 - december 2017,Dec 2017,Kinderbegeleider schoolgaande kinderen,1
2021-12-31,2021,12,januari 2021 - december 2021,Dec 2021,Kinderbegeleider schoolgaande kinderen,3
2022-12-31,2022,12,januari 2022 - december 2022,Dec 2022,Kinderbegeleider schoolgaande kinderen,18
2023-12-31,2023,12,januari 2023 - december 2023,Dec 2023,Kinderbegeleider schoolgaande kinderen,9
2024-12-31,2024,12,januari 2024 - december 2024,Dec 2024,Kinderbegeleider schoolgaande kinderen,8
2025-12-31,2025,12,januari 2025 - december 2025,Dec 2025,Kinderbegeleider schoolgaande kinderen,1
2021-12-31,2021,12,januari 2021 - december 2021,Dec 2021,Kinesitherapeut,1
2022-12-31,2022,12,januari 2022 - december 2022,Dec 2022,Kinesitherapeut,2
2023-12-31,2023,12,januari 2023 - december 2023,Dec 2023,Kleermaker,1
2017-12-31,2017,12,januari 2017 - december 2017,Dec 2017,Koeltechnicus,83
2018-12-31,2018,12,januari 2018 - december 2018,Dec 2018,Koeltechnicus,119
2019-12-31,2019,12,januari 2019 - december 2019,Dec 2019,Koeltechnicus,111
2020-12-31,2020,12,januari 2020 - december 2020,Dec 2020,Koeltechnicus,166
2021-12-31,2021,12,januari 2021 - december 2021,Dec 2021,Koeltechnicus,161
2022-12-31,2022,12,januari 2022 - december 2022,Dec 2022,Koeltechnicus,209
2023-12-31,2023,12,januari 2023 - december 2023,Dec 2023,Koeltechnicus,139
2024-12-31,2024,12,januari 2024 - december 2024,Dec 2024,Koeltechnicus,95
2025-12-31,2025,12,januari 2025 - december 2025,Dec 2025,Koeltechnicus,116
2026-04-30,2026,4,mei 2025 - april 2026,Apr 2026,Koeltechnicus,155
2017-12-31,2017,12,januari 2017 - december 2017,Dec 2017,Koerier besteller,25
2018-12-31,2018,12,januari 2018 - december 2018,Dec 2018,Koerier besteller,13
2019-12-31,2019,12,januari 2019 - december 2019,Dec 2019,Koerier besteller,13
2020-12-31,2020,12,januari 2020 - december 2020,Dec 2020,Koerier besteller,7
2021-12-31,2021,12,januari 2021 - december 2021,Dec 2021,Koerier besteller,6
2022-12-31,2022,12,januari 2022 - december 2022,Dec 2022,Koerier besteller,16
2023-12-31,2023,12,januari 2023 - december 2023,Dec 2023,Koerier besteller,1
2024-12-31,2024,12,januari 2024 - december 2024,Dec 2024,Koerier besteller,6
2025-12-31,2025,12,januari 2025 - december 2025,Dec 2025,Koerier besteller,2
2026-04-30,2026,4,mei 2025 - april 2026,Apr 2026,Koerier besteller,3
2017-12-31,2017,12,januari 2017 - december 2017,Dec 2017,Kok,2
2018-12-31,2018,12,januari 2018 - december 2018,Dec 2018,Kok,3
2019-12-31,2019,12,januari 2019 - december 2019,Dec 2019,Kok,1
2021-12-31,2021,12,januari 2021 - december 2021,Dec 2021,Kok,2
2022-12-31,2022,12,januari 2022 - december 2022,Dec 2022,Kok,0
2023-12-31,2023,12,januari 2023 - december 2023,Dec 2023,Kok,9
2024-12-31,2024,12,januari 2024 - december 2024,Dec 2024,Kok,4
2025-12-31,2025,12,januari 2025 - december 2025,Dec 2025,Kok,8
2026-04-30,2026,4,mei 2025 - april 2026,Apr 2026,Kok,8
2017-12-31,2017,12,januari 2017 - december 2017,Dec 2017,Kraanbestuurder,181
2018-12-31,2018,12,januari 2018 - december 2018,Dec 2018,Kraanbestuurder,242
2019-12-31,2019,12,januari 2019 - december 2019,Dec 2019,Kraanbestuurder,251
2020-12-31,2020,12,januari 2020 - december 2020,Dec 2020,Kraanbestuurder,186
2021-12-31,2021,12,januari 2021 - december 2021,Dec 2021,Kraanbestuurder,238
2022-12-31,2022,12,januari 2022 - december 2022,Dec 2022,Kraanbestuurder,345
2023-12-31,2023,12,januari 2023 - december 2023,Dec 2023,Kraanbestuurder,267
2024-12-31,2024,12,januari 2024 - december 2024,Dec 2024,Kraanbestuurder,215
2025-12-31,2025,12,januari 2025 - december 2025,Dec 2025,Kraanbestuurder,249
2026-04-30,2026,4,mei 2025 - april 2026,Apr 2026,Kraanbestuurder,245
2022-12-31,2022,12,januari 2022 - december 2022,Dec 2022,Landbouwkundig adviseur,1
2017-12-31,2017,12,januari 2017 - december 2017,Dec 2017,Landmeter,27
2018-12-31,2018,12,januari 2018 - december 2018,Dec 2018,Landmeter,28
2019-12-31,2019,12,januari 2019 - december 2019,Dec 2019,Landmeter,38
2020-12-31,2020,12,januari 2020 - december 2020,Dec 2020,Landmeter,31
2021-12-31,2021,12,januari 2021 - december 2021,Dec 2021,Landmeter,59
2022-12-31,2022,12,januari 2022 - december 2022,Dec 2022,Landmeter,24
2023-12-31,2023,12,januari 2023 - december 2023,Dec 2023,Landmeter,30
2024-12-31,2024,12,januari 2024 - december 2024,Dec 2024,Landmeter,32
2025-12-31,2025,12,januari 2025 - december 2025,Dec 2025,Landmeter,28
2026-04-30,2026,4,mei 2025 - april 2026,Apr 2026,Landmeter,28
2017-12-31,2017,12,januari 2017 - december 2017,Dec 2017,Landschapsarchitect,5
2018-12-31,2018,12,januari 2018 - december 2018,Dec 2018,Landschapsarchitect,2
2019-12-31,2019,12,januari 2019 - december 2019,Dec 2019,Landschapsarchitect,3
2020-12-31,2020,12,januari 2020 - december 2020,Dec 2020,Landschapsarchitect,4
2021-12-31,2021,12,januari 2021 - december 2021,Dec 2021,Landschapsarchitect,5
2024-12-31,2024,12,januari 2024 - december 2024,Dec 2024,Landschapsarchitect,1
2025-12-31,2025,12,januari 2025 - december 2025,Dec 2025,Landschapsarchitect,3
2026-04-30,2026,4,mei 2025 - april 2026,Apr 2026,Landschapsarchitect,4
2024-12-31,2024,12,januari 2024 - december 2024,Dec 2024,Leerkracht lager onderwijs,1
2021-12-31,2021,12,januari 2021 - december 2021,Dec 2021,Leerkracht secundair onderwijs,2
2022-12-31,2022,12,januari 2022 - december 2022,Dec 2022,Leerkracht secundair onderwijs,2
2023-12-31,2023,12,januari 2023 - december 2023,Dec 2023,Leerkracht secundair onderwijs,1
2024-12-31,2024,12,januari 2024 - december 2024,Dec 2024,Leidinggevende milieuzorg en sanering,1
2025-12-31,2025,12,januari 2025 - december 2025,Dec 2025,Leidinggevende milieuzorg en sanering,1
2026-04-30,2026,4,mei 2025 - april 2026,Apr 2026,Leidinggevende milieuzorg en sanering,0
2023-12-31,2023,12,januari 2023 - december 2023,Dec 2023,Leidinggevende onderwijsinstelling,1
2017-12-31,2017,12,januari 2017 - december 2017,Dec 2017,Leidinggevende schoonmaak,0
2021-12-31,2021,12,januari 2021 - december 2021,Dec 2021,Leidinggevende schoonmaak,5
2022-12-31,2022,12,januari 2022 - december 2022,Dec 2022,Leidinggevende schoonmaak,5
2023-12-31,2023,12,januari 2023 - december 2023,Dec 2023,Leidinggevende schoonmaak,2
2024-12-31,2024,12,januari 2024 - december 2024,Dec 2024,Leidinggevende schoonmaak,3
2025-12-31,2025,12,januari 2025 - december 2025,Dec 2025,Leidinggevende schoonmaak,0
2026-04-30,2026,4,mei 2025 - april 2026,Apr 2026,Leidinggevende schoonmaak,0
2017-12-31,2017,12,januari 2017 - december 2017,Dec 2017,Lifttechnicus,32
2018-12-31,2018,12,januari 2018 - december 2018,Dec 2018,Lifttechnicus,33
2019-12-31,2019,12,januari 2019 - december 2019,Dec 2019,Lifttechnicus,19
2020-12-31,2020,12,januari 2020 - december 2020,Dec 2020,Lifttechnicus,28
2021-12-31,2021,12,januari 2021 - december 2021,Dec 2021,Lifttechnicus,60
2022-12-31,2022,12,januari 2022 - december 2022,Dec 2022,Lifttechnicus,197
2023-12-31,2023,12,januari 2023 - december 2023,Dec 2023,Lifttechnicus,123
2024-12-31,2024,12,januari 2024 - december 2024,Dec 2024,Lifttechnicus,67
2025-12-31,2025,12,januari 2025 - december 2025,Dec 2025,Lifttechnicus,75
2026-04-30,2026,4,mei 2025 - april 2026,Apr 2026,Lifttechnicus,60
2022-12-31,2022,12,januari 2022 - december 2022,Dec 2022,Logistiek assistent in zorginstellingen,1
2023-12-31,2023,12,januari 2023 - december 2023,Dec 2023,Logistiek assistent in zorginstellingen,2
2024-12-31,2024,12,januari 2024 - december 2024,Dec 2024,Logistiek assistent in zorginstellingen,4
2017-12-31,2017,12,januari 2017 - december 2017,Dec 2017,Logistiek verantwoordelijke,84
2018-12-31,2018,12,januari 2018 - december 2018,Dec 2018,Logistiek verantwoordelijke,52
2019-12-31,2019,12,januari 2019 - december 2019,Dec 2019,Logistiek verantwoordelijke,18
2020-12-31,2020,12,januari 2020 - december 2020,Dec 2020,Logistiek verantwoordelijke,21
2021-12-31,2021,12,januari 2021 - december 2021,Dec 2021,Logistiek verantwoordelijke,26
2022-12-31,2022,12,januari 2022 - december 2022,Dec 2022,Logistiek verantwoordelijke,34
2023-12-31,2023,12,januari 2023 - december 2023,Dec 2023,Logistiek verantwoordelijke,29
2024-12-31,2024,12,januari 2024 - december 2024,Dec 2024,Logistiek verantwoordelijke,33
2025-12-31,2025,12,januari 2025 - december 2025,Dec 2025,Logistiek verantwoordelijke,50
2026-04-30,2026,4,mei 2025 - april 2026,Apr 2026,Logistiek verantwoordelijke,55
2022-12-31,2022,12,januari 2022 - december 2022,Dec 2022,Maatschappelijk werker,9
2023-12-31,2023,12,januari 2023 - december 2023,Dec 2023,Maatschappelijk werker,12
2024-12-31,2024,12,januari 2024 - december 2024,Dec 2024,Maatschappelijk werker,12
2025-12-31,2025,12,januari 2025 - december 2025,Dec 2025,Maatschappelijk werker,1
2017-12-31,2017,12,januari 2017 - december 2017,Dec 2017,Machinaal houtbewerker,6
2018-12-31,2018,12,januari 2018 - december 2018,Dec 2018,Machinaal houtbewerker,4
2019-12-31,2019,12,januari 2019 - december 2019,Dec 2019,Machinaal houtbewerker,3
2020-12-31,2020,12,januari 2020 - december 2020,Dec 2020,Machinaal houtbewerker,2
2021-12-31,2021,12,januari 2021 - december 2021,Dec 2021,Machinaal houtbewerker,1
2022-12-31,2022,12,januari 2022 - december 2022,Dec 2022,Machinaal houtbewerker,5
2023-12-31,2023,12,januari 2023 - december 2023,Dec 2023,Machinaal houtbewerker,1
2024-12-31,2024,12,januari 2024 - december 2024,Dec 2024,Machinaal houtbewerker,0
2025-12-31,2025,12,januari 2025 - december 2025,Dec 2025,Machinaal houtbewerker,5
2026-04-30,2026,4,mei 2025 - april 2026,Apr 2026,Machinaal houtbewerker,3
2017-12-31,2017,12,januari 2017 - december 2017,Dec 2017,Machinebouwer,19
2018-12-31,2018,12,januari 2018 - december 2018,Dec 2018,Machinebouwer,25
2019-12-31,2019,12,januari 2019 - december 2019,Dec 2019,Machinebouwer,0
2020-12-31,2020,12,januari 2020 - december 2020,Dec 2020,Machinebouwer,3
2021-12-31,2021,12,januari 2021 - december 2021,Dec 2021,Machinebouwer,5
2022-12-31,2022,12,januari 2022 - december 2022,Dec 2022,Machinebouwer,3
2023-12-31,2023,12,januari 2023 - december 2023,Dec 2023,Machinebouwer,4
2024-12-31,2024,12,januari 2024 - december 2024,Dec 2024,Machinebouwer,4
2025-12-31,2025,12,januari 2025 - december 2025,Dec 2025,Machinebouwer,2
2026-04-30,2026,4,mei 2025 - april 2026,Apr 2026,Machinebouwer,11
2017-12-31,2017,12,januari 2017 - december 2017,Dec 2017,Magazijnbeheerder,13
2018-12-31,2018,12,januari 2018 - december 2018,Dec 2018,Magazijnbeheerder,20
2019-12-31,2019,12,januari 2019 - december 2019,Dec 2019,Magazijnbeheerder,22
2020-12-31,2020,12,januari 2020 - december 2020,Dec 2020,Magazijnbeheerder,31
2021-12-31,2021,12,januari 2021 - december 2021,Dec 2021,Magazijnbeheerder,34
2022-12-31,2022,12,januari 2022 - december 2022,Dec 2022,Magazijnbeheerder,46
2023-12-31,2023,12,januari 2023 - december 2023,Dec 2023,Magazijnbeheerder,25
2024-12-31,2024,12,januari 2024 - december 2024,Dec 2024,Magazijnbeheerder,23
2025-12-31,2025,12,januari 2025 - december 2025,Dec 2025,Magazijnbeheerder,37
2026-04-30,2026,4,mei 2025 - april 2026,Apr 2026,Magazijnbeheerder,53
2017-12-31,2017,12,januari 2017 - december 2017,Dec 2017,Magazijnmedewerker,219
2018-12-31,2018,12,januari 2018 - december 2018,Dec 2018,Magazijnmedewerker,349
2019-12-31,2019,12,januari 2019 - december 2019,Dec 2019,Magazijnmedewerker,235
2020-12-31,2020,12,januari 2020 - december 2020,Dec 2020,Magazijnmedewerker,219
2021-12-31,2021,12,januari 2021 - december 2021,Dec 2021,Magazijnmedewerker,291
2022-12-31,2022,12,januari 2022 - december 2022,Dec 2022,Magazijnmedewerker,321
2023-12-31,2023,12,januari 2023 - december 2023,Dec 2023,Magazijnmedewerker,348
2024-12-31,2024,12,januari 2024 - december 2024,Dec 2024,Magazijnmedewerker,253
2025-12-31,2025,12,januari 2025 - december 2025,Dec 2025,Magazijnmedewerker,258
2026-04-30,2026,4,mei 2025 - april 2026,Apr 2026,Magazijnmedewerker,238
2017-12-31,2017,12,januari 2017 - december 2017,Dec 2017,Managementassistent,46
2018-12-31,2018,12,januari 2018 - december 2018,Dec 2018,Managementassistent,43
2019-12-31,2019,12,januari 2019 - december 2019,Dec 2019,Managementassistent,38
2020-12-31,2020,12,januari 2020 - december 2020,Dec 2020,Managementassistent,56
2021-12-31,2021,12,januari 2021 - december 2021,Dec 2021,Managementassistent,51
2022-12-31,2022,12,januari 2022 - december 2022,Dec 2022,Managementassistent,87
2023-12-31,2023,12,januari 2023 - december 2023,Dec 2023,Managementassistent,57
2024-12-31,2024,12,januari 2024 - december 2024,Dec 2024,Managementassistent,52
2025-12-31,2025,12,januari 2025 - december 2025,Dec 2025,Managementassistent,53
2026-04-30,2026,4,mei 2025 - april 2026,Apr 2026,Managementassistent,49
2017-12-31,2017,12,januari 2017 - december 2017,Dec 2017,Manueel lasser,188
2018-12-31,2018,12,januari 2018 - december 2018,Dec 2018,Manueel lasser,232
2019-12-31,2019,12,januari 2019 - december 2019,Dec 2019,Manueel lasser,207
2020-12-31,2020,12,januari 2020 - december 2020,Dec 2020,Manueel lasser,120
2021-12-31,2021,12,januari 2021 - december 2021,Dec 2021,Manueel lasser,160
2022-12-31,2022,12,januari 2022 - december 2022,Dec 2022,Manueel lasser,296
2023-12-31,2023,12,januari 2023 - december 2023,Dec 2023,Manueel lasser,175
2024-12-31,2024,12,januari 2024 - december 2024,Dec 2024,Manueel lasser,127
2025-12-31,2025,12,januari 2025 - december 2025,Dec 2025,Manueel lasser,151
2026-04-30,2026,4,mei 2025 - april 2026,Apr 2026,Manueel lasser,167
2018-12-31,2018,12,januari 2018 - december 2018,Dec 2018,Marketing assistent,9
2020-12-31,2020,12,januari 2020 - december 2020,Dec 2020,Marketing assistent,1
2021-12-31,2021,12,januari 2021 - december 2021,Dec 2021,Marketing assistent,5
2022-12-31,2022,12,januari 2022 - december 2022,Dec 2022,Marketing assistent,1
2023-12-31,2023,12,januari 2023 - december 2023,Dec 2023,Marketing assistent,1
2025-12-31,2025,12,januari 2025 - december 2025,Dec 2025,Marketing assistent,1
2026-04-30,2026,4,mei 2025 - april 2026,Apr 2026,Marketing assistent,4
2017-12-31,2017,12,januari 2017 - december 2017,Dec 2017,Marketingmanager,28
2018-12-31,2018,12,januari 2018 - december 2018,Dec 2018,Marketingmanager,23
2019-12-31,2019,12,januari 2019 - december 2019,Dec 2019,Marketingmanager,15
2020-12-31,2020,12,januari 2020 - december 2020,Dec 2020,Marketingmanager,20
2021-12-31,2021,12,januari 2021 - december 2021,Dec 2021,Marketingmanager,42
2022-12-31,2022,12,januari 2022 - december 2022,Dec 2022,Marketingmanager,44
2023-12-31,2023,12,januari 2023 - december 2023,Dec 2023,Marketingmanager,29
2024-12-31,2024,12,januari 2024 - december 2024,Dec 2024,Marketingmanager,30
2025-12-31,2025,12,januari 2025 - december 2025,Dec 2025,Marketingmanager,37
2026-04-30,2026,4,mei 2025 - april 2026,Apr 2026,Marketingmanager,19
2019-12-31,2019,12,januari 2019 - december 2019,Dec 2019,Marktonderzoeker,1
2020-12-31,2020,12,januari 2020 - december 2020,Dec 2020,Marktonderzoeker,4
2021-12-31,2021,12,januari 2021 - december 2021,Dec 2021,Marktonderzoeker,1
2022-12-31,2022,12,januari 2022 - december 2022,Dec 2022,Marktonderzoeker,4
2023-12-31,2023,12,januari 2023 - december 2023,Dec 2023,Marktonderzoeker,9
2024-12-31,2024,12,januari 2024 - december 2024,Dec 2024,Marktonderzoeker,2
2025-12-31,2025,12,januari 2025 - december 2025,Dec 2025,Marktonderzoeker,10
2026-04-30,2026,4,mei 2025 - april 2026,Apr 2026,Marktonderzoeker,3
2018-12-31,2018,12,januari 2018 - december 2018,Dec 2018,Matrijswisselaar,1
2019-12-31,2019,12,januari 2019 - december 2019,Dec 2019,Matroos binnenscheepvaart,1
2020-12-31,2020,12,januari 2020 - december 2020,Dec 2020,Matroos binnenscheepvaart,0
2021-12-31,2021,12,januari 2021 - december 2021,Dec 2021,Matroos binnenscheepvaart,0
2024-12-31,2024,12,januari 2024 - december 2024,Dec 2024,Matroos binnenscheepvaart,4
2025-12-31,2025,12,januari 2025 - december 2025,Dec 2025,Matroos binnenscheepvaart,0
2017-12-31,2017,12,januari 2017 - december 2017,Dec 2017,Maître d'hôtel,2
2019-12-31,2019,12,januari 2019 - december 2019,Dec 2019,Maître d'hôtel,1
2020-12-31,2020,12,januari 2020 - december 2020,Dec 2020,Maître d'hôtel,2
2021-12-31,2021,12,januari 2021 - december 2021,Dec 2021,Maître d'hôtel,4
2022-12-31,2022,12,januari 2022 - december 2022,Dec 2022,Maître d'hôtel,0
2021-12-31,2021,12,januari 2021 - december 2021,Dec 2021,Medewerker assemblage houten verpakkingen en palletten,1
2025-12-31,2025,12,januari 2025 - december 2025,Dec 2025,Medewerker assemblage houten verpakkingen en palletten,2
2026-04-30,2026,4,mei 2025 - april 2026,Apr 2026,Medewerker assemblage houten verpakkingen en palletten,2
2017-12-31,2017,12,januari 2017 - december 2017,Dec 2017,Medewerker communicatie,1
2019-12-31,2019,12,januari 2019 - december 2019,Dec 2019,Medewerker communicatie,6
2020-12-31,2020,12,januari 2020 - december 2020,Dec 2020,Medewerker communicatie,4
2021-12-31,2021,12,januari 2021 - december 2021,Dec 2021,Medewerker communicatie,5
2022-12-31,2022,12,januari 2022 - december 2022,Dec 2022,Medewerker communicatie,6
2023-12-31,2023,12,januari 2023 - december 2023,Dec 2023,Medewerker communicatie,9
2024-12-31,2024,12,januari 2024 - december 2024,Dec 2024,Medewerker communicatie,7
2025-12-31,2025,12,januari 2025 - december 2025,Dec 2025,Medewerker communicatie,6
2026-04-30,2026,4,mei 2025 - april 2026,Apr 2026,Medewerker communicatie,6
2017-12-31,2017,12,januari 2017 - december 2017,Dec 2017,Medewerker fastfood,3
2018-12-31,2018,12,januari 2018 - december 2018,Dec 2018,Medewerker fastfood,2
2019-12-31,2019,12,januari 2019 - december 2019,Dec 2019,Medewerker fastfood,4
2020-12-31,2020,12,januari 2020 - december 2020,Dec 2020,Medewerker fastfood,1
2021-12-31,2021,12,januari 2021 - december 2021,Dec 2021,Medewerker fastfood,0
2022-12-31,2022,12,januari 2022 - december 2022,Dec 2022,Medewerker fastfood,1
2023-12-31,2023,12,januari 2023 - december 2023,Dec 2023,Medewerker fastfood,4
2024-12-31,2024,12,januari 2024 - december 2024,Dec 2024,Medewerker fastfood,2
2025-12-31,2025,12,januari 2025 - december 2025,Dec 2025,Medewerker fastfood,2
2026-04-30,2026,4,mei 2025 - april 2026,Apr 2026,Medewerker fastfood,3
2017-12-31,2017,12,januari 2017 - december 2017,Dec 2017,Medewerker internationaal goederenverkeer,4
2018-12-31,2018,12,januari 2018 - december 2018,Dec 2018,Medewerker internationaal goederenverkeer,1
2019-12-31,2019,12,januari 2019 - december 2019,Dec 2019,Medewerker internationaal goederenverkeer,4
2020-12-31,2020,12,januari 2020 - december 2020,Dec 2020,Medewerker internationaal goederenverkeer,2
2021-12-31,2021,12,januari 2021 - december 2021,Dec 2021,Medewerker internationaal goederenverkeer,3
2022-12-31,2022,12,januari 2022 - december 2022,Dec 2022,Medewerker internationaal goederenverkeer,24
2023-12-31,2023,12,januari 2023 - december 2023,Dec 2023,Medewerker internationaal goederenverkeer,7
2024-12-31,2024,12,januari 2024 - december 2024,Dec 2024,Medewerker internationaal goederenverkeer,7
2025-12-31,2025,12,januari 2025 - december 2025,Dec 2025,Medewerker internationaal goederenverkeer,3
2026-04-30,2026,4,mei 2025 - april 2026,Apr 2026,Medewerker internationaal goederenverkeer,2
2022-12-31,2022,12,januari 2022 - december 2022,Dec 2022,Medewerker kuuroord,3
2023-12-31,2023,12,januari 2023 - december 2023,Dec 2023,Medewerker kuuroord,1
2024-12-31,2024,12,januari 2024 - december 2024,Dec 2024,Medewerker kuuroord,7
2025-12-31,2025,12,januari 2025 - december 2025,Dec 2025,Medewerker kuuroord,7
2026-04-30,2026,4,mei 2025 - april 2026,Apr 2026,Medewerker kuuroord,16
2017-12-31,2017,12,januari 2017 - december 2017,Dec 2017,Medewerker kwaliteitscontrole,10
2018-12-31,2018,12,januari 2018 - december 2018,Dec 2018,Medewerker kwaliteitscontrole,6
2019-12-31,2019,12,januari 2019 - december 2019,Dec 2019,Medewerker kwaliteitscontrole,18
2020-12-31,2020,12,januari 2020 - december 2020,Dec 2020,Medewerker kwaliteitscontrole,5
2021-12-31,2021,12,januari 2021 - december 2021,Dec 2021,Medewerker kwaliteitscontrole,7
2022-12-31,2022,12,januari 2022 - december 2022,Dec 2022,Medewerker kwaliteitscontrole,10
2023-12-31,2023,12,januari 2023 - december 2023,Dec 2023,Medewerker kwaliteitscontrole,18
2024-12-31,2024,12,januari 2024 - december 2024,Dec 2024,Medewerker kwaliteitscontrole,7
2025-12-31,2025,12,januari 2025 - december 2025,Dec 2025,Medewerker kwaliteitscontrole,8
2026-04-30,2026,4,mei 2025 - april 2026,Apr 2026,Medewerker kwaliteitscontrole,9
2017-12-31,2017,12,januari 2017 - december 2017,Dec 2017,Medewerker landbouw,5
2018-12-31,2018,12,januari 2018 - december 2018,Dec 2018,Medewerker landbouw,12
2019-12-31,2019,12,januari 2019 - december 2019,Dec 2019,Medewerker landbouw,6
2020-12-31,2020,12,januari 2020 - december 2020,Dec 2020,Medewerker landbouw,1
2021-12-31,2021,12,januari 2021 - december 2021,Dec 2021,Medewerker landbouw,3
2022-12-31,2022,12,januari 2022 - december 2022,Dec 2022,Medewerker landbouw,2
2023-12-31,2023,12,januari 2023 - december 2023,Dec 2023,Medewerker landbouw,4
2024-12-31,2024,12,januari 2024 - december 2024,Dec 2024,Medewerker landbouw,0
2025-12-31,2025,12,januari 2025 - december 2025,Dec 2025,Medewerker landbouw,1
2026-04-30,2026,4,mei 2025 - april 2026,Apr 2026,Medewerker landbouw,0
2017-12-31,2017,12,januari 2017 - december 2017,Dec 2017,Medewerker loonwerk,2
2018-12-31,2018,12,januari 2018 - december 2018,Dec 2018,Medewerker loonwerk,3
2020-12-31,2020,12,januari 2020 - december 2020,Dec 2020,Medewerker loonwerk,4
2021-12-31,2021,12,januari 2021 - december 2021,Dec 2021,Medewerker loonwerk,4
2023-12-31,2023,12,januari 2023 - december 2023,Dec 2023,Medewerker loonwerk,1
2024-12-31,2024,12,januari 2024 - december 2024,Dec 2024,Medewerker loonwerk,3
2025-12-31,2025,12,januari 2025 - december 2025,Dec 2025,Medewerker loonwerk,1
2026-04-30,2026,4,mei 2025 - april 2026,Apr 2026,Medewerker loonwerk,0
2019-12-31,2019,12,januari 2019 - december 2019,Dec 2019,Medewerker medisch secretariaat,1
2022-12-31,2022,12,januari 2022 - december 2022,Dec 2022,Medewerker ongediertebestrijding,1
2024-12-31,2024,12,januari 2024 - december 2024,Dec 2024,Medewerker ongediertebestrijding,1
2018-12-31,2018,12,januari 2018 - december 2018,Dec 2018,Medewerker paardenhouderij,1
2019-12-31,2019,12,januari 2019 - december 2019,Dec 2019,Medewerker paardenhouderij,1
2021-12-31,2021,12,januari 2021 - december 2021,Dec 2021,Medewerker paardenhouderij,1
2022-12-31,2022,12,januari 2022 - december 2022,Dec 2022,Medewerker paardenhouderij,1
2022-12-31,2022,12,januari 2022 - december 2022,Dec 2022,Medewerker prepress,1
2023-12-31,2023,12,januari 2023 - december 2023,Dec 2023,Medewerker prepress,0
2017-12-31,2017,12,januari 2017 - december 2017,Dec 2017,Medewerker ruwbouw,668
2018-12-31,2018,12,januari 2018 - december 2018,Dec 2018,Medewerker ruwbouw,771
2019-12-31,2019,12,januari 2019 - december 2019,Dec 2019,Medewerker ruwbouw,886
2020-12-31,2020,12,januari 2020 - december 2020,Dec 2020,Medewerker ruwbouw,792
2021-12-31,2021,12,januari 2021 - december 2021,Dec 2021,Medewerker ruwbouw,999
2022-12-31,2022,12,januari 2022 - december 2022,Dec 2022,Medewerker ruwbouw,1100
2023-12-31,2023,12,januari 2023 - december 2023,Dec 2023,Medewerker ruwbouw,981
2024-12-31,2024,12,januari 2024 - december 2024,Dec 2024,Medewerker ruwbouw,943
2025-12-31,2025,12,januari 2025 - december 2025,Dec 2025,Medewerker ruwbouw,808
2026-04-30,2026,4,mei 2025 - april 2026,Apr 2026,Medewerker ruwbouw,744
2021-12-31,2021,12,januari 2021 - december 2021,Dec 2021,Medewerker textielverzorging,4
2017-12-31,2017,12,januari 2017 - december 2017,Dec 2017,Medewerker tuin- en groenaanleg en -onderhoud,67
2018-12-31,2018,12,januari 2018 - december 2018,Dec 2018,Medewerker tuin- en groenaanleg en -onderhoud,71
2019-12-31,2019,12,januari 2019 - december 2019,Dec 2019,Medewerker tuin- en groenaanleg en -onderhoud,109
2020-12-31,2020,12,januari 2020 - december 2020,Dec 2020,Medewerker tuin- en groenaanleg en -onderhoud,120
2021-12-31,2021,12,januari 2021 - december 2021,Dec 2021,Medewerker tuin- en groenaanleg en -onderhoud,123
2022-12-31,2022,12,januari 2022 - december 2022,Dec 2022,Medewerker tuin- en groenaanleg en -onderhoud,65
2023-12-31,2023,12,januari 2023 - december 2023,Dec 2023,Medewerker tuin- en groenaanleg en -onderhoud,43
2024-12-31,2024,12,januari 2024 - december 2024,Dec 2024,Medewerker tuin- en groenaanleg en -onderhoud,56
2025-12-31,2025,12,januari 2025 - december 2025,Dec 2025,Medewerker tuin- en groenaanleg en -onderhoud,40
2026-04-30,2026,4,mei 2025 - april 2026,Apr 2026,Medewerker tuin- en groenaanleg en -onderhoud,33
2017-12-31,2017,12,januari 2017 - december 2017,Dec 2017,Medewerker tuinbouw,9
2018-12-31,2018,12,januari 2018 - december 2018,Dec 2018,Medewerker tuinbouw,10
2019-12-31,2019,12,januari 2019 - december 2019,Dec 2019,Medewerker tuinbouw,9
2020-12-31,2020,12,januari 2020 - december 2020,Dec 2020,Medewerker tuinbouw,8
2021-12-31,2021,12,januari 2021 - december 2021,Dec 2021,Medewerker tuinbouw,14
2022-12-31,2022,12,januari 2022 - december 2022,Dec 2022,Medewerker tuinbouw,3
2023-12-31,2023,12,januari 2023 - december 2023,Dec 2023,Medewerker tuinbouw,3
2024-12-31,2024,12,januari 2024 - december 2024,Dec 2024,Medewerker tuinbouw,7
2025-12-31,2025,12,januari 2025 - december 2025,Dec 2025,Medewerker tuinbouw,3
2026-04-30,2026,4,mei 2025 - april 2026,Apr 2026,Medewerker tuinbouw,12
2020-12-31,2020,12,januari 2020 - december 2020,Dec 2020,Medewerker uitvaartdiensten,2
2017-12-31,2017,12,januari 2017 - december 2017,Dec 2017,Mediabuyer,1
2018-12-31,2018,12,januari 2018 - december 2018,Dec 2018,Mediabuyer,1
2020-12-31,2020,12,januari 2020 - december 2020,Dec 2020,Mediabuyer,1
2021-12-31,2021,12,januari 2021 - december 2021,Dec 2021,Mediabuyer,1
2024-12-31,2024,12,januari 2024 - december 2024,Dec 2024,Mediabuyer,1
2025-12-31,2025,12,januari 2025 - december 2025,Dec 2025,Mediabuyer,2
2026-04-30,2026,4,mei 2025 - april 2026,Apr 2026,Mediabuyer,1
2017-12-31,2017,12,januari 2017 - december 2017,Dec 2017,Metselaar,1022
2018-12-31,2018,12,januari 2018 - december 2018,Dec 2018,Metselaar,1008
2019-12-31,2019,12,januari 2019 - december 2019,Dec 2019,Metselaar,800
2020-12-31,2020,12,januari 2020 - december 2020,Dec 2020,Metselaar,830
2021-12-31,2021,12,januari 2021 - december 2021,Dec 2021,Metselaar,885
2022-12-31,2022,12,januari 2022 - december 2022,Dec 2022,Metselaar,779
2023-12-31,2023,12,januari 2023 - december 2023,Dec 2023,Metselaar,529
2024-12-31,2024,12,januari 2024 - december 2024,Dec 2024,Metselaar,373
2025-12-31,2025,12,januari 2025 - december 2025,Dec 2025,Metselaar,438
2026-04-30,2026,4,mei 2025 - april 2026,Apr 2026,Metselaar,412
2017-12-31,2017,12,januari 2017 - december 2017,Dec 2017,Meubelmaker,68
2018-12-31,2018,12,januari 2018 - december 2018,Dec 2018,Meubelmaker,84
2019-12-31,2019,12,januari 2019 - december 2019,Dec 2019,Meubelmaker,66
2020-12-31,2020,12,januari 2020 - december 2020,Dec 2020,Meubelmaker,69
2021-12-31,2021,12,januari 2021 - december 2021,Dec 2021,Meubelmaker,124
2022-12-31,2022,12,januari 2022 - december 2022,Dec 2022,Meubelmaker,79
2023-12-31,2023,12,januari 2023 - december 2023,Dec 2023,Meubelmaker,61
2024-12-31,2024,12,januari 2024 - december 2024,Dec 2024,Meubelmaker,68
2025-12-31,2025,12,januari 2025 - december 2025,Dec 2025,Meubelmaker,78
2026-04-30,2026,4,mei 2025 - april 2026,Apr 2026,Meubelmaker,73
2017-12-31,2017,12,januari 2017 - december 2017,Dec 2017,Meubelstoffeerder,0
2020-12-31,2020,12,januari 2020 - december 2020,Dec 2020,Meubelstoffeerder,3
2021-12-31,2021,12,januari 2021 - december 2021,Dec 2021,Meubelstoffeerder,1
2017-12-31,2017,12,januari 2017 - december 2017,Dec 2017,Milieucoördinator,7
2018-12-31,2018,12,januari 2018 - december 2018,Dec 2018,Milieucoördinator,2
2019-12-31,2019,12,januari 2019 - december 2019,Dec 2019,Milieucoördinator,4
2020-12-31,2020,12,januari 2020 - december 2020,Dec 2020,Milieucoördinator,1
2022-12-31,2022,12,januari 2022 - december 2022,Dec 2022,Milieucoördinator,4
2023-12-31,2023,12,januari 2023 - december 2023,Dec 2023,Milieucoördinator,12
2024-12-31,2024,12,januari 2024 - december 2024,Dec 2024,Milieucoördinator,19
2025-12-31,2025,12,januari 2025 - december 2025,Dec 2025,Milieucoördinator,19
2026-04-30,2026,4,mei 2025 - april 2026,Apr 2026,Milieucoördinator,13
2021-12-31,2021,12,januari 2021 - december 2021,Dec 2021,Milieuwerker,1
2023-12-31,2023,12,januari 2023 - december 2023,Dec 2023,Milieuwerker,1
2025-12-31,2025,12,januari 2025 - december 2025,Dec 2025,Milieuwerker,1
2026-04-30,2026,4,mei 2025 - april 2026,Apr 2026,Milieuwerker,0
2017-12-31,2017,12,januari 2017 - december 2017,Dec 2017,Mode- en textielontwerper,1
2022-12-31,2022,12,januari 2022 - december 2022,Dec 2022,Model,1
2024-12-31,2024,12,januari 2024 - december 2024,Dec 2024,Model,3
2020-12-31,2020,12,januari 2020 - december 2020,Dec 2020,"Modellenmaker kleding, confectie en meubelstoffering",2
2018-12-31,2018,12,januari 2018 - december 2018,Dec 2018,Monitor-begeleider in de sociale economie,1
2019-12-31,2019,12,januari 2019 - december 2019,Dec 2019,Monitor-begeleider in de sociale economie,1
2021-12-31,2021,12,januari 2021 - december 2021,Dec 2021,Monitor-begeleider in de sociale economie,1
2022-12-31,2022,12,januari 2022 - december 2022,Dec 2022,Monitor-begeleider in de sociale economie,1
2017-12-31,2017,12,januari 2017 - december 2017,Dec 2017,Monteur installatietechnieken,1046
2018-12-31,2018,12,januari 2018 - december 2018,Dec 2018,Monteur installatietechnieken,1071
2019-12-31,2019,12,januari 2019 - december 2019,Dec 2019,Monteur installatietechnieken,961
2020-12-31,2020,12,januari 2020 - december 2020,Dec 2020,Monteur installatietechnieken,987
2021-12-31,2021,12,januari 2021 - december 2021,Dec 2021,Monteur installatietechnieken,1242
2022-12-31,2022,12,januari 2022 - december 2022,Dec 2022,Monteur installatietechnieken,1211
2023-12-31,2023,12,januari 2023 - december 2023,Dec 2023,Monteur installatietechnieken,870
2024-12-31,2024,12,januari 2024 - december 2024,Dec 2024,Monteur installatietechnieken,666
2025-12-31,2025,12,januari 2025 - december 2025,Dec 2025,Monteur installatietechnieken,652
2026-04-30,2026,4,mei 2025 - april 2026,Apr 2026,Monteur installatietechnieken,628
2017-12-31,2017,12,januari 2017 - december 2017,Dec 2017,Monteur staalconstructies,195
2018-12-31,2018,12,januari 2018 - december 2018,Dec 2018,Monteur staalconstructies,199
2019-12-31,2019,12,januari 2019 - december 2019,Dec 2019,Monteur staalconstructies,230
2020-12-31,2020,12,januari 2020 - december 2020,Dec 2020,Monteur staalconstructies,126
2021-12-31,2021,12,januari 2021 - december 2021,Dec 2021,Monteur staalconstructies,186
2022-12-31,2022,12,januari 2022 - december 2022,Dec 2022,Monteur staalconstructies,99
2023-12-31,2023,12,januari 2023 - december 2023,Dec 2023,Monteur staalconstructies,163
2024-12-31,2024,12,januari 2024 - december 2024,Dec 2024,Monteur staalconstructies,130
2025-12-31,2025,12,januari 2025 - december 2025,Dec 2025,Monteur staalconstructies,120
2026-04-30,2026,4,mei 2025 - april 2026,Apr 2026,Monteur staalconstructies,126
2020-12-31,2020,12,januari 2020 - december 2020,Dec 2020,Monteur-demonteur carrosserie,4
2021-12-31,2021,12,januari 2021 - december 2021,Dec 2021,Monteur-demonteur carrosserie,1
2022-12-31,2022,12,januari 2022 - december 2022,Dec 2022,Monteur-demonteur carrosserie,0
2023-12-31,2023,12,januari 2023 - december 2023,Dec 2023,Monteur-demonteur carrosserie,1
2024-12-31,2024,12,januari 2024 - december 2024,Dec 2024,Muzikant,1
2017-12-31,2017,12,januari 2017 - december 2017,Dec 2017,Natuursteenbewerker,34
2018-12-31,2018,12,januari 2018 - december 2018,Dec 2018,Natuursteenbewerker,20
2019-12-31,2019,12,januari 2019 - december 2019,Dec 2019,Natuursteenbewerker,19
2020-12-31,2020,12,januari 2020 - december 2020,Dec 2020,Natuursteenbewerker,24
2021-12-31,2021,12,januari 2021 - december 2021,Dec 2021,Natuursteenbewerker,33
2022-12-31,2022,12,januari 2022 - december 2022,Dec 2022,Natuursteenbewerker,24
2023-12-31,2023,12,januari 2023 - december 2023,Dec 2023,Natuursteenbewerker,22
2024-12-31,2024,12,januari 2024 - december 2024,Dec 2024,Natuursteenbewerker,18
2025-12-31,2025,12,januari 2025 - december 2025,Dec 2025,Natuursteenbewerker,8
2026-04-30,2026,4,mei 2025 - april 2026,Apr 2026,Natuursteenbewerker,10
2017-12-31,2017,12,januari 2017 - december 2017,Dec 2017,Netwerk engineer telecom,3
2020-12-31,2020,12,januari 2020 - december 2020,Dec 2020,Netwerk engineer telecom,1
2021-12-31,2021,12,januari 2021 - december 2021,Dec 2021,Netwerk engineer telecom,2
2022-12-31,2022,12,januari 2022 - december 2022,Dec 2022,Netwerk engineer telecom,2
2023-12-31,2023,12,januari 2023 - december 2023,Dec 2023,Netwerk engineer telecom,4
2024-12-31,2024,12,januari 2024 - december 2024,Dec 2024,Netwerk engineer telecom,1
2025-12-31,2025,12,januari 2025 - december 2025,Dec 2025,Netwerk engineer telecom,1
2026-04-30,2026,4,mei 2025 - april 2026,Apr 2026,Netwerk engineer telecom,2
2018-12-31,2018,12,januari 2018 - december 2018,Dec 2018,Netwerkbeheerder,1
2019-12-31,2019,12,januari 2019 - december 2019,Dec 2019,Netwerkbeheerder,6
2020-12-31,2020,12,januari 2020 - december 2020,Dec 2020,Netwerkbeheerder,1
2021-12-31,2021,12,januari 2021 - december 2021,Dec 2021,Netwerkbeheerder,7
2022-12-31,2022,12,januari 2022 - december 2022,Dec 2022,Netwerkbeheerder,4
2023-12-31,2023,12,januari 2023 - december 2023,Dec 2023,Netwerkbeheerder,2
2024-12-31,2024,12,januari 2024 - december 2024,Dec 2024,Netwerkbeheerder,3
2025-12-31,2025,12,januari 2025 - december 2025,Dec 2025,Netwerkbeheerder,10
2026-04-30,2026,4,mei 2025 - april 2026,Apr 2026,Netwerkbeheerder,8
2019-12-31,2019,12,januari 2019 - december 2019,Dec 2019,OAD-technicus van personenwagens en lichte bedrijfsvoertuigen,1
2023-12-31,2023,12,januari 2023 - december 2023,Dec 2023,OAD-technicus van personenwagens en lichte bedrijfsvoertuigen,2
2024-12-31,2024,12,januari 2024 - december 2024,Dec 2024,OAD-technicus van personenwagens en lichte bedrijfsvoertuigen,3
2025-12-31,2025,12,januari 2025 - december 2025,Dec 2025,OAD-technicus van personenwagens en lichte bedrijfsvoertuigen,3
2026-04-30,2026,4,mei 2025 - april 2026,Apr 2026,OAD-technicus van personenwagens en lichte bedrijfsvoertuigen,3
2017-12-31,2017,12,januari 2017 - december 2017,Dec 2017,OD-technicus van zware bedrijfsvoertuigen,1
2023-12-31,2023,12,januari 2023 - december 2023,Dec 2023,OD-technicus van zware bedrijfsvoertuigen,12
2024-12-31,2024,12,januari 2024 - december 2024,Dec 2024,OD-technicus van zware bedrijfsvoertuigen,2
2025-12-31,2025,12,januari 2025 - december 2025,Dec 2025,OD-technicus van zware bedrijfsvoertuigen,6
2026-04-30,2026,4,mei 2025 - april 2026,Apr 2026,OD-technicus van zware bedrijfsvoertuigen,1
2017-12-31,2017,12,januari 2017 - december 2017,Dec 2017,Onbekend,0
2025-12-31,2025,12,januari 2025 - december 2025,Dec 2025,Onbekend,3
2026-04-30,2026,4,mei 2025 - april 2026,Apr 2026,Onbekend,4
2017-12-31,2017,12,januari 2017 - december 2017,Dec 2017,Onderhoudsmecanicien van personenwagens en lichte bedrijfsvoertuigen,8
2018-12-31,2018,12,januari 2018 - december 2018,Dec 2018,Onderhoudsmecanicien van personenwagens en lichte bedrijfsvoertuigen,7
2019-12-31,2019,12,januari 2019 - december 2019,Dec 2019,Onderhoudsmecanicien van personenwagens en lichte bedrijfsvoertuigen,5
2020-12-31,2020,12,januari 2020 - december 2020,Dec 2020,Onderhoudsmecanicien van personenwagens en lichte bedrijfsvoertuigen,12
2021-12-31,2021,12,januari 2021 - december 2021,Dec 2021,Onderhoudsmecanicien van personenwagens en lichte bedrijfsvoertuigen,6
2022-12-31,2022,12,januari 2022 - december 2022,Dec 2022,Onderhoudsmecanicien van personenwagens en lichte bedrijfsvoertuigen,121
2023-12-31,2023,12,januari 2023 - december 2023,Dec 2023,Onderhoudsmecanicien van personenwagens en lichte bedrijfsvoertuigen,19
2024-12-31,2024,12,januari 2024 - december 2024,Dec 2024,Onderhoudsmecanicien van personenwagens en lichte bedrijfsvoertuigen,13
2025-12-31,2025,12,januari 2025 - december 2025,Dec 2025,Onderhoudsmecanicien van personenwagens en lichte bedrijfsvoertuigen,14
2026-04-30,2026,4,mei 2025 - april 2026,Apr 2026,Onderhoudsmecanicien van personenwagens en lichte bedrijfsvoertuigen,12
2017-12-31,2017,12,januari 2017 - december 2017,Dec 2017,Onderhoudsmecanicien van zware bedrijfsvoertuigen,35
2018-12-31,2018,12,januari 2018 - december 2018,Dec 2018,Onderhoudsmecanicien van zware bedrijfsvoertuigen,58
2019-12-31,2019,12,januari 2019 - december 2019,Dec 2019,Onderhoudsmecanicien van zware bedrijfsvoertuigen,36
2020-12-31,2020,12,januari 2020 - december 2020,Dec 2020,Onderhoudsmecanicien van zware bedrijfsvoertuigen,22
2021-12-31,2021,12,januari 2021 - december 2021,Dec 2021,Onderhoudsmecanicien van zware bedrijfsvoertuigen,29
2022-12-31,2022,12,januari 2022 - december 2022,Dec 2022,Onderhoudsmecanicien van zware bedrijfsvoertuigen,30
2023-12-31,2023,12,januari 2023 - december 2023,Dec 2023,Onderhoudsmecanicien van zware bedrijfsvoertuigen,22
2024-12-31,2024,12,januari 2024 - december 2024,Dec 2024,Onderhoudsmecanicien van zware bedrijfsvoertuigen,19
2025-12-31,2025,12,januari 2025 - december 2025,Dec 2025,Onderhoudsmecanicien van zware bedrijfsvoertuigen,24
2026-04-30,2026,4,mei 2025 - april 2026,Apr 2026,Onderhoudsmecanicien van zware bedrijfsvoertuigen,41
2017-12-31,2017,12,januari 2017 - december 2017,Dec 2017,Onderhoudsmedewerker affichering en straatmeubilair,1
2018-12-31,2018,12,januari 2018 - december 2018,Dec 2018,Onderhoudsmedewerker affichering en straatmeubilair,3
2019-12-31,2019,12,januari 2019 - december 2019,Dec 2019,Onderhoudsmedewerker affichering en straatmeubilair,3
2022-12-31,2022,12,januari 2022 - december 2022,Dec 2022,Onderhoudsmedewerker affichering en straatmeubilair,5
2024-12-31,2024,12,januari 2024 - december 2024,Dec 2024,Onderhoudsmedewerker affichering en straatmeubilair,1
2017-12-31,2017,12,januari 2017 - december 2017,Dec 2017,Onderhoudsmedewerker gebouwen,78
2018-12-31,2018,12,januari 2018 - december 2018,Dec 2018,Onderhoudsmedewerker gebouwen,132
2019-12-31,2019,12,januari 2019 - december 2019,Dec 2019,Onderhoudsmedewerker gebouwen,106
2020-12-31,2020,12,januari 2020 - december 2020,Dec 2020,Onderhoudsmedewerker gebouwen,107
2021-12-31,2021,12,januari 2021 - december 2021,Dec 2021,Onderhoudsmedewerker gebouwen,104
2022-12-31,2022,12,januari 2022 - december 2022,Dec 2022,Onderhoudsmedewerker gebouwen,101
2023-12-31,2023,12,januari 2023 - december 2023,Dec 2023,Onderhoudsmedewerker gebouwen,102
2024-12-31,2024,12,januari 2024 - december 2024,Dec 2024,Onderhoudsmedewerker gebouwen,107
2025-12-31,2025,12,januari 2025 - december 2025,Dec 2025,Onderhoudsmedewerker gebouwen,91
2026-04-30,2026,4,mei 2025 - april 2026,Apr 2026,Onderhoudsmedewerker gebouwen,81
2017-12-31,2017,12,januari 2017 - december 2017,Dec 2017,Onderhoudsmedewerker wegennet,5
2018-12-31,2018,12,januari 2018 - december 2018,Dec 2018,Onderhoudsmedewerker wegennet,5
2019-12-31,2019,12,januari 2019 - december 2019,Dec 2019,Onderhoudsmedewerker wegennet,2
2020-12-31,2020,12,januari 2020 - december 2020,Dec 2020,Onderhoudsmedewerker wegennet,4
2021-12-31,2021,12,januari 2021 - december 2021,Dec 2021,Onderhoudsmedewerker wegennet,6
2022-12-31,2022,12,januari 2022 - december 2022,Dec 2022,Onderhoudsmedewerker wegennet,20
2023-12-31,2023,12,januari 2023 - december 2023,Dec 2023,Onderhoudsmedewerker wegennet,5
2024-12-31,2024,12,januari 2024 - december 2024,Dec 2024,Onderhoudsmedewerker wegennet,6
2025-12-31,2025,12,januari 2025 - december 2025,Dec 2025,Onderhoudsmedewerker wegennet,7
2026-04-30,2026,4,mei 2025 - april 2026,Apr 2026,Onderhoudsmedewerker wegennet,4
2017-12-31,2017,12,januari 2017 - december 2017,Dec 2017,Onderhoudstechnicus industriële automatisering,38
2018-12-31,2018,12,januari 2018 - december 2018,Dec 2018,Onderhoudstechnicus industriële automatisering,29
2019-12-31,2019,12,januari 2019 - december 2019,Dec 2019,Onderhoudstechnicus industriële automatisering,15
2020-12-31,2020,12,januari 2020 - december 2020,Dec 2020,Onderhoudstechnicus industriële automatisering,31
2021-12-31,2021,12,januari 2021 - december 2021,Dec 2021,Onderhoudstechnicus industriële automatisering,1
2022-12-31,2022,12,januari 2022 - december 2022,Dec 2022,Onderhoudstechnicus industriële automatisering,5
2023-12-31,2023,12,januari 2023 - december 2023,Dec 2023,Onderhoudstechnicus industriële automatisering,5
2024-12-31,2024,12,januari 2024 - december 2024,Dec 2024,Onderhoudstechnicus industriële automatisering,2
2025-12-31,2025,12,januari 2025 - december 2025,Dec 2025,Onderhoudstechnicus industriële automatisering,5
2026-04-30,2026,4,mei 2025 - april 2026,Apr 2026,Onderhoudstechnicus industriële automatisering,9
2022-12-31,2022,12,januari 2022 - december 2022,Dec 2022,Onderhoudstechnicus pleziervaart,1
2023-12-31,2023,12,januari 2023 - december 2023,Dec 2023,Onderhoudstechnicus pleziervaart,0
2017-12-31,2017,12,januari 2017 - december 2017,Dec 2017,Onderhoudstechnicus waterdistributie en sanering,5
2018-12-31,2018,12,januari 2018 - december 2018,Dec 2018,Onderhoudstechnicus waterdistributie en sanering,10
2019-12-31,2019,12,januari 2019 - december 2019,Dec 2019,Onderhoudstechnicus waterdistributie en sanering,1
2020-12-31,2020,12,januari 2020 - december 2020,Dec 2020,Onderhoudstechnicus waterdistributie en sanering,3
2021-12-31,2021,12,januari 2021 - december 2021,Dec 2021,Onderhoudstechnicus waterdistributie en sanering,6
2022-12-31,2022,12,januari 2022 - december 2022,Dec 2022,Onderhoudstechnicus waterdistributie en sanering,5
2024-12-31,2024,12,januari 2024 - december 2024,Dec 2024,Onderhoudstechnicus waterdistributie en sanering,5
2025-12-31,2025,12,januari 2025 - december 2025,Dec 2025,Onderhoudstechnicus waterdistributie en sanering,1
2026-04-30,2026,4,mei 2025 - april 2026,Apr 2026,Onderhoudstechnicus waterdistributie en sanering,5
2018-12-31,2018,12,januari 2018 - december 2018,Dec 2018,Onderwaterwerker,5
2022-12-31,2022,12,januari 2022 - december 2022,Dec 2022,Onderwaterwerker,1
2023-12-31,2023,12,januari 2023 - december 2023,Dec 2023,Onderwaterwerker,4
2025-12-31,2025,12,januari 2025 - december 2025,Dec 2025,Onderwaterwerker,2
2026-04-30,2026,4,mei 2025 - april 2026,Apr 2026,Onderwaterwerker,2
2017-12-31,2017,12,januari 2017 - december 2017,Dec 2017,Ontginner gassen en vloeistoffen,3
2018-12-31,2018,12,januari 2018 - december 2018,Dec 2018,Ontginner gassen en vloeistoffen,0
2024-12-31,2024,12,januari 2024 - december 2024,Dec 2024,Ontginner gassen en vloeistoffen,1
2017-12-31,2017,12,januari 2017 - december 2017,Dec 2017,Onthaalmedewerker,21
2018-12-31,2018,12,januari 2018 - december 2018,Dec 2018,Onthaalmedewerker,32
2019-12-31,2019,12,januari 2019 - december 2019,Dec 2019,Onthaalmedewerker,27
2020-12-31,2020,12,januari 2020 - december 2020,Dec 2020,Onthaalmedewerker,22
2021-12-31,2021,12,januari 2021 - december 2021,Dec 2021,Onthaalmedewerker,36
2022-12-31,2022,12,januari 2022 - december 2022,Dec 2022,Onthaalmedewerker,59
2023-12-31,2023,12,januari 2023 - december 2023,Dec 2023,Onthaalmedewerker,34
2024-12-31,2024,12,januari 2024 - december 2024,Dec 2024,Onthaalmedewerker,24
2025-12-31,2025,12,januari 2025 - december 2025,Dec 2025,Onthaalmedewerker,21
2026-04-30,2026,4,mei 2025 - april 2026,Apr 2026,Onthaalmedewerker,11
2017-12-31,2017,12,januari 2017 - december 2017,Dec 2017,Ontwerper industriële automatisering,11
2018-12-31,2018,12,januari 2018 - december 2018,Dec 2018,Ontwerper industriële automatisering,16
2019-12-31,2019,12,januari 2019 - december 2019,Dec 2019,Ontwerper industriële automatisering,39
2020-12-31,2020,12,januari 2020 - december 2020,Dec 2020,Ontwerper industriële automatisering,17
2021-12-31,2021,12,januari 2021 - december 2021,Dec 2021,Ontwerper industriële automatisering,25
2022-12-31,2022,12,januari 2022 - december 2022,Dec 2022,Ontwerper industriële automatisering,22
2023-12-31,2023,12,januari 2023 - december 2023,Dec 2023,Ontwerper industriële automatisering,17
2024-12-31,2024,12,januari 2024 - december 2024,Dec 2024,Ontwerper industriële automatisering,11
2025-12-31,2025,12,januari 2025 - december 2025,Dec 2025,Ontwerper industriële automatisering,27
2026-04-30,2026,4,mei 2025 - april 2026,Apr 2026,Ontwerper industriële automatisering,28
2017-12-31,2017,12,januari 2017 - december 2017,Dec 2017,Operator CNC-gestuurde houtbewerkingsmachines,3
2018-12-31,2018,12,januari 2018 - december 2018,Dec 2018,Operator CNC-gestuurde houtbewerkingsmachines,5
2019-12-31,2019,12,januari 2019 - december 2019,Dec 2019,Operator CNC-gestuurde houtbewerkingsmachines,8
2020-12-31,2020,12,januari 2020 - december 2020,Dec 2020,Operator CNC-gestuurde houtbewerkingsmachines,4
2021-12-31,2021,12,januari 2021 - december 2021,Dec 2021,Operator CNC-gestuurde houtbewerkingsmachines,3
2022-12-31,2022,12,januari 2022 - december 2022,Dec 2022,Operator CNC-gestuurde houtbewerkingsmachines,1
2023-12-31,2023,12,januari 2023 - december 2023,Dec 2023,Operator CNC-gestuurde houtbewerkingsmachines,2
2024-12-31,2024,12,januari 2024 - december 2024,Dec 2024,Operator CNC-gestuurde houtbewerkingsmachines,5
2025-12-31,2025,12,januari 2025 - december 2025,Dec 2025,Operator CNC-gestuurde houtbewerkingsmachines,13
2026-04-30,2026,4,mei 2025 - april 2026,Apr 2026,Operator CNC-gestuurde houtbewerkingsmachines,17
2021-12-31,2021,12,januari 2021 - december 2021,Dec 2021,Operator gieterij,5
2018-12-31,2018,12,januari 2018 - december 2018,Dec 2018,Operator glasbewerking,1
2020-12-31,2020,12,januari 2020 - december 2020,Dec 2020,Operator glasbewerking,3
2021-12-31,2021,12,januari 2021 - december 2021,Dec 2021,Operator glasbewerking,6
2025-12-31,2025,12,januari 2025 - december 2025,Dec 2025,Operator glasbewerking,2
2026-04-30,2026,4,mei 2025 - april 2026,Apr 2026,Operator glasbewerking,2
2021-12-31,2021,12,januari 2021 - december 2021,Dec 2021,Operator in de houtzagerij,1
2025-12-31,2025,12,januari 2025 - december 2025,Dec 2025,Operator in de houtzagerij,1
2026-04-30,2026,4,mei 2025 - april 2026,Apr 2026,Operator in de houtzagerij,0
2019-12-31,2019,12,januari 2019 - december 2019,Dec 2019,Operator in de keramiekindustrie,1
2017-12-31,2017,12,januari 2017 - december 2017,Dec 2017,Operator montage en assemblage,44
2018-12-31,2018,12,januari 2018 - december 2018,Dec 2018,Operator montage en assemblage,40
2019-12-31,2019,12,januari 2019 - december 2019,Dec 2019,Operator montage en assemblage,66
2020-12-31,2020,12,januari 2020 - december 2020,Dec 2020,Operator montage en assemblage,39
2021-12-31,2021,12,januari 2021 - december 2021,Dec 2021,Operator montage en assemblage,39
2022-12-31,2022,12,januari 2022 - december 2022,Dec 2022,Operator montage en assemblage,24
2023-12-31,2023,12,januari 2023 - december 2023,Dec 2023,Operator montage en assemblage,69
2024-12-31,2024,12,januari 2024 - december 2024,Dec 2024,Operator montage en assemblage,38
2025-12-31,2025,12,januari 2025 - december 2025,Dec 2025,Operator montage en assemblage,33
2026-04-30,2026,4,mei 2025 - april 2026,Apr 2026,Operator montage en assemblage,31
2017-12-31,2017,12,januari 2017 - december 2017,Dec 2017,Operator print & sign,1
2025-12-31,2025,12,januari 2025 - december 2025,Dec 2025,Operator print & sign,8
2026-04-30,2026,4,mei 2025 - april 2026,Apr 2026,Operator print & sign,13
2021-12-31,2021,12,januari 2021 - december 2021,Dec 2021,Opleider volwassenen,2
2022-12-31,2022,12,januari 2022 - december 2022,Dec 2022,Opleider volwassenen,1
2023-12-31,2023,12,januari 2023 - december 2023,Dec 2023,Opleider volwassenen,9
2024-12-31,2024,12,januari 2024 - december 2024,Dec 2024,Opleider volwassenen,3
2025-12-31,2025,12,januari 2025 - december 2025,Dec 2025,Opleider volwassenen,1
2026-04-30,2026,4,mei 2025 - april 2026,Apr 2026,Opleider volwassenen,2
2023-12-31,2023,12,januari 2023 - december 2023,Dec 2023,Opleidingsadviseur bedrijven en organisaties,2
2023-12-31,2023,12,januari 2023 - december 2023,Dec 2023,Opvoeder in een onderwijsinstelling,1
2024-12-31,2024,12,januari 2024 - december 2024,Dec 2024,Opvoeder in een onderwijsinstelling,1
2020-12-31,2020,12,januari 2020 - december 2020,Dec 2020,Orthopedisch technoloog,4
2021-12-31,2021,12,januari 2021 - december 2021,Dec 2021,Orthopedisch technoloog,0
2017-12-31,2017,12,januari 2017 - december 2017,Dec 2017,Payroll advisor,12
2018-12-31,2018,12,januari 2018 - december 2018,Dec 2018,Payroll advisor,10
2019-12-31,2019,12,januari 2019 - december 2019,Dec 2019,Payroll advisor,15
2020-12-31,2020,12,januari 2020 - december 2020,Dec 2020,Payroll advisor,13
2021-12-31,2021,12,januari 2021 - december 2021,Dec 2021,Payroll advisor,19
2022-12-31,2022,12,januari 2022 - december 2022,Dec 2022,Payroll advisor,46
2023-12-31,2023,12,januari 2023 - december 2023,Dec 2023,Payroll advisor,24
2024-12-31,2024,12,januari 2024 - december 2024,Dec 2024,Payroll advisor,18
2025-12-31,2025,12,januari 2025 - december 2025,Dec 2025,Payroll advisor,26
2026-04-30,2026,4,mei 2025 - april 2026,Apr 2026,Payroll advisor,34
2018-12-31,2018,12,januari 2018 - december 2018,Dec 2018,Pedagogisch coördinator,1
2019-12-31,2019,12,januari 2019 - december 2019,Dec 2019,Pedagogisch coördinator,0
2020-12-31,2020,12,januari 2020 - december 2020,Dec 2020,Pedagogisch coördinator,1
2021-12-31,2021,12,januari 2021 - december 2021,Dec 2021,Pedagogisch coördinator,2
2022-12-31,2022,12,januari 2022 - december 2022,Dec 2022,Pedagogisch coördinator,1
2023-12-31,2023,12,januari 2023 - december 2023,Dec 2023,Pedagogisch coördinator,4
2024-12-31,2024,12,januari 2024 - december 2024,Dec 2024,Pedagogisch coördinator,3
2025-12-31,2025,12,januari 2025 - december 2025,Dec 2025,Pedagogisch coördinator,1
2026-04-30,2026,4,mei 2025 - april 2026,Apr 2026,Pedagogisch coördinator,3
2017-12-31,2017,12,januari 2017 - december 2017,Dec 2017,Personeelsmedewerker,35
2018-12-31,2018,12,januari 2018 - december 2018,Dec 2018,Personeelsmedewerker,34
2019-12-31,2019,12,januari 2019 - december 2019,Dec 2019,Personeelsmedewerker,47
2020-12-31,2020,12,januari 2020 - december 2020,Dec 2020,Personeelsmedewerker,20
2021-12-31,2021,12,januari 2021 - december 2021,Dec 2021,Personeelsmedewerker,33
2022-12-31,2022,12,januari 2022 - december 2022,Dec 2022,Personeelsmedewerker,66
2023-12-31,2023,12,januari 2023 - december 2023,Dec 2023,Personeelsmedewerker,50
2024-12-31,2024,12,januari 2024 - december 2024,Dec 2024,Personeelsmedewerker,31
2025-12-31,2025,12,januari 2025 - december 2025,Dec 2025,Personeelsmedewerker,56
2026-04-30,2026,4,mei 2025 - april 2026,Apr 2026,Personeelsmedewerker,51
2017-12-31,2017,12,januari 2017 - december 2017,Dec 2017,Persoonlijk assistent,0
2018-12-31,2018,12,januari 2018 - december 2018,Dec 2018,Persoonlijk assistent,0
2026-04-30,2026,4,mei 2025 - april 2026,Apr 2026,Persoonlijk assistent,1
2017-12-31,2017,12,januari 2017 - december 2017,Dec 2017,Pijpfitter,29
2018-12-31,2018,12,januari 2018 - december 2018,Dec 2018,Pijpfitter,84
2019-12-31,2019,12,januari 2019 - december 2019,Dec 2019,Pijpfitter,58
2020-12-31,2020,12,januari 2020 - december 2020,Dec 2020,Pijpfitter,60
2021-12-31,2021,12,januari 2021 - december 2021,Dec 2021,Pijpfitter,59
2022-12-31,2022,12,januari 2022 - december 2022,Dec 2022,Pijpfitter,122
2023-12-31,2023,12,januari 2023 - december 2023,Dec 2023,Pijpfitter,101
2024-12-31,2024,12,januari 2024 - december 2024,Dec 2024,Pijpfitter,46
2025-12-31,2025,12,januari 2025 - december 2025,Dec 2025,Pijpfitter,53
2026-04-30,2026,4,mei 2025 - april 2026,Apr 2026,Pijpfitter,59
2017-12-31,2017,12,januari 2017 - december 2017,Dec 2017,Plaatser binnenschrijnwerk,221
2018-12-31,2018,12,januari 2018 - december 2018,Dec 2018,Plaatser binnenschrijnwerk,142
2019-12-31,2019,12,januari 2019 - december 2019,Dec 2019,Plaatser binnenschrijnwerk,211
2020-12-31,2020,12,januari 2020 - december 2020,Dec 2020,Plaatser binnenschrijnwerk,277
2021-12-31,2021,12,januari 2021 - december 2021,Dec 2021,Plaatser binnenschrijnwerk,228
2022-12-31,2022,12,januari 2022 - december 2022,Dec 2022,Plaatser binnenschrijnwerk,242
2023-12-31,2023,12,januari 2023 - december 2023,Dec 2023,Plaatser binnenschrijnwerk,157
2024-12-31,2024,12,januari 2024 - december 2024,Dec 2024,Plaatser binnenschrijnwerk,135
2025-12-31,2025,12,januari 2025 - december 2025,Dec 2025,Plaatser binnenschrijnwerk,118
2026-04-30,2026,4,mei 2025 - april 2026,Apr 2026,Plaatser binnenschrijnwerk,151
2017-12-31,2017,12,januari 2017 - december 2017,Dec 2017,Plaatser buitenschrijnwerk,505
2018-12-31,2018,12,januari 2018 - december 2018,Dec 2018,Plaatser buitenschrijnwerk,547
2019-12-31,2019,12,januari 2019 - december 2019,Dec 2019,Plaatser buitenschrijnwerk,542
2020-12-31,2020,12,januari 2020 - december 2020,Dec 2020,Plaatser buitenschrijnwerk,594
2021-12-31,2021,12,januari 2021 - december 2021,Dec 2021,Plaatser buitenschrijnwerk,778
2022-12-31,2022,12,januari 2022 - december 2022,Dec 2022,Plaatser buitenschrijnwerk,829
2023-12-31,2023,12,januari 2023 - december 2023,Dec 2023,Plaatser buitenschrijnwerk,454
2024-12-31,2024,12,januari 2024 - december 2024,Dec 2024,Plaatser buitenschrijnwerk,366
2025-12-31,2025,12,januari 2025 - december 2025,Dec 2025,Plaatser buitenschrijnwerk,318
2026-04-30,2026,4,mei 2025 - april 2026,Apr 2026,Plaatser buitenschrijnwerk,300
2017-12-31,2017,12,januari 2017 - december 2017,Dec 2017,Plaatser van boven- en ondergrondse leidingen,65
2018-12-31,2018,12,januari 2018 - december 2018,Dec 2018,Plaatser van boven- en ondergrondse leidingen,135
2019-12-31,2019,12,januari 2019 - december 2019,Dec 2019,Plaatser van boven- en ondergrondse leidingen,195
2020-12-31,2020,12,januari 2020 - december 2020,Dec 2020,Plaatser van boven- en ondergrondse leidingen,143
2021-12-31,2021,12,januari 2021 - december 2021,Dec 2021,Plaatser van boven- en ondergrondse leidingen,115
2022-12-31,2022,12,januari 2022 - december 2022,Dec 2022,Plaatser van boven- en ondergrondse leidingen,133
2023-12-31,2023,12,januari 2023 - december 2023,Dec 2023,Plaatser van boven- en ondergrondse leidingen,136
2024-12-31,2024,12,januari 2024 - december 2024,Dec 2024,Plaatser van boven- en ondergrondse leidingen,305
2025-12-31,2025,12,januari 2025 - december 2025,Dec 2025,Plaatser van boven- en ondergrondse leidingen,508
2026-04-30,2026,4,mei 2025 - april 2026,Apr 2026,Plaatser van boven- en ondergrondse leidingen,389
2017-12-31,2017,12,januari 2017 - december 2017,Dec 2017,Plaatser van houten vloerbedekking,26
2018-12-31,2018,12,januari 2018 - december 2018,Dec 2018,Plaatser van houten vloerbedekking,39
2019-12-31,2019,12,januari 2019 - december 2019,Dec 2019,Plaatser van houten vloerbedekking,28
2020-12-31,2020,12,januari 2020 - december 2020,Dec 2020,Plaatser van houten vloerbedekking,28
2021-12-31,2021,12,januari 2021 - december 2021,Dec 2021,Plaatser van houten vloerbedekking,47
2022-12-31,2022,12,januari 2022 - december 2022,Dec 2022,Plaatser van houten vloerbedekking,10
2023-12-31,2023,12,januari 2023 - december 2023,Dec 2023,Plaatser van houten vloerbedekking,19
2024-12-31,2024,12,januari 2024 - december 2024,Dec 2024,Plaatser van houten vloerbedekking,19
2025-12-31,2025,12,januari 2025 - december 2025,Dec 2025,Plaatser van houten vloerbedekking,16
2026-04-30,2026,4,mei 2025 - april 2026,Apr 2026,Plaatser van houten vloerbedekking,19
2017-12-31,2017,12,januari 2017 - december 2017,Dec 2017,Plaatser van soepele vloerbekledingen,15
2018-12-31,2018,12,januari 2018 - december 2018,Dec 2018,Plaatser van soepele vloerbekledingen,37
2019-12-31,2019,12,januari 2019 - december 2019,Dec 2019,Plaatser van soepele vloerbekledingen,24
2020-12-31,2020,12,januari 2020 - december 2020,Dec 2020,Plaatser van soepele vloerbekledingen,34
2021-12-31,2021,12,januari 2021 - december 2021,Dec 2021,Plaatser van soepele vloerbekledingen,20
2022-12-31,2022,12,januari 2022 - december 2022,Dec 2022,Plaatser van soepele vloerbekledingen,9
2023-12-31,2023,12,januari 2023 - december 2023,Dec 2023,Plaatser van soepele vloerbekledingen,14
2024-12-31,2024,12,januari 2024 - december 2024,Dec 2024,Plaatser van soepele vloerbekledingen,16
2025-12-31,2025,12,januari 2025 - december 2025,Dec 2025,Plaatser van soepele vloerbekledingen,17
2026-04-30,2026,4,mei 2025 - april 2026,Apr 2026,Plaatser van soepele vloerbekledingen,14
2017-12-31,2017,12,januari 2017 - december 2017,Dec 2017,Plaatwerker carrosserie,1
2018-12-31,2018,12,januari 2018 - december 2018,Dec 2018,Plaatwerker carrosserie,9
2019-12-31,2019,12,januari 2019 - december 2019,Dec 2019,Plaatwerker carrosserie,5
2020-12-31,2020,12,januari 2020 - december 2020,Dec 2020,Plaatwerker carrosserie,3
2021-12-31,2021,12,januari 2021 - december 2021,Dec 2021,Plaatwerker carrosserie,5
2022-12-31,2022,12,januari 2022 - december 2022,Dec 2022,Plaatwerker carrosserie,4
2023-12-31,2023,12,januari 2023 - december 2023,Dec 2023,Plaatwerker carrosserie,2
2024-12-31,2024,12,januari 2024 - december 2024,Dec 2024,Plaatwerker carrosserie,3
2025-12-31,2025,12,januari 2025 - december 2025,Dec 2025,Plaatwerker carrosserie,3
2026-04-30,2026,4,mei 2025 - april 2026,Apr 2026,Plaatwerker carrosserie,0
2025-12-31,2025,12,januari 2025 - december 2025,Dec 2025,Planner goederenbehandeling in de haven,1
2026-04-30,2026,4,mei 2025 - april 2026,Apr 2026,Planner goederenbehandeling in de haven,1
2017-12-31,2017,12,januari 2017 - december 2017,Dec 2017,Podiumtechnicus licht en beeld,1
2018-12-31,2018,12,januari 2018 - december 2018,Dec 2018,Podiumtechnicus licht en beeld,1
2019-12-31,2019,12,januari 2019 - december 2019,Dec 2019,Podiumtechnicus licht en beeld,0
2020-12-31,2020,12,januari 2020 - december 2020,Dec 2020,Podiumtechnicus licht en beeld,1
2025-12-31,2025,12,januari 2025 - december 2025,Dec 2025,Politieagent,3
2026-04-30,2026,4,mei 2025 - april 2026,Apr 2026,Politieagent,7
2017-12-31,2017,12,januari 2017 - december 2017,Dec 2017,Polyvalent administratief medewerker,462
2018-12-31,2018,12,januari 2018 - december 2018,Dec 2018,Polyvalent administratief medewerker,509
2019-12-31,2019,12,januari 2019 - december 2019,Dec 2019,Polyvalent administratief medewerker,582
2020-12-31,2020,12,januari 2020 - december 2020,Dec 2020,Polyvalent administratief medewerker,444
2021-12-31,2021,12,januari 2021 - december 2021,Dec 2021,Polyvalent administratief medewerker,709
2022-12-31,2022,12,januari 2022 - december 2022,Dec 2022,Polyvalent administratief medewerker,788
2023-12-31,2023,12,januari 2023 - december 2023,Dec 2023,Polyvalent administratief medewerker,771
2024-12-31,2024,12,januari 2024 - december 2024,Dec 2024,Polyvalent administratief medewerker,679
2025-12-31,2025,12,januari 2025 - december 2025,Dec 2025,Polyvalent administratief medewerker,684
2026-04-30,2026,4,mei 2025 - april 2026,Apr 2026,Polyvalent administratief medewerker,575
2017-12-31,2017,12,januari 2017 - december 2017,Dec 2017,Polyvalent hotelmedewerker,1
2023-12-31,2023,12,januari 2023 - december 2023,Dec 2023,Polyvalent hotelmedewerker,0
2024-12-31,2024,12,januari 2024 - december 2024,Dec 2024,Polyvalent hotelmedewerker,1
2025-12-31,2025,12,januari 2025 - december 2025,Dec 2025,Polyvalent hotelmedewerker,3
2026-04-30,2026,4,mei 2025 - april 2026,Apr 2026,Polyvalent hotelmedewerker,4
2019-12-31,2019,12,januari 2019 - december 2019,Dec 2019,Polyvalent podiumtechnicus,2
2021-12-31,2021,12,januari 2021 - december 2021,Dec 2021,Polyvalent podiumtechnicus,1
2022-12-31,2022,12,januari 2022 - december 2022,Dec 2022,Polyvalent podiumtechnicus,1
2023-12-31,2023,12,januari 2023 - december 2023,Dec 2023,Polyvalent podiumtechnicus,5
2024-12-31,2024,12,januari 2024 - december 2024,Dec 2024,Polyvalent podiumtechnicus,4
2019-12-31,2019,12,januari 2019 - december 2019,Dec 2019,Polyvalent stikster,3
2020-12-31,2020,12,januari 2020 - december 2020,Dec 2020,Polyvalent stikster,4
2021-12-31,2021,12,januari 2021 - december 2021,Dec 2021,Polyvalent stikster,2
2022-12-31,2022,12,januari 2022 - december 2022,Dec 2022,Polyvalent stikster,1
2023-12-31,2023,12,januari 2023 - december 2023,Dec 2023,Polyvalent stikster,7
2024-12-31,2024,12,januari 2024 - december 2024,Dec 2024,Polyvalent stikster,0
2022-12-31,2022,12,januari 2022 - december 2022,Dec 2022,Post- en pakketmedewerker,9
2023-12-31,2023,12,januari 2023 - december 2023,Dec 2023,Post- en pakketmedewerker,2
2017-12-31,2017,12,januari 2017 - december 2017,Dec 2017,Preventieadviseur,28
2018-12-31,2018,12,januari 2018 - december 2018,Dec 2018,Preventieadviseur,52
2019-12-31,2019,12,januari 2019 - december 2019,Dec 2019,Preventieadviseur,56
2020-12-31,2020,12,januari 2020 - december 2020,Dec 2020,Preventieadviseur,16
2021-12-31,2021,12,januari 2021 - december 2021,Dec 2021,Preventieadviseur,24
2022-12-31,2022,12,januari 2022 - december 2022,Dec 2022,Preventieadviseur,40
2023-12-31,2023,12,januari 2023 - december 2023,Dec 2023,Preventieadviseur,49
2024-12-31,2024,12,januari 2024 - december 2024,Dec 2024,Preventieadviseur,38
2025-12-31,2025,12,januari 2025 - december 2025,Dec 2025,Preventieadviseur,54
2026-04-30,2026,4,mei 2025 - april 2026,Apr 2026,Preventieadviseur,53
2021-12-31,2021,12,januari 2021 - december 2021,Dec 2021,Preventiearts,1
2022-12-31,2022,12,januari 2022 - december 2022,Dec 2022,Preventiearts,0
2017-12-31,2017,12,januari 2017 - december 2017,Dec 2017,Pricing analist,1
2017-12-31,2017,12,januari 2017 - december 2017,Dec 2017,Procesoperator chemische industrie,7
2018-12-31,2018,12,januari 2018 - december 2018,Dec 2018,Procesoperator chemische industrie,6
2019-12-31,2019,12,januari 2019 - december 2019,Dec 2019,Procesoperator chemische industrie,6
2020-12-31,2020,12,januari 2020 - december 2020,Dec 2020,Procesoperator chemische industrie,3
2021-12-31,2021,12,januari 2021 - december 2021,Dec 2021,Procesoperator chemische industrie,11
2023-12-31,2023,12,januari 2023 - december 2023,Dec 2023,Procesoperator chemische industrie,2
2024-12-31,2024,12,januari 2024 - december 2024,Dec 2024,Procesoperator chemische industrie,8
2025-12-31,2025,12,januari 2025 - december 2025,Dec 2025,Procesoperator chemische industrie,7
2026-04-30,2026,4,mei 2025 - april 2026,Apr 2026,Procesoperator chemische industrie,9
2020-12-31,2020,12,januari 2020 - december 2020,Dec 2020,Procesoperator energetische en petrochemische industrie,1
2021-12-31,2021,12,januari 2021 - december 2021,Dec 2021,Procesoperator energetische en petrochemische industrie,3
2023-12-31,2023,12,januari 2023 - december 2023,Dec 2023,Procesoperator energetische en petrochemische industrie,1
2017-12-31,2017,12,januari 2017 - december 2017,Dec 2017,Productiemanager,19
2018-12-31,2018,12,januari 2018 - december 2018,Dec 2018,Productiemanager,10
2019-12-31,2019,12,januari 2019 - december 2019,Dec 2019,Productiemanager,15
2020-12-31,2020,12,januari 2020 - december 2020,Dec 2020,Productiemanager,11
2021-12-31,2021,12,januari 2021 - december 2021,Dec 2021,Productiemanager,15
2022-12-31,2022,12,januari 2022 - december 2022,Dec 2022,Productiemanager,10
2023-12-31,2023,12,januari 2023 - december 2023,Dec 2023,Productiemanager,8
2024-12-31,2024,12,januari 2024 - december 2024,Dec 2024,Productiemanager,16
2025-12-31,2025,12,januari 2025 - december 2025,Dec 2025,Productiemanager,16
2026-04-30,2026,4,mei 2025 - april 2026,Apr 2026,Productiemanager,9
2017-12-31,2017,12,januari 2017 - december 2017,Dec 2017,Productiemedewerker,51
2018-12-31,2018,12,januari 2018 - december 2018,Dec 2018,Productiemedewerker,37
2019-12-31,2019,12,januari 2019 - december 2019,Dec 2019,Productiemedewerker,52
2020-12-31,2020,12,januari 2020 - december 2020,Dec 2020,Productiemedewerker,48
2021-12-31,2021,12,januari 2021 - december 2021,Dec 2021,Productiemedewerker,112
2022-12-31,2022,12,januari 2022 - december 2022,Dec 2022,Productiemedewerker,74
2023-12-31,2023,12,januari 2023 - december 2023,Dec 2023,Productiemedewerker,47
2024-12-31,2024,12,januari 2024 - december 2024,Dec 2024,Productiemedewerker,51
2025-12-31,2025,12,januari 2025 - december 2025,Dec 2025,Productiemedewerker,91
2026-04-30,2026,4,mei 2025 - april 2026,Apr 2026,Productiemedewerker,101
2026-04-30,2026,4,mei 2025 - april 2026,Apr 2026,Productiemedewerker drukafwerking,3
2026-04-30,2026,4,mei 2025 - april 2026,Apr 2026,Productiemedewerker drukken,2
2017-12-31,2017,12,januari 2017 - december 2017,Dec 2017,Productiemedewerker kunststofverwerking,1
2018-12-31,2018,12,januari 2018 - december 2018,Dec 2018,Productiemedewerker kunststofverwerking,2
2019-12-31,2019,12,januari 2019 - december 2019,Dec 2019,Productiemedewerker kunststofverwerking,5
2020-12-31,2020,12,januari 2020 - december 2020,Dec 2020,Productiemedewerker kunststofverwerking,1
2021-12-31,2021,12,januari 2021 - december 2021,Dec 2021,Productiemedewerker kunststofverwerking,1
2025-12-31,2025,12,januari 2025 - december 2025,Dec 2025,Productiemedewerker kunststofverwerking,1
2026-04-30,2026,4,mei 2025 - april 2026,Apr 2026,Productiemedewerker kunststofverwerking,1
2017-12-31,2017,12,januari 2017 - december 2017,Dec 2017,Productiemedewerker prefabbeton,11
2018-12-31,2018,12,januari 2018 - december 2018,Dec 2018,Productiemedewerker prefabbeton,21
2019-12-31,2019,12,januari 2019 - december 2019,Dec 2019,Productiemedewerker prefabbeton,25
2020-12-31,2020,12,januari 2020 - december 2020,Dec 2020,Productiemedewerker prefabbeton,0
2021-12-31,2021,12,januari 2021 - december 2021,Dec 2021,Productiemedewerker prefabbeton,12
2022-12-31,2022,12,januari 2022 - december 2022,Dec 2022,Productiemedewerker prefabbeton,12
2023-12-31,2023,12,januari 2023 - december 2023,Dec 2023,Productiemedewerker prefabbeton,14
2024-12-31,2024,12,januari 2024 - december 2024,Dec 2024,Productiemedewerker prefabbeton,4
2025-12-31,2025,12,januari 2025 - december 2025,Dec 2025,Productiemedewerker prefabbeton,16
2026-04-30,2026,4,mei 2025 - april 2026,Apr 2026,Productiemedewerker prefabbeton,19
2020-12-31,2020,12,januari 2020 - december 2020,Dec 2020,Productiemedewerker textielproductielijn,1
2017-12-31,2017,12,januari 2017 - december 2017,Dec 2017,Productieoperator bouw- en prefabmaterialen,3
2021-12-31,2021,12,januari 2021 - december 2021,Dec 2021,Productieoperator bouw- en prefabmaterialen,1
2022-12-31,2022,12,januari 2022 - december 2022,Dec 2022,Productieoperator bouw- en prefabmaterialen,2
2023-12-31,2023,12,januari 2023 - december 2023,Dec 2023,Productieoperator bouw- en prefabmaterialen,0
2025-12-31,2025,12,januari 2025 - december 2025,Dec 2025,Productieoperator bouw- en prefabmaterialen,2
2026-04-30,2026,4,mei 2025 - april 2026,Apr 2026,Productieoperator bouw- en prefabmaterialen,5
2017-12-31,2017,12,januari 2017 - december 2017,Dec 2017,Productieoperator elektrische en elektronische componenten,99
2018-12-31,2018,12,januari 2018 - december 2018,Dec 2018,Productieoperator elektrische en elektronische componenten,228
2019-12-31,2019,12,januari 2019 - december 2019,Dec 2019,Productieoperator elektrische en elektronische componenten,275
2020-12-31,2020,12,januari 2020 - december 2020,Dec 2020,Productieoperator elektrische en elektronische componenten,602
2021-12-31,2021,12,januari 2021 - december 2021,Dec 2021,Productieoperator elektrische en elektronische componenten,520
2022-12-31,2022,12,januari 2022 - december 2022,Dec 2022,Productieoperator elektrische en elektronische componenten,619
2023-12-31,2023,12,januari 2023 - december 2023,Dec 2023,Productieoperator elektrische en elektronische componenten,650
2024-12-31,2024,12,januari 2024 - december 2024,Dec 2024,Productieoperator elektrische en elektronische componenten,160
2025-12-31,2025,12,januari 2025 - december 2025,Dec 2025,Productieoperator elektrische en elektronische componenten,68
2026-04-30,2026,4,mei 2025 - april 2026,Apr 2026,Productieoperator elektrische en elektronische componenten,54
2017-12-31,2017,12,januari 2017 - december 2017,Dec 2017,Productieoperator hout,4
2018-12-31,2018,12,januari 2018 - december 2018,Dec 2018,Productieoperator hout,11
2019-12-31,2019,12,januari 2019 - december 2019,Dec 2019,Productieoperator hout,9
2020-12-31,2020,12,januari 2020 - december 2020,Dec 2020,Productieoperator hout,13
2021-12-31,2021,12,januari 2021 - december 2021,Dec 2021,Productieoperator hout,4
2022-12-31,2022,12,januari 2022 - december 2022,Dec 2022,Productieoperator hout,1
2023-12-31,2023,12,januari 2023 - december 2023,Dec 2023,Productieoperator hout,6
2024-12-31,2024,12,januari 2024 - december 2024,Dec 2024,Productieoperator hout,4
2025-12-31,2025,12,januari 2025 - december 2025,Dec 2025,Productieoperator hout,5
2026-04-30,2026,4,mei 2025 - april 2026,Apr 2026,Productieoperator hout,4
2017-12-31,2017,12,januari 2017 - december 2017,Dec 2017,Productieoperator metaal,25
2018-12-31,2018,12,januari 2018 - december 2018,Dec 2018,Productieoperator metaal,8
2019-12-31,2019,12,januari 2019 - december 2019,Dec 2019,Productieoperator metaal,16
2020-12-31,2020,12,januari 2020 - december 2020,Dec 2020,Productieoperator metaal,10
2021-12-31,2021,12,januari 2021 - december 2021,Dec 2021,Productieoperator metaal,22
2022-12-31,2022,12,januari 2022 - december 2022,Dec 2022,Productieoperator metaal,18
2023-12-31,2023,12,januari 2023 - december 2023,Dec 2023,Productieoperator metaal,15
2024-12-31,2024,12,januari 2024 - december 2024,Dec 2024,Productieoperator metaal,13
2025-12-31,2025,12,januari 2025 - december 2025,Dec 2025,Productieoperator metaal,8
2026-04-30,2026,4,mei 2025 - april 2026,Apr 2026,Productieoperator metaal,28
2017-12-31,2017,12,januari 2017 - december 2017,Dec 2017,"Productieoperator van stortbeton, cement, asfalt en granulaten",19
2018-12-31,2018,12,januari 2018 - december 2018,Dec 2018,"Productieoperator van stortbeton, cement, asfalt en granulaten",13
2019-12-31,2019,12,januari 2019 - december 2019,Dec 2019,"Productieoperator van stortbeton, cement, asfalt en granulaten",37
2020-12-31,2020,12,januari 2020 - december 2020,Dec 2020,"Productieoperator van stortbeton, cement, asfalt en granulaten",26
2021-12-31,2021,12,januari 2021 - december 2021,Dec 2021,"Productieoperator van stortbeton, cement, asfalt en granulaten",39
2022-12-31,2022,12,januari 2022 - december 2022,Dec 2022,"Productieoperator van stortbeton, cement, asfalt en granulaten",24
2023-12-31,2023,12,januari 2023 - december 2023,Dec 2023,"Productieoperator van stortbeton, cement, asfalt en granulaten",26
2024-12-31,2024,12,januari 2024 - december 2024,Dec 2024,"Productieoperator van stortbeton, cement, asfalt en granulaten",24
2025-12-31,2025,12,januari 2025 - december 2025,Dec 2025,"Productieoperator van stortbeton, cement, asfalt en granulaten",23
2026-04-30,2026,4,mei 2025 - april 2026,Apr 2026,"Productieoperator van stortbeton, cement, asfalt en granulaten",22
2017-12-31,2017,12,januari 2017 - december 2017,Dec 2017,Productieoperator voedingsindustrie,12
2018-12-31,2018,12,januari 2018 - december 2018,Dec 2018,Productieoperator voedingsindustrie,2
2019-12-31,2019,12,januari 2019 - december 2019,Dec 2019,Productieoperator voedingsindustrie,11
2020-12-31,2020,12,januari 2020 - december 2020,Dec 2020,Productieoperator voedingsindustrie,4
2025-12-31,2025,12,januari 2025 - december 2025,Dec 2025,Productieoperator voedingsindustrie,3
2026-04-30,2026,4,mei 2025 - april 2026,Apr 2026,Productieoperator voedingsindustrie,3
2025-12-31,2025,12,januari 2025 - december 2025,Dec 2025,Productieoperator-machineregelaar kunststoffen,1
2026-04-30,2026,4,mei 2025 - april 2026,Apr 2026,Productieoperator-machineregelaar kunststoffen,1
2017-12-31,2017,12,januari 2017 - december 2017,Dec 2017,Productieplanner,88
2018-12-31,2018,12,januari 2018 - december 2018,Dec 2018,Productieplanner,57
2019-12-31,2019,12,januari 2019 - december 2019,Dec 2019,Productieplanner,74
2020-12-31,2020,12,januari 2020 - december 2020,Dec 2020,Productieplanner,56
2021-12-31,2021,12,januari 2021 - december 2021,Dec 2021,Productieplanner,86
2022-12-31,2022,12,januari 2022 - december 2022,Dec 2022,Productieplanner,95
2023-12-31,2023,12,januari 2023 - december 2023,Dec 2023,Productieplanner,86
2024-12-31,2024,12,januari 2024 - december 2024,Dec 2024,Productieplanner,85
2025-12-31,2025,12,januari 2025 - december 2025,Dec 2025,Productieplanner,68
2026-04-30,2026,4,mei 2025 - april 2026,Apr 2026,Productieplanner,61
2017-12-31,2017,12,januari 2017 - december 2017,Dec 2017,Productieverantwoordelijke land- en tuinbouw,1
2018-12-31,2018,12,januari 2018 - december 2018,Dec 2018,Productieverantwoordelijke land- en tuinbouw,1
2019-12-31,2019,12,januari 2019 - december 2019,Dec 2019,Productieverantwoordelijke land- en tuinbouw,4
2020-12-31,2020,12,januari 2020 - december 2020,Dec 2020,Productieverantwoordelijke land- en tuinbouw,1
2021-12-31,2021,12,januari 2021 - december 2021,Dec 2021,Productieverantwoordelijke land- en tuinbouw,3
2023-12-31,2023,12,januari 2023 - december 2023,Dec 2023,Productieverantwoordelijke land- en tuinbouw,2
2024-12-31,2024,12,januari 2024 - december 2024,Dec 2024,Productieverantwoordelijke land- en tuinbouw,1
2017-12-31,2017,12,januari 2017 - december 2017,Dec 2017,Productmanager,2
2018-12-31,2018,12,januari 2018 - december 2018,Dec 2018,Productmanager,2
2019-12-31,2019,12,januari 2019 - december 2019,Dec 2019,Productmanager,4
2020-12-31,2020,12,januari 2020 - december 2020,Dec 2020,Productmanager,1
2021-12-31,2021,12,januari 2021 - december 2021,Dec 2021,Productmanager,3
2022-12-31,2022,12,januari 2022 - december 2022,Dec 2022,Productmanager,9
2023-12-31,2023,12,januari 2023 - december 2023,Dec 2023,Productmanager,3
2024-12-31,2024,12,januari 2024 - december 2024,Dec 2024,Productmanager,2
2025-12-31,2025,12,januari 2025 - december 2025,Dec 2025,Productmanager,3
2026-04-30,2026,4,mei 2025 - april 2026,Apr 2026,Productmanager,1
2017-12-31,2017,12,januari 2017 - december 2017,Dec 2017,Productontwikkelaar,4
2018-12-31,2018,12,januari 2018 - december 2018,Dec 2018,Productontwikkelaar,1
2019-12-31,2019,12,januari 2019 - december 2019,Dec 2019,Productontwikkelaar,2
2020-12-31,2020,12,januari 2020 - december 2020,Dec 2020,Productontwikkelaar,1
2021-12-31,2021,12,januari 2021 - december 2021,Dec 2021,Productontwikkelaar,6
2025-12-31,2025,12,januari 2025 - december 2025,Dec 2025,Productontwikkelaar,5
2026-04-30,2026,4,mei 2025 - april 2026,Apr 2026,Productontwikkelaar,7
2017-12-31,2017,12,januari 2017 - december 2017,Dec 2017,Projectleider bouw en openbare werken,215
2018-12-31,2018,12,januari 2018 - december 2018,Dec 2018,Projectleider bouw en openbare werken,284
2019-12-31,2019,12,januari 2019 - december 2019,Dec 2019,Projectleider bouw en openbare werken,295
2020-12-31,2020,12,januari 2020 - december 2020,Dec 2020,Projectleider bouw en openbare werken,274
2021-12-31,2021,12,januari 2021 - december 2021,Dec 2021,Projectleider bouw en openbare werken,293
2022-12-31,2022,12,januari 2022 - december 2022,Dec 2022,Projectleider bouw en openbare werken,354
2023-12-31,2023,12,januari 2023 - december 2023,Dec 2023,Projectleider bouw en openbare werken,394
2024-12-31,2024,12,januari 2024 - december 2024,Dec 2024,Projectleider bouw en openbare werken,391
2025-12-31,2025,12,januari 2025 - december 2025,Dec 2025,Projectleider bouw en openbare werken,406
2026-04-30,2026,4,mei 2025 - april 2026,Apr 2026,Projectleider bouw en openbare werken,518
2017-12-31,2017,12,januari 2017 - december 2017,Dec 2017,Projectmanager business,1
2018-12-31,2018,12,januari 2018 - december 2018,Dec 2018,Projectmanager business,7
2019-12-31,2019,12,januari 2019 - december 2019,Dec 2019,Projectmanager business,5
2020-12-31,2020,12,januari 2020 - december 2020,Dec 2020,Projectmanager business,5
2021-12-31,2021,12,januari 2021 - december 2021,Dec 2021,Projectmanager business,6
2022-12-31,2022,12,januari 2022 - december 2022,Dec 2022,Projectmanager business,9
2023-12-31,2023,12,januari 2023 - december 2023,Dec 2023,Projectmanager business,3
2024-12-31,2024,12,januari 2024 - december 2024,Dec 2024,Projectmanager business,10
2025-12-31,2025,12,januari 2025 - december 2025,Dec 2025,Projectmanager business,18
2026-04-30,2026,4,mei 2025 - april 2026,Apr 2026,Projectmanager business,17
2017-12-31,2017,12,januari 2017 - december 2017,Dec 2017,Projectmanager engineering,57
2018-12-31,2018,12,januari 2018 - december 2018,Dec 2018,Projectmanager engineering,113
2019-12-31,2019,12,januari 2019 - december 2019,Dec 2019,Projectmanager engineering,117
2020-12-31,2020,12,januari 2020 - december 2020,Dec 2020,Projectmanager engineering,114
2021-12-31,2021,12,januari 2021 - december 2021,Dec 2021,Projectmanager engineering,116
2022-12-31,2022,12,januari 2022 - december 2022,Dec 2022,Projectmanager engineering,198
2023-12-31,2023,12,januari 2023 - december 2023,Dec 2023,Projectmanager engineering,258
2024-12-31,2024,12,januari 2024 - december 2024,Dec 2024,Projectmanager engineering,223
2025-12-31,2025,12,januari 2025 - december 2025,Dec 2025,Projectmanager engineering,170
2026-04-30,2026,4,mei 2025 - april 2026,Apr 2026,Projectmanager engineering,143
2017-12-31,2017,12,januari 2017 - december 2017,Dec 2017,Reachtruckchauffeur,12
2018-12-31,2018,12,januari 2018 - december 2018,Dec 2018,Reachtruckchauffeur,2
2019-12-31,2019,12,januari 2019 - december 2019,Dec 2019,Reachtruckchauffeur,2
2022-12-31,2022,12,januari 2022 - december 2022,Dec 2022,Reachtruckchauffeur,0
2024-12-31,2024,12,januari 2024 - december 2024,Dec 2024,Reachtruckchauffeur,2
2021-12-31,2021,12,januari 2021 - december 2021,Dec 2021,Recyclageparkwachter,1
2022-12-31,2022,12,januari 2022 - december 2022,Dec 2022,Recyclageparkwachter,1
2024-12-31,2024,12,januari 2024 - december 2024,Dec 2024,Recyclageparkwachter,1
2025-12-31,2025,12,januari 2025 - december 2025,Dec 2025,Recyclageparkwachter,2
2026-04-30,2026,4,mei 2025 - april 2026,Apr 2026,Recyclageparkwachter,2
2018-12-31,2018,12,januari 2018 - december 2018,Dec 2018,Redder,5
2021-12-31,2021,12,januari 2021 - december 2021,Dec 2021,Redder,14
2022-12-31,2022,12,januari 2022 - december 2022,Dec 2022,Redder,9
2023-12-31,2023,12,januari 2023 - december 2023,Dec 2023,Redder,6
2024-12-31,2024,12,januari 2024 - december 2024,Dec 2024,Redder,4
2017-12-31,2017,12,januari 2017 - december 2017,Dec 2017,Regelaar-afsteller van productie-installaties,1
2020-12-31,2020,12,januari 2020 - december 2020,Dec 2020,Regelaar-afsteller van productie-installaties,4
2021-12-31,2021,12,januari 2021 - december 2021,Dec 2021,Regelaar-afsteller van productie-installaties,8
2022-12-31,2022,12,januari 2022 - december 2022,Dec 2022,Regelaar-afsteller van productie-installaties,0
2024-12-31,2024,12,januari 2024 - december 2024,Dec 2024,Regelaar-afsteller van productie-installaties,1
2025-12-31,2025,12,januari 2025 - december 2025,Dec 2025,Regelaar-afsteller van productie-installaties,1
2017-12-31,2017,12,januari 2017 - december 2017,Dec 2017,Regeltechnicus klimatisatie,184
2018-12-31,2018,12,januari 2018 - december 2018,Dec 2018,Regeltechnicus klimatisatie,146
2019-12-31,2019,12,januari 2019 - december 2019,Dec 2019,Regeltechnicus klimatisatie,215
2020-12-31,2020,12,januari 2020 - december 2020,Dec 2020,Regeltechnicus klimatisatie,227
2021-12-31,2021,12,januari 2021 - december 2021,Dec 2021,Regeltechnicus klimatisatie,176
2022-12-31,2022,12,januari 2022 - december 2022,Dec 2022,Regeltechnicus klimatisatie,220
2023-12-31,2023,12,januari 2023 - december 2023,Dec 2023,Regeltechnicus klimatisatie,217
2024-12-31,2024,12,januari 2024 - december 2024,Dec 2024,Regeltechnicus klimatisatie,174
2025-12-31,2025,12,januari 2025 - december 2025,Dec 2025,Regeltechnicus klimatisatie,210
2026-04-30,2026,4,mei 2025 - april 2026,Apr 2026,Regeltechnicus klimatisatie,155
2022-12-31,2022,12,januari 2022 - december 2022,Dec 2022,Reisagent,2
2017-12-31,2017,12,januari 2017 - december 2017,Dec 2017,Rentmeester,1
2019-12-31,2019,12,januari 2019 - december 2019,Dec 2019,Rentmeester,1
2020-12-31,2020,12,januari 2020 - december 2020,Dec 2020,Rentmeester,4
2021-12-31,2021,12,januari 2021 - december 2021,Dec 2021,Rentmeester,2
2022-12-31,2022,12,januari 2022 - december 2022,Dec 2022,Rentmeester,2
2023-12-31,2023,12,januari 2023 - december 2023,Dec 2023,Rentmeester,6
2024-12-31,2024,12,januari 2024 - december 2024,Dec 2024,Rentmeester,5
2025-12-31,2025,12,januari 2025 - december 2025,Dec 2025,Rentmeester,1
2026-04-30,2026,4,mei 2025 - april 2026,Apr 2026,Rentmeester,2
2021-12-31,2021,12,januari 2021 - december 2021,Dec 2021,Revisor,6
2022-12-31,2022,12,januari 2022 - december 2022,Dec 2022,Revisor,1
2023-12-31,2023,12,januari 2023 - december 2023,Dec 2023,Revisor,2
2024-12-31,2024,12,januari 2024 - december 2024,Dec 2024,Revisor,3
2025-12-31,2025,12,januari 2025 - december 2025,Dec 2025,Revisor,0
2017-12-31,2017,12,januari 2017 - december 2017,Dec 2017,Rigger-monteerder,15
2018-12-31,2018,12,januari 2018 - december 2018,Dec 2018,Rigger-monteerder,44
2019-12-31,2019,12,januari 2019 - december 2019,Dec 2019,Rigger-monteerder,41
2020-12-31,2020,12,januari 2020 - december 2020,Dec 2020,Rigger-monteerder,69
2021-12-31,2021,12,januari 2021 - december 2021,Dec 2021,Rigger-monteerder,53
2022-12-31,2022,12,januari 2022 - december 2022,Dec 2022,Rigger-monteerder,239
2023-12-31,2023,12,januari 2023 - december 2023,Dec 2023,Rigger-monteerder,89
2024-12-31,2024,12,januari 2024 - december 2024,Dec 2024,Rigger-monteerder,41
2025-12-31,2025,12,januari 2025 - december 2025,Dec 2025,Rigger-monteerder,56
2026-04-30,2026,4,mei 2025 - april 2026,Apr 2026,Rigger-monteerder,46
2017-12-31,2017,12,januari 2017 - december 2017,Dec 2017,Rioollegger,38
2018-12-31,2018,12,januari 2018 - december 2018,Dec 2018,Rioollegger,44
2019-12-31,2019,12,januari 2019 - december 2019,Dec 2019,Rioollegger,24
2020-12-31,2020,12,januari 2020 - december 2020,Dec 2020,Rioollegger,6
2021-12-31,2021,12,januari 2021 - december 2021,Dec 2021,Rioollegger,44
2022-12-31,2022,12,januari 2022 - december 2022,Dec 2022,Rioollegger,49
2023-12-31,2023,12,januari 2023 - december 2023,Dec 2023,Rioollegger,56
2024-12-31,2024,12,januari 2024 - december 2024,Dec 2024,Rioollegger,22
2025-12-31,2025,12,januari 2025 - december 2025,Dec 2025,Rioollegger,25
2026-04-30,2026,4,mei 2025 - april 2026,Apr 2026,Rioollegger,30
2017-12-31,2017,12,januari 2017 - december 2017,Dec 2017,Ruitenwasser,20
2018-12-31,2018,12,januari 2018 - december 2018,Dec 2018,Ruitenwasser,52
2019-12-31,2019,12,januari 2019 - december 2019,Dec 2019,Ruitenwasser,7
2020-12-31,2020,12,januari 2020 - december 2020,Dec 2020,Ruitenwasser,5
2021-12-31,2021,12,januari 2021 - december 2021,Dec 2021,Ruitenwasser,7
2022-12-31,2022,12,januari 2022 - december 2022,Dec 2022,Ruitenwasser,2
2023-12-31,2023,12,januari 2023 - december 2023,Dec 2023,Ruitenwasser,1
2024-12-31,2024,12,januari 2024 - december 2024,Dec 2024,Ruitenwasser,2
2025-12-31,2025,12,januari 2025 - december 2025,Dec 2025,Ruitenwasser,2
2026-04-30,2026,4,mei 2025 - april 2026,Apr 2026,Ruitenwasser,1
2020-12-31,2020,12,januari 2020 - december 2020,Dec 2020,SEO-expert,1
2021-12-31,2021,12,januari 2021 - december 2021,Dec 2021,SEO-expert,1
2017-12-31,2017,12,januari 2017 - december 2017,Dec 2017,Sales engineer,35
2018-12-31,2018,12,januari 2018 - december 2018,Dec 2018,Sales engineer,73
2019-12-31,2019,12,januari 2019 - december 2019,Dec 2019,Sales engineer,47
2020-12-31,2020,12,januari 2020 - december 2020,Dec 2020,Sales engineer,42
2021-12-31,2021,12,januari 2021 - december 2021,Dec 2021,Sales engineer,32
2022-12-31,2022,12,januari 2022 - december 2022,Dec 2022,Sales engineer,61
2023-12-31,2023,12,januari 2023 - december 2023,Dec 2023,Sales engineer,56
2024-12-31,2024,12,januari 2024 - december 2024,Dec 2024,Sales engineer,73
2025-12-31,2025,12,januari 2025 - december 2025,Dec 2025,Sales engineer,76
2026-04-30,2026,4,mei 2025 - april 2026,Apr 2026,Sales engineer,66
2018-12-31,2018,12,januari 2018 - december 2018,Dec 2018,Sales manager,1
2019-12-31,2019,12,januari 2019 - december 2019,Dec 2019,Sales manager,0
2020-12-31,2020,12,januari 2020 - december 2020,Dec 2020,Sales manager,1
2021-12-31,2021,12,januari 2021 - december 2021,Dec 2021,Sales manager,2
2022-12-31,2022,12,januari 2022 - december 2022,Dec 2022,Sales manager,4
2023-12-31,2023,12,januari 2023 - december 2023,Dec 2023,Sales manager,6
2024-12-31,2024,12,januari 2024 - december 2024,Dec 2024,Sales manager,2
2025-12-31,2025,12,januari 2025 - december 2025,Dec 2025,Sales manager,6
2026-04-30,2026,4,mei 2025 - april 2026,Apr 2026,Sales manager,7
2023-12-31,2023,12,januari 2023 - december 2023,Dec 2023,Schade-expert verzekeringen,3
2024-12-31,2024,12,januari 2024 - december 2024,Dec 2024,Schade-expert verzekeringen,1
2017-12-31,2017,12,januari 2017 - december 2017,Dec 2017,Schilder-decorateur,410
2018-12-31,2018,12,januari 2018 - december 2018,Dec 2018,Schilder-decorateur,403
2019-12-31,2019,12,januari 2019 - december 2019,Dec 2019,Schilder-decorateur,395
2020-12-31,2020,12,januari 2020 - december 2020,Dec 2020,Schilder-decorateur,434
2021-12-31,2021,12,januari 2021 - december 2021,Dec 2021,Schilder-decorateur,598
2022-12-31,2022,12,januari 2022 - december 2022,Dec 2022,Schilder-decorateur,405
2023-12-31,2023,12,januari 2023 - december 2023,Dec 2023,Schilder-decorateur,397
2024-12-31,2024,12,januari 2024 - december 2024,Dec 2024,Schilder-decorateur,267
2025-12-31,2025,12,januari 2025 - december 2025,Dec 2025,Schilder-decorateur,308
2026-04-30,2026,4,mei 2025 - april 2026,Apr 2026,Schilder-decorateur,287
2017-12-31,2017,12,januari 2017 - december 2017,Dec 2017,Schipper-stuurman binnenscheepvaart,8
2018-12-31,2018,12,januari 2018 - december 2018,Dec 2018,Schipper-stuurman binnenscheepvaart,13
2019-12-31,2019,12,januari 2019 - december 2019,Dec 2019,Schipper-stuurman binnenscheepvaart,0
2020-12-31,2020,12,januari 2020 - december 2020,Dec 2020,Schipper-stuurman binnenscheepvaart,2
2021-12-31,2021,12,januari 2021 - december 2021,Dec 2021,Schipper-stuurman binnenscheepvaart,2
2022-12-31,2022,12,januari 2022 - december 2022,Dec 2022,Schipper-stuurman binnenscheepvaart,5
2023-12-31,2023,12,januari 2023 - december 2023,Dec 2023,Schipper-stuurman binnenscheepvaart,4
2024-12-31,2024,12,januari 2024 - december 2024,Dec 2024,Schipper-stuurman binnenscheepvaart,6
2025-12-31,2025,12,januari 2025 - december 2025,Dec 2025,Schipper-stuurman binnenscheepvaart,3
2026-04-30,2026,4,mei 2025 - april 2026,Apr 2026,Schipper-stuurman binnenscheepvaart,3
2017-12-31,2017,12,januari 2017 - december 2017,Dec 2017,Schoonheidsspecialist,1
2018-12-31,2018,12,januari 2018 - december 2018,Dec 2018,Schoonheidsspecialist,1
2019-12-31,2019,12,januari 2019 - december 2019,Dec 2019,Schoonheidsspecialist,1
2020-12-31,2020,12,januari 2020 - december 2020,Dec 2020,Schoonheidsspecialist,3
2021-12-31,2021,12,januari 2021 - december 2021,Dec 2021,Schoonheidsspecialist,2
2022-12-31,2022,12,januari 2022 - december 2022,Dec 2022,Schoonheidsspecialist,2
2023-12-31,2023,12,januari 2023 - december 2023,Dec 2023,Schoonheidsspecialist,3
2024-12-31,2024,12,januari 2024 - december 2024,Dec 2024,Schoonheidsspecialist,1
2025-12-31,2025,12,januari 2025 - december 2025,Dec 2025,Schoonheidsspecialist,1
2026-04-30,2026,4,mei 2025 - april 2026,Apr 2026,Schoonheidsspecialist,1
2017-12-31,2017,12,januari 2017 - december 2017,Dec 2017,Schoonmaker van ruimten en lokalen,73
2018-12-31,2018,12,januari 2018 - december 2018,Dec 2018,Schoonmaker van ruimten en lokalen,42
2019-12-31,2019,12,januari 2019 - december 2019,Dec 2019,Schoonmaker van ruimten en lokalen,34
2020-12-31,2020,12,januari 2020 - december 2020,Dec 2020,Schoonmaker van ruimten en lokalen,34
2021-12-31,2021,12,januari 2021 - december 2021,Dec 2021,Schoonmaker van ruimten en lokalen,59
2022-12-31,2022,12,januari 2022 - december 2022,Dec 2022,Schoonmaker van ruimten en lokalen,78
2023-12-31,2023,12,januari 2023 - december 2023,Dec 2023,Schoonmaker van ruimten en lokalen,86
2024-12-31,2024,12,januari 2024 - december 2024,Dec 2024,Schoonmaker van ruimten en lokalen,113
2025-12-31,2025,12,januari 2025 - december 2025,Dec 2025,Schoonmaker van ruimten en lokalen,104
2026-04-30,2026,4,mei 2025 - april 2026,Apr 2026,Schoonmaker van ruimten en lokalen,74
2017-12-31,2017,12,januari 2017 - december 2017,Dec 2017,Schrijnwerker houtbouw,36
2018-12-31,2018,12,januari 2018 - december 2018,Dec 2018,Schrijnwerker houtbouw,32
2019-12-31,2019,12,januari 2019 - december 2019,Dec 2019,Schrijnwerker houtbouw,30
2020-12-31,2020,12,januari 2020 - december 2020,Dec 2020,Schrijnwerker houtbouw,24
2021-12-31,2021,12,januari 2021 - december 2021,Dec 2021,Schrijnwerker houtbouw,52
2022-12-31,2022,12,januari 2022 - december 2022,Dec 2022,Schrijnwerker houtbouw,46
2023-12-31,2023,12,januari 2023 - december 2023,Dec 2023,Schrijnwerker houtbouw,17
2024-12-31,2024,12,januari 2024 - december 2024,Dec 2024,Schrijnwerker houtbouw,25
2025-12-31,2025,12,januari 2025 - december 2025,Dec 2025,Schrijnwerker houtbouw,36
2026-04-30,2026,4,mei 2025 - april 2026,Apr 2026,Schrijnwerker houtbouw,48
2018-12-31,2018,12,januari 2018 - december 2018,Dec 2018,Slachter,1
2017-12-31,2017,12,januari 2017 - december 2017,Dec 2017,Slager,3
2018-12-31,2018,12,januari 2018 - december 2018,Dec 2018,Slager,12
2019-12-31,2019,12,januari 2019 - december 2019,Dec 2019,Slager,36
2020-12-31,2020,12,januari 2020 - december 2020,Dec 2020,Slager,53
2021-12-31,2021,12,januari 2021 - december 2021,Dec 2021,Slager,40
2022-12-31,2022,12,januari 2022 - december 2022,Dec 2022,Slager,1
2023-12-31,2023,12,januari 2023 - december 2023,Dec 2023,Slager,39
2024-12-31,2024,12,januari 2024 - december 2024,Dec 2024,Slager,3
2025-12-31,2025,12,januari 2025 - december 2025,Dec 2025,Slager,37
2026-04-30,2026,4,mei 2025 - april 2026,Apr 2026,Slager,34
2018-12-31,2018,12,januari 2018 - december 2018,Dec 2018,Slotenmaker,3
2019-12-31,2019,12,januari 2019 - december 2019,Dec 2019,Slotenmaker,4
2020-12-31,2020,12,januari 2020 - december 2020,Dec 2020,Slotenmaker,3
2021-12-31,2021,12,januari 2021 - december 2021,Dec 2021,Slotenmaker,2
2022-12-31,2022,12,januari 2022 - december 2022,Dec 2022,Slotenmaker,1
2021-12-31,2021,12,januari 2021 - december 2021,Dec 2021,Sociaal-cultureel begeleider,1
2022-12-31,2022,12,januari 2022 - december 2022,Dec 2022,Sociaal-cultureel begeleider,7
2023-12-31,2023,12,januari 2023 - december 2023,Dec 2023,Sociaal-cultureel begeleider,7
2024-12-31,2024,12,januari 2024 - december 2024,Dec 2024,Sociaal-cultureel begeleider,2
2025-12-31,2025,12,januari 2025 - december 2025,Dec 2025,Sociaal-cultureel begeleider,1
2025-12-31,2025,12,januari 2025 - december 2025,Dec 2025,Social media manager,1
2026-04-30,2026,4,mei 2025 - april 2026,Apr 2026,Social media manager,1
2018-12-31,2018,12,januari 2018 - december 2018,Dec 2018,Software analist,2
2019-12-31,2019,12,januari 2019 - december 2019,Dec 2019,Software analist,1
2020-12-31,2020,12,januari 2020 - december 2020,Dec 2020,Software analist,1
2021-12-31,2021,12,januari 2021 - december 2021,Dec 2021,Software analist,7
2022-12-31,2022,12,januari 2022 - december 2022,Dec 2022,Software analist,12
2023-12-31,2023,12,januari 2023 - december 2023,Dec 2023,Software analist,3
2024-12-31,2024,12,januari 2024 - december 2024,Dec 2024,Software analist,6
2025-12-31,2025,12,januari 2025 - december 2025,Dec 2025,Software analist,8
2026-04-30,2026,4,mei 2025 - april 2026,Apr 2026,Software analist,8
2017-12-31,2017,12,januari 2017 - december 2017,Dec 2017,Software ontwikkelaar,14
2018-12-31,2018,12,januari 2018 - december 2018,Dec 2018,Software ontwikkelaar,8
2019-12-31,2019,12,januari 2019 - december 2019,Dec 2019,Software ontwikkelaar,12
2020-12-31,2020,12,januari 2020 - december 2020,Dec 2020,Software ontwikkelaar,11
2021-12-31,2021,12,januari 2021 - december 2021,Dec 2021,Software ontwikkelaar,17
2022-12-31,2022,12,januari 2022 - december 2022,Dec 2022,Software ontwikkelaar,31
2023-12-31,2023,12,januari 2023 - december 2023,Dec 2023,Software ontwikkelaar,21
2024-12-31,2024,12,januari 2024 - december 2024,Dec 2024,Software ontwikkelaar,41
2025-12-31,2025,12,januari 2025 - december 2025,Dec 2025,Software ontwikkelaar,24
2026-04-30,2026,4,mei 2025 - april 2026,Apr 2026,Software ontwikkelaar,19
2017-12-31,2017,12,januari 2017 - december 2017,Dec 2017,Software tester,1
2017-12-31,2017,12,januari 2017 - december 2017,Dec 2017,Sorteerder recyclage,1
2018-12-31,2018,12,januari 2018 - december 2018,Dec 2018,Sorteerder recyclage,0
2019-12-31,2019,12,januari 2019 - december 2019,Dec 2019,Sorteerder recyclage,2
2020-12-31,2020,12,januari 2020 - december 2020,Dec 2020,Sorteerder recyclage,1
2021-12-31,2021,12,januari 2021 - december 2021,Dec 2021,Sorteerder recyclage,3
2022-12-31,2022,12,januari 2022 - december 2022,Dec 2022,Sorteerder recyclage,1
2023-12-31,2023,12,januari 2023 - december 2023,Dec 2023,Sorteerder recyclage,3
2024-12-31,2024,12,januari 2024 - december 2024,Dec 2024,Sorteerder recyclage,0
2017-12-31,2017,12,januari 2017 - december 2017,Dec 2017,Spoorwerker,23
2018-12-31,2018,12,januari 2018 - december 2018,Dec 2018,Spoorwerker,44
2019-12-31,2019,12,januari 2019 - december 2019,Dec 2019,Spoorwerker,21
2020-12-31,2020,12,januari 2020 - december 2020,Dec 2020,Spoorwerker,8
2021-12-31,2021,12,januari 2021 - december 2021,Dec 2021,Spoorwerker,13
2022-12-31,2022,12,januari 2022 - december 2022,Dec 2022,Spoorwerker,22
2023-12-31,2023,12,januari 2023 - december 2023,Dec 2023,Spoorwerker,60
2024-12-31,2024,12,januari 2024 - december 2024,Dec 2024,Spoorwerker,129
2025-12-31,2025,12,januari 2025 - december 2025,Dec 2025,Spoorwerker,31
2026-04-30,2026,4,mei 2025 - april 2026,Apr 2026,Spoorwerker,26
2019-12-31,2019,12,januari 2019 - december 2019,Dec 2019,Sporttrainer,1
2021-12-31,2021,12,januari 2021 - december 2021,Dec 2021,Sporttrainer,2
2022-12-31,2022,12,januari 2022 - december 2022,Dec 2022,Sporttrainer,7
2023-12-31,2023,12,januari 2023 - december 2023,Dec 2023,Sporttrainer,1
2019-12-31,2019,12,januari 2019 - december 2019,Dec 2019,Spuiter carrosserie,1
2020-12-31,2020,12,januari 2020 - december 2020,Dec 2020,Spuiter carrosserie,2
2021-12-31,2021,12,januari 2021 - december 2021,Dec 2021,Spuiter carrosserie,13
2022-12-31,2022,12,januari 2022 - december 2022,Dec 2022,Spuiter carrosserie,9
2023-12-31,2023,12,januari 2023 - december 2023,Dec 2023,Spuiter carrosserie,1
2024-12-31,2024,12,januari 2024 - december 2024,Dec 2024,Spuiter carrosserie,4
2025-12-31,2025,12,januari 2025 - december 2025,Dec 2025,Spuiter carrosserie,4
2026-04-30,2026,4,mei 2025 - april 2026,Apr 2026,Spuiter carrosserie,4
2017-12-31,2017,12,januari 2017 - december 2017,Dec 2017,Steigerbouwer,101
2018-12-31,2018,12,januari 2018 - december 2018,Dec 2018,Steigerbouwer,85
2019-12-31,2019,12,januari 2019 - december 2019,Dec 2019,Steigerbouwer,75
2020-12-31,2020,12,januari 2020 - december 2020,Dec 2020,Steigerbouwer,94
2021-12-31,2021,12,januari 2021 - december 2021,Dec 2021,Steigerbouwer,77
2022-12-31,2022,12,januari 2022 - december 2022,Dec 2022,Steigerbouwer,118
2023-12-31,2023,12,januari 2023 - december 2023,Dec 2023,Steigerbouwer,263
2024-12-31,2024,12,januari 2024 - december 2024,Dec 2024,Steigerbouwer,170
2025-12-31,2025,12,januari 2025 - december 2025,Dec 2025,Steigerbouwer,151
2026-04-30,2026,4,mei 2025 - april 2026,Apr 2026,Steigerbouwer,116
2017-12-31,2017,12,januari 2017 - december 2017,Dec 2017,Stukadoor,249
2018-12-31,2018,12,januari 2018 - december 2018,Dec 2018,Stukadoor,282
2019-12-31,2019,12,januari 2019 - december 2019,Dec 2019,Stukadoor,323
2020-12-31,2020,12,januari 2020 - december 2020,Dec 2020,Stukadoor,295
2021-12-31,2021,12,januari 2021 - december 2021,Dec 2021,Stukadoor,287
2022-12-31,2022,12,januari 2022 - december 2022,Dec 2022,Stukadoor,264
2023-12-31,2023,12,januari 2023 - december 2023,Dec 2023,Stukadoor,186
2024-12-31,2024,12,januari 2024 - december 2024,Dec 2024,Stukadoor,150
2025-12-31,2025,12,januari 2025 - december 2025,Dec 2025,Stukadoor,173
2026-04-30,2026,4,mei 2025 - april 2026,Apr 2026,Stukadoor,133
2017-12-31,2017,12,januari 2017 - december 2017,Dec 2017,Support medewerker ICT,96
2018-12-31,2018,12,januari 2018 - december 2018,Dec 2018,Support medewerker ICT,51
2019-12-31,2019,12,januari 2019 - december 2019,Dec 2019,Support medewerker ICT,20
2020-12-31,2020,12,januari 2020 - december 2020,Dec 2020,Support medewerker ICT,28
2021-12-31,2021,12,januari 2021 - december 2021,Dec 2021,Support medewerker ICT,34
2022-12-31,2022,12,januari 2022 - december 2022,Dec 2022,Support medewerker ICT,56
2023-12-31,2023,12,januari 2023 - december 2023,Dec 2023,Support medewerker ICT,41
2024-12-31,2024,12,januari 2024 - december 2024,Dec 2024,Support medewerker ICT,44
2025-12-31,2025,12,januari 2025 - december 2025,Dec 2025,Support medewerker ICT,21
2026-04-30,2026,4,mei 2025 - april 2026,Apr 2026,Support medewerker ICT,23
2022-12-31,2022,12,januari 2022 - december 2022,Dec 2022,Syndicus,1
2025-12-31,2025,12,januari 2025 - december 2025,Dec 2025,Syndicus,1
2026-04-30,2026,4,mei 2025 - april 2026,Apr 2026,Syndicus,0
2017-12-31,2017,12,januari 2017 - december 2017,Dec 2017,Systeembeheerder,4
2018-12-31,2018,12,januari 2018 - december 2018,Dec 2018,Systeembeheerder,3
2019-12-31,2019,12,januari 2019 - december 2019,Dec 2019,Systeembeheerder,13
2020-12-31,2020,12,januari 2020 - december 2020,Dec 2020,Systeembeheerder,3
2021-12-31,2021,12,januari 2021 - december 2021,Dec 2021,Systeembeheerder,7
2022-12-31,2022,12,januari 2022 - december 2022,Dec 2022,Systeembeheerder,14
2023-12-31,2023,12,januari 2023 - december 2023,Dec 2023,Systeembeheerder,7
2024-12-31,2024,12,januari 2024 - december 2024,Dec 2024,Systeembeheerder,8
2025-12-31,2025,12,januari 2025 - december 2025,Dec 2025,Systeembeheerder,9
2026-04-30,2026,4,mei 2025 - april 2026,Apr 2026,Systeembeheerder,6
2024-12-31,2024,12,januari 2024 - december 2024,Dec 2024,Tandarts,0
2017-12-31,2017,12,januari 2017 - december 2017,Dec 2017,Taxichauffeur en chauffeur privévervoer,9
2018-12-31,2018,12,januari 2018 - december 2018,Dec 2018,Taxichauffeur en chauffeur privévervoer,3
2019-12-31,2019,12,januari 2019 - december 2019,Dec 2019,Taxichauffeur en chauffeur privévervoer,1
2020-12-31,2020,12,januari 2020 - december 2020,Dec 2020,Taxichauffeur en chauffeur privévervoer,1
2021-12-31,2021,12,januari 2021 - december 2021,Dec 2021,Taxichauffeur en chauffeur privévervoer,4
2022-12-31,2022,12,januari 2022 - december 2022,Dec 2022,Taxichauffeur en chauffeur privévervoer,1
2023-12-31,2023,12,januari 2023 - december 2023,Dec 2023,Taxichauffeur en chauffeur privévervoer,1
2024-12-31,2024,12,januari 2024 - december 2024,Dec 2024,Taxichauffeur en chauffeur privévervoer,1
2026-04-30,2026,4,mei 2025 - april 2026,Apr 2026,Taxichauffeur en chauffeur privévervoer,1
2017-12-31,2017,12,januari 2017 - december 2017,Dec 2017,Teamleader productie,9
2018-12-31,2018,12,januari 2018 - december 2018,Dec 2018,Teamleader productie,4
2019-12-31,2019,12,januari 2019 - december 2019,Dec 2019,Teamleader productie,10
2020-12-31,2020,12,januari 2020 - december 2020,Dec 2020,Teamleader productie,3
2021-12-31,2021,12,januari 2021 - december 2021,Dec 2021,Teamleader productie,9
2022-12-31,2022,12,januari 2022 - december 2022,Dec 2022,Teamleader productie,9
2023-12-31,2023,12,januari 2023 - december 2023,Dec 2023,Teamleader productie,12
2024-12-31,2024,12,januari 2024 - december 2024,Dec 2024,Teamleader productie,10
2025-12-31,2025,12,januari 2025 - december 2025,Dec 2025,Teamleader productie,8
2026-04-30,2026,4,mei 2025 - april 2026,Apr 2026,Teamleader productie,12
2017-12-31,2017,12,januari 2017 - december 2017,Dec 2017,Technicus elektro en elektronica,48
2018-12-31,2018,12,januari 2018 - december 2018,Dec 2018,Technicus elektro en elektronica,22
2019-12-31,2019,12,januari 2019 - december 2019,Dec 2019,Technicus elektro en elektronica,121
2020-12-31,2020,12,januari 2020 - december 2020,Dec 2020,Technicus elektro en elektronica,12
2021-12-31,2021,12,januari 2021 - december 2021,Dec 2021,Technicus elektro en elektronica,8
2022-12-31,2022,12,januari 2022 - december 2022,Dec 2022,Technicus elektro en elektronica,34
2023-12-31,2023,12,januari 2023 - december 2023,Dec 2023,Technicus elektro en elektronica,19
2024-12-31,2024,12,januari 2024 - december 2024,Dec 2024,Technicus elektro en elektronica,25
2025-12-31,2025,12,januari 2025 - december 2025,Dec 2025,Technicus elektro en elektronica,19
2026-04-30,2026,4,mei 2025 - april 2026,Apr 2026,Technicus elektro en elektronica,19
2017-12-31,2017,12,januari 2017 - december 2017,Dec 2017,Technicus elektronische installaties,77
2018-12-31,2018,12,januari 2018 - december 2018,Dec 2018,Technicus elektronische installaties,96
2019-12-31,2019,12,januari 2019 - december 2019,Dec 2019,Technicus elektronische installaties,129
2020-12-31,2020,12,januari 2020 - december 2020,Dec 2020,Technicus elektronische installaties,108
2021-12-31,2021,12,januari 2021 - december 2021,Dec 2021,Technicus elektronische installaties,385
2022-12-31,2022,12,januari 2022 - december 2022,Dec 2022,Technicus elektronische installaties,391
2023-12-31,2023,12,januari 2023 - december 2023,Dec 2023,Technicus elektronische installaties,416
2024-12-31,2024,12,januari 2024 - december 2024,Dec 2024,Technicus elektronische installaties,438
2025-12-31,2025,12,januari 2025 - december 2025,Dec 2025,Technicus elektronische installaties,285
2026-04-30,2026,4,mei 2025 - april 2026,Apr 2026,Technicus elektronische installaties,323
2017-12-31,2017,12,januari 2017 - december 2017,Dec 2017,Technicus hernieuwbare energietechnieken,76
2018-12-31,2018,12,januari 2018 - december 2018,Dec 2018,Technicus hernieuwbare energietechnieken,81
2019-12-31,2019,12,januari 2019 - december 2019,Dec 2019,Technicus hernieuwbare energietechnieken,108
2020-12-31,2020,12,januari 2020 - december 2020,Dec 2020,Technicus hernieuwbare energietechnieken,64
2021-12-31,2021,12,januari 2021 - december 2021,Dec 2021,Technicus hernieuwbare energietechnieken,28
2022-12-31,2022,12,januari 2022 - december 2022,Dec 2022,Technicus hernieuwbare energietechnieken,96
2023-12-31,2023,12,januari 2023 - december 2023,Dec 2023,Technicus hernieuwbare energietechnieken,72
2024-12-31,2024,12,januari 2024 - december 2024,Dec 2024,Technicus hernieuwbare energietechnieken,27
2025-12-31,2025,12,januari 2025 - december 2025,Dec 2025,Technicus hernieuwbare energietechnieken,4
2026-04-30,2026,4,mei 2025 - april 2026,Apr 2026,Technicus hernieuwbare energietechnieken,7
2018-12-31,2018,12,januari 2018 - december 2018,Dec 2018,Technicus industriële elektriciteit,1
2021-12-31,2021,12,januari 2021 - december 2021,Dec 2021,Technicus industriële elektriciteit,1
2022-12-31,2022,12,januari 2022 - december 2022,Dec 2022,Technicus industriële elektriciteit,1
2023-12-31,2023,12,januari 2023 - december 2023,Dec 2023,Technicus industriële elektriciteit,11
2024-12-31,2024,12,januari 2024 - december 2024,Dec 2024,Technicus industriële elektriciteit,6
2025-12-31,2025,12,januari 2025 - december 2025,Dec 2025,Technicus industriële elektriciteit,8
2026-04-30,2026,4,mei 2025 - april 2026,Apr 2026,Technicus industriële elektriciteit,49
2017-12-31,2017,12,januari 2017 - december 2017,Dec 2017,Technicus installatietechnieken,99
2018-12-31,2018,12,januari 2018 - december 2018,Dec 2018,Technicus installatietechnieken,70
2019-12-31,2019,12,januari 2019 - december 2019,Dec 2019,Technicus installatietechnieken,58
2020-12-31,2020,12,januari 2020 - december 2020,Dec 2020,Technicus installatietechnieken,61
2021-12-31,2021,12,januari 2021 - december 2021,Dec 2021,Technicus installatietechnieken,74
2022-12-31,2022,12,januari 2022 - december 2022,Dec 2022,Technicus installatietechnieken,49
2023-12-31,2023,12,januari 2023 - december 2023,Dec 2023,Technicus installatietechnieken,64
2024-12-31,2024,12,januari 2024 - december 2024,Dec 2024,Technicus installatietechnieken,61
2025-12-31,2025,12,januari 2025 - december 2025,Dec 2025,Technicus installatietechnieken,75
2026-04-30,2026,4,mei 2025 - april 2026,Apr 2026,Technicus installatietechnieken,97
2022-12-31,2022,12,januari 2022 - december 2022,Dec 2022,Technicus van bromfietsen en motorfietsen,2
2023-12-31,2023,12,januari 2023 - december 2023,Dec 2023,Technicus van bromfietsen en motorfietsen,4
2024-12-31,2024,12,januari 2024 - december 2024,Dec 2024,Technicus van bromfietsen en motorfietsen,1
2025-12-31,2025,12,januari 2025 - december 2025,Dec 2025,Technicus van bromfietsen en motorfietsen,1
2026-04-30,2026,4,mei 2025 - april 2026,Apr 2026,Technicus van bromfietsen en motorfietsen,1
2017-12-31,2017,12,januari 2017 - december 2017,Dec 2017,"Technicus van tuin-, park- en bosmachines",1
2019-12-31,2019,12,januari 2019 - december 2019,Dec 2019,"Technicus van tuin-, park- en bosmachines",1
2020-12-31,2020,12,januari 2020 - december 2020,Dec 2020,"Technicus van tuin-, park- en bosmachines",0
2018-12-31,2018,12,januari 2018 - december 2018,Dec 2018,"Technicus veiligheid, hygiëne en leefmilieu",1
2021-12-31,2021,12,januari 2021 - december 2021,Dec 2021,"Technicus veiligheid, hygiëne en leefmilieu",1
2024-12-31,2024,12,januari 2024 - december 2024,Dec 2024,"Technicus veiligheid, hygiëne en leefmilieu",2
2025-12-31,2025,12,januari 2025 - december 2025,Dec 2025,"Technicus veiligheid, hygiëne en leefmilieu",1
2026-04-30,2026,4,mei 2025 - april 2026,Apr 2026,"Technicus veiligheid, hygiëne en leefmilieu",1
2017-12-31,2017,12,januari 2017 - december 2017,Dec 2017,"Technicus werf-, landbouw- en hefmachines",33
2018-12-31,2018,12,januari 2018 - december 2018,Dec 2018,"Technicus werf-, landbouw- en hefmachines",73
2019-12-31,2019,12,januari 2019 - december 2019,Dec 2019,"Technicus werf-, landbouw- en hefmachines",64
2020-12-31,2020,12,januari 2020 - december 2020,Dec 2020,"Technicus werf-, landbouw- en hefmachines",37
2021-12-31,2021,12,januari 2021 - december 2021,Dec 2021,"Technicus werf-, landbouw- en hefmachines",31
2022-12-31,2022,12,januari 2022 - december 2022,Dec 2022,"Technicus werf-, landbouw- en hefmachines",73
2023-12-31,2023,12,januari 2023 - december 2023,Dec 2023,"Technicus werf-, landbouw- en hefmachines",114
2024-12-31,2024,12,januari 2024 - december 2024,Dec 2024,"Technicus werf-, landbouw- en hefmachines",79
2025-12-31,2025,12,januari 2025 - december 2025,Dec 2025,"Technicus werf-, landbouw- en hefmachines",102
2026-04-30,2026,4,mei 2025 - april 2026,Apr 2026,"Technicus werf-, landbouw- en hefmachines",89
2017-12-31,2017,12,januari 2017 - december 2017,Dec 2017,Technisch adviseur klantenondersteuning,6
2018-12-31,2018,12,januari 2018 - december 2018,Dec 2018,Technisch adviseur klantenondersteuning,5
2019-12-31,2019,12,januari 2019 - december 2019,Dec 2019,Technisch adviseur klantenondersteuning,0
2020-12-31,2020,12,januari 2020 - december 2020,Dec 2020,Technisch adviseur klantenondersteuning,5
2021-12-31,2021,12,januari 2021 - december 2021,Dec 2021,Technisch adviseur klantenondersteuning,8
2022-12-31,2022,12,januari 2022 - december 2022,Dec 2022,Technisch adviseur klantenondersteuning,4
2023-12-31,2023,12,januari 2023 - december 2023,Dec 2023,Technisch adviseur klantenondersteuning,13
2024-12-31,2024,12,januari 2024 - december 2024,Dec 2024,Technisch adviseur klantenondersteuning,5
2025-12-31,2025,12,januari 2025 - december 2025,Dec 2025,Technisch adviseur klantenondersteuning,19
2026-04-30,2026,4,mei 2025 - april 2026,Apr 2026,Technisch adviseur klantenondersteuning,25
2017-12-31,2017,12,januari 2017 - december 2017,Dec 2017,Technisch inspecteur industrie,4
2018-12-31,2018,12,januari 2018 - december 2018,Dec 2018,Technisch inspecteur industrie,8
2019-12-31,2019,12,januari 2019 - december 2019,Dec 2019,Technisch inspecteur industrie,9
2020-12-31,2020,12,januari 2020 - december 2020,Dec 2020,Technisch inspecteur industrie,2
2021-12-31,2021,12,januari 2021 - december 2021,Dec 2021,Technisch inspecteur industrie,15
2022-12-31,2022,12,januari 2022 - december 2022,Dec 2022,Technisch inspecteur industrie,19
2023-12-31,2023,12,januari 2023 - december 2023,Dec 2023,Technisch inspecteur industrie,6
2024-12-31,2024,12,januari 2024 - december 2024,Dec 2024,Technisch inspecteur industrie,18
2025-12-31,2025,12,januari 2025 - december 2025,Dec 2025,Technisch inspecteur industrie,2
2026-04-30,2026,4,mei 2025 - april 2026,Apr 2026,Technisch inspecteur industrie,2
2019-12-31,2019,12,januari 2019 - december 2019,Dec 2019,Technisch redacteur,1
2021-12-31,2021,12,januari 2021 - december 2021,Dec 2021,Technisch redacteur,2
2022-12-31,2022,12,januari 2022 - december 2022,Dec 2022,Technisch redacteur,1
2023-12-31,2023,12,januari 2023 - december 2023,Dec 2023,Technisch redacteur,0
2017-12-31,2017,12,januari 2017 - december 2017,Dec 2017,Technisch-administratief medewerker,130
2018-12-31,2018,12,januari 2018 - december 2018,Dec 2018,Technisch-administratief medewerker,129
2019-12-31,2019,12,januari 2019 - december 2019,Dec 2019,Technisch-administratief medewerker,198
2020-12-31,2020,12,januari 2020 - december 2020,Dec 2020,Technisch-administratief medewerker,145
2021-12-31,2021,12,januari 2021 - december 2021,Dec 2021,Technisch-administratief medewerker,190
2022-12-31,2022,12,januari 2022 - december 2022,Dec 2022,Technisch-administratief medewerker,230
2023-12-31,2023,12,januari 2023 - december 2023,Dec 2023,Technisch-administratief medewerker,232
2024-12-31,2024,12,januari 2024 - december 2024,Dec 2024,Technisch-administratief medewerker,181
2025-12-31,2025,12,januari 2025 - december 2025,Dec 2025,Technisch-administratief medewerker,248
2026-04-30,2026,4,mei 2025 - april 2026,Apr 2026,Technisch-administratief medewerker,255
2017-12-31,2017,12,januari 2017 - december 2017,Dec 2017,"Tekenaar-ontwerper elektriciteit, elektronica",37
2018-12-31,2018,12,januari 2018 - december 2018,Dec 2018,"Tekenaar-ontwerper elektriciteit, elektronica",42
2019-12-31,2019,12,januari 2019 - december 2019,Dec 2019,"Tekenaar-ontwerper elektriciteit, elektronica",55
2020-12-31,2020,12,januari 2020 - december 2020,Dec 2020,"Tekenaar-ontwerper elektriciteit, elektronica",56
2021-12-31,2021,12,januari 2021 - december 2021,Dec 2021,"Tekenaar-ontwerper elektriciteit, elektronica",55
2022-12-31,2022,12,januari 2022 - december 2022,Dec 2022,"Tekenaar-ontwerper elektriciteit, elektronica",55
2023-12-31,2023,12,januari 2023 - december 2023,Dec 2023,"Tekenaar-ontwerper elektriciteit, elektronica",88
2024-12-31,2024,12,januari 2024 - december 2024,Dec 2024,"Tekenaar-ontwerper elektriciteit, elektronica",78
2025-12-31,2025,12,januari 2025 - december 2025,Dec 2025,"Tekenaar-ontwerper elektriciteit, elektronica",81
2026-04-30,2026,4,mei 2025 - april 2026,Apr 2026,"Tekenaar-ontwerper elektriciteit, elektronica",85
2017-12-31,2017,12,januari 2017 - december 2017,Dec 2017,Tekenaar-ontwerper mechanica,22
2018-12-31,2018,12,januari 2018 - december 2018,Dec 2018,Tekenaar-ontwerper mechanica,10
2019-12-31,2019,12,januari 2019 - december 2019,Dec 2019,Tekenaar-ontwerper mechanica,28
2020-12-31,2020,12,januari 2020 - december 2020,Dec 2020,Tekenaar-ontwerper mechanica,25
2021-12-31,2021,12,januari 2021 - december 2021,Dec 2021,Tekenaar-ontwerper mechanica,25
2022-12-31,2022,12,januari 2022 - december 2022,Dec 2022,Tekenaar-ontwerper mechanica,26
2023-12-31,2023,12,januari 2023 - december 2023,Dec 2023,Tekenaar-ontwerper mechanica,25
2024-12-31,2024,12,januari 2024 - december 2024,Dec 2024,Tekenaar-ontwerper mechanica,14
2025-12-31,2025,12,januari 2025 - december 2025,Dec 2025,Tekenaar-ontwerper mechanica,13
2026-04-30,2026,4,mei 2025 - april 2026,Apr 2026,Tekenaar-ontwerper mechanica,16
2017-12-31,2017,12,januari 2017 - december 2017,Dec 2017,Torenkraanbediener,19
2018-12-31,2018,12,januari 2018 - december 2018,Dec 2018,Torenkraanbediener,20
2019-12-31,2019,12,januari 2019 - december 2019,Dec 2019,Torenkraanbediener,16
2020-12-31,2020,12,januari 2020 - december 2020,Dec 2020,Torenkraanbediener,22
2021-12-31,2021,12,januari 2021 - december 2021,Dec 2021,Torenkraanbediener,19
2022-12-31,2022,12,januari 2022 - december 2022,Dec 2022,Torenkraanbediener,23
2023-12-31,2023,12,januari 2023 - december 2023,Dec 2023,Torenkraanbediener,20
2024-12-31,2024,12,januari 2024 - december 2024,Dec 2024,Torenkraanbediener,21
2025-12-31,2025,12,januari 2025 - december 2025,Dec 2025,Torenkraanbediener,14
2026-04-30,2026,4,mei 2025 - april 2026,Apr 2026,Torenkraanbediener,21
2022-12-31,2022,12,januari 2022 - december 2022,Dec 2022,Traffic controller,1
2023-12-31,2023,12,januari 2023 - december 2023,Dec 2023,Traffic controller,1
2024-12-31,2024,12,januari 2024 - december 2024,Dec 2024,Traffic controller,8
2025-12-31,2025,12,januari 2025 - december 2025,Dec 2025,Traffic controller,7
2021-12-31,2021,12,januari 2021 - december 2021,Dec 2021,Transportmanager,1
2022-12-31,2022,12,januari 2022 - december 2022,Dec 2022,Transportmanager,2
2024-12-31,2024,12,januari 2024 - december 2024,Dec 2024,Treinbestuurder,1
2021-12-31,2021,12,januari 2021 - december 2021,Dec 2021,"Uitbater sport-, recreatief of toeristisch centrum",8
2022-12-31,2022,12,januari 2022 - december 2022,Dec 2022,"Uitbater sport-, recreatief of toeristisch centrum",5
2023-12-31,2023,12,januari 2023 - december 2023,Dec 2023,"Uitbater sport-, recreatief of toeristisch centrum",4
2019-12-31,2019,12,januari 2019 - december 2019,Dec 2019,Uitsnijder-uitbener,1
2025-12-31,2025,12,januari 2025 - december 2025,Dec 2025,Uitsnijder-uitbener,1
2026-04-30,2026,4,mei 2025 - april 2026,Apr 2026,Uitsnijder-uitbener,2
2021-12-31,2021,12,januari 2021 - december 2021,Dec 2021,Uitvaartondernemer,1
2021-12-31,2021,12,januari 2021 - december 2021,Dec 2021,Uitvoerder van werken in schadelijke milieus,1
2017-12-31,2017,12,januari 2017 - december 2017,Dec 2017,Uitvoerder van werken op hoogte,35
2018-12-31,2018,12,januari 2018 - december 2018,Dec 2018,Uitvoerder van werken op hoogte,38
2019-12-31,2019,12,januari 2019 - december 2019,Dec 2019,Uitvoerder van werken op hoogte,34
2020-12-31,2020,12,januari 2020 - december 2020,Dec 2020,Uitvoerder van werken op hoogte,29
2021-12-31,2021,12,januari 2021 - december 2021,Dec 2021,Uitvoerder van werken op hoogte,22
2022-12-31,2022,12,januari 2022 - december 2022,Dec 2022,Uitvoerder van werken op hoogte,18
2023-12-31,2023,12,januari 2023 - december 2023,Dec 2023,Uitvoerder van werken op hoogte,42
2024-12-31,2024,12,januari 2024 - december 2024,Dec 2024,Uitvoerder van werken op hoogte,67
2025-12-31,2025,12,januari 2025 - december 2025,Dec 2025,Uitvoerder van werken op hoogte,35
2026-04-30,2026,4,mei 2025 - april 2026,Apr 2026,Uitvoerder van werken op hoogte,69
2022-12-31,2022,12,januari 2022 - december 2022,Dec 2022,Underwriter verzekeringen,1
2023-12-31,2023,12,januari 2023 - december 2023,Dec 2023,Underwriter verzekeringen,1
2025-12-31,2025,12,januari 2025 - december 2025,Dec 2025,Underwriter verzekeringen,1
2026-04-30,2026,4,mei 2025 - april 2026,Apr 2026,Underwriter verzekeringen,0
2025-12-31,2025,12,januari 2025 - december 2025,Dec 2025,Vastgoedbemiddelaar overdracht,1
2026-04-30,2026,4,mei 2025 - april 2026,Apr 2026,Vastgoedbemiddelaar overdracht,0
2017-12-31,2017,12,januari 2017 - december 2017,Dec 2017,Vastgoedbemiddelaar verkoop en verhuur,12
2018-12-31,2018,12,januari 2018 - december 2018,Dec 2018,Vastgoedbemiddelaar verkoop en verhuur,4
2019-12-31,2019,12,januari 2019 - december 2019,Dec 2019,Vastgoedbemiddelaar verkoop en verhuur,7
2020-12-31,2020,12,januari 2020 - december 2020,Dec 2020,Vastgoedbemiddelaar verkoop en verhuur,1
2021-12-31,2021,12,januari 2021 - december 2021,Dec 2021,Vastgoedbemiddelaar verkoop en verhuur,8
2022-12-31,2022,12,januari 2022 - december 2022,Dec 2022,Vastgoedbemiddelaar verkoop en verhuur,7
2023-12-31,2023,12,januari 2023 - december 2023,Dec 2023,Vastgoedbemiddelaar verkoop en verhuur,5
2024-12-31,2024,12,januari 2024 - december 2024,Dec 2024,Vastgoedbemiddelaar verkoop en verhuur,6
2025-12-31,2025,12,januari 2025 - december 2025,Dec 2025,Vastgoedbemiddelaar verkoop en verhuur,7
2026-04-30,2026,4,mei 2025 - april 2026,Apr 2026,Vastgoedbemiddelaar verkoop en verhuur,5
2017-12-31,2017,12,januari 2017 - december 2017,Dec 2017,Vastgoedpromotor,18
2018-12-31,2018,12,januari 2018 - december 2018,Dec 2018,Vastgoedpromotor,19
2019-12-31,2019,12,januari 2019 - december 2019,Dec 2019,Vastgoedpromotor,6
2020-12-31,2020,12,januari 2020 - december 2020,Dec 2020,Vastgoedpromotor,9
2021-12-31,2021,12,januari 2021 - december 2021,Dec 2021,Vastgoedpromotor,12
2022-12-31,2022,12,januari 2022 - december 2022,Dec 2022,Vastgoedpromotor,7
2023-12-31,2023,12,januari 2023 - december 2023,Dec 2023,Vastgoedpromotor,4
2024-12-31,2024,12,januari 2024 - december 2024,Dec 2024,Vastgoedpromotor,8
2025-12-31,2025,12,januari 2025 - december 2025,Dec 2025,Vastgoedpromotor,11
2026-04-30,2026,4,mei 2025 - april 2026,Apr 2026,Vastgoedpromotor,7
2017-12-31,2017,12,januari 2017 - december 2017,Dec 2017,Veiligheidscoördinator,9
2018-12-31,2018,12,januari 2018 - december 2018,Dec 2018,Veiligheidscoördinator,14
2019-12-31,2019,12,januari 2019 - december 2019,Dec 2019,Veiligheidscoördinator,10
2020-12-31,2020,12,januari 2020 - december 2020,Dec 2020,Veiligheidscoördinator,19
2021-12-31,2021,12,januari 2021 - december 2021,Dec 2021,Veiligheidscoördinator,25
2022-12-31,2022,12,januari 2022 - december 2022,Dec 2022,Veiligheidscoördinator,42
2023-12-31,2023,12,januari 2023 - december 2023,Dec 2023,Veiligheidscoördinator,29
2024-12-31,2024,12,januari 2024 - december 2024,Dec 2024,Veiligheidscoördinator,33
2025-12-31,2025,12,januari 2025 - december 2025,Dec 2025,Veiligheidscoördinator,52
2026-04-30,2026,4,mei 2025 - april 2026,Apr 2026,Veiligheidscoördinator,44
2017-12-31,2017,12,januari 2017 - december 2017,Dec 2017,Verantwoordelijke ICT,16
2018-12-31,2018,12,januari 2018 - december 2018,Dec 2018,Verantwoordelijke ICT,7
2019-12-31,2019,12,januari 2019 - december 2019,Dec 2019,Verantwoordelijke ICT,4
2020-12-31,2020,12,januari 2020 - december 2020,Dec 2020,Verantwoordelijke ICT,2
2021-12-31,2021,12,januari 2021 - december 2021,Dec 2021,Verantwoordelijke ICT,5
2022-12-31,2022,12,januari 2022 - december 2022,Dec 2022,Verantwoordelijke ICT,7
2023-12-31,2023,12,januari 2023 - december 2023,Dec 2023,Verantwoordelijke ICT,7
2024-12-31,2024,12,januari 2024 - december 2024,Dec 2024,Verantwoordelijke ICT,7
2025-12-31,2025,12,januari 2025 - december 2025,Dec 2025,Verantwoordelijke ICT,4
2026-04-30,2026,4,mei 2025 - april 2026,Apr 2026,Verantwoordelijke ICT,5
2017-12-31,2017,12,januari 2017 - december 2017,Dec 2017,Verantwoordelijke aankoop,0
2018-12-31,2018,12,januari 2018 - december 2018,Dec 2018,Verantwoordelijke aankoop,2
2019-12-31,2019,12,januari 2019 - december 2019,Dec 2019,Verantwoordelijke aankoop,4
2020-12-31,2020,12,januari 2020 - december 2020,Dec 2020,Verantwoordelijke aankoop,2
2022-12-31,2022,12,januari 2022 - december 2022,Dec 2022,Verantwoordelijke aankoop,6
2023-12-31,2023,12,januari 2023 - december 2023,Dec 2023,Verantwoordelijke aankoop,12
2024-12-31,2024,12,januari 2024 - december 2024,Dec 2024,Verantwoordelijke aankoop,5
2025-12-31,2025,12,januari 2025 - december 2025,Dec 2025,Verantwoordelijke aankoop,3
2026-04-30,2026,4,mei 2025 - april 2026,Apr 2026,Verantwoordelijke aankoop,3
2017-12-31,2017,12,januari 2017 - december 2017,Dec 2017,Verantwoordelijke beheer en onderhoud van voertuigen,8
2018-12-31,2018,12,januari 2018 - december 2018,Dec 2018,Verantwoordelijke beheer en onderhoud van voertuigen,9
2019-12-31,2019,12,januari 2019 - december 2019,Dec 2019,Verantwoordelijke beheer en onderhoud van voertuigen,23
2020-12-31,2020,12,januari 2020 - december 2020,Dec 2020,Verantwoordelijke beheer en onderhoud van voertuigen,9
2021-12-31,2021,12,januari 2021 - december 2021,Dec 2021,Verantwoordelijke beheer en onderhoud van voertuigen,4
2022-12-31,2022,12,januari 2022 - december 2022,Dec 2022,Verantwoordelijke beheer en onderhoud van voertuigen,18
2023-12-31,2023,12,januari 2023 - december 2023,Dec 2023,Verantwoordelijke beheer en onderhoud van voertuigen,7
2024-12-31,2024,12,januari 2024 - december 2024,Dec 2024,Verantwoordelijke beheer en onderhoud van voertuigen,16
2025-12-31,2025,12,januari 2025 - december 2025,Dec 2025,Verantwoordelijke beheer en onderhoud van voertuigen,4
2026-04-30,2026,4,mei 2025 - april 2026,Apr 2026,Verantwoordelijke beheer en onderhoud van voertuigen,8
2018-12-31,2018,12,januari 2018 - december 2018,Dec 2018,Verantwoordelijke contactcenter,4
2019-12-31,2019,12,januari 2019 - december 2019,Dec 2019,Verantwoordelijke contactcenter,1
2021-12-31,2021,12,januari 2021 - december 2021,Dec 2021,Verantwoordelijke contactcenter,3
2022-12-31,2022,12,januari 2022 - december 2022,Dec 2022,Verantwoordelijke contactcenter,1
2023-12-31,2023,12,januari 2023 - december 2023,Dec 2023,Verantwoordelijke contactcenter,1
2024-12-31,2024,12,januari 2024 - december 2024,Dec 2024,Verantwoordelijke contactcenter,1
2020-12-31,2020,12,januari 2020 - december 2020,Dec 2020,Verantwoordelijke eco-industriële site,1
2022-12-31,2022,12,januari 2022 - december 2022,Dec 2022,Verantwoordelijke eco-industriële site,2
2024-12-31,2024,12,januari 2024 - december 2024,Dec 2024,Verantwoordelijke eco-industriële site,2
2021-12-31,2021,12,januari 2021 - december 2021,Dec 2021,"Verantwoordelijke gezondheids-, sociale of penitentiaire instelling",1
2023-12-31,2023,12,januari 2023 - december 2023,Dec 2023,"Verantwoordelijke gezondheids-, sociale of penitentiaire instelling",2
2024-12-31,2024,12,januari 2024 - december 2024,Dec 2024,"Verantwoordelijke gezondheids-, sociale of penitentiaire instelling",1
2017-12-31,2017,12,januari 2017 - december 2017,Dec 2017,Verantwoordelijke industrieel onderhoud,29
2018-12-31,2018,12,januari 2018 - december 2018,Dec 2018,Verantwoordelijke industrieel onderhoud,32
2019-12-31,2019,12,januari 2019 - december 2019,Dec 2019,Verantwoordelijke industrieel onderhoud,17
2020-12-31,2020,12,januari 2020 - december 2020,Dec 2020,Verantwoordelijke industrieel onderhoud,13
2021-12-31,2021,12,januari 2021 - december 2021,Dec 2021,Verantwoordelijke industrieel onderhoud,21
2022-12-31,2022,12,januari 2022 - december 2022,Dec 2022,Verantwoordelijke industrieel onderhoud,30
2023-12-31,2023,12,januari 2023 - december 2023,Dec 2023,Verantwoordelijke industrieel onderhoud,62
2024-12-31,2024,12,januari 2024 - december 2024,Dec 2024,Verantwoordelijke industrieel onderhoud,56
2025-12-31,2025,12,januari 2025 - december 2025,Dec 2025,Verantwoordelijke industrieel onderhoud,43
2026-04-30,2026,4,mei 2025 - april 2026,Apr 2026,Verantwoordelijke industrieel onderhoud,48
2022-12-31,2022,12,januari 2022 - december 2022,Dec 2022,Verantwoordelijke kinderopvang,2
2023-12-31,2023,12,januari 2023 - december 2023,Dec 2023,Verantwoordelijke kinderopvang,1
2024-12-31,2024,12,januari 2024 - december 2024,Dec 2024,Verantwoordelijke kinderopvang,1
2017-12-31,2017,12,januari 2017 - december 2017,Dec 2017,Verantwoordelijke klantendienst,1
2018-12-31,2018,12,januari 2018 - december 2018,Dec 2018,Verantwoordelijke klantendienst,5
2022-12-31,2022,12,januari 2022 - december 2022,Dec 2022,Verantwoordelijke klantendienst,2
2023-12-31,2023,12,januari 2023 - december 2023,Dec 2023,Verantwoordelijke klantendienst,1
2026-04-30,2026,4,mei 2025 - april 2026,Apr 2026,Verantwoordelijke klantendienst,1
2017-12-31,2017,12,januari 2017 - december 2017,Dec 2017,Verantwoordelijke kwaliteitscontrole,8
2018-12-31,2018,12,januari 2018 - december 2018,Dec 2018,Verantwoordelijke kwaliteitscontrole,12
2019-12-31,2019,12,januari 2019 - december 2019,Dec 2019,Verantwoordelijke kwaliteitscontrole,11
2020-12-31,2020,12,januari 2020 - december 2020,Dec 2020,Verantwoordelijke kwaliteitscontrole,19
2021-12-31,2021,12,januari 2021 - december 2021,Dec 2021,Verantwoordelijke kwaliteitscontrole,21
2022-12-31,2022,12,januari 2022 - december 2022,Dec 2022,Verantwoordelijke kwaliteitscontrole,29
2023-12-31,2023,12,januari 2023 - december 2023,Dec 2023,Verantwoordelijke kwaliteitscontrole,21
2024-12-31,2024,12,januari 2024 - december 2024,Dec 2024,Verantwoordelijke kwaliteitscontrole,26
2025-12-31,2025,12,januari 2025 - december 2025,Dec 2025,Verantwoordelijke kwaliteitscontrole,27
2026-04-30,2026,4,mei 2025 - april 2026,Apr 2026,Verantwoordelijke kwaliteitscontrole,24
2018-12-31,2018,12,januari 2018 - december 2018,Dec 2018,Verantwoordelijke logistieke site,2
2019-12-31,2019,12,januari 2019 - december 2019,Dec 2019,Verantwoordelijke logistieke site,2
2020-12-31,2020,12,januari 2020 - december 2020,Dec 2020,Verantwoordelijke logistieke site,1
2021-12-31,2021,12,januari 2021 - december 2021,Dec 2021,Verantwoordelijke logistieke site,5
2022-12-31,2022,12,januari 2022 - december 2022,Dec 2022,Verantwoordelijke logistieke site,11
2023-12-31,2023,12,januari 2023 - december 2023,Dec 2023,Verantwoordelijke logistieke site,11
2024-12-31,2024,12,januari 2024 - december 2024,Dec 2024,Verantwoordelijke logistieke site,3
2025-12-31,2025,12,januari 2025 - december 2025,Dec 2025,Verantwoordelijke logistieke site,3
2026-04-30,2026,4,mei 2025 - april 2026,Apr 2026,Verantwoordelijke logistieke site,10
2019-12-31,2019,12,januari 2019 - december 2019,Dec 2019,Verantwoordelijke onderhoud van gebouwen en infrastructuur,1
2021-12-31,2021,12,januari 2021 - december 2021,Dec 2021,Verantwoordelijke onderhoud van gebouwen en infrastructuur,2
2023-12-31,2023,12,januari 2023 - december 2023,Dec 2023,Verantwoordelijke onderhoud van gebouwen en infrastructuur,1
2024-12-31,2024,12,januari 2024 - december 2024,Dec 2024,Verantwoordelijke onderhoud van gebouwen en infrastructuur,3
2025-12-31,2025,12,januari 2025 - december 2025,Dec 2025,Verantwoordelijke onderhoud van gebouwen en infrastructuur,18
2026-04-30,2026,4,mei 2025 - april 2026,Apr 2026,Verantwoordelijke onderhoud van gebouwen en infrastructuur,21
2018-12-31,2018,12,januari 2018 - december 2018,Dec 2018,Verantwoordelijke onderzoek en ontwikkeling,2
2019-12-31,2019,12,januari 2019 - december 2019,Dec 2019,Verantwoordelijke onderzoek en ontwikkeling,1
2022-12-31,2022,12,januari 2022 - december 2022,Dec 2022,Verantwoordelijke onderzoek en ontwikkeling,1
2023-12-31,2023,12,januari 2023 - december 2023,Dec 2023,Verantwoordelijke onderzoek en ontwikkeling,2
2024-12-31,2024,12,januari 2024 - december 2024,Dec 2024,Verantwoordelijke onderzoek en ontwikkeling,2
2025-12-31,2025,12,januari 2025 - december 2025,Dec 2025,Verantwoordelijke onderzoek en ontwikkeling,5
2026-04-30,2026,4,mei 2025 - april 2026,Apr 2026,Verantwoordelijke onderzoek en ontwikkeling,4
2020-12-31,2020,12,januari 2020 - december 2020,Dec 2020,Verantwoordelijke productieproces en -methodes,1
2022-12-31,2022,12,januari 2022 - december 2022,Dec 2022,Verantwoordelijke productieproces en -methodes,2
2023-12-31,2023,12,januari 2023 - december 2023,Dec 2023,Verantwoordelijke productieproces en -methodes,2
2025-12-31,2025,12,januari 2025 - december 2025,Dec 2025,Verantwoordelijke productieproces en -methodes,1
2026-04-30,2026,4,mei 2025 - april 2026,Apr 2026,Verantwoordelijke productieproces en -methodes,3
2017-12-31,2017,12,januari 2017 - december 2017,Dec 2017,Verantwoordelijke tuin- en groenaanleg en -onderhoud,11
2018-12-31,2018,12,januari 2018 - december 2018,Dec 2018,Verantwoordelijke tuin- en groenaanleg en -onderhoud,3
2019-12-31,2019,12,januari 2019 - december 2019,Dec 2019,Verantwoordelijke tuin- en groenaanleg en -onderhoud,19
2020-12-31,2020,12,januari 2020 - december 2020,Dec 2020,Verantwoordelijke tuin- en groenaanleg en -onderhoud,14
2021-12-31,2021,12,januari 2021 - december 2021,Dec 2021,Verantwoordelijke tuin- en groenaanleg en -onderhoud,4
2022-12-31,2022,12,januari 2022 - december 2022,Dec 2022,Verantwoordelijke tuin- en groenaanleg en -onderhoud,7
2023-12-31,2023,12,januari 2023 - december 2023,Dec 2023,Verantwoordelijke tuin- en groenaanleg en -onderhoud,3
2024-12-31,2024,12,januari 2024 - december 2024,Dec 2024,Verantwoordelijke tuin- en groenaanleg en -onderhoud,5
2025-12-31,2025,12,januari 2025 - december 2025,Dec 2025,Verantwoordelijke tuin- en groenaanleg en -onderhoud,10
2026-04-30,2026,4,mei 2025 - april 2026,Apr 2026,Verantwoordelijke tuin- en groenaanleg en -onderhoud,12
2018-12-31,2018,12,januari 2018 - december 2018,Dec 2018,Verantwoordelijke verkoopadministratie,1
2020-12-31,2020,12,januari 2020 - december 2020,Dec 2020,Verantwoordelijke verkoopadministratie,1
2021-12-31,2021,12,januari 2021 - december 2021,Dec 2021,Verantwoordelijke verkoopadministratie,3
2022-12-31,2022,12,januari 2022 - december 2022,Dec 2022,Verantwoordelijke verkoopadministratie,8
2023-12-31,2023,12,januari 2023 - december 2023,Dec 2023,Verantwoordelijke verkoopadministratie,2
2017-12-31,2017,12,januari 2017 - december 2017,Dec 2017,Verantwoordelijke verkooppromotie,3
2018-12-31,2018,12,januari 2018 - december 2018,Dec 2018,Verantwoordelijke verkooppromotie,0
2019-12-31,2019,12,januari 2019 - december 2019,Dec 2019,Verantwoordelijke verkooppromotie,1
2021-12-31,2021,12,januari 2021 - december 2021,Dec 2021,Verantwoordelijke verkooppromotie,10
2017-12-31,2017,12,januari 2017 - december 2017,Dec 2017,Verantwoordelijke werving en opleiding,29
2018-12-31,2018,12,januari 2018 - december 2018,Dec 2018,Verantwoordelijke werving en opleiding,66
2019-12-31,2019,12,januari 2019 - december 2019,Dec 2019,Verantwoordelijke werving en opleiding,33
2020-12-31,2020,12,januari 2020 - december 2020,Dec 2020,Verantwoordelijke werving en opleiding,14
2021-12-31,2021,12,januari 2021 - december 2021,Dec 2021,Verantwoordelijke werving en opleiding,35
2022-12-31,2022,12,januari 2022 - december 2022,Dec 2022,Verantwoordelijke werving en opleiding,93
2023-12-31,2023,12,januari 2023 - december 2023,Dec 2023,Verantwoordelijke werving en opleiding,32
2024-12-31,2024,12,januari 2024 - december 2024,Dec 2024,Verantwoordelijke werving en opleiding,60
2025-12-31,2025,12,januari 2025 - december 2025,Dec 2025,Verantwoordelijke werving en opleiding,45
2026-04-30,2026,4,mei 2025 - april 2026,Apr 2026,Verantwoordelijke werving en opleiding,38
2019-12-31,2019,12,januari 2019 - december 2019,Dec 2019,Verhuizer,6
2020-12-31,2020,12,januari 2020 - december 2020,Dec 2020,Verhuizer,5
2021-12-31,2021,12,januari 2021 - december 2021,Dec 2021,Verhuizer,14
2022-12-31,2022,12,januari 2022 - december 2022,Dec 2022,Verhuizer,2
2025-12-31,2025,12,januari 2025 - december 2025,Dec 2025,Verhuizer,8
2026-04-30,2026,4,mei 2025 - april 2026,Apr 2026,Verhuizer,6
2017-12-31,2017,12,januari 2017 - december 2017,Dec 2017,"Verhuurder van gereedschappen, transportmiddelen of vrijetijdsmaterieel",2
2018-12-31,2018,12,januari 2018 - december 2018,Dec 2018,"Verhuurder van gereedschappen, transportmiddelen of vrijetijdsmaterieel",4
2019-12-31,2019,12,januari 2019 - december 2019,Dec 2019,"Verhuurder van gereedschappen, transportmiddelen of vrijetijdsmaterieel",4
2020-12-31,2020,12,januari 2020 - december 2020,Dec 2020,"Verhuurder van gereedschappen, transportmiddelen of vrijetijdsmaterieel",3
2021-12-31,2021,12,januari 2021 - december 2021,Dec 2021,"Verhuurder van gereedschappen, transportmiddelen of vrijetijdsmaterieel",6
2022-12-31,2022,12,januari 2022 - december 2022,Dec 2022,"Verhuurder van gereedschappen, transportmiddelen of vrijetijdsmaterieel",1
2025-12-31,2025,12,januari 2025 - december 2025,Dec 2025,"Verhuurder van gereedschappen, transportmiddelen of vrijetijdsmaterieel",2
2026-04-30,2026,4,mei 2025 - april 2026,Apr 2026,"Verhuurder van gereedschappen, transportmiddelen of vrijetijdsmaterieel",2
2017-12-31,2017,12,januari 2017 - december 2017,Dec 2017,Verpakker,1
2019-12-31,2019,12,januari 2019 - december 2019,Dec 2019,Verpakker,4
2021-12-31,2021,12,januari 2021 - december 2021,Dec 2021,Verpakker,5
2023-12-31,2023,12,januari 2023 - december 2023,Dec 2023,Verpakker,1
2025-12-31,2025,12,januari 2025 - december 2025,Dec 2025,Verpakker,1
2017-12-31,2017,12,januari 2017 - december 2017,Dec 2017,Verpakkingsoperator,1
2020-12-31,2020,12,januari 2020 - december 2020,Dec 2020,Verpakkingsoperator,2
2021-12-31,2021,12,januari 2021 - december 2021,Dec 2021,Verpleegkundige,3
2022-12-31,2022,12,januari 2022 - december 2022,Dec 2022,Verpleegkundige,8
2023-12-31,2023,12,januari 2023 - december 2023,Dec 2023,Verpleegkundige,12
2024-12-31,2024,12,januari 2024 - december 2024,Dec 2024,Verpleegkundige,8
2018-12-31,2018,12,januari 2018 - december 2018,Dec 2018,Vertaler,6
2022-12-31,2022,12,januari 2022 - december 2022,Dec 2022,Vertaler,1
2017-12-31,2017,12,januari 2017 - december 2017,Dec 2017,Vertegenwoordiger B2B,312
2018-12-31,2018,12,januari 2018 - december 2018,Dec 2018,Vertegenwoordiger B2B,324
2019-12-31,2019,12,januari 2019 - december 2019,Dec 2019,Vertegenwoordiger B2B,271
2020-12-31,2020,12,januari 2020 - december 2020,Dec 2020,Vertegenwoordiger B2B,172
2021-12-31,2021,12,januari 2021 - december 2021,Dec 2021,Vertegenwoordiger B2B,236
2022-12-31,2022,12,januari 2022 - december 2022,Dec 2022,Vertegenwoordiger B2B,248
2023-12-31,2023,12,januari 2023 - december 2023,Dec 2023,Vertegenwoordiger B2B,306
2024-12-31,2024,12,januari 2024 - december 2024,Dec 2024,Vertegenwoordiger B2B,141
2025-12-31,2025,12,januari 2025 - december 2025,Dec 2025,Vertegenwoordiger B2B,225
2026-04-30,2026,4,mei 2025 - april 2026,Apr 2026,Vertegenwoordiger B2B,150
2017-12-31,2017,12,januari 2017 - december 2017,Dec 2017,Vertegenwoordiger B2C,5
2018-12-31,2018,12,januari 2018 - december 2018,Dec 2018,Vertegenwoordiger B2C,13
2019-12-31,2019,12,januari 2019 - december 2019,Dec 2019,Vertegenwoordiger B2C,31
2020-12-31,2020,12,januari 2020 - december 2020,Dec 2020,Vertegenwoordiger B2C,13
2021-12-31,2021,12,januari 2021 - december 2021,Dec 2021,Vertegenwoordiger B2C,23
2022-12-31,2022,12,januari 2022 - december 2022,Dec 2022,Vertegenwoordiger B2C,30
2023-12-31,2023,12,januari 2023 - december 2023,Dec 2023,Vertegenwoordiger B2C,34
2024-12-31,2024,12,januari 2024 - december 2024,Dec 2024,Vertegenwoordiger B2C,28
2025-12-31,2025,12,januari 2025 - december 2025,Dec 2025,Vertegenwoordiger B2C,14
2026-04-30,2026,4,mei 2025 - april 2026,Apr 2026,Vertegenwoordiger B2C,36
2022-12-31,2022,12,januari 2022 - december 2022,Dec 2022,Verzorgende,1
2020-12-31,2020,12,januari 2020 - december 2020,Dec 2020,Visual merchandiser,1
2024-12-31,2024,12,januari 2024 - december 2024,Dec 2024,Visual merchandiser,3
2017-12-31,2017,12,januari 2017 - december 2017,Dec 2017,Vliegtuigtechnicus,1
2017-12-31,2017,12,januari 2017 - december 2017,Dec 2017,Vloerder-tegelzetter,277
2018-12-31,2018,12,januari 2018 - december 2018,Dec 2018,Vloerder-tegelzetter,287
2019-12-31,2019,12,januari 2019 - december 2019,Dec 2019,Vloerder-tegelzetter,215
2020-12-31,2020,12,januari 2020 - december 2020,Dec 2020,Vloerder-tegelzetter,261
2021-12-31,2021,12,januari 2021 - december 2021,Dec 2021,Vloerder-tegelzetter,287
2022-12-31,2022,12,januari 2022 - december 2022,Dec 2022,Vloerder-tegelzetter,218
2023-12-31,2023,12,januari 2023 - december 2023,Dec 2023,Vloerder-tegelzetter,156
2024-12-31,2024,12,januari 2024 - december 2024,Dec 2024,Vloerder-tegelzetter,142
2025-12-31,2025,12,januari 2025 - december 2025,Dec 2025,Vloerder-tegelzetter,138
2026-04-30,2026,4,mei 2025 - april 2026,Apr 2026,Vloerder-tegelzetter,144
2017-12-31,2017,12,januari 2017 - december 2017,Dec 2017,Voeger,52
2018-12-31,2018,12,januari 2018 - december 2018,Dec 2018,Voeger,51
2019-12-31,2019,12,januari 2019 - december 2019,Dec 2019,Voeger,47
2020-12-31,2020,12,januari 2020 - december 2020,Dec 2020,Voeger,56
2021-12-31,2021,12,januari 2021 - december 2021,Dec 2021,Voeger,41
2022-12-31,2022,12,januari 2022 - december 2022,Dec 2022,Voeger,53
2023-12-31,2023,12,januari 2023 - december 2023,Dec 2023,Voeger,28
2024-12-31,2024,12,januari 2024 - december 2024,Dec 2024,Voeger,57
2025-12-31,2025,12,januari 2025 - december 2025,Dec 2025,Voeger,25
2026-04-30,2026,4,mei 2025 - april 2026,Apr 2026,Voeger,35
2018-12-31,2018,12,januari 2018 - december 2018,Dec 2018,Voorbewerker carrosserie,9
2019-12-31,2019,12,januari 2019 - december 2019,Dec 2019,Voorbewerker carrosserie,6
2020-12-31,2020,12,januari 2020 - december 2020,Dec 2020,Voorbewerker carrosserie,1
2023-12-31,2023,12,januari 2023 - december 2023,Dec 2023,Voorbewerker carrosserie,2
2024-12-31,2024,12,januari 2024 - december 2024,Dec 2024,Voorbewerker carrosserie,0
2017-12-31,2017,12,januari 2017 - december 2017,Dec 2017,Vrachtwagenbestuurder,313
2018-12-31,2018,12,januari 2018 - december 2018,Dec 2018,Vrachtwagenbestuurder,428
2019-12-31,2019,12,januari 2019 - december 2019,Dec 2019,Vrachtwagenbestuurder,454
2020-12-31,2020,12,januari 2020 - december 2020,Dec 2020,Vrachtwagenbestuurder,318
2021-12-31,2021,12,januari 2021 - december 2021,Dec 2021,Vrachtwagenbestuurder,432
2022-12-31,2022,12,januari 2022 - december 2022,Dec 2022,Vrachtwagenbestuurder,493
2023-12-31,2023,12,januari 2023 - december 2023,Dec 2023,Vrachtwagenbestuurder,527
2024-12-31,2024,12,januari 2024 - december 2024,Dec 2024,Vrachtwagenbestuurder,500
2025-12-31,2025,12,januari 2025 - december 2025,Dec 2025,Vrachtwagenbestuurder,468
2026-04-30,2026,4,mei 2025 - april 2026,Apr 2026,Vrachtwagenbestuurder,390
2021-12-31,2021,12,januari 2021 - december 2021,Dec 2021,Websitebeheerder,1
2023-12-31,2023,12,januari 2023 - december 2023,Dec 2023,Websitebeheerder,1
2017-12-31,2017,12,januari 2017 - december 2017,Dec 2017,Wegenwerker,452
2018-12-31,2018,12,januari 2018 - december 2018,Dec 2018,Wegenwerker,576
2019-12-31,2019,12,januari 2019 - december 2019,Dec 2019,Wegenwerker,512
2020-12-31,2020,12,januari 2020 - december 2020,Dec 2020,Wegenwerker,341
2021-12-31,2021,12,januari 2021 - december 2021,Dec 2021,Wegenwerker,689
2022-12-31,2022,12,januari 2022 - december 2022,Dec 2022,Wegenwerker,1387
2023-12-31,2023,12,januari 2023 - december 2023,Dec 2023,Wegenwerker,1144
2024-12-31,2024,12,januari 2024 - december 2024,Dec 2024,Wegenwerker,1187
2025-12-31,2025,12,januari 2025 - december 2025,Dec 2025,Wegenwerker,1400
2026-04-30,2026,4,mei 2025 - april 2026,Apr 2026,Wegenwerker,1383
2017-12-31,2017,12,januari 2017 - december 2017,Dec 2017,Werfbediende,47
2018-12-31,2018,12,januari 2018 - december 2018,Dec 2018,Werfbediende,26
2019-12-31,2019,12,januari 2019 - december 2019,Dec 2019,Werfbediende,33
2020-12-31,2020,12,januari 2020 - december 2020,Dec 2020,Werfbediende,35
2021-12-31,2021,12,januari 2021 - december 2021,Dec 2021,Werfbediende,35
2022-12-31,2022,12,januari 2022 - december 2022,Dec 2022,Werfbediende,38
2023-12-31,2023,12,januari 2023 - december 2023,Dec 2023,Werfbediende,41
2024-12-31,2024,12,januari 2024 - december 2024,Dec 2024,Werfbediende,39
2025-12-31,2025,12,januari 2025 - december 2025,Dec 2025,Werfbediende,42
2026-04-30,2026,4,mei 2025 - april 2026,Apr 2026,Werfbediende,47
2017-12-31,2017,12,januari 2017 - december 2017,Dec 2017,Werfleider,583
2018-12-31,2018,12,januari 2018 - december 2018,Dec 2018,Werfleider,787
2019-12-31,2019,12,januari 2019 - december 2019,Dec 2019,Werfleider,798
2020-12-31,2020,12,januari 2020 - december 2020,Dec 2020,Werfleider,586
2021-12-31,2021,12,januari 2021 - december 2021,Dec 2021,Werfleider,694
2022-12-31,2022,12,januari 2022 - december 2022,Dec 2022,Werfleider,685
2023-12-31,2023,12,januari 2023 - december 2023,Dec 2023,Werfleider,893
2024-12-31,2024,12,januari 2024 - december 2024,Dec 2024,Werfleider,949
2025-12-31,2025,12,januari 2025 - december 2025,Dec 2025,Werfleider,979
2026-04-30,2026,4,mei 2025 - april 2026,Apr 2026,Werfleider,1074
2017-12-31,2017,12,januari 2017 - december 2017,Dec 2017,Werkplaatsschrijnwerker,166
2018-12-31,2018,12,januari 2018 - december 2018,Dec 2018,Werkplaatsschrijnwerker,169
2019-12-31,2019,12,januari 2019 - december 2019,Dec 2019,Werkplaatsschrijnwerker,197
2020-12-31,2020,12,januari 2020 - december 2020,Dec 2020,Werkplaatsschrijnwerker,167
2021-12-31,2021,12,januari 2021 - december 2021,Dec 2021,Werkplaatsschrijnwerker,222
2022-12-31,2022,12,januari 2022 - december 2022,Dec 2022,Werkplaatsschrijnwerker,193
2023-12-31,2023,12,januari 2023 - december 2023,Dec 2023,Werkplaatsschrijnwerker,179
2024-12-31,2024,12,januari 2024 - december 2024,Dec 2024,Werkplaatsschrijnwerker,141
2025-12-31,2025,12,januari 2025 - december 2025,Dec 2025,Werkplaatsschrijnwerker,157
2026-04-30,2026,4,mei 2025 - april 2026,Apr 2026,Werkplaatsschrijnwerker,154
2017-12-31,2017,12,januari 2017 - december 2017,Dec 2017,Werktuigkundige scheepvaart,2
2019-12-31,2019,12,januari 2019 - december 2019,Dec 2019,Werktuigkundige scheepvaart,6
2020-12-31,2020,12,januari 2020 - december 2020,Dec 2020,Werktuigkundige scheepvaart,1
2021-12-31,2021,12,januari 2021 - december 2021,Dec 2021,Werktuigkundige scheepvaart,7
2022-12-31,2022,12,januari 2022 - december 2022,Dec 2022,Werktuigkundige scheepvaart,9
2023-12-31,2023,12,januari 2023 - december 2023,Dec 2023,Werktuigkundige scheepvaart,1
2024-12-31,2024,12,januari 2024 - december 2024,Dec 2024,Werktuigkundige scheepvaart,2
2025-12-31,2025,12,januari 2025 - december 2025,Dec 2025,Werktuigkundige scheepvaart,4
2026-04-30,2026,4,mei 2025 - april 2026,Apr 2026,Werktuigkundige scheepvaart,5
2017-12-31,2017,12,januari 2017 - december 2017,Dec 2017,Werkvoorbereider,55
2018-12-31,2018,12,januari 2018 - december 2018,Dec 2018,Werkvoorbereider,90
2019-12-31,2019,12,januari 2019 - december 2019,Dec 2019,Werkvoorbereider,52
2020-12-31,2020,12,januari 2020 - december 2020,Dec 2020,Werkvoorbereider,32
2021-12-31,2021,12,januari 2021 - december 2021,Dec 2021,Werkvoorbereider,61
2022-12-31,2022,12,januari 2022 - december 2022,Dec 2022,Werkvoorbereider,60
2023-12-31,2023,12,januari 2023 - december 2023,Dec 2023,Werkvoorbereider,57
2024-12-31,2024,12,januari 2024 - december 2024,Dec 2024,Werkvoorbereider,78
2025-12-31,2025,12,januari 2025 - december 2025,Dec 2025,Werkvoorbereider,77
2026-04-30,2026,4,mei 2025 - april 2026,Apr 2026,Werkvoorbereider,86
2017-12-31,2017,12,januari 2017 - december 2017,Dec 2017,Wetenschappelijk onderzoeker,2
2018-12-31,2018,12,januari 2018 - december 2018,Dec 2018,Wetenschappelijk onderzoeker,2
2019-12-31,2019,12,januari 2019 - december 2019,Dec 2019,Wetenschappelijk onderzoeker,2
2020-12-31,2020,12,januari 2020 - december 2020,Dec 2020,Wetenschappelijk onderzoeker,2
2021-12-31,2021,12,januari 2021 - december 2021,Dec 2021,Wetenschappelijk onderzoeker,1
2022-12-31,2022,12,januari 2022 - december 2022,Dec 2022,Wetenschappelijk onderzoeker,4
2023-12-31,2023,12,januari 2023 - december 2023,Dec 2023,Wetenschappelijk onderzoeker,3
2025-12-31,2025,12,januari 2025 - december 2025,Dec 2025,Wetenschappelijk onderzoeker,7
2026-04-30,2026,4,mei 2025 - april 2026,Apr 2026,Wetenschappelijk onderzoeker,5
2017-12-31,2017,12,januari 2017 - december 2017,Dec 2017,Winkelmanager,1
2018-12-31,2018,12,januari 2018 - december 2018,Dec 2018,Winkelmanager,2
2019-12-31,2019,12,januari 2019 - december 2019,Dec 2019,Winkelmanager,2
2020-12-31,2020,12,januari 2020 - december 2020,Dec 2020,Winkelmanager,6
2021-12-31,2021,12,januari 2021 - december 2021,Dec 2021,Winkelmanager,1
2022-12-31,2022,12,januari 2022 - december 2022,Dec 2022,Winkelmanager,2
2023-12-31,2023,12,januari 2023 - december 2023,Dec 2023,Winkelmanager,1
2024-12-31,2024,12,januari 2024 - december 2024,Dec 2024,Winkelmanager,2
2025-12-31,2025,12,januari 2025 - december 2025,Dec 2025,Winkelmanager,1
2026-04-30,2026,4,mei 2025 - april 2026,Apr 2026,Winkelmanager,2
2017-12-31,2017,12,januari 2017 - december 2017,Dec 2017,Winkelmedewerker,4
2018-12-31,2018,12,januari 2018 - december 2018,Dec 2018,Winkelmedewerker,4
2019-12-31,2019,12,januari 2019 - december 2019,Dec 2019,Winkelmedewerker,5
2020-12-31,2020,12,januari 2020 - december 2020,Dec 2020,Winkelmedewerker,4
2021-12-31,2021,12,januari 2021 - december 2021,Dec 2021,Winkelmedewerker,21
2022-12-31,2022,12,januari 2022 - december 2022,Dec 2022,Winkelmedewerker,12
2023-12-31,2023,12,januari 2023 - december 2023,Dec 2023,Winkelmedewerker,2
2024-12-31,2024,12,januari 2024 - december 2024,Dec 2024,Winkelmedewerker,2
2026-04-30,2026,4,mei 2025 - april 2026,Apr 2026,Winkelmedewerker,3
2017-12-31,2017,12,januari 2017 - december 2017,Dec 2017,Winkelverkoper,152
2018-12-31,2018,12,januari 2018 - december 2018,Dec 2018,Winkelverkoper,125
2019-12-31,2019,12,januari 2019 - december 2019,Dec 2019,Winkelverkoper,137
2020-12-31,2020,12,januari 2020 - december 2020,Dec 2020,Winkelverkoper,109
2021-12-31,2021,12,januari 2021 - december 2021,Dec 2021,Winkelverkoper,176
2022-12-31,2022,12,januari 2022 - december 2022,Dec 2022,Winkelverkoper,115
2023-12-31,2023,12,januari 2023 - december 2023,Dec 2023,Winkelverkoper,71
2024-12-31,2024,12,januari 2024 - december 2024,Dec 2024,Winkelverkoper,57
2025-12-31,2025,12,januari 2025 - december 2025,Dec 2025,Winkelverkoper,88
2026-04-30,2026,4,mei 2025 - april 2026,Apr 2026,Winkelverkoper,83
2021-12-31,2021,12,januari 2021 - december 2021,Dec 2021,Zorgkundige,1
2022-12-31,2022,12,januari 2022 - december 2022,Dec 2022,Zorgkundige,4
2023-12-31,2023,12,januari 2023 - december 2023,Dec 2023,Zorgkundige,8
2024-12-31,2024,12,januari 2024 - december 2024,Dec 2024,Zorgkundige,7
