period_end,period_year,period_month,period_label,period_short,hoofdberoepsgroep,beroepsgroep,beroep,vacatures,source_file
2017-12-31,2017,12,januari 2017 - december 2017,Dec 2017,Bouwberoepen,Bouwtechnici,Architect,7,vacatures_201712_all.xlsx
2017-12-31,2017,12,januari 2017 - december 2017,Dec 2017,Bouwberoepen,Bouwtechnici,BIM-expert (Building Information Modeling),18,vacatures_201712_all.xlsx
2017-12-31,2017,12,januari 2017 - december 2017,Dec 2017,Bouwberoepen,Bouwtechnici,Bodemonderzoeker,5,vacatures_201712_all.xlsx
2017-12-31,2017,12,januari 2017 - december 2017,Dec 2017,Bouwberoepen,Bouwtechnici,Bouwkundig tekenaar,182,vacatures_201712_all.xlsx
2017-12-31,2017,12,januari 2017 - december 2017,Dec 2017,Bouwberoepen,Bouwtechnici,Calculator bouw,350,vacatures_201712_all.xlsx
2017-12-31,2017,12,januari 2017 - december 2017,Dec 2017,Bouwberoepen,Bouwtechnici,EPB-verslaggever,1,vacatures_201712_all.xlsx
2017-12-31,2017,12,januari 2017 - december 2017,Dec 2017,Bouwberoepen,Bouwtechnici,Ingenieur studie en advies bouw,154,vacatures_201712_all.xlsx
2017-12-31,2017,12,januari 2017 - december 2017,Dec 2017,Bouwberoepen,Bouwtechnici,Interieurarchitect interieurvormgever,56,vacatures_201712_all.xlsx
2017-12-31,2017,12,januari 2017 - december 2017,Dec 2017,Bouwberoepen,Bouwtechnici,Landmeter,27,vacatures_201712_all.xlsx
2017-12-31,2017,12,januari 2017 - december 2017,Dec 2017,Bouwberoepen,Bouwtechnici,Landschapsarchitect,5,vacatures_201712_all.xlsx
2017-12-31,2017,12,januari 2017 - december 2017,Dec 2017,Bouwberoepen,Bouwtechnici,Projectleider bouw en openbare werken,215,vacatures_201712_all.xlsx
2017-12-31,2017,12,januari 2017 - december 2017,Dec 2017,Bouwberoepen,Bouwtechnici,Veiligheidscoördinator,9,vacatures_201712_all.xlsx
2017-12-31,2017,12,januari 2017 - december 2017,Dec 2017,Bouwberoepen,Bouwtechnici,Werfbediende,47,vacatures_201712_all.xlsx
2017-12-31,2017,12,januari 2017 - december 2017,Dec 2017,Bouwberoepen,Bouwtechnici,Werfleider,583,vacatures_201712_all.xlsx
2017-12-31,2017,12,januari 2017 - december 2017,Dec 2017,Bouwberoepen,Bouwvakkers,"Aansluiter van waterleidingen, rioleringen en warmtenetten",17,vacatures_201712_all.xlsx
2017-12-31,2017,12,januari 2017 - december 2017,Dec 2017,Bouwberoepen,Bouwvakkers,Asbestverwijderaar,67,vacatures_201712_all.xlsx
2017-12-31,2017,12,januari 2017 - december 2017,Dec 2017,Bouwberoepen,Bouwvakkers,Bekister-betonneerder,231,vacatures_201712_all.xlsx
2017-12-31,2017,12,januari 2017 - december 2017,Dec 2017,Bouwberoepen,Bouwvakkers,Beveiligingstechnicus,181,vacatures_201712_all.xlsx
2017-12-31,2017,12,januari 2017 - december 2017,Dec 2017,Bouwberoepen,Bouwvakkers,Brandertechnicus,20,vacatures_201712_all.xlsx
2017-12-31,2017,12,januari 2017 - december 2017,Dec 2017,Bouwberoepen,Bouwvakkers,Daktimmerman,70,vacatures_201712_all.xlsx
2017-12-31,2017,12,januari 2017 - december 2017,Dec 2017,Bouwberoepen,Bouwvakkers,Dakwerker,763,vacatures_201712_all.xlsx
2017-12-31,2017,12,januari 2017 - december 2017,Dec 2017,Bouwberoepen,Bouwvakkers,Datacommunicatie- en netwerktechnicus,1783,vacatures_201712_all.xlsx
2017-12-31,2017,12,januari 2017 - december 2017,Dec 2017,Bouwberoepen,Bouwvakkers,Dekvloerlegger,36,vacatures_201712_all.xlsx
2017-12-31,2017,12,januari 2017 - december 2017,Dec 2017,Bouwberoepen,Bouwvakkers,Elektrotechnisch installateur,67,vacatures_201712_all.xlsx
2017-12-31,2017,12,januari 2017 - december 2017,Dec 2017,Bouwberoepen,Bouwvakkers,Gevelreiniger,16,vacatures_201712_all.xlsx
2017-12-31,2017,12,januari 2017 - december 2017,Dec 2017,Bouwberoepen,Bouwvakkers,Gevelrenoveerder-betonhersteller,50,vacatures_201712_all.xlsx
2017-12-31,2017,12,januari 2017 - december 2017,Dec 2017,Bouwberoepen,Bouwvakkers,Glaswerker,31,vacatures_201712_all.xlsx
2017-12-31,2017,12,januari 2017 - december 2017,Dec 2017,Bouwberoepen,Bouwvakkers,Industrieel isolatiewerker,76,vacatures_201712_all.xlsx
2017-12-31,2017,12,januari 2017 - december 2017,Dec 2017,Bouwberoepen,Bouwvakkers,Installateur elektrotechnische basiscomponenten,11,vacatures_201712_all.xlsx
2017-12-31,2017,12,januari 2017 - december 2017,Dec 2017,Bouwberoepen,Bouwvakkers,Installateur energiemanagementsystemen,2,vacatures_201712_all.xlsx
2017-12-31,2017,12,januari 2017 - december 2017,Dec 2017,Bouwberoepen,Bouwvakkers,Installateur gebouwenautomatisering,3,vacatures_201712_all.xlsx
2017-12-31,2017,12,januari 2017 - december 2017,Dec 2017,Bouwberoepen,Bouwvakkers,Installateur nutsvoorzieningen,51,vacatures_201712_all.xlsx
2017-12-31,2017,12,januari 2017 - december 2017,Dec 2017,Bouwberoepen,Bouwvakkers,Interieurbouwer,305,vacatures_201712_all.xlsx
2017-12-31,2017,12,januari 2017 - december 2017,Dec 2017,Bouwberoepen,Bouwvakkers,Isoleerder ruwbouw en dak,56,vacatures_201712_all.xlsx
2017-12-31,2017,12,januari 2017 - december 2017,Dec 2017,Bouwberoepen,Bouwvakkers,Medewerker ruwbouw,668,vacatures_201712_all.xlsx
2017-12-31,2017,12,januari 2017 - december 2017,Dec 2017,Bouwberoepen,Bouwvakkers,Metselaar,1022,vacatures_201712_all.xlsx
2017-12-31,2017,12,januari 2017 - december 2017,Dec 2017,Bouwberoepen,Bouwvakkers,Monteur installatietechnieken,1046,vacatures_201712_all.xlsx
2017-12-31,2017,12,januari 2017 - december 2017,Dec 2017,Bouwberoepen,Bouwvakkers,Natuursteenbewerker,34,vacatures_201712_all.xlsx
2017-12-31,2017,12,januari 2017 - december 2017,Dec 2017,Bouwberoepen,Bouwvakkers,Onderhoudsmedewerker gebouwen,78,vacatures_201712_all.xlsx
2017-12-31,2017,12,januari 2017 - december 2017,Dec 2017,Bouwberoepen,Bouwvakkers,Onderhoudsmedewerker wegennet,5,vacatures_201712_all.xlsx
2017-12-31,2017,12,januari 2017 - december 2017,Dec 2017,Bouwberoepen,Bouwvakkers,Plaatser binnenschrijnwerk,221,vacatures_201712_all.xlsx
2017-12-31,2017,12,januari 2017 - december 2017,Dec 2017,Bouwberoepen,Bouwvakkers,Plaatser buitenschrijnwerk,505,vacatures_201712_all.xlsx
2017-12-31,2017,12,januari 2017 - december 2017,Dec 2017,Bouwberoepen,Bouwvakkers,Plaatser van boven- en ondergrondse leidingen,65,vacatures_201712_all.xlsx
2017-12-31,2017,12,januari 2017 - december 2017,Dec 2017,Bouwberoepen,Bouwvakkers,Plaatser van houten vloerbedekking,26,vacatures_201712_all.xlsx
2017-12-31,2017,12,januari 2017 - december 2017,Dec 2017,Bouwberoepen,Bouwvakkers,Plaatser van soepele vloerbekledingen,15,vacatures_201712_all.xlsx
2017-12-31,2017,12,januari 2017 - december 2017,Dec 2017,Bouwberoepen,Bouwvakkers,Rioollegger,38,vacatures_201712_all.xlsx
2017-12-31,2017,12,januari 2017 - december 2017,Dec 2017,Bouwberoepen,Bouwvakkers,Schilder-decorateur,410,vacatures_201712_all.xlsx
2017-12-31,2017,12,januari 2017 - december 2017,Dec 2017,Bouwberoepen,Bouwvakkers,Schrijnwerker houtbouw,36,vacatures_201712_all.xlsx
2017-12-31,2017,12,januari 2017 - december 2017,Dec 2017,Bouwberoepen,Bouwvakkers,Steigerbouwer,101,vacatures_201712_all.xlsx
2017-12-31,2017,12,januari 2017 - december 2017,Dec 2017,Bouwberoepen,Bouwvakkers,Stukadoor,249,vacatures_201712_all.xlsx
2017-12-31,2017,12,januari 2017 - december 2017,Dec 2017,Bouwberoepen,Bouwvakkers,Technicus hernieuwbare energietechnieken,76,vacatures_201712_all.xlsx
2017-12-31,2017,12,januari 2017 - december 2017,Dec 2017,Bouwberoepen,Bouwvakkers,Technicus installatietechnieken,99,vacatures_201712_all.xlsx
2017-12-31,2017,12,januari 2017 - december 2017,Dec 2017,Bouwberoepen,Bouwvakkers,Vloerder-tegelzetter,277,vacatures_201712_all.xlsx
2017-12-31,2017,12,januari 2017 - december 2017,Dec 2017,Bouwberoepen,Bouwvakkers,Voeger,52,vacatures_201712_all.xlsx
2017-12-31,2017,12,januari 2017 - december 2017,Dec 2017,Bouwberoepen,Bouwvakkers,Wegenwerker,452,vacatures_201712_all.xlsx
2017-12-31,2017,12,januari 2017 - december 2017,Dec 2017,Bouwberoepen,Machinisten en kraanmannen,Bediener grondverzetmachines,207,vacatures_201712_all.xlsx
2017-12-31,2017,12,januari 2017 - december 2017,Dec 2017,Bouwberoepen,Machinisten en kraanmannen,Bediener machines horizontale boringen,9,vacatures_201712_all.xlsx
2017-12-31,2017,12,januari 2017 - december 2017,Dec 2017,Bouwberoepen,Machinisten en kraanmannen,Bediener machines verticale boringen,5,vacatures_201712_all.xlsx
2017-12-31,2017,12,januari 2017 - december 2017,Dec 2017,Bouwberoepen,Machinisten en kraanmannen,Bediener van betonnerings- en asfalteringsmachines,8,vacatures_201712_all.xlsx
2017-12-31,2017,12,januari 2017 - december 2017,Dec 2017,Bouwberoepen,Machinisten en kraanmannen,Kraanbestuurder,181,vacatures_201712_all.xlsx
2017-12-31,2017,12,januari 2017 - december 2017,Dec 2017,Bouwberoepen,Machinisten en kraanmannen,Torenkraanbediener,19,vacatures_201712_all.xlsx
2017-12-31,2017,12,januari 2017 - december 2017,Dec 2017,Dienstverlenende beroepen,Adviesverleners,Arbeidsbemiddelaar-jobcoach,1,vacatures_201712_all.xlsx
2017-12-31,2017,12,januari 2017 - december 2017,Dec 2017,Dienstverlenende beroepen,Experts vastgoed,Rentmeester,1,vacatures_201712_all.xlsx
2017-12-31,2017,12,januari 2017 - december 2017,Dec 2017,Dienstverlenende beroepen,Experts vastgoed,Vastgoedbemiddelaar verkoop en verhuur,12,vacatures_201712_all.xlsx
2017-12-31,2017,12,januari 2017 - december 2017,Dec 2017,Dienstverlenende beroepen,Experts vastgoed,Vastgoedpromotor,18,vacatures_201712_all.xlsx
2017-12-31,2017,12,januari 2017 - december 2017,Dec 2017,Dienstverlenende beroepen,Juridische dienstverleners,Juridisch medewerker,2,vacatures_201712_all.xlsx
2017-12-31,2017,12,januari 2017 - december 2017,Dec 2017,Dienstverlenende beroepen,Juridische dienstverleners,Jurist,2,vacatures_201712_all.xlsx
2017-12-31,2017,12,januari 2017 - december 2017,Dec 2017,Dienstverlenende beroepen,Medewerkers in finance,Accountmanager in de financiële sector,2,vacatures_201712_all.xlsx
2017-12-31,2017,12,januari 2017 - december 2017,Dec 2017,Dienstverlenende beroepen,Medewerkers in finance,Adviseur beleggingen,2,vacatures_201712_all.xlsx
2017-12-31,2017,12,januari 2017 - december 2017,Dec 2017,Dienstverlenende beroepen,Medewerkers in finance,Back-office medewerker in de financiële sector,1,vacatures_201712_all.xlsx
2017-12-31,2017,12,januari 2017 - december 2017,Dec 2017,Dienstverlenende beroepen,Medewerkers in finance,Beheerder verzekeringen,1,vacatures_201712_all.xlsx
2017-12-31,2017,12,januari 2017 - december 2017,Dec 2017,Dienstverlenende beroepen,Medewerkers in finance,Belastingadviseur,1,vacatures_201712_all.xlsx
2017-12-31,2017,12,januari 2017 - december 2017,Dec 2017,Dienstverlenende beroepen,Medewerkers in finance,Financieel analist,1,vacatures_201712_all.xlsx
2017-12-31,2017,12,januari 2017 - december 2017,Dec 2017,Dienstverlenende beroepen,Ordehandhavers en reddingswerkers,Bewakingsagent,1,vacatures_201712_all.xlsx
2017-12-31,2017,12,januari 2017 - december 2017,Dec 2017,Dienstverlenende beroepen,Persoonlijke dienstverleners,Animator,4,vacatures_201712_all.xlsx
2017-12-31,2017,12,januari 2017 - december 2017,Dec 2017,Dienstverlenende beroepen,Persoonlijke dienstverleners,Conciërge,2,vacatures_201712_all.xlsx
2017-12-31,2017,12,januari 2017 - december 2017,Dec 2017,Dienstverlenende beroepen,Persoonlijke dienstverleners,Schoonheidsspecialist,1,vacatures_201712_all.xlsx
2017-12-31,2017,12,januari 2017 - december 2017,Dec 2017,Dienstverlenende beroepen,Schoonmaak- en onderhoudspersoneel,Carwashmedewerker,3,vacatures_201712_all.xlsx
2017-12-31,2017,12,januari 2017 - december 2017,Dec 2017,Dienstverlenende beroepen,Schoonmaak- en onderhoudspersoneel,Huishoudhulp-poetshulp,12,vacatures_201712_all.xlsx
2017-12-31,2017,12,januari 2017 - december 2017,Dec 2017,Dienstverlenende beroepen,Schoonmaak- en onderhoudspersoneel,Industrieel reiniger,25,vacatures_201712_all.xlsx
2017-12-31,2017,12,januari 2017 - december 2017,Dec 2017,Dienstverlenende beroepen,Schoonmaak- en onderhoudspersoneel,Leidinggevende schoonmaak,0,vacatures_201712_all.xlsx
2017-12-31,2017,12,januari 2017 - december 2017,Dec 2017,Dienstverlenende beroepen,Schoonmaak- en onderhoudspersoneel,Onderhoudsmedewerker affichering en straatmeubilair,1,vacatures_201712_all.xlsx
2017-12-31,2017,12,januari 2017 - december 2017,Dec 2017,Dienstverlenende beroepen,Schoonmaak- en onderhoudspersoneel,Ruitenwasser,20,vacatures_201712_all.xlsx
2017-12-31,2017,12,januari 2017 - december 2017,Dec 2017,Dienstverlenende beroepen,Schoonmaak- en onderhoudspersoneel,Schoonmaker van ruimten en lokalen,73,vacatures_201712_all.xlsx
2017-12-31,2017,12,januari 2017 - december 2017,Dec 2017,Handels- en verkoopberoepen,Verkooppersoneel,Assistent winkelmanager,7,vacatures_201712_all.xlsx
2017-12-31,2017,12,januari 2017 - december 2017,Dec 2017,Handels- en verkoopberoepen,Verkooppersoneel,Technisch adviseur klantenondersteuning,6,vacatures_201712_all.xlsx
2017-12-31,2017,12,januari 2017 - december 2017,Dec 2017,Handels- en verkoopberoepen,Verkooppersoneel,"Verhuurder van gereedschappen, transportmiddelen of vrijetijdsmaterieel",2,vacatures_201712_all.xlsx
2017-12-31,2017,12,januari 2017 - december 2017,Dec 2017,Handels- en verkoopberoepen,Verkooppersoneel,Winkelmanager,1,vacatures_201712_all.xlsx
2017-12-31,2017,12,januari 2017 - december 2017,Dec 2017,Handels- en verkoopberoepen,Verkooppersoneel,Winkelmedewerker,4,vacatures_201712_all.xlsx
2017-12-31,2017,12,januari 2017 - december 2017,Dec 2017,Handels- en verkoopberoepen,Verkooppersoneel,Winkelverkoper,152,vacatures_201712_all.xlsx
2017-12-31,2017,12,januari 2017 - december 2017,Dec 2017,Handels- en verkoopberoepen,Vertegenwoordigers,Vertegenwoordiger B2B,312,vacatures_201712_all.xlsx
2017-12-31,2017,12,januari 2017 - december 2017,Dec 2017,Handels- en verkoopberoepen,Vertegenwoordigers,Vertegenwoordiger B2C,5,vacatures_201712_all.xlsx
2017-12-31,2017,12,januari 2017 - december 2017,Dec 2017,Horecaberoepen,Horecapersoneel,Hulpkok,2,vacatures_201712_all.xlsx
2017-12-31,2017,12,januari 2017 - december 2017,Dec 2017,Horecaberoepen,Horecapersoneel,Hulpkok grootkeuken,2,vacatures_201712_all.xlsx
2017-12-31,2017,12,januari 2017 - december 2017,Dec 2017,Horecaberoepen,Horecapersoneel,Kamerjongen-Kamermeisje,3,vacatures_201712_all.xlsx
2017-12-31,2017,12,januari 2017 - december 2017,Dec 2017,Horecaberoepen,Horecapersoneel,Kelner,1,vacatures_201712_all.xlsx
2017-12-31,2017,12,januari 2017 - december 2017,Dec 2017,Horecaberoepen,Horecapersoneel,Kok,2,vacatures_201712_all.xlsx
2017-12-31,2017,12,januari 2017 - december 2017,Dec 2017,Horecaberoepen,Horecapersoneel,Maître d'hôtel,2,vacatures_201712_all.xlsx
2017-12-31,2017,12,januari 2017 - december 2017,Dec 2017,Horecaberoepen,Horecapersoneel,Medewerker fastfood,3,vacatures_201712_all.xlsx
2017-12-31,2017,12,januari 2017 - december 2017,Dec 2017,Horecaberoepen,Horecapersoneel,Polyvalent hotelmedewerker,1,vacatures_201712_all.xlsx
2017-12-31,2017,12,januari 2017 - december 2017,Dec 2017,Industriële beroepen en ambachten,Beoefenaars van ambachten,Ambachtelijk glasbewerker,2,vacatures_201712_all.xlsx
2017-12-31,2017,12,januari 2017 - december 2017,Dec 2017,Industriële beroepen en ambachten,Beoefenaars van ambachten,Ambachtelijk metaalbewerker,1,vacatures_201712_all.xlsx
2017-12-31,2017,12,januari 2017 - december 2017,Dec 2017,Industriële beroepen en ambachten,Beoefenaars van ambachten,Decorateur van kunst- en artisanale objecten,1,vacatures_201712_all.xlsx
2017-12-31,2017,12,januari 2017 - december 2017,Dec 2017,Industriële beroepen en ambachten,Bewerkers van voeding,Productieoperator voedingsindustrie,12,vacatures_201712_all.xlsx
2017-12-31,2017,12,januari 2017 - december 2017,Dec 2017,Industriële beroepen en ambachten,Bewerkers van voeding,Slager,3,vacatures_201712_all.xlsx
2017-12-31,2017,12,januari 2017 - december 2017,Dec 2017,Industriële beroepen en ambachten,Diverse productiemedewerkers en operatoren,Industrieel schilder,81,vacatures_201712_all.xlsx
2017-12-31,2017,12,januari 2017 - december 2017,Dec 2017,Industriële beroepen en ambachten,Diverse productiemedewerkers en operatoren,Ontginner gassen en vloeistoffen,3,vacatures_201712_all.xlsx
2017-12-31,2017,12,januari 2017 - december 2017,Dec 2017,Industriële beroepen en ambachten,Diverse productiemedewerkers en operatoren,Productiemedewerker,51,vacatures_201712_all.xlsx
2017-12-31,2017,12,januari 2017 - december 2017,Dec 2017,Industriële beroepen en ambachten,Diverse productiemedewerkers en operatoren,Productiemedewerker prefabbeton,11,vacatures_201712_all.xlsx
2017-12-31,2017,12,januari 2017 - december 2017,Dec 2017,Industriële beroepen en ambachten,Diverse productiemedewerkers en operatoren,Productieoperator bouw- en prefabmaterialen,3,vacatures_201712_all.xlsx
2017-12-31,2017,12,januari 2017 - december 2017,Dec 2017,Industriële beroepen en ambachten,Diverse productiemedewerkers en operatoren,Productieoperator elektrische en elektronische componenten,99,vacatures_201712_all.xlsx
2017-12-31,2017,12,januari 2017 - december 2017,Dec 2017,Industriële beroepen en ambachten,Diverse productiemedewerkers en operatoren,"Productieoperator van stortbeton, cement, asfalt en granulaten",19,vacatures_201712_all.xlsx
2017-12-31,2017,12,januari 2017 - december 2017,Dec 2017,Industriële beroepen en ambachten,Diverse productiemedewerkers en operatoren,Regelaar-afsteller van productie-installaties,1,vacatures_201712_all.xlsx
2017-12-31,2017,12,januari 2017 - december 2017,Dec 2017,Industriële beroepen en ambachten,Diverse productiemedewerkers en operatoren,Sorteerder recyclage,1,vacatures_201712_all.xlsx
2017-12-31,2017,12,januari 2017 - december 2017,Dec 2017,Industriële beroepen en ambachten,Diverse productiemedewerkers en operatoren,Uitvoerder van werken op hoogte,35,vacatures_201712_all.xlsx
2017-12-31,2017,12,januari 2017 - december 2017,Dec 2017,Industriële beroepen en ambachten,Diverse productiemedewerkers en operatoren,Verpakker,1,vacatures_201712_all.xlsx
2017-12-31,2017,12,januari 2017 - december 2017,Dec 2017,Industriële beroepen en ambachten,Diverse productiemedewerkers en operatoren,Verpakkingsoperator,1,vacatures_201712_all.xlsx
2017-12-31,2017,12,januari 2017 - december 2017,Dec 2017,Industriële beroepen en ambachten,Drukkers,Digitaal drukker,4,vacatures_201712_all.xlsx
2017-12-31,2017,12,januari 2017 - december 2017,Dec 2017,Industriële beroepen en ambachten,Drukkers,Operator print & sign,1,vacatures_201712_all.xlsx
2017-12-31,2017,12,januari 2017 - december 2017,Dec 2017,Industriële beroepen en ambachten,Industriële technici,Expert productieproces en -methodes,16,vacatures_201712_all.xlsx
2017-12-31,2017,12,januari 2017 - december 2017,Dec 2017,Industriële beroepen en ambachten,Industriële technici,Industrieel elektromecanicien,842,vacatures_201712_all.xlsx
2017-12-31,2017,12,januari 2017 - december 2017,Dec 2017,Industriële beroepen en ambachten,Industriële technici,Industrieel laborant,5,vacatures_201712_all.xlsx
2017-12-31,2017,12,januari 2017 - december 2017,Dec 2017,Industriële beroepen en ambachten,Industriële technici,Industrieel onderhoudstechnicus,314,vacatures_201712_all.xlsx
2017-12-31,2017,12,januari 2017 - december 2017,Dec 2017,Industriële beroepen en ambachten,Industriële technici,Koeltechnicus,83,vacatures_201712_all.xlsx
2017-12-31,2017,12,januari 2017 - december 2017,Dec 2017,Industriële beroepen en ambachten,Industriële technici,Lifttechnicus,32,vacatures_201712_all.xlsx
2017-12-31,2017,12,januari 2017 - december 2017,Dec 2017,Industriële beroepen en ambachten,Industriële technici,Medewerker kwaliteitscontrole,10,vacatures_201712_all.xlsx
2017-12-31,2017,12,januari 2017 - december 2017,Dec 2017,Industriële beroepen en ambachten,Industriële technici,Onderhoudstechnicus industriële automatisering,38,vacatures_201712_all.xlsx
2017-12-31,2017,12,januari 2017 - december 2017,Dec 2017,Industriële beroepen en ambachten,Industriële technici,Onderhoudstechnicus waterdistributie en sanering,5,vacatures_201712_all.xlsx
2017-12-31,2017,12,januari 2017 - december 2017,Dec 2017,Industriële beroepen en ambachten,Industriële technici,Ontwerper industriële automatisering,11,vacatures_201712_all.xlsx
2017-12-31,2017,12,januari 2017 - december 2017,Dec 2017,Industriële beroepen en ambachten,Industriële technici,Productieplanner,88,vacatures_201712_all.xlsx
2017-12-31,2017,12,januari 2017 - december 2017,Dec 2017,Industriële beroepen en ambachten,Industriële technici,Regeltechnicus klimatisatie,184,vacatures_201712_all.xlsx
2017-12-31,2017,12,januari 2017 - december 2017,Dec 2017,Industriële beroepen en ambachten,Industriële technici,Technicus elektro en elektronica,48,vacatures_201712_all.xlsx
2017-12-31,2017,12,januari 2017 - december 2017,Dec 2017,Industriële beroepen en ambachten,Industriële technici,Technicus elektronische installaties,77,vacatures_201712_all.xlsx
2017-12-31,2017,12,januari 2017 - december 2017,Dec 2017,Industriële beroepen en ambachten,Industriële technici,Werkvoorbereider,55,vacatures_201712_all.xlsx
2017-12-31,2017,12,januari 2017 - december 2017,Dec 2017,Industriële beroepen en ambachten,Medewerkers houtindustrie,Machinaal houtbewerker,6,vacatures_201712_all.xlsx
2017-12-31,2017,12,januari 2017 - december 2017,Dec 2017,Industriële beroepen en ambachten,Medewerkers houtindustrie,Meubelmaker,68,vacatures_201712_all.xlsx
2017-12-31,2017,12,januari 2017 - december 2017,Dec 2017,Industriële beroepen en ambachten,Medewerkers houtindustrie,Meubelstoffeerder,0,vacatures_201712_all.xlsx
2017-12-31,2017,12,januari 2017 - december 2017,Dec 2017,Industriële beroepen en ambachten,Medewerkers houtindustrie,Operator CNC-gestuurde houtbewerkingsmachines,3,vacatures_201712_all.xlsx
2017-12-31,2017,12,januari 2017 - december 2017,Dec 2017,Industriële beroepen en ambachten,Medewerkers houtindustrie,Productieoperator hout,4,vacatures_201712_all.xlsx
2017-12-31,2017,12,januari 2017 - december 2017,Dec 2017,Industriële beroepen en ambachten,Medewerkers houtindustrie,Werkplaatsschrijnwerker,166,vacatures_201712_all.xlsx
2017-12-31,2017,12,januari 2017 - december 2017,Dec 2017,Industriële beroepen en ambachten,Monteurs en installateurs elektrotechniek,Bordenbouwer - Elektromonteur machinebouw,71,vacatures_201712_all.xlsx
2017-12-31,2017,12,januari 2017 - december 2017,Dec 2017,Industriële beroepen en ambachten,Monteurs en installateurs elektrotechniek,Elektrotechnicus,1146,vacatures_201712_all.xlsx
2017-12-31,2017,12,januari 2017 - december 2017,Dec 2017,Industriële beroepen en ambachten,Professionals in de metaalindustrie,Bankwerker,7,vacatures_201712_all.xlsx
2017-12-31,2017,12,januari 2017 - december 2017,Dec 2017,Industriële beroepen en ambachten,Professionals in de metaalindustrie,Insteller-omsteller plaatbewerking,15,vacatures_201712_all.xlsx
2017-12-31,2017,12,januari 2017 - december 2017,Dec 2017,Industriële beroepen en ambachten,Professionals in de metaalindustrie,Insteller-omsteller verspaning,91,vacatures_201712_all.xlsx
2017-12-31,2017,12,januari 2017 - december 2017,Dec 2017,Industriële beroepen en ambachten,Professionals in de metaalindustrie,Machinebouwer,19,vacatures_201712_all.xlsx
2017-12-31,2017,12,januari 2017 - december 2017,Dec 2017,Industriële beroepen en ambachten,Professionals in de metaalindustrie,Manueel lasser,188,vacatures_201712_all.xlsx
2017-12-31,2017,12,januari 2017 - december 2017,Dec 2017,Industriële beroepen en ambachten,Professionals in de metaalindustrie,Monteur staalconstructies,195,vacatures_201712_all.xlsx
2017-12-31,2017,12,januari 2017 - december 2017,Dec 2017,Industriële beroepen en ambachten,Professionals in de metaalindustrie,Operator montage en assemblage,44,vacatures_201712_all.xlsx
2017-12-31,2017,12,januari 2017 - december 2017,Dec 2017,Industriële beroepen en ambachten,Professionals in de metaalindustrie,Pijpfitter,29,vacatures_201712_all.xlsx
2017-12-31,2017,12,januari 2017 - december 2017,Dec 2017,Industriële beroepen en ambachten,Professionals in de metaalindustrie,Productieoperator metaal,25,vacatures_201712_all.xlsx
2017-12-31,2017,12,januari 2017 - december 2017,Dec 2017,Industriële beroepen en ambachten,Professionals in de metaalindustrie,Rigger-monteerder,15,vacatures_201712_all.xlsx
2017-12-31,2017,12,januari 2017 - december 2017,Dec 2017,Industriële beroepen en ambachten,Specialisten chemie en kunststoffen,Procesoperator chemische industrie,7,vacatures_201712_all.xlsx
2017-12-31,2017,12,januari 2017 - december 2017,Dec 2017,Industriële beroepen en ambachten,Specialisten chemie en kunststoffen,Productiemedewerker kunststofverwerking,1,vacatures_201712_all.xlsx
2017-12-31,2017,12,januari 2017 - december 2017,Dec 2017,Industriële beroepen en ambachten,Technisch leidinggevenden,Afdelingsverantwoordelijke productie,9,vacatures_201712_all.xlsx
2017-12-31,2017,12,januari 2017 - december 2017,Dec 2017,Industriële beroepen en ambachten,Technisch leidinggevenden,Productiemanager,19,vacatures_201712_all.xlsx
2017-12-31,2017,12,januari 2017 - december 2017,Dec 2017,Industriële beroepen en ambachten,Technisch leidinggevenden,Projectmanager engineering,57,vacatures_201712_all.xlsx
2017-12-31,2017,12,januari 2017 - december 2017,Dec 2017,Industriële beroepen en ambachten,Technisch leidinggevenden,Teamleader productie,9,vacatures_201712_all.xlsx
2017-12-31,2017,12,januari 2017 - december 2017,Dec 2017,Industriële beroepen en ambachten,Technisch leidinggevenden,Verantwoordelijke beheer en onderhoud van voertuigen,8,vacatures_201712_all.xlsx
2017-12-31,2017,12,januari 2017 - december 2017,Dec 2017,Industriële beroepen en ambachten,Technisch leidinggevenden,Verantwoordelijke industrieel onderhoud,29,vacatures_201712_all.xlsx
2017-12-31,2017,12,januari 2017 - december 2017,Dec 2017,Industriële beroepen en ambachten,Technisch leidinggevenden,Verantwoordelijke kwaliteitscontrole,8,vacatures_201712_all.xlsx
2017-12-31,2017,12,januari 2017 - december 2017,Dec 2017,Industriële beroepen en ambachten,Tekenaars en vormgevers,Grafisch vormgever,3,vacatures_201712_all.xlsx
2017-12-31,2017,12,januari 2017 - december 2017,Dec 2017,Industriële beroepen en ambachten,Tekenaars en vormgevers,Mode- en textielontwerper,1,vacatures_201712_all.xlsx
2017-12-31,2017,12,januari 2017 - december 2017,Dec 2017,Industriële beroepen en ambachten,Tekenaars en vormgevers,Productontwikkelaar,4,vacatures_201712_all.xlsx
2017-12-31,2017,12,januari 2017 - december 2017,Dec 2017,Industriële beroepen en ambachten,Tekenaars en vormgevers,"Tekenaar-ontwerper elektriciteit, elektronica",37,vacatures_201712_all.xlsx
2017-12-31,2017,12,januari 2017 - december 2017,Dec 2017,Industriële beroepen en ambachten,Tekenaars en vormgevers,Tekenaar-ontwerper mechanica,22,vacatures_201712_all.xlsx
2017-12-31,2017,12,januari 2017 - december 2017,Dec 2017,Industriële beroepen en ambachten,Voer- en werktuigherstellers,OD-technicus van zware bedrijfsvoertuigen,1,vacatures_201712_all.xlsx
2017-12-31,2017,12,januari 2017 - december 2017,Dec 2017,Industriële beroepen en ambachten,Voer- en werktuigherstellers,Onderhoudsmecanicien van personenwagens en lichte bedrijfsvoertuigen,8,vacatures_201712_all.xlsx
2017-12-31,2017,12,januari 2017 - december 2017,Dec 2017,Industriële beroepen en ambachten,Voer- en werktuigherstellers,Onderhoudsmecanicien van zware bedrijfsvoertuigen,35,vacatures_201712_all.xlsx
2017-12-31,2017,12,januari 2017 - december 2017,Dec 2017,Industriële beroepen en ambachten,Voer- en werktuigherstellers,Plaatwerker carrosserie,1,vacatures_201712_all.xlsx
2017-12-31,2017,12,januari 2017 - december 2017,Dec 2017,Industriële beroepen en ambachten,Voer- en werktuigherstellers,"Technicus van tuin-, park- en bosmachines",1,vacatures_201712_all.xlsx
2017-12-31,2017,12,januari 2017 - december 2017,Dec 2017,Industriële beroepen en ambachten,Voer- en werktuigherstellers,"Technicus werf-, landbouw- en hefmachines",33,vacatures_201712_all.xlsx
2017-12-31,2017,12,januari 2017 - december 2017,Dec 2017,Industriële beroepen en ambachten,Voer- en werktuigherstellers,Vliegtuigtechnicus,1,vacatures_201712_all.xlsx
2017-12-31,2017,12,januari 2017 - december 2017,Dec 2017,Industriële beroepen en ambachten,Voer- en werktuigherstellers,Werktuigkundige scheepvaart,2,vacatures_201712_all.xlsx
2017-12-31,2017,12,januari 2017 - december 2017,Dec 2017,"Land-, tuin- en bosbouw- en visserijberoepen","Land-, tuin- en bosbouwers en vissers",Bestuurder van bosexploitatiemachines,2,vacatures_201712_all.xlsx
2017-12-31,2017,12,januari 2017 - december 2017,Dec 2017,"Land-, tuin- en bosbouw- en visserijberoepen","Land-, tuin- en bosbouwers en vissers",Medewerker landbouw,5,vacatures_201712_all.xlsx
2017-12-31,2017,12,januari 2017 - december 2017,Dec 2017,"Land-, tuin- en bosbouw- en visserijberoepen","Land-, tuin- en bosbouwers en vissers",Medewerker loonwerk,2,vacatures_201712_all.xlsx
2017-12-31,2017,12,januari 2017 - december 2017,Dec 2017,"Land-, tuin- en bosbouw- en visserijberoepen","Land-, tuin- en bosbouwers en vissers",Medewerker tuin- en groenaanleg en -onderhoud,67,vacatures_201712_all.xlsx
2017-12-31,2017,12,januari 2017 - december 2017,Dec 2017,"Land-, tuin- en bosbouw- en visserijberoepen","Land-, tuin- en bosbouwers en vissers",Medewerker tuinbouw,9,vacatures_201712_all.xlsx
2017-12-31,2017,12,januari 2017 - december 2017,Dec 2017,"Land-, tuin- en bosbouw- en visserijberoepen","Land-, tuin- en bosbouwers en vissers",Productieverantwoordelijke land- en tuinbouw,1,vacatures_201712_all.xlsx
2017-12-31,2017,12,januari 2017 - december 2017,Dec 2017,"Land-, tuin- en bosbouw- en visserijberoepen","Land-, tuin- en bosbouwers en vissers",Verantwoordelijke tuin- en groenaanleg en -onderhoud,11,vacatures_201712_all.xlsx
2017-12-31,2017,12,januari 2017 - december 2017,Dec 2017,"Medische, paramedische en verzorgende beroepen","Verpleegkundigen, vroedvrouwen en zorgpersoneel",Persoonlijk assistent,0,vacatures_201712_all.xlsx
2017-12-31,2017,12,januari 2017 - december 2017,Dec 2017,Onbekend,Onbekend,Onbekend,0,vacatures_201712_all.xlsx
2017-12-31,2017,12,januari 2017 - december 2017,Dec 2017,Organisatieondersteunende en kennisberoepen,Accountants,Accountant,46,vacatures_201712_all.xlsx
2017-12-31,2017,12,januari 2017 - december 2017,Dec 2017,Organisatieondersteunende en kennisberoepen,Accountants,Assistent accountancy,55,vacatures_201712_all.xlsx
2017-12-31,2017,12,januari 2017 - december 2017,Dec 2017,Organisatieondersteunende en kennisberoepen,Accountants,Credit collector,3,vacatures_201712_all.xlsx
2017-12-31,2017,12,januari 2017 - december 2017,Dec 2017,Organisatieondersteunende en kennisberoepen,Accountants,Dossierbeheerder accountancy,1,vacatures_201712_all.xlsx
2017-12-31,2017,12,januari 2017 - december 2017,Dec 2017,Organisatieondersteunende en kennisberoepen,Administratief medewerkers,Managementassistent,46,vacatures_201712_all.xlsx
2017-12-31,2017,12,januari 2017 - december 2017,Dec 2017,Organisatieondersteunende en kennisberoepen,Administratief medewerkers,Onthaalmedewerker,21,vacatures_201712_all.xlsx
2017-12-31,2017,12,januari 2017 - december 2017,Dec 2017,Organisatieondersteunende en kennisberoepen,Administratief medewerkers,Polyvalent administratief medewerker,462,vacatures_201712_all.xlsx
2017-12-31,2017,12,januari 2017 - december 2017,Dec 2017,Organisatieondersteunende en kennisberoepen,Administratief medewerkers,Technisch-administratief medewerker,130,vacatures_201712_all.xlsx
2017-12-31,2017,12,januari 2017 - december 2017,Dec 2017,Organisatieondersteunende en kennisberoepen,Bedrijfsadviseurs,Adviseur bedrijfsorganisatie en management,2,vacatures_201712_all.xlsx
2017-12-31,2017,12,januari 2017 - december 2017,Dec 2017,Organisatieondersteunende en kennisberoepen,Bedrijfsadviseurs,Business en financial controller,17,vacatures_201712_all.xlsx
2017-12-31,2017,12,januari 2017 - december 2017,Dec 2017,Organisatieondersteunende en kennisberoepen,Bedrijfsadviseurs,Compliance officer,1,vacatures_201712_all.xlsx
2017-12-31,2017,12,januari 2017 - december 2017,Dec 2017,Organisatieondersteunende en kennisberoepen,Bedrijfsadviseurs,Mediabuyer,1,vacatures_201712_all.xlsx
2017-12-31,2017,12,januari 2017 - december 2017,Dec 2017,Organisatieondersteunende en kennisberoepen,Bedrijfsadviseurs,Milieucoördinator,7,vacatures_201712_all.xlsx
2017-12-31,2017,12,januari 2017 - december 2017,Dec 2017,Organisatieondersteunende en kennisberoepen,Bedrijfsadviseurs,Preventieadviseur,28,vacatures_201712_all.xlsx
2017-12-31,2017,12,januari 2017 - december 2017,Dec 2017,Organisatieondersteunende en kennisberoepen,Bedrijfsadviseurs,Projectmanager business,1,vacatures_201712_all.xlsx
2017-12-31,2017,12,januari 2017 - december 2017,Dec 2017,Organisatieondersteunende en kennisberoepen,Controleurs en inspecteurs,Controleur sociale inspectie,1,vacatures_201712_all.xlsx
2017-12-31,2017,12,januari 2017 - december 2017,Dec 2017,Organisatieondersteunende en kennisberoepen,Controleurs en inspecteurs,Technisch inspecteur industrie,4,vacatures_201712_all.xlsx
2017-12-31,2017,12,januari 2017 - december 2017,Dec 2017,Organisatieondersteunende en kennisberoepen,HR-experts,Payroll advisor,12,vacatures_201712_all.xlsx
2017-12-31,2017,12,januari 2017 - december 2017,Dec 2017,Organisatieondersteunende en kennisberoepen,HR-experts,Personeelsmedewerker,35,vacatures_201712_all.xlsx
2017-12-31,2017,12,januari 2017 - december 2017,Dec 2017,Organisatieondersteunende en kennisberoepen,HR-experts,Verantwoordelijke werving en opleiding,29,vacatures_201712_all.xlsx
2017-12-31,2017,12,januari 2017 - december 2017,Dec 2017,Organisatieondersteunende en kennisberoepen,Informatici en ICT-medewerkers,ICT architect,1,vacatures_201712_all.xlsx
2017-12-31,2017,12,januari 2017 - december 2017,Dec 2017,Organisatieondersteunende en kennisberoepen,Informatici en ICT-medewerkers,Integratie expert ICT,6,vacatures_201712_all.xlsx
2017-12-31,2017,12,januari 2017 - december 2017,Dec 2017,Organisatieondersteunende en kennisberoepen,Informatici en ICT-medewerkers,Netwerk engineer telecom,3,vacatures_201712_all.xlsx
2017-12-31,2017,12,januari 2017 - december 2017,Dec 2017,Organisatieondersteunende en kennisberoepen,Informatici en ICT-medewerkers,Software ontwikkelaar,14,vacatures_201712_all.xlsx
2017-12-31,2017,12,januari 2017 - december 2017,Dec 2017,Organisatieondersteunende en kennisberoepen,Informatici en ICT-medewerkers,Software tester,1,vacatures_201712_all.xlsx
2017-12-31,2017,12,januari 2017 - december 2017,Dec 2017,Organisatieondersteunende en kennisberoepen,Informatici en ICT-medewerkers,Support medewerker ICT,96,vacatures_201712_all.xlsx
2017-12-31,2017,12,januari 2017 - december 2017,Dec 2017,Organisatieondersteunende en kennisberoepen,Informatici en ICT-medewerkers,Systeembeheerder,4,vacatures_201712_all.xlsx
2017-12-31,2017,12,januari 2017 - december 2017,Dec 2017,Organisatieondersteunende en kennisberoepen,Leidinggevenden,Administratief en financieel verantwoordelijke,12,vacatures_201712_all.xlsx
2017-12-31,2017,12,januari 2017 - december 2017,Dec 2017,Organisatieondersteunende en kennisberoepen,Leidinggevenden,Algemeen directeur,18,vacatures_201712_all.xlsx
2017-12-31,2017,12,januari 2017 - december 2017,Dec 2017,Organisatieondersteunende en kennisberoepen,Leidinggevenden,Facility manager,2,vacatures_201712_all.xlsx
2017-12-31,2017,12,januari 2017 - december 2017,Dec 2017,Organisatieondersteunende en kennisberoepen,Leidinggevenden,HR-manager,12,vacatures_201712_all.xlsx
2017-12-31,2017,12,januari 2017 - december 2017,Dec 2017,Organisatieondersteunende en kennisberoepen,Leidinggevenden,Marketingmanager,28,vacatures_201712_all.xlsx
2017-12-31,2017,12,januari 2017 - december 2017,Dec 2017,Organisatieondersteunende en kennisberoepen,Leidinggevenden,Verantwoordelijke ICT,16,vacatures_201712_all.xlsx
2017-12-31,2017,12,januari 2017 - december 2017,Dec 2017,Organisatieondersteunende en kennisberoepen,Leidinggevenden,Verantwoordelijke aankoop,0,vacatures_201712_all.xlsx
2017-12-31,2017,12,januari 2017 - december 2017,Dec 2017,Organisatieondersteunende en kennisberoepen,Leidinggevenden,Verantwoordelijke klantendienst,1,vacatures_201712_all.xlsx
2017-12-31,2017,12,januari 2017 - december 2017,Dec 2017,Organisatieondersteunende en kennisberoepen,"Medewerkers commerciële strategie, marketing en verkoop",Aankoper,38,vacatures_201712_all.xlsx
2017-12-31,2017,12,januari 2017 - december 2017,Dec 2017,Organisatieondersteunende en kennisberoepen,"Medewerkers commerciële strategie, marketing en verkoop",Commercieel medewerker binnendienst,42,vacatures_201712_all.xlsx
2017-12-31,2017,12,januari 2017 - december 2017,Dec 2017,Organisatieondersteunende en kennisberoepen,"Medewerkers commerciële strategie, marketing en verkoop",Contactcenter medewerker,184,vacatures_201712_all.xlsx
2017-12-31,2017,12,januari 2017 - december 2017,Dec 2017,Organisatieondersteunende en kennisberoepen,"Medewerkers commerciële strategie, marketing en verkoop",Digital marketeer,2,vacatures_201712_all.xlsx
2017-12-31,2017,12,januari 2017 - december 2017,Dec 2017,Organisatieondersteunende en kennisberoepen,"Medewerkers commerciële strategie, marketing en verkoop",Digital sales assistant,23,vacatures_201712_all.xlsx
2017-12-31,2017,12,januari 2017 - december 2017,Dec 2017,Organisatieondersteunende en kennisberoepen,"Medewerkers commerciële strategie, marketing en verkoop",Pricing analist,1,vacatures_201712_all.xlsx
2017-12-31,2017,12,januari 2017 - december 2017,Dec 2017,Organisatieondersteunende en kennisberoepen,"Medewerkers commerciële strategie, marketing en verkoop",Productmanager,2,vacatures_201712_all.xlsx
2017-12-31,2017,12,januari 2017 - december 2017,Dec 2017,Organisatieondersteunende en kennisberoepen,"Medewerkers commerciële strategie, marketing en verkoop",Sales engineer,35,vacatures_201712_all.xlsx
2017-12-31,2017,12,januari 2017 - december 2017,Dec 2017,Organisatieondersteunende en kennisberoepen,"Medewerkers commerciële strategie, marketing en verkoop",Verantwoordelijke verkooppromotie,3,vacatures_201712_all.xlsx
2017-12-31,2017,12,januari 2017 - december 2017,Dec 2017,Organisatieondersteunende en kennisberoepen,Onderzoeksmedewerkers en beleidsexperten,Wetenschappelijk onderzoeker,2,vacatures_201712_all.xlsx
2017-12-31,2017,12,januari 2017 - december 2017,Dec 2017,Organisatieondersteunende en kennisberoepen,Specialisten kennisbeheer en communicatie,Medewerker communicatie,1,vacatures_201712_all.xlsx
2017-12-31,2017,12,januari 2017 - december 2017,Dec 2017,Pedagogische beroepen,Opvoedkundig personeel,Kinderbegeleider baby's en peuters,3,vacatures_201712_all.xlsx
2017-12-31,2017,12,januari 2017 - december 2017,Dec 2017,Pedagogische beroepen,Opvoedkundig personeel,Kinderbegeleider schoolgaande kinderen,1,vacatures_201712_all.xlsx
2017-12-31,2017,12,januari 2017 - december 2017,Dec 2017,Transport- en logistieke beroepen,Bestuurders in het wegtransport,Taxichauffeur en chauffeur privévervoer,9,vacatures_201712_all.xlsx
2017-12-31,2017,12,januari 2017 - december 2017,Dec 2017,Transport- en logistieke beroepen,Bestuurders in het wegtransport,Vrachtwagenbestuurder,313,vacatures_201712_all.xlsx
2017-12-31,2017,12,januari 2017 - december 2017,Dec 2017,Transport- en logistieke beroepen,Transport- en logistiek personeel,Dispatcher goederenvervoer,23,vacatures_201712_all.xlsx
2017-12-31,2017,12,januari 2017 - december 2017,Dec 2017,Transport- en logistieke beroepen,Transport- en logistiek personeel,Dispatcher personenvervoer,14,vacatures_201712_all.xlsx
2017-12-31,2017,12,januari 2017 - december 2017,Dec 2017,Transport- en logistieke beroepen,Transport- en logistiek personeel,Heftruckchauffeur,56,vacatures_201712_all.xlsx
2017-12-31,2017,12,januari 2017 - december 2017,Dec 2017,Transport- en logistieke beroepen,Transport- en logistiek personeel,Koerier besteller,25,vacatures_201712_all.xlsx
2017-12-31,2017,12,januari 2017 - december 2017,Dec 2017,Transport- en logistieke beroepen,Transport- en logistiek personeel,Logistiek verantwoordelijke,84,vacatures_201712_all.xlsx
2017-12-31,2017,12,januari 2017 - december 2017,Dec 2017,Transport- en logistieke beroepen,Transport- en logistiek personeel,Magazijnbeheerder,13,vacatures_201712_all.xlsx
2017-12-31,2017,12,januari 2017 - december 2017,Dec 2017,Transport- en logistieke beroepen,Transport- en logistiek personeel,Magazijnmedewerker,219,vacatures_201712_all.xlsx
2017-12-31,2017,12,januari 2017 - december 2017,Dec 2017,Transport- en logistieke beroepen,Transport- en logistiek personeel,Medewerker internationaal goederenverkeer,4,vacatures_201712_all.xlsx
2017-12-31,2017,12,januari 2017 - december 2017,Dec 2017,Transport- en logistieke beroepen,Transport- en logistiek personeel,Reachtruckchauffeur,12,vacatures_201712_all.xlsx
2017-12-31,2017,12,januari 2017 - december 2017,Dec 2017,Transport- en logistieke beroepen,"Werknemers spoor-, water-, luchttransport",Schipper-stuurman binnenscheepvaart,8,vacatures_201712_all.xlsx
2017-12-31,2017,12,januari 2017 - december 2017,Dec 2017,Transport- en logistieke beroepen,"Werknemers spoor-, water-, luchttransport",Spoorwerker,23,vacatures_201712_all.xlsx
2017-12-31,2017,12,januari 2017 - december 2017,Dec 2017,Vrijetijds- en artistieke beroepen,"Medewerkers bij toerisme, vrije tijd en sport",Eventmanager,1,vacatures_201712_all.xlsx
2017-12-31,2017,12,januari 2017 - december 2017,Dec 2017,Vrijetijds- en artistieke beroepen,"Medewerkers bij toerisme, vrije tijd en sport",Fitnessbegeleider,2,vacatures_201712_all.xlsx
2017-12-31,2017,12,januari 2017 - december 2017,Dec 2017,Vrijetijds- en artistieke beroepen,Podium- en audiovisuele technici,Podiumtechnicus licht en beeld,1,vacatures_201712_all.xlsx
2018-12-31,2018,12,januari 2018 - december 2018,Dec 2018,Bouwberoepen,Bouwtechnici,Architect,3,vacatures_201812_all.xlsx
2018-12-31,2018,12,januari 2018 - december 2018,Dec 2018,Bouwberoepen,Bouwtechnici,BIM-expert (Building Information Modeling),14,vacatures_201812_all.xlsx
2018-12-31,2018,12,januari 2018 - december 2018,Dec 2018,Bouwberoepen,Bouwtechnici,Bodemonderzoeker,3,vacatures_201812_all.xlsx
2018-12-31,2018,12,januari 2018 - december 2018,Dec 2018,Bouwberoepen,Bouwtechnici,Bouwkundig tekenaar,172,vacatures_201812_all.xlsx
2018-12-31,2018,12,januari 2018 - december 2018,Dec 2018,Bouwberoepen,Bouwtechnici,Calculator bouw,353,vacatures_201812_all.xlsx
2018-12-31,2018,12,januari 2018 - december 2018,Dec 2018,Bouwberoepen,Bouwtechnici,EPB-verslaggever,3,vacatures_201812_all.xlsx
2018-12-31,2018,12,januari 2018 - december 2018,Dec 2018,Bouwberoepen,Bouwtechnici,Energiedeskundige gebouwen,1,vacatures_201812_all.xlsx
2018-12-31,2018,12,januari 2018 - december 2018,Dec 2018,Bouwberoepen,Bouwtechnici,Ingenieur studie en advies bouw,152,vacatures_201812_all.xlsx
2018-12-31,2018,12,januari 2018 - december 2018,Dec 2018,Bouwberoepen,Bouwtechnici,Interieurarchitect interieurvormgever,60,vacatures_201812_all.xlsx
2018-12-31,2018,12,januari 2018 - december 2018,Dec 2018,Bouwberoepen,Bouwtechnici,Landmeter,28,vacatures_201812_all.xlsx
2018-12-31,2018,12,januari 2018 - december 2018,Dec 2018,Bouwberoepen,Bouwtechnici,Landschapsarchitect,2,vacatures_201812_all.xlsx
2018-12-31,2018,12,januari 2018 - december 2018,Dec 2018,Bouwberoepen,Bouwtechnici,Projectleider bouw en openbare werken,284,vacatures_201812_all.xlsx
2018-12-31,2018,12,januari 2018 - december 2018,Dec 2018,Bouwberoepen,Bouwtechnici,Veiligheidscoördinator,14,vacatures_201812_all.xlsx
2018-12-31,2018,12,januari 2018 - december 2018,Dec 2018,Bouwberoepen,Bouwtechnici,Werfbediende,26,vacatures_201812_all.xlsx
2018-12-31,2018,12,januari 2018 - december 2018,Dec 2018,Bouwberoepen,Bouwtechnici,Werfleider,787,vacatures_201812_all.xlsx
2018-12-31,2018,12,januari 2018 - december 2018,Dec 2018,Bouwberoepen,Bouwvakkers,"Aansluiter van waterleidingen, rioleringen en warmtenetten",35,vacatures_201812_all.xlsx
2018-12-31,2018,12,januari 2018 - december 2018,Dec 2018,Bouwberoepen,Bouwvakkers,Asbestverwijderaar,25,vacatures_201812_all.xlsx
2018-12-31,2018,12,januari 2018 - december 2018,Dec 2018,Bouwberoepen,Bouwvakkers,Bekister-betonneerder,305,vacatures_201812_all.xlsx
2018-12-31,2018,12,januari 2018 - december 2018,Dec 2018,Bouwberoepen,Bouwvakkers,Beveiligingstechnicus,107,vacatures_201812_all.xlsx
2018-12-31,2018,12,januari 2018 - december 2018,Dec 2018,Bouwberoepen,Bouwvakkers,Brandertechnicus,15,vacatures_201812_all.xlsx
2018-12-31,2018,12,januari 2018 - december 2018,Dec 2018,Bouwberoepen,Bouwvakkers,Daktimmerman,73,vacatures_201812_all.xlsx
2018-12-31,2018,12,januari 2018 - december 2018,Dec 2018,Bouwberoepen,Bouwvakkers,Dakwerker,842,vacatures_201812_all.xlsx
2018-12-31,2018,12,januari 2018 - december 2018,Dec 2018,Bouwberoepen,Bouwvakkers,Datacommunicatie- en netwerktechnicus,3915,vacatures_201812_all.xlsx
2018-12-31,2018,12,januari 2018 - december 2018,Dec 2018,Bouwberoepen,Bouwvakkers,Dekvloerlegger,35,vacatures_201812_all.xlsx
2018-12-31,2018,12,januari 2018 - december 2018,Dec 2018,Bouwberoepen,Bouwvakkers,Elektrotechnisch installateur,70,vacatures_201812_all.xlsx
2018-12-31,2018,12,januari 2018 - december 2018,Dec 2018,Bouwberoepen,Bouwvakkers,Gevelreiniger,15,vacatures_201812_all.xlsx
2018-12-31,2018,12,januari 2018 - december 2018,Dec 2018,Bouwberoepen,Bouwvakkers,Gevelrenoveerder-betonhersteller,102,vacatures_201812_all.xlsx
2018-12-31,2018,12,januari 2018 - december 2018,Dec 2018,Bouwberoepen,Bouwvakkers,Glaswerker,31,vacatures_201812_all.xlsx
2018-12-31,2018,12,januari 2018 - december 2018,Dec 2018,Bouwberoepen,Bouwvakkers,Industrieel isolatiewerker,64,vacatures_201812_all.xlsx
2018-12-31,2018,12,januari 2018 - december 2018,Dec 2018,Bouwberoepen,Bouwvakkers,Installateur elektrotechnische basiscomponenten,60,vacatures_201812_all.xlsx
2018-12-31,2018,12,januari 2018 - december 2018,Dec 2018,Bouwberoepen,Bouwvakkers,Installateur energiemanagementsystemen,2,vacatures_201812_all.xlsx
2018-12-31,2018,12,januari 2018 - december 2018,Dec 2018,Bouwberoepen,Bouwvakkers,Installateur gebouwenautomatisering,1,vacatures_201812_all.xlsx
2018-12-31,2018,12,januari 2018 - december 2018,Dec 2018,Bouwberoepen,Bouwvakkers,Installateur nutsvoorzieningen,101,vacatures_201812_all.xlsx
2018-12-31,2018,12,januari 2018 - december 2018,Dec 2018,Bouwberoepen,Bouwvakkers,Interieurbouwer,348,vacatures_201812_all.xlsx
2018-12-31,2018,12,januari 2018 - december 2018,Dec 2018,Bouwberoepen,Bouwvakkers,Isoleerder ruwbouw en dak,22,vacatures_201812_all.xlsx
2018-12-31,2018,12,januari 2018 - december 2018,Dec 2018,Bouwberoepen,Bouwvakkers,Medewerker ruwbouw,771,vacatures_201812_all.xlsx
2018-12-31,2018,12,januari 2018 - december 2018,Dec 2018,Bouwberoepen,Bouwvakkers,Metselaar,1008,vacatures_201812_all.xlsx
2018-12-31,2018,12,januari 2018 - december 2018,Dec 2018,Bouwberoepen,Bouwvakkers,Monteur installatietechnieken,1071,vacatures_201812_all.xlsx
2018-12-31,2018,12,januari 2018 - december 2018,Dec 2018,Bouwberoepen,Bouwvakkers,Natuursteenbewerker,20,vacatures_201812_all.xlsx
2018-12-31,2018,12,januari 2018 - december 2018,Dec 2018,Bouwberoepen,Bouwvakkers,Onderhoudsmedewerker gebouwen,132,vacatures_201812_all.xlsx
2018-12-31,2018,12,januari 2018 - december 2018,Dec 2018,Bouwberoepen,Bouwvakkers,Onderhoudsmedewerker wegennet,5,vacatures_201812_all.xlsx
2018-12-31,2018,12,januari 2018 - december 2018,Dec 2018,Bouwberoepen,Bouwvakkers,Onderwaterwerker,5,vacatures_201812_all.xlsx
2018-12-31,2018,12,januari 2018 - december 2018,Dec 2018,Bouwberoepen,Bouwvakkers,Plaatser binnenschrijnwerk,142,vacatures_201812_all.xlsx
2018-12-31,2018,12,januari 2018 - december 2018,Dec 2018,Bouwberoepen,Bouwvakkers,Plaatser buitenschrijnwerk,547,vacatures_201812_all.xlsx
2018-12-31,2018,12,januari 2018 - december 2018,Dec 2018,Bouwberoepen,Bouwvakkers,Plaatser van boven- en ondergrondse leidingen,135,vacatures_201812_all.xlsx
2018-12-31,2018,12,januari 2018 - december 2018,Dec 2018,Bouwberoepen,Bouwvakkers,Plaatser van houten vloerbedekking,39,vacatures_201812_all.xlsx
2018-12-31,2018,12,januari 2018 - december 2018,Dec 2018,Bouwberoepen,Bouwvakkers,Plaatser van soepele vloerbekledingen,37,vacatures_201812_all.xlsx
2018-12-31,2018,12,januari 2018 - december 2018,Dec 2018,Bouwberoepen,Bouwvakkers,Rioollegger,44,vacatures_201812_all.xlsx
2018-12-31,2018,12,januari 2018 - december 2018,Dec 2018,Bouwberoepen,Bouwvakkers,Schilder-decorateur,403,vacatures_201812_all.xlsx
2018-12-31,2018,12,januari 2018 - december 2018,Dec 2018,Bouwberoepen,Bouwvakkers,Schrijnwerker houtbouw,32,vacatures_201812_all.xlsx
2018-12-31,2018,12,januari 2018 - december 2018,Dec 2018,Bouwberoepen,Bouwvakkers,Steigerbouwer,85,vacatures_201812_all.xlsx
2018-12-31,2018,12,januari 2018 - december 2018,Dec 2018,Bouwberoepen,Bouwvakkers,Stukadoor,282,vacatures_201812_all.xlsx
2018-12-31,2018,12,januari 2018 - december 2018,Dec 2018,Bouwberoepen,Bouwvakkers,Technicus hernieuwbare energietechnieken,81,vacatures_201812_all.xlsx
2018-12-31,2018,12,januari 2018 - december 2018,Dec 2018,Bouwberoepen,Bouwvakkers,Technicus installatietechnieken,70,vacatures_201812_all.xlsx
2018-12-31,2018,12,januari 2018 - december 2018,Dec 2018,Bouwberoepen,Bouwvakkers,Vloerder-tegelzetter,287,vacatures_201812_all.xlsx
2018-12-31,2018,12,januari 2018 - december 2018,Dec 2018,Bouwberoepen,Bouwvakkers,Voeger,51,vacatures_201812_all.xlsx
2018-12-31,2018,12,januari 2018 - december 2018,Dec 2018,Bouwberoepen,Bouwvakkers,Wegenwerker,576,vacatures_201812_all.xlsx
2018-12-31,2018,12,januari 2018 - december 2018,Dec 2018,Bouwberoepen,Machinisten en kraanmannen,Bediener grondverzetmachines,251,vacatures_201812_all.xlsx
2018-12-31,2018,12,januari 2018 - december 2018,Dec 2018,Bouwberoepen,Machinisten en kraanmannen,Bediener machines horizontale boringen,7,vacatures_201812_all.xlsx
2018-12-31,2018,12,januari 2018 - december 2018,Dec 2018,Bouwberoepen,Machinisten en kraanmannen,Bediener machines verticale boringen,20,vacatures_201812_all.xlsx
2018-12-31,2018,12,januari 2018 - december 2018,Dec 2018,Bouwberoepen,Machinisten en kraanmannen,Bediener van betonnerings- en asfalteringsmachines,3,vacatures_201812_all.xlsx
2018-12-31,2018,12,januari 2018 - december 2018,Dec 2018,Bouwberoepen,Machinisten en kraanmannen,Kraanbestuurder,242,vacatures_201812_all.xlsx
2018-12-31,2018,12,januari 2018 - december 2018,Dec 2018,Bouwberoepen,Machinisten en kraanmannen,Torenkraanbediener,20,vacatures_201812_all.xlsx
2018-12-31,2018,12,januari 2018 - december 2018,Dec 2018,Dienstverlenende beroepen,Adviesverleners,Arbeidsbemiddelaar-jobcoach,0,vacatures_201812_all.xlsx
2018-12-31,2018,12,januari 2018 - december 2018,Dec 2018,Dienstverlenende beroepen,Experts vastgoed,Vastgoedbemiddelaar verkoop en verhuur,4,vacatures_201812_all.xlsx
2018-12-31,2018,12,januari 2018 - december 2018,Dec 2018,Dienstverlenende beroepen,Experts vastgoed,Vastgoedpromotor,19,vacatures_201812_all.xlsx
2018-12-31,2018,12,januari 2018 - december 2018,Dec 2018,Dienstverlenende beroepen,Juridische dienstverleners,Juridisch medewerker,15,vacatures_201812_all.xlsx
2018-12-31,2018,12,januari 2018 - december 2018,Dec 2018,Dienstverlenende beroepen,Juridische dienstverleners,Jurist,8,vacatures_201812_all.xlsx
2018-12-31,2018,12,januari 2018 - december 2018,Dec 2018,Dienstverlenende beroepen,Medewerkers in finance,Accountmanager in de financiële sector,16,vacatures_201812_all.xlsx
2018-12-31,2018,12,januari 2018 - december 2018,Dec 2018,Dienstverlenende beroepen,Medewerkers in finance,Beheerder verzekeringen,1,vacatures_201812_all.xlsx
2018-12-31,2018,12,januari 2018 - december 2018,Dec 2018,Dienstverlenende beroepen,Persoonlijke dienstverleners,Conciërge,1,vacatures_201812_all.xlsx
2018-12-31,2018,12,januari 2018 - december 2018,Dec 2018,Dienstverlenende beroepen,Persoonlijke dienstverleners,Schoonheidsspecialist,1,vacatures_201812_all.xlsx
2018-12-31,2018,12,januari 2018 - december 2018,Dec 2018,Dienstverlenende beroepen,Schoonmaak- en onderhoudspersoneel,Huishoudhulp-poetshulp,19,vacatures_201812_all.xlsx
2018-12-31,2018,12,januari 2018 - december 2018,Dec 2018,Dienstverlenende beroepen,Schoonmaak- en onderhoudspersoneel,Industrieel reiniger,23,vacatures_201812_all.xlsx
2018-12-31,2018,12,januari 2018 - december 2018,Dec 2018,Dienstverlenende beroepen,Schoonmaak- en onderhoudspersoneel,Onderhoudsmedewerker affichering en straatmeubilair,3,vacatures_201812_all.xlsx
2018-12-31,2018,12,januari 2018 - december 2018,Dec 2018,Dienstverlenende beroepen,Schoonmaak- en onderhoudspersoneel,Ruitenwasser,52,vacatures_201812_all.xlsx
2018-12-31,2018,12,januari 2018 - december 2018,Dec 2018,Dienstverlenende beroepen,Schoonmaak- en onderhoudspersoneel,Schoonmaker van ruimten en lokalen,42,vacatures_201812_all.xlsx
2018-12-31,2018,12,januari 2018 - december 2018,Dec 2018,Handels- en verkoopberoepen,Verkooppersoneel,Assistent winkelmanager,9,vacatures_201812_all.xlsx
2018-12-31,2018,12,januari 2018 - december 2018,Dec 2018,Handels- en verkoopberoepen,Verkooppersoneel,Technisch adviseur klantenondersteuning,5,vacatures_201812_all.xlsx
2018-12-31,2018,12,januari 2018 - december 2018,Dec 2018,Handels- en verkoopberoepen,Verkooppersoneel,"Verhuurder van gereedschappen, transportmiddelen of vrijetijdsmaterieel",4,vacatures_201812_all.xlsx
2018-12-31,2018,12,januari 2018 - december 2018,Dec 2018,Handels- en verkoopberoepen,Verkooppersoneel,Winkelmanager,2,vacatures_201812_all.xlsx
2018-12-31,2018,12,januari 2018 - december 2018,Dec 2018,Handels- en verkoopberoepen,Verkooppersoneel,Winkelmedewerker,4,vacatures_201812_all.xlsx
2018-12-31,2018,12,januari 2018 - december 2018,Dec 2018,Handels- en verkoopberoepen,Verkooppersoneel,Winkelverkoper,125,vacatures_201812_all.xlsx
2018-12-31,2018,12,januari 2018 - december 2018,Dec 2018,Handels- en verkoopberoepen,Vertegenwoordigers,Vertegenwoordiger B2B,324,vacatures_201812_all.xlsx
2018-12-31,2018,12,januari 2018 - december 2018,Dec 2018,Handels- en verkoopberoepen,Vertegenwoordigers,Vertegenwoordiger B2C,13,vacatures_201812_all.xlsx
2018-12-31,2018,12,januari 2018 - december 2018,Dec 2018,Horecaberoepen,Horecapersoneel,Afwasser,1,vacatures_201812_all.xlsx
2018-12-31,2018,12,januari 2018 - december 2018,Dec 2018,Horecaberoepen,Horecapersoneel,Horecamanager,3,vacatures_201812_all.xlsx
2018-12-31,2018,12,januari 2018 - december 2018,Dec 2018,Horecaberoepen,Horecapersoneel,Hotelreceptionist,3,vacatures_201812_all.xlsx
2018-12-31,2018,12,januari 2018 - december 2018,Dec 2018,Horecaberoepen,Horecapersoneel,Hulpkelner,1,vacatures_201812_all.xlsx
2018-12-31,2018,12,januari 2018 - december 2018,Dec 2018,Horecaberoepen,Horecapersoneel,Hulpkok,0,vacatures_201812_all.xlsx
2018-12-31,2018,12,januari 2018 - december 2018,Dec 2018,Horecaberoepen,Horecapersoneel,Kamerjongen-Kamermeisje,3,vacatures_201812_all.xlsx
2018-12-31,2018,12,januari 2018 - december 2018,Dec 2018,Horecaberoepen,Horecapersoneel,Kelner,8,vacatures_201812_all.xlsx
2018-12-31,2018,12,januari 2018 - december 2018,Dec 2018,Horecaberoepen,Horecapersoneel,Keukenmedewerker,1,vacatures_201812_all.xlsx
2018-12-31,2018,12,januari 2018 - december 2018,Dec 2018,Horecaberoepen,Horecapersoneel,Kok,3,vacatures_201812_all.xlsx
2018-12-31,2018,12,januari 2018 - december 2018,Dec 2018,Horecaberoepen,Horecapersoneel,Medewerker fastfood,2,vacatures_201812_all.xlsx
2018-12-31,2018,12,januari 2018 - december 2018,Dec 2018,Industriële beroepen en ambachten,Beoefenaars van ambachten,Ambachtelijk metaalbewerker,6,vacatures_201812_all.xlsx
2018-12-31,2018,12,januari 2018 - december 2018,Dec 2018,Industriële beroepen en ambachten,Beoefenaars van ambachten,Decorateur van kunst- en artisanale objecten,2,vacatures_201812_all.xlsx
2018-12-31,2018,12,januari 2018 - december 2018,Dec 2018,Industriële beroepen en ambachten,Bewerkers van voeding,Productieoperator voedingsindustrie,2,vacatures_201812_all.xlsx
2018-12-31,2018,12,januari 2018 - december 2018,Dec 2018,Industriële beroepen en ambachten,Bewerkers van voeding,Slachter,1,vacatures_201812_all.xlsx
2018-12-31,2018,12,januari 2018 - december 2018,Dec 2018,Industriële beroepen en ambachten,Bewerkers van voeding,Slager,12,vacatures_201812_all.xlsx
2018-12-31,2018,12,januari 2018 - december 2018,Dec 2018,Industriële beroepen en ambachten,Diverse productiemedewerkers en operatoren,Industrieel schilder,53,vacatures_201812_all.xlsx
2018-12-31,2018,12,januari 2018 - december 2018,Dec 2018,Industriële beroepen en ambachten,Diverse productiemedewerkers en operatoren,Matrijswisselaar,1,vacatures_201812_all.xlsx
2018-12-31,2018,12,januari 2018 - december 2018,Dec 2018,Industriële beroepen en ambachten,Diverse productiemedewerkers en operatoren,Ontginner gassen en vloeistoffen,0,vacatures_201812_all.xlsx
2018-12-31,2018,12,januari 2018 - december 2018,Dec 2018,Industriële beroepen en ambachten,Diverse productiemedewerkers en operatoren,Operator glasbewerking,1,vacatures_201812_all.xlsx
2018-12-31,2018,12,januari 2018 - december 2018,Dec 2018,Industriële beroepen en ambachten,Diverse productiemedewerkers en operatoren,Productiemedewerker,37,vacatures_201812_all.xlsx
2018-12-31,2018,12,januari 2018 - december 2018,Dec 2018,Industriële beroepen en ambachten,Diverse productiemedewerkers en operatoren,Productiemedewerker prefabbeton,21,vacatures_201812_all.xlsx
2018-12-31,2018,12,januari 2018 - december 2018,Dec 2018,Industriële beroepen en ambachten,Diverse productiemedewerkers en operatoren,Productieoperator elektrische en elektronische componenten,228,vacatures_201812_all.xlsx
2018-12-31,2018,12,januari 2018 - december 2018,Dec 2018,Industriële beroepen en ambachten,Diverse productiemedewerkers en operatoren,"Productieoperator van stortbeton, cement, asfalt en granulaten",13,vacatures_201812_all.xlsx
2018-12-31,2018,12,januari 2018 - december 2018,Dec 2018,Industriële beroepen en ambachten,Diverse productiemedewerkers en operatoren,Sorteerder recyclage,0,vacatures_201812_all.xlsx
2018-12-31,2018,12,januari 2018 - december 2018,Dec 2018,Industriële beroepen en ambachten,Diverse productiemedewerkers en operatoren,Uitvoerder van werken op hoogte,38,vacatures_201812_all.xlsx
2018-12-31,2018,12,januari 2018 - december 2018,Dec 2018,Industriële beroepen en ambachten,Drukkers,Digitaal drukker,1,vacatures_201812_all.xlsx
2018-12-31,2018,12,januari 2018 - december 2018,Dec 2018,Industriële beroepen en ambachten,Industriële technici,Expert productieproces en -methodes,24,vacatures_201812_all.xlsx
2018-12-31,2018,12,januari 2018 - december 2018,Dec 2018,Industriële beroepen en ambachten,Industriële technici,Industrieel elektromecanicien,1100,vacatures_201812_all.xlsx
2018-12-31,2018,12,januari 2018 - december 2018,Dec 2018,Industriële beroepen en ambachten,Industriële technici,Industrieel laborant,13,vacatures_201812_all.xlsx
2018-12-31,2018,12,januari 2018 - december 2018,Dec 2018,Industriële beroepen en ambachten,Industriële technici,Industrieel onderhoudstechnicus,308,vacatures_201812_all.xlsx
2018-12-31,2018,12,januari 2018 - december 2018,Dec 2018,Industriële beroepen en ambachten,Industriële technici,Koeltechnicus,119,vacatures_201812_all.xlsx
2018-12-31,2018,12,januari 2018 - december 2018,Dec 2018,Industriële beroepen en ambachten,Industriële technici,Lifttechnicus,33,vacatures_201812_all.xlsx
2018-12-31,2018,12,januari 2018 - december 2018,Dec 2018,Industriële beroepen en ambachten,Industriële technici,Medewerker kwaliteitscontrole,6,vacatures_201812_all.xlsx
2018-12-31,2018,12,januari 2018 - december 2018,Dec 2018,Industriële beroepen en ambachten,Industriële technici,Onderhoudstechnicus industriële automatisering,29,vacatures_201812_all.xlsx
2018-12-31,2018,12,januari 2018 - december 2018,Dec 2018,Industriële beroepen en ambachten,Industriële technici,Onderhoudstechnicus waterdistributie en sanering,10,vacatures_201812_all.xlsx
2018-12-31,2018,12,januari 2018 - december 2018,Dec 2018,Industriële beroepen en ambachten,Industriële technici,Ontwerper industriële automatisering,16,vacatures_201812_all.xlsx
2018-12-31,2018,12,januari 2018 - december 2018,Dec 2018,Industriële beroepen en ambachten,Industriële technici,Productieplanner,57,vacatures_201812_all.xlsx
2018-12-31,2018,12,januari 2018 - december 2018,Dec 2018,Industriële beroepen en ambachten,Industriële technici,Regeltechnicus klimatisatie,146,vacatures_201812_all.xlsx
2018-12-31,2018,12,januari 2018 - december 2018,Dec 2018,Industriële beroepen en ambachten,Industriële technici,Technicus elektro en elektronica,22,vacatures_201812_all.xlsx
2018-12-31,2018,12,januari 2018 - december 2018,Dec 2018,Industriële beroepen en ambachten,Industriële technici,Technicus elektronische installaties,96,vacatures_201812_all.xlsx
2018-12-31,2018,12,januari 2018 - december 2018,Dec 2018,Industriële beroepen en ambachten,Industriële technici,"Technicus veiligheid, hygiëne en leefmilieu",1,vacatures_201812_all.xlsx
2018-12-31,2018,12,januari 2018 - december 2018,Dec 2018,Industriële beroepen en ambachten,Industriële technici,Werkvoorbereider,90,vacatures_201812_all.xlsx
2018-12-31,2018,12,januari 2018 - december 2018,Dec 2018,Industriële beroepen en ambachten,Medewerkers houtindustrie,Machinaal houtbewerker,4,vacatures_201812_all.xlsx
2018-12-31,2018,12,januari 2018 - december 2018,Dec 2018,Industriële beroepen en ambachten,Medewerkers houtindustrie,Meubelmaker,84,vacatures_201812_all.xlsx
2018-12-31,2018,12,januari 2018 - december 2018,Dec 2018,Industriële beroepen en ambachten,Medewerkers houtindustrie,Operator CNC-gestuurde houtbewerkingsmachines,5,vacatures_201812_all.xlsx
2018-12-31,2018,12,januari 2018 - december 2018,Dec 2018,Industriële beroepen en ambachten,Medewerkers houtindustrie,Productieoperator hout,11,vacatures_201812_all.xlsx
2018-12-31,2018,12,januari 2018 - december 2018,Dec 2018,Industriële beroepen en ambachten,Medewerkers houtindustrie,Werkplaatsschrijnwerker,169,vacatures_201812_all.xlsx
2018-12-31,2018,12,januari 2018 - december 2018,Dec 2018,Industriële beroepen en ambachten,Monteurs en installateurs elektrotechniek,Bordenbouwer - Elektromonteur machinebouw,132,vacatures_201812_all.xlsx
2018-12-31,2018,12,januari 2018 - december 2018,Dec 2018,Industriële beroepen en ambachten,Monteurs en installateurs elektrotechniek,Elektrotechnicus,1139,vacatures_201812_all.xlsx
2018-12-31,2018,12,januari 2018 - december 2018,Dec 2018,Industriële beroepen en ambachten,Monteurs en installateurs elektrotechniek,Technicus industriële elektriciteit,1,vacatures_201812_all.xlsx
2018-12-31,2018,12,januari 2018 - december 2018,Dec 2018,Industriële beroepen en ambachten,Precisietechniekers,Slotenmaker,3,vacatures_201812_all.xlsx
2018-12-31,2018,12,januari 2018 - december 2018,Dec 2018,Industriële beroepen en ambachten,Professionals in de metaalindustrie,Bankwerker,5,vacatures_201812_all.xlsx
2018-12-31,2018,12,januari 2018 - december 2018,Dec 2018,Industriële beroepen en ambachten,Professionals in de metaalindustrie,Insteller-omsteller plaatbewerking,15,vacatures_201812_all.xlsx
2018-12-31,2018,12,januari 2018 - december 2018,Dec 2018,Industriële beroepen en ambachten,Professionals in de metaalindustrie,Insteller-omsteller verspaning,138,vacatures_201812_all.xlsx
2018-12-31,2018,12,januari 2018 - december 2018,Dec 2018,Industriële beroepen en ambachten,Professionals in de metaalindustrie,Machinebouwer,25,vacatures_201812_all.xlsx
2018-12-31,2018,12,januari 2018 - december 2018,Dec 2018,Industriële beroepen en ambachten,Professionals in de metaalindustrie,Manueel lasser,232,vacatures_201812_all.xlsx
2018-12-31,2018,12,januari 2018 - december 2018,Dec 2018,Industriële beroepen en ambachten,Professionals in de metaalindustrie,Monteur staalconstructies,199,vacatures_201812_all.xlsx
2018-12-31,2018,12,januari 2018 - december 2018,Dec 2018,Industriële beroepen en ambachten,Professionals in de metaalindustrie,Operator montage en assemblage,40,vacatures_201812_all.xlsx
2018-12-31,2018,12,januari 2018 - december 2018,Dec 2018,Industriële beroepen en ambachten,Professionals in de metaalindustrie,Pijpfitter,84,vacatures_201812_all.xlsx
2018-12-31,2018,12,januari 2018 - december 2018,Dec 2018,Industriële beroepen en ambachten,Professionals in de metaalindustrie,Productieoperator metaal,8,vacatures_201812_all.xlsx
2018-12-31,2018,12,januari 2018 - december 2018,Dec 2018,Industriële beroepen en ambachten,Professionals in de metaalindustrie,Rigger-monteerder,44,vacatures_201812_all.xlsx
2018-12-31,2018,12,januari 2018 - december 2018,Dec 2018,Industriële beroepen en ambachten,Specialisten chemie en kunststoffen,Procesoperator chemische industrie,6,vacatures_201812_all.xlsx
2018-12-31,2018,12,januari 2018 - december 2018,Dec 2018,Industriële beroepen en ambachten,Specialisten chemie en kunststoffen,Productiemedewerker kunststofverwerking,2,vacatures_201812_all.xlsx
2018-12-31,2018,12,januari 2018 - december 2018,Dec 2018,Industriële beroepen en ambachten,Technisch leidinggevenden,Afdelingsverantwoordelijke productie,3,vacatures_201812_all.xlsx
2018-12-31,2018,12,januari 2018 - december 2018,Dec 2018,Industriële beroepen en ambachten,Technisch leidinggevenden,Productiemanager,10,vacatures_201812_all.xlsx
2018-12-31,2018,12,januari 2018 - december 2018,Dec 2018,Industriële beroepen en ambachten,Technisch leidinggevenden,Projectmanager engineering,113,vacatures_201812_all.xlsx
2018-12-31,2018,12,januari 2018 - december 2018,Dec 2018,Industriële beroepen en ambachten,Technisch leidinggevenden,Teamleader productie,4,vacatures_201812_all.xlsx
2018-12-31,2018,12,januari 2018 - december 2018,Dec 2018,Industriële beroepen en ambachten,Technisch leidinggevenden,Verantwoordelijke beheer en onderhoud van voertuigen,9,vacatures_201812_all.xlsx
2018-12-31,2018,12,januari 2018 - december 2018,Dec 2018,Industriële beroepen en ambachten,Technisch leidinggevenden,Verantwoordelijke industrieel onderhoud,32,vacatures_201812_all.xlsx
2018-12-31,2018,12,januari 2018 - december 2018,Dec 2018,Industriële beroepen en ambachten,Technisch leidinggevenden,Verantwoordelijke kwaliteitscontrole,12,vacatures_201812_all.xlsx
2018-12-31,2018,12,januari 2018 - december 2018,Dec 2018,Industriële beroepen en ambachten,Technisch leidinggevenden,Verantwoordelijke onderzoek en ontwikkeling,2,vacatures_201812_all.xlsx
2018-12-31,2018,12,januari 2018 - december 2018,Dec 2018,Industriële beroepen en ambachten,Tekenaars en vormgevers,Grafisch vormgever,2,vacatures_201812_all.xlsx
2018-12-31,2018,12,januari 2018 - december 2018,Dec 2018,Industriële beroepen en ambachten,Tekenaars en vormgevers,Productontwikkelaar,1,vacatures_201812_all.xlsx
2018-12-31,2018,12,januari 2018 - december 2018,Dec 2018,Industriële beroepen en ambachten,Tekenaars en vormgevers,"Tekenaar-ontwerper elektriciteit, elektronica",42,vacatures_201812_all.xlsx
2018-12-31,2018,12,januari 2018 - december 2018,Dec 2018,Industriële beroepen en ambachten,Tekenaars en vormgevers,Tekenaar-ontwerper mechanica,10,vacatures_201812_all.xlsx
2018-12-31,2018,12,januari 2018 - december 2018,Dec 2018,Industriële beroepen en ambachten,Voer- en werktuigherstellers,Onderhoudsmecanicien van personenwagens en lichte bedrijfsvoertuigen,7,vacatures_201812_all.xlsx
2018-12-31,2018,12,januari 2018 - december 2018,Dec 2018,Industriële beroepen en ambachten,Voer- en werktuigherstellers,Onderhoudsmecanicien van zware bedrijfsvoertuigen,58,vacatures_201812_all.xlsx
2018-12-31,2018,12,januari 2018 - december 2018,Dec 2018,Industriële beroepen en ambachten,Voer- en werktuigherstellers,Plaatwerker carrosserie,9,vacatures_201812_all.xlsx
2018-12-31,2018,12,januari 2018 - december 2018,Dec 2018,Industriële beroepen en ambachten,Voer- en werktuigherstellers,"Technicus werf-, landbouw- en hefmachines",73,vacatures_201812_all.xlsx
2018-12-31,2018,12,januari 2018 - december 2018,Dec 2018,Industriële beroepen en ambachten,Voer- en werktuigherstellers,Voorbewerker carrosserie,9,vacatures_201812_all.xlsx
2018-12-31,2018,12,januari 2018 - december 2018,Dec 2018,"Land-, tuin- en bosbouw- en visserijberoepen","Land-, tuin- en bosbouwers en vissers",Medewerker landbouw,12,vacatures_201812_all.xlsx
2018-12-31,2018,12,januari 2018 - december 2018,Dec 2018,"Land-, tuin- en bosbouw- en visserijberoepen","Land-, tuin- en bosbouwers en vissers",Medewerker loonwerk,3,vacatures_201812_all.xlsx
2018-12-31,2018,12,januari 2018 - december 2018,Dec 2018,"Land-, tuin- en bosbouw- en visserijberoepen","Land-, tuin- en bosbouwers en vissers",Medewerker paardenhouderij,1,vacatures_201812_all.xlsx
2018-12-31,2018,12,januari 2018 - december 2018,Dec 2018,"Land-, tuin- en bosbouw- en visserijberoepen","Land-, tuin- en bosbouwers en vissers",Medewerker tuin- en groenaanleg en -onderhoud,71,vacatures_201812_all.xlsx
2018-12-31,2018,12,januari 2018 - december 2018,Dec 2018,"Land-, tuin- en bosbouw- en visserijberoepen","Land-, tuin- en bosbouwers en vissers",Medewerker tuinbouw,10,vacatures_201812_all.xlsx
2018-12-31,2018,12,januari 2018 - december 2018,Dec 2018,"Land-, tuin- en bosbouw- en visserijberoepen","Land-, tuin- en bosbouwers en vissers",Productieverantwoordelijke land- en tuinbouw,1,vacatures_201812_all.xlsx
2018-12-31,2018,12,januari 2018 - december 2018,Dec 2018,"Land-, tuin- en bosbouw- en visserijberoepen","Land-, tuin- en bosbouwers en vissers",Verantwoordelijke tuin- en groenaanleg en -onderhoud,3,vacatures_201812_all.xlsx
2018-12-31,2018,12,januari 2018 - december 2018,Dec 2018,"Medische, paramedische en verzorgende beroepen","Verpleegkundigen, vroedvrouwen en zorgpersoneel",Persoonlijk assistent,0,vacatures_201812_all.xlsx
2018-12-31,2018,12,januari 2018 - december 2018,Dec 2018,Organisatieondersteunende en kennisberoepen,Accountants,Accountant,97,vacatures_201812_all.xlsx
2018-12-31,2018,12,januari 2018 - december 2018,Dec 2018,Organisatieondersteunende en kennisberoepen,Accountants,Assistent accountancy,85,vacatures_201812_all.xlsx
2018-12-31,2018,12,januari 2018 - december 2018,Dec 2018,Organisatieondersteunende en kennisberoepen,Accountants,Credit collector,3,vacatures_201812_all.xlsx
2018-12-31,2018,12,januari 2018 - december 2018,Dec 2018,Organisatieondersteunende en kennisberoepen,Administratief medewerkers,Managementassistent,43,vacatures_201812_all.xlsx
2018-12-31,2018,12,januari 2018 - december 2018,Dec 2018,Organisatieondersteunende en kennisberoepen,Administratief medewerkers,Onthaalmedewerker,32,vacatures_201812_all.xlsx
2018-12-31,2018,12,januari 2018 - december 2018,Dec 2018,Organisatieondersteunende en kennisberoepen,Administratief medewerkers,Polyvalent administratief medewerker,509,vacatures_201812_all.xlsx
2018-12-31,2018,12,januari 2018 - december 2018,Dec 2018,Organisatieondersteunende en kennisberoepen,Administratief medewerkers,Technisch-administratief medewerker,129,vacatures_201812_all.xlsx
2018-12-31,2018,12,januari 2018 - december 2018,Dec 2018,Organisatieondersteunende en kennisberoepen,Bedrijfsadviseurs,Adviseur bedrijfsorganisatie en management,1,vacatures_201812_all.xlsx
2018-12-31,2018,12,januari 2018 - december 2018,Dec 2018,Organisatieondersteunende en kennisberoepen,Bedrijfsadviseurs,Business analist,1,vacatures_201812_all.xlsx
2018-12-31,2018,12,januari 2018 - december 2018,Dec 2018,Organisatieondersteunende en kennisberoepen,Bedrijfsadviseurs,Business en financial controller,13,vacatures_201812_all.xlsx
2018-12-31,2018,12,januari 2018 - december 2018,Dec 2018,Organisatieondersteunende en kennisberoepen,Bedrijfsadviseurs,Mediabuyer,1,vacatures_201812_all.xlsx
2018-12-31,2018,12,januari 2018 - december 2018,Dec 2018,Organisatieondersteunende en kennisberoepen,Bedrijfsadviseurs,Milieucoördinator,2,vacatures_201812_all.xlsx
2018-12-31,2018,12,januari 2018 - december 2018,Dec 2018,Organisatieondersteunende en kennisberoepen,Bedrijfsadviseurs,Preventieadviseur,52,vacatures_201812_all.xlsx
2018-12-31,2018,12,januari 2018 - december 2018,Dec 2018,Organisatieondersteunende en kennisberoepen,Bedrijfsadviseurs,Projectmanager business,7,vacatures_201812_all.xlsx
2018-12-31,2018,12,januari 2018 - december 2018,Dec 2018,Organisatieondersteunende en kennisberoepen,Controleurs en inspecteurs,Technisch inspecteur industrie,8,vacatures_201812_all.xlsx
2018-12-31,2018,12,januari 2018 - december 2018,Dec 2018,Organisatieondersteunende en kennisberoepen,HR-experts,Payroll advisor,10,vacatures_201812_all.xlsx
2018-12-31,2018,12,januari 2018 - december 2018,Dec 2018,Organisatieondersteunende en kennisberoepen,HR-experts,Personeelsmedewerker,34,vacatures_201812_all.xlsx
2018-12-31,2018,12,januari 2018 - december 2018,Dec 2018,Organisatieondersteunende en kennisberoepen,HR-experts,Verantwoordelijke werving en opleiding,66,vacatures_201812_all.xlsx
2018-12-31,2018,12,januari 2018 - december 2018,Dec 2018,Organisatieondersteunende en kennisberoepen,Informatici en ICT-medewerkers,ICT architect,1,vacatures_201812_all.xlsx
2018-12-31,2018,12,januari 2018 - december 2018,Dec 2018,Organisatieondersteunende en kennisberoepen,Informatici en ICT-medewerkers,Integratie expert ICT,7,vacatures_201812_all.xlsx
2018-12-31,2018,12,januari 2018 - december 2018,Dec 2018,Organisatieondersteunende en kennisberoepen,Informatici en ICT-medewerkers,Netwerkbeheerder,1,vacatures_201812_all.xlsx
2018-12-31,2018,12,januari 2018 - december 2018,Dec 2018,Organisatieondersteunende en kennisberoepen,Informatici en ICT-medewerkers,Software analist,2,vacatures_201812_all.xlsx
2018-12-31,2018,12,januari 2018 - december 2018,Dec 2018,Organisatieondersteunende en kennisberoepen,Informatici en ICT-medewerkers,Software ontwikkelaar,8,vacatures_201812_all.xlsx
2018-12-31,2018,12,januari 2018 - december 2018,Dec 2018,Organisatieondersteunende en kennisberoepen,Informatici en ICT-medewerkers,Support medewerker ICT,51,vacatures_201812_all.xlsx
2018-12-31,2018,12,januari 2018 - december 2018,Dec 2018,Organisatieondersteunende en kennisberoepen,Informatici en ICT-medewerkers,Systeembeheerder,3,vacatures_201812_all.xlsx
2018-12-31,2018,12,januari 2018 - december 2018,Dec 2018,Organisatieondersteunende en kennisberoepen,Leidinggevenden,Administratief en financieel verantwoordelijke,54,vacatures_201812_all.xlsx
2018-12-31,2018,12,januari 2018 - december 2018,Dec 2018,Organisatieondersteunende en kennisberoepen,Leidinggevenden,Algemeen directeur,14,vacatures_201812_all.xlsx
2018-12-31,2018,12,januari 2018 - december 2018,Dec 2018,Organisatieondersteunende en kennisberoepen,Leidinggevenden,Facility manager,5,vacatures_201812_all.xlsx
2018-12-31,2018,12,januari 2018 - december 2018,Dec 2018,Organisatieondersteunende en kennisberoepen,Leidinggevenden,HR-manager,3,vacatures_201812_all.xlsx
2018-12-31,2018,12,januari 2018 - december 2018,Dec 2018,Organisatieondersteunende en kennisberoepen,Leidinggevenden,Marketingmanager,23,vacatures_201812_all.xlsx
2018-12-31,2018,12,januari 2018 - december 2018,Dec 2018,Organisatieondersteunende en kennisberoepen,Leidinggevenden,Sales manager,1,vacatures_201812_all.xlsx
2018-12-31,2018,12,januari 2018 - december 2018,Dec 2018,Organisatieondersteunende en kennisberoepen,Leidinggevenden,Verantwoordelijke ICT,7,vacatures_201812_all.xlsx
2018-12-31,2018,12,januari 2018 - december 2018,Dec 2018,Organisatieondersteunende en kennisberoepen,Leidinggevenden,Verantwoordelijke aankoop,2,vacatures_201812_all.xlsx
2018-12-31,2018,12,januari 2018 - december 2018,Dec 2018,Organisatieondersteunende en kennisberoepen,Leidinggevenden,Verantwoordelijke contactcenter,4,vacatures_201812_all.xlsx
2018-12-31,2018,12,januari 2018 - december 2018,Dec 2018,Organisatieondersteunende en kennisberoepen,Leidinggevenden,Verantwoordelijke klantendienst,5,vacatures_201812_all.xlsx
2018-12-31,2018,12,januari 2018 - december 2018,Dec 2018,Organisatieondersteunende en kennisberoepen,Leidinggevenden,Verantwoordelijke verkoopadministratie,1,vacatures_201812_all.xlsx
2018-12-31,2018,12,januari 2018 - december 2018,Dec 2018,Organisatieondersteunende en kennisberoepen,"Medewerkers commerciële strategie, marketing en verkoop",Aankoper,57,vacatures_201812_all.xlsx
2018-12-31,2018,12,januari 2018 - december 2018,Dec 2018,Organisatieondersteunende en kennisberoepen,"Medewerkers commerciële strategie, marketing en verkoop",Accountmanager sales,1,vacatures_201812_all.xlsx
2018-12-31,2018,12,januari 2018 - december 2018,Dec 2018,Organisatieondersteunende en kennisberoepen,"Medewerkers commerciële strategie, marketing en verkoop",Commercieel medewerker binnendienst,89,vacatures_201812_all.xlsx
2018-12-31,2018,12,januari 2018 - december 2018,Dec 2018,Organisatieondersteunende en kennisberoepen,"Medewerkers commerciële strategie, marketing en verkoop",Contactcenter medewerker,1287,vacatures_201812_all.xlsx
2018-12-31,2018,12,januari 2018 - december 2018,Dec 2018,Organisatieondersteunende en kennisberoepen,"Medewerkers commerciële strategie, marketing en verkoop",Digital marketeer,2,vacatures_201812_all.xlsx
2018-12-31,2018,12,januari 2018 - december 2018,Dec 2018,Organisatieondersteunende en kennisberoepen,"Medewerkers commerciële strategie, marketing en verkoop",Digital sales assistant,21,vacatures_201812_all.xlsx
2018-12-31,2018,12,januari 2018 - december 2018,Dec 2018,Organisatieondersteunende en kennisberoepen,"Medewerkers commerciële strategie, marketing en verkoop",Marketing assistent,9,vacatures_201812_all.xlsx
2018-12-31,2018,12,januari 2018 - december 2018,Dec 2018,Organisatieondersteunende en kennisberoepen,"Medewerkers commerciële strategie, marketing en verkoop",Productmanager,2,vacatures_201812_all.xlsx
2018-12-31,2018,12,januari 2018 - december 2018,Dec 2018,Organisatieondersteunende en kennisberoepen,"Medewerkers commerciële strategie, marketing en verkoop",Sales engineer,73,vacatures_201812_all.xlsx
2018-12-31,2018,12,januari 2018 - december 2018,Dec 2018,Organisatieondersteunende en kennisberoepen,"Medewerkers commerciële strategie, marketing en verkoop",Verantwoordelijke verkooppromotie,0,vacatures_201812_all.xlsx
2018-12-31,2018,12,januari 2018 - december 2018,Dec 2018,Organisatieondersteunende en kennisberoepen,Onderzoeksmedewerkers en beleidsexperten,Beleidsdeskundige,2,vacatures_201812_all.xlsx
2018-12-31,2018,12,januari 2018 - december 2018,Dec 2018,Organisatieondersteunende en kennisberoepen,Onderzoeksmedewerkers en beleidsexperten,Wetenschappelijk onderzoeker,2,vacatures_201812_all.xlsx
2018-12-31,2018,12,januari 2018 - december 2018,Dec 2018,Organisatieondersteunende en kennisberoepen,Specialisten kennisbeheer en communicatie,Erfgoedkundige,1,vacatures_201812_all.xlsx
2018-12-31,2018,12,januari 2018 - december 2018,Dec 2018,Organisatieondersteunende en kennisberoepen,Specialisten kennisbeheer en communicatie,Vertaler,6,vacatures_201812_all.xlsx
2018-12-31,2018,12,januari 2018 - december 2018,Dec 2018,Pedagogische beroepen,Onderwijzend en leidinggevend personeel in onderwijs,Pedagogisch coördinator,1,vacatures_201812_all.xlsx
2018-12-31,2018,12,januari 2018 - december 2018,Dec 2018,Pedagogische beroepen,Opvoedkundig personeel,Kinderbegeleider baby's en peuters,0,vacatures_201812_all.xlsx
2018-12-31,2018,12,januari 2018 - december 2018,Dec 2018,Pedagogische beroepen,Opvoedkundig personeel,Monitor-begeleider in de sociale economie,1,vacatures_201812_all.xlsx
2018-12-31,2018,12,januari 2018 - december 2018,Dec 2018,Transport- en logistieke beroepen,Bestuurders in het wegtransport,Taxichauffeur en chauffeur privévervoer,3,vacatures_201812_all.xlsx
2018-12-31,2018,12,januari 2018 - december 2018,Dec 2018,Transport- en logistieke beroepen,Bestuurders in het wegtransport,Vrachtwagenbestuurder,428,vacatures_201812_all.xlsx
2018-12-31,2018,12,januari 2018 - december 2018,Dec 2018,Transport- en logistieke beroepen,Transport- en logistiek personeel,Dispatcher goederenvervoer,39,vacatures_201812_all.xlsx
2018-12-31,2018,12,januari 2018 - december 2018,Dec 2018,Transport- en logistieke beroepen,Transport- en logistiek personeel,Dispatcher personenvervoer,5,vacatures_201812_all.xlsx
2018-12-31,2018,12,januari 2018 - december 2018,Dec 2018,Transport- en logistieke beroepen,Transport- en logistiek personeel,Heftruckchauffeur,1,vacatures_201812_all.xlsx
2018-12-31,2018,12,januari 2018 - december 2018,Dec 2018,Transport- en logistieke beroepen,Transport- en logistiek personeel,Koerier besteller,13,vacatures_201812_all.xlsx
2018-12-31,2018,12,januari 2018 - december 2018,Dec 2018,Transport- en logistieke beroepen,Transport- en logistiek personeel,Logistiek verantwoordelijke,52,vacatures_201812_all.xlsx
2018-12-31,2018,12,januari 2018 - december 2018,Dec 2018,Transport- en logistieke beroepen,Transport- en logistiek personeel,Magazijnbeheerder,20,vacatures_201812_all.xlsx
2018-12-31,2018,12,januari 2018 - december 2018,Dec 2018,Transport- en logistieke beroepen,Transport- en logistiek personeel,Magazijnmedewerker,349,vacatures_201812_all.xlsx
2018-12-31,2018,12,januari 2018 - december 2018,Dec 2018,Transport- en logistieke beroepen,Transport- en logistiek personeel,Medewerker internationaal goederenverkeer,1,vacatures_201812_all.xlsx
2018-12-31,2018,12,januari 2018 - december 2018,Dec 2018,Transport- en logistieke beroepen,Transport- en logistiek personeel,Reachtruckchauffeur,2,vacatures_201812_all.xlsx
2018-12-31,2018,12,januari 2018 - december 2018,Dec 2018,Transport- en logistieke beroepen,Transport- en logistiek personeel,Verantwoordelijke logistieke site,2,vacatures_201812_all.xlsx
2018-12-31,2018,12,januari 2018 - december 2018,Dec 2018,Transport- en logistieke beroepen,"Werknemers spoor-, water-, luchttransport",Schipper-stuurman binnenscheepvaart,13,vacatures_201812_all.xlsx
2018-12-31,2018,12,januari 2018 - december 2018,Dec 2018,Transport- en logistieke beroepen,"Werknemers spoor-, water-, luchttransport",Spoorwerker,44,vacatures_201812_all.xlsx
2018-12-31,2018,12,januari 2018 - december 2018,Dec 2018,Vrijetijds- en artistieke beroepen,"Medewerkers bij toerisme, vrije tijd en sport",Eventmanager,2,vacatures_201812_all.xlsx
2018-12-31,2018,12,januari 2018 - december 2018,Dec 2018,Vrijetijds- en artistieke beroepen,"Medewerkers bij toerisme, vrije tijd en sport",Redder,5,vacatures_201812_all.xlsx
2018-12-31,2018,12,januari 2018 - december 2018,Dec 2018,Vrijetijds- en artistieke beroepen,Podium- en audiovisuele technici,Podiumtechnicus licht en beeld,1,vacatures_201812_all.xlsx
2019-12-31,2019,12,januari 2019 - december 2019,Dec 2019,Bouwberoepen,Bouwtechnici,Architect,4,vacatures_201912_all.xlsx
2019-12-31,2019,12,januari 2019 - december 2019,Dec 2019,Bouwberoepen,Bouwtechnici,BIM-expert (Building Information Modeling),11,vacatures_201912_all.xlsx
2019-12-31,2019,12,januari 2019 - december 2019,Dec 2019,Bouwberoepen,Bouwtechnici,Bodemonderzoeker,13,vacatures_201912_all.xlsx
2019-12-31,2019,12,januari 2019 - december 2019,Dec 2019,Bouwberoepen,Bouwtechnici,Bouwkundig tekenaar,198,vacatures_201912_all.xlsx
2019-12-31,2019,12,januari 2019 - december 2019,Dec 2019,Bouwberoepen,Bouwtechnici,Calculator bouw,290,vacatures_201912_all.xlsx
2019-12-31,2019,12,januari 2019 - december 2019,Dec 2019,Bouwberoepen,Bouwtechnici,EPB-verslaggever,5,vacatures_201912_all.xlsx
2019-12-31,2019,12,januari 2019 - december 2019,Dec 2019,Bouwberoepen,Bouwtechnici,Expert technische controle en keuring bouw,1,vacatures_201912_all.xlsx
2019-12-31,2019,12,januari 2019 - december 2019,Dec 2019,Bouwberoepen,Bouwtechnici,Ingenieur studie en advies bouw,184,vacatures_201912_all.xlsx
2019-12-31,2019,12,januari 2019 - december 2019,Dec 2019,Bouwberoepen,Bouwtechnici,Interieurarchitect interieurvormgever,81,vacatures_201912_all.xlsx
2019-12-31,2019,12,januari 2019 - december 2019,Dec 2019,Bouwberoepen,Bouwtechnici,Landmeter,38,vacatures_201912_all.xlsx
2019-12-31,2019,12,januari 2019 - december 2019,Dec 2019,Bouwberoepen,Bouwtechnici,Landschapsarchitect,3,vacatures_201912_all.xlsx
2019-12-31,2019,12,januari 2019 - december 2019,Dec 2019,Bouwberoepen,Bouwtechnici,Projectleider bouw en openbare werken,295,vacatures_201912_all.xlsx
2019-12-31,2019,12,januari 2019 - december 2019,Dec 2019,Bouwberoepen,Bouwtechnici,Veiligheidscoördinator,10,vacatures_201912_all.xlsx
2019-12-31,2019,12,januari 2019 - december 2019,Dec 2019,Bouwberoepen,Bouwtechnici,Verantwoordelijke onderhoud van gebouwen en infrastructuur,1,vacatures_201912_all.xlsx
2019-12-31,2019,12,januari 2019 - december 2019,Dec 2019,Bouwberoepen,Bouwtechnici,Werfbediende,33,vacatures_201912_all.xlsx
2019-12-31,2019,12,januari 2019 - december 2019,Dec 2019,Bouwberoepen,Bouwtechnici,Werfleider,798,vacatures_201912_all.xlsx
2019-12-31,2019,12,januari 2019 - december 2019,Dec 2019,Bouwberoepen,Bouwvakkers,"Aansluiter van waterleidingen, rioleringen en warmtenetten",11,vacatures_201912_all.xlsx
2019-12-31,2019,12,januari 2019 - december 2019,Dec 2019,Bouwberoepen,Bouwvakkers,Asbestverwijderaar,44,vacatures_201912_all.xlsx
2019-12-31,2019,12,januari 2019 - december 2019,Dec 2019,Bouwberoepen,Bouwvakkers,Bekister-betonneerder,219,vacatures_201912_all.xlsx
2019-12-31,2019,12,januari 2019 - december 2019,Dec 2019,Bouwberoepen,Bouwvakkers,Beveiligingstechnicus,84,vacatures_201912_all.xlsx
2019-12-31,2019,12,januari 2019 - december 2019,Dec 2019,Bouwberoepen,Bouwvakkers,Brandertechnicus,19,vacatures_201912_all.xlsx
2019-12-31,2019,12,januari 2019 - december 2019,Dec 2019,Bouwberoepen,Bouwvakkers,Daktimmerman,79,vacatures_201912_all.xlsx
2019-12-31,2019,12,januari 2019 - december 2019,Dec 2019,Bouwberoepen,Bouwvakkers,Dakwerker,955,vacatures_201912_all.xlsx
2019-12-31,2019,12,januari 2019 - december 2019,Dec 2019,Bouwberoepen,Bouwvakkers,Datacommunicatie- en netwerktechnicus,532,vacatures_201912_all.xlsx
2019-12-31,2019,12,januari 2019 - december 2019,Dec 2019,Bouwberoepen,Bouwvakkers,Dekvloerlegger,20,vacatures_201912_all.xlsx
2019-12-31,2019,12,januari 2019 - december 2019,Dec 2019,Bouwberoepen,Bouwvakkers,Elektrotechnisch installateur,95,vacatures_201912_all.xlsx
2019-12-31,2019,12,januari 2019 - december 2019,Dec 2019,Bouwberoepen,Bouwvakkers,Gevelreiniger,21,vacatures_201912_all.xlsx
2019-12-31,2019,12,januari 2019 - december 2019,Dec 2019,Bouwberoepen,Bouwvakkers,Gevelrenoveerder-betonhersteller,59,vacatures_201912_all.xlsx
2019-12-31,2019,12,januari 2019 - december 2019,Dec 2019,Bouwberoepen,Bouwvakkers,Glaswerker,47,vacatures_201912_all.xlsx
2019-12-31,2019,12,januari 2019 - december 2019,Dec 2019,Bouwberoepen,Bouwvakkers,Industrieel isolatiewerker,72,vacatures_201912_all.xlsx
2019-12-31,2019,12,januari 2019 - december 2019,Dec 2019,Bouwberoepen,Bouwvakkers,Installateur elektrotechnische basiscomponenten,22,vacatures_201912_all.xlsx
2019-12-31,2019,12,januari 2019 - december 2019,Dec 2019,Bouwberoepen,Bouwvakkers,Installateur energiemanagementsystemen,13,vacatures_201912_all.xlsx
2019-12-31,2019,12,januari 2019 - december 2019,Dec 2019,Bouwberoepen,Bouwvakkers,Installateur gebouwenautomatisering,0,vacatures_201912_all.xlsx
2019-12-31,2019,12,januari 2019 - december 2019,Dec 2019,Bouwberoepen,Bouwvakkers,Installateur nutsvoorzieningen,69,vacatures_201912_all.xlsx
2019-12-31,2019,12,januari 2019 - december 2019,Dec 2019,Bouwberoepen,Bouwvakkers,Interieurbouwer,290,vacatures_201912_all.xlsx
2019-12-31,2019,12,januari 2019 - december 2019,Dec 2019,Bouwberoepen,Bouwvakkers,Isoleerder ruwbouw en dak,46,vacatures_201912_all.xlsx
2019-12-31,2019,12,januari 2019 - december 2019,Dec 2019,Bouwberoepen,Bouwvakkers,Medewerker ruwbouw,886,vacatures_201912_all.xlsx
2019-12-31,2019,12,januari 2019 - december 2019,Dec 2019,Bouwberoepen,Bouwvakkers,Metselaar,800,vacatures_201912_all.xlsx
2019-12-31,2019,12,januari 2019 - december 2019,Dec 2019,Bouwberoepen,Bouwvakkers,Monteur installatietechnieken,961,vacatures_201912_all.xlsx
2019-12-31,2019,12,januari 2019 - december 2019,Dec 2019,Bouwberoepen,Bouwvakkers,Natuursteenbewerker,19,vacatures_201912_all.xlsx
2019-12-31,2019,12,januari 2019 - december 2019,Dec 2019,Bouwberoepen,Bouwvakkers,Onderhoudsmedewerker gebouwen,106,vacatures_201912_all.xlsx
2019-12-31,2019,12,januari 2019 - december 2019,Dec 2019,Bouwberoepen,Bouwvakkers,Onderhoudsmedewerker wegennet,2,vacatures_201912_all.xlsx
2019-12-31,2019,12,januari 2019 - december 2019,Dec 2019,Bouwberoepen,Bouwvakkers,Plaatser binnenschrijnwerk,211,vacatures_201912_all.xlsx
2019-12-31,2019,12,januari 2019 - december 2019,Dec 2019,Bouwberoepen,Bouwvakkers,Plaatser buitenschrijnwerk,542,vacatures_201912_all.xlsx
2019-12-31,2019,12,januari 2019 - december 2019,Dec 2019,Bouwberoepen,Bouwvakkers,Plaatser van boven- en ondergrondse leidingen,195,vacatures_201912_all.xlsx
2019-12-31,2019,12,januari 2019 - december 2019,Dec 2019,Bouwberoepen,Bouwvakkers,Plaatser van houten vloerbedekking,28,vacatures_201912_all.xlsx
2019-12-31,2019,12,januari 2019 - december 2019,Dec 2019,Bouwberoepen,Bouwvakkers,Plaatser van soepele vloerbekledingen,24,vacatures_201912_all.xlsx
2019-12-31,2019,12,januari 2019 - december 2019,Dec 2019,Bouwberoepen,Bouwvakkers,Rioollegger,24,vacatures_201912_all.xlsx
2019-12-31,2019,12,januari 2019 - december 2019,Dec 2019,Bouwberoepen,Bouwvakkers,Schilder-decorateur,395,vacatures_201912_all.xlsx
2019-12-31,2019,12,januari 2019 - december 2019,Dec 2019,Bouwberoepen,Bouwvakkers,Schrijnwerker houtbouw,30,vacatures_201912_all.xlsx
2019-12-31,2019,12,januari 2019 - december 2019,Dec 2019,Bouwberoepen,Bouwvakkers,Steigerbouwer,75,vacatures_201912_all.xlsx
2019-12-31,2019,12,januari 2019 - december 2019,Dec 2019,Bouwberoepen,Bouwvakkers,Stukadoor,323,vacatures_201912_all.xlsx
2019-12-31,2019,12,januari 2019 - december 2019,Dec 2019,Bouwberoepen,Bouwvakkers,Technicus hernieuwbare energietechnieken,108,vacatures_201912_all.xlsx
2019-12-31,2019,12,januari 2019 - december 2019,Dec 2019,Bouwberoepen,Bouwvakkers,Technicus installatietechnieken,58,vacatures_201912_all.xlsx
2019-12-31,2019,12,januari 2019 - december 2019,Dec 2019,Bouwberoepen,Bouwvakkers,Vloerder-tegelzetter,215,vacatures_201912_all.xlsx
2019-12-31,2019,12,januari 2019 - december 2019,Dec 2019,Bouwberoepen,Bouwvakkers,Voeger,47,vacatures_201912_all.xlsx
2019-12-31,2019,12,januari 2019 - december 2019,Dec 2019,Bouwberoepen,Bouwvakkers,Wegenwerker,512,vacatures_201912_all.xlsx
2019-12-31,2019,12,januari 2019 - december 2019,Dec 2019,Bouwberoepen,Machinisten en kraanmannen,Bediener grondverzetmachines,230,vacatures_201912_all.xlsx
2019-12-31,2019,12,januari 2019 - december 2019,Dec 2019,Bouwberoepen,Machinisten en kraanmannen,Bediener machines horizontale boringen,13,vacatures_201912_all.xlsx
2019-12-31,2019,12,januari 2019 - december 2019,Dec 2019,Bouwberoepen,Machinisten en kraanmannen,Bediener machines verticale boringen,11,vacatures_201912_all.xlsx
2019-12-31,2019,12,januari 2019 - december 2019,Dec 2019,Bouwberoepen,Machinisten en kraanmannen,Bediener van betonnerings- en asfalteringsmachines,0,vacatures_201912_all.xlsx
2019-12-31,2019,12,januari 2019 - december 2019,Dec 2019,Bouwberoepen,Machinisten en kraanmannen,Kraanbestuurder,251,vacatures_201912_all.xlsx
2019-12-31,2019,12,januari 2019 - december 2019,Dec 2019,Bouwberoepen,Machinisten en kraanmannen,Torenkraanbediener,16,vacatures_201912_all.xlsx
2019-12-31,2019,12,januari 2019 - december 2019,Dec 2019,Dienstverlenende beroepen,Adviesverleners,Arbeidsbemiddelaar-jobcoach,2,vacatures_201912_all.xlsx
2019-12-31,2019,12,januari 2019 - december 2019,Dec 2019,Dienstverlenende beroepen,Experts vastgoed,Rentmeester,1,vacatures_201912_all.xlsx
2019-12-31,2019,12,januari 2019 - december 2019,Dec 2019,Dienstverlenende beroepen,Experts vastgoed,Vastgoedbemiddelaar verkoop en verhuur,7,vacatures_201912_all.xlsx
2019-12-31,2019,12,januari 2019 - december 2019,Dec 2019,Dienstverlenende beroepen,Experts vastgoed,Vastgoedpromotor,6,vacatures_201912_all.xlsx
2019-12-31,2019,12,januari 2019 - december 2019,Dec 2019,Dienstverlenende beroepen,Juridische dienstverleners,Juridisch medewerker,24,vacatures_201912_all.xlsx
2019-12-31,2019,12,januari 2019 - december 2019,Dec 2019,Dienstverlenende beroepen,Juridische dienstverleners,Jurist,15,vacatures_201912_all.xlsx
2019-12-31,2019,12,januari 2019 - december 2019,Dec 2019,Dienstverlenende beroepen,Medewerkers in finance,Adviseur verzekeringen,1,vacatures_201912_all.xlsx
2019-12-31,2019,12,januari 2019 - december 2019,Dec 2019,Dienstverlenende beroepen,Medewerkers in finance,Beheerder verzekeringen,2,vacatures_201912_all.xlsx
2019-12-31,2019,12,januari 2019 - december 2019,Dec 2019,Dienstverlenende beroepen,Medewerkers in finance,Belastingadviseur,1,vacatures_201912_all.xlsx
2019-12-31,2019,12,januari 2019 - december 2019,Dec 2019,Dienstverlenende beroepen,Medewerkers in finance,Financieel analist,1,vacatures_201912_all.xlsx
2019-12-31,2019,12,januari 2019 - december 2019,Dec 2019,Dienstverlenende beroepen,Persoonlijke dienstverleners,Conciërge,2,vacatures_201912_all.xlsx
2019-12-31,2019,12,januari 2019 - december 2019,Dec 2019,Dienstverlenende beroepen,Persoonlijke dienstverleners,Kapper,1,vacatures_201912_all.xlsx
2019-12-31,2019,12,januari 2019 - december 2019,Dec 2019,Dienstverlenende beroepen,Persoonlijke dienstverleners,Schoonheidsspecialist,1,vacatures_201912_all.xlsx
2019-12-31,2019,12,januari 2019 - december 2019,Dec 2019,Dienstverlenende beroepen,Schoonmaak- en onderhoudspersoneel,Carwashmedewerker,1,vacatures_201912_all.xlsx
2019-12-31,2019,12,januari 2019 - december 2019,Dec 2019,Dienstverlenende beroepen,Schoonmaak- en onderhoudspersoneel,Huishoudhulp-poetshulp,24,vacatures_201912_all.xlsx
2019-12-31,2019,12,januari 2019 - december 2019,Dec 2019,Dienstverlenende beroepen,Schoonmaak- en onderhoudspersoneel,Industrieel reiniger,64,vacatures_201912_all.xlsx
2019-12-31,2019,12,januari 2019 - december 2019,Dec 2019,Dienstverlenende beroepen,Schoonmaak- en onderhoudspersoneel,Onderhoudsmedewerker affichering en straatmeubilair,3,vacatures_201912_all.xlsx
2019-12-31,2019,12,januari 2019 - december 2019,Dec 2019,Dienstverlenende beroepen,Schoonmaak- en onderhoudspersoneel,Ruitenwasser,7,vacatures_201912_all.xlsx
2019-12-31,2019,12,januari 2019 - december 2019,Dec 2019,Dienstverlenende beroepen,Schoonmaak- en onderhoudspersoneel,Schoonmaker van ruimten en lokalen,34,vacatures_201912_all.xlsx
2019-12-31,2019,12,januari 2019 - december 2019,Dec 2019,Handels- en verkoopberoepen,Verkooppersoneel,Technisch adviseur klantenondersteuning,0,vacatures_201912_all.xlsx
2019-12-31,2019,12,januari 2019 - december 2019,Dec 2019,Handels- en verkoopberoepen,Verkooppersoneel,"Verhuurder van gereedschappen, transportmiddelen of vrijetijdsmaterieel",4,vacatures_201912_all.xlsx
2019-12-31,2019,12,januari 2019 - december 2019,Dec 2019,Handels- en verkoopberoepen,Verkooppersoneel,Winkelmanager,2,vacatures_201912_all.xlsx
2019-12-31,2019,12,januari 2019 - december 2019,Dec 2019,Handels- en verkoopberoepen,Verkooppersoneel,Winkelmedewerker,5,vacatures_201912_all.xlsx
2019-12-31,2019,12,januari 2019 - december 2019,Dec 2019,Handels- en verkoopberoepen,Verkooppersoneel,Winkelverkoper,137,vacatures_201912_all.xlsx
2019-12-31,2019,12,januari 2019 - december 2019,Dec 2019,Handels- en verkoopberoepen,Vertegenwoordigers,Vertegenwoordiger B2B,271,vacatures_201912_all.xlsx
2019-12-31,2019,12,januari 2019 - december 2019,Dec 2019,Handels- en verkoopberoepen,Vertegenwoordigers,Vertegenwoordiger B2C,31,vacatures_201912_all.xlsx
2019-12-31,2019,12,januari 2019 - december 2019,Dec 2019,Horecaberoepen,Horecapersoneel,Horecamanager,3,vacatures_201912_all.xlsx
2019-12-31,2019,12,januari 2019 - december 2019,Dec 2019,Horecaberoepen,Horecapersoneel,Hotelreceptionist,1,vacatures_201912_all.xlsx
2019-12-31,2019,12,januari 2019 - december 2019,Dec 2019,Horecaberoepen,Horecapersoneel,Hulpkok,6,vacatures_201912_all.xlsx
2019-12-31,2019,12,januari 2019 - december 2019,Dec 2019,Horecaberoepen,Horecapersoneel,Kelner,6,vacatures_201912_all.xlsx
2019-12-31,2019,12,januari 2019 - december 2019,Dec 2019,Horecaberoepen,Horecapersoneel,Keukenmedewerker,5,vacatures_201912_all.xlsx
2019-12-31,2019,12,januari 2019 - december 2019,Dec 2019,Horecaberoepen,Horecapersoneel,Kok,1,vacatures_201912_all.xlsx
2019-12-31,2019,12,januari 2019 - december 2019,Dec 2019,Horecaberoepen,Horecapersoneel,Maître d'hôtel,1,vacatures_201912_all.xlsx
2019-12-31,2019,12,januari 2019 - december 2019,Dec 2019,Horecaberoepen,Horecapersoneel,Medewerker fastfood,4,vacatures_201912_all.xlsx
2019-12-31,2019,12,januari 2019 - december 2019,Dec 2019,Industriële beroepen en ambachten,Beoefenaars van ambachten,Ambachtelijk metaalbewerker,4,vacatures_201912_all.xlsx
2019-12-31,2019,12,januari 2019 - december 2019,Dec 2019,Industriële beroepen en ambachten,Beoefenaars van ambachten,Decorateur van kunst- en artisanale objecten,1,vacatures_201912_all.xlsx
2019-12-31,2019,12,januari 2019 - december 2019,Dec 2019,Industriële beroepen en ambachten,Bewerkers van voeding,Productieoperator voedingsindustrie,11,vacatures_201912_all.xlsx
2019-12-31,2019,12,januari 2019 - december 2019,Dec 2019,Industriële beroepen en ambachten,Bewerkers van voeding,Slager,36,vacatures_201912_all.xlsx
2019-12-31,2019,12,januari 2019 - december 2019,Dec 2019,Industriële beroepen en ambachten,Bewerkers van voeding,Uitsnijder-uitbener,1,vacatures_201912_all.xlsx
2019-12-31,2019,12,januari 2019 - december 2019,Dec 2019,Industriële beroepen en ambachten,Confectie- en lederwerkers,Polyvalent stikster,3,vacatures_201912_all.xlsx
2019-12-31,2019,12,januari 2019 - december 2019,Dec 2019,Industriële beroepen en ambachten,Diverse productiemedewerkers en operatoren,Industrieel schilder,97,vacatures_201912_all.xlsx
2019-12-31,2019,12,januari 2019 - december 2019,Dec 2019,Industriële beroepen en ambachten,Diverse productiemedewerkers en operatoren,Operator in de keramiekindustrie,1,vacatures_201912_all.xlsx
2019-12-31,2019,12,januari 2019 - december 2019,Dec 2019,Industriële beroepen en ambachten,Diverse productiemedewerkers en operatoren,Productiemedewerker,52,vacatures_201912_all.xlsx
2019-12-31,2019,12,januari 2019 - december 2019,Dec 2019,Industriële beroepen en ambachten,Diverse productiemedewerkers en operatoren,Productiemedewerker prefabbeton,25,vacatures_201912_all.xlsx
2019-12-31,2019,12,januari 2019 - december 2019,Dec 2019,Industriële beroepen en ambachten,Diverse productiemedewerkers en operatoren,Productieoperator elektrische en elektronische componenten,275,vacatures_201912_all.xlsx
2019-12-31,2019,12,januari 2019 - december 2019,Dec 2019,Industriële beroepen en ambachten,Diverse productiemedewerkers en operatoren,"Productieoperator van stortbeton, cement, asfalt en granulaten",37,vacatures_201912_all.xlsx
2019-12-31,2019,12,januari 2019 - december 2019,Dec 2019,Industriële beroepen en ambachten,Diverse productiemedewerkers en operatoren,Sorteerder recyclage,2,vacatures_201912_all.xlsx
2019-12-31,2019,12,januari 2019 - december 2019,Dec 2019,Industriële beroepen en ambachten,Diverse productiemedewerkers en operatoren,Uitvoerder van werken op hoogte,34,vacatures_201912_all.xlsx
2019-12-31,2019,12,januari 2019 - december 2019,Dec 2019,Industriële beroepen en ambachten,Diverse productiemedewerkers en operatoren,Verpakker,4,vacatures_201912_all.xlsx
2019-12-31,2019,12,januari 2019 - december 2019,Dec 2019,Industriële beroepen en ambachten,Drukkers,Digitaal drukker,0,vacatures_201912_all.xlsx
2019-12-31,2019,12,januari 2019 - december 2019,Dec 2019,Industriële beroepen en ambachten,Industriële technici,Expert productieproces en -methodes,33,vacatures_201912_all.xlsx
2019-12-31,2019,12,januari 2019 - december 2019,Dec 2019,Industriële beroepen en ambachten,Industriële technici,Industrieel elektromecanicien,723,vacatures_201912_all.xlsx
2019-12-31,2019,12,januari 2019 - december 2019,Dec 2019,Industriële beroepen en ambachten,Industriële technici,Industrieel laborant,3,vacatures_201912_all.xlsx
2019-12-31,2019,12,januari 2019 - december 2019,Dec 2019,Industriële beroepen en ambachten,Industriële technici,Industrieel onderhoudstechnicus,163,vacatures_201912_all.xlsx
2019-12-31,2019,12,januari 2019 - december 2019,Dec 2019,Industriële beroepen en ambachten,Industriële technici,Koeltechnicus,111,vacatures_201912_all.xlsx
2019-12-31,2019,12,januari 2019 - december 2019,Dec 2019,Industriële beroepen en ambachten,Industriële technici,Lifttechnicus,19,vacatures_201912_all.xlsx
2019-12-31,2019,12,januari 2019 - december 2019,Dec 2019,Industriële beroepen en ambachten,Industriële technici,Medewerker kwaliteitscontrole,18,vacatures_201912_all.xlsx
2019-12-31,2019,12,januari 2019 - december 2019,Dec 2019,Industriële beroepen en ambachten,Industriële technici,Onderhoudstechnicus industriële automatisering,15,vacatures_201912_all.xlsx
2019-12-31,2019,12,januari 2019 - december 2019,Dec 2019,Industriële beroepen en ambachten,Industriële technici,Onderhoudstechnicus waterdistributie en sanering,1,vacatures_201912_all.xlsx
2019-12-31,2019,12,januari 2019 - december 2019,Dec 2019,Industriële beroepen en ambachten,Industriële technici,Ontwerper industriële automatisering,39,vacatures_201912_all.xlsx
2019-12-31,2019,12,januari 2019 - december 2019,Dec 2019,Industriële beroepen en ambachten,Industriële technici,Productieplanner,74,vacatures_201912_all.xlsx
2019-12-31,2019,12,januari 2019 - december 2019,Dec 2019,Industriële beroepen en ambachten,Industriële technici,Regeltechnicus klimatisatie,215,vacatures_201912_all.xlsx
2019-12-31,2019,12,januari 2019 - december 2019,Dec 2019,Industriële beroepen en ambachten,Industriële technici,Technicus elektro en elektronica,121,vacatures_201912_all.xlsx
2019-12-31,2019,12,januari 2019 - december 2019,Dec 2019,Industriële beroepen en ambachten,Industriële technici,Technicus elektronische installaties,129,vacatures_201912_all.xlsx
2019-12-31,2019,12,januari 2019 - december 2019,Dec 2019,Industriële beroepen en ambachten,Industriële technici,Werkvoorbereider,52,vacatures_201912_all.xlsx
2019-12-31,2019,12,januari 2019 - december 2019,Dec 2019,Industriële beroepen en ambachten,Medewerkers houtindustrie,Machinaal houtbewerker,3,vacatures_201912_all.xlsx
2019-12-31,2019,12,januari 2019 - december 2019,Dec 2019,Industriële beroepen en ambachten,Medewerkers houtindustrie,Meubelmaker,66,vacatures_201912_all.xlsx
2019-12-31,2019,12,januari 2019 - december 2019,Dec 2019,Industriële beroepen en ambachten,Medewerkers houtindustrie,Operator CNC-gestuurde houtbewerkingsmachines,8,vacatures_201912_all.xlsx
2019-12-31,2019,12,januari 2019 - december 2019,Dec 2019,Industriële beroepen en ambachten,Medewerkers houtindustrie,Productieoperator hout,9,vacatures_201912_all.xlsx
2019-12-31,2019,12,januari 2019 - december 2019,Dec 2019,Industriële beroepen en ambachten,Medewerkers houtindustrie,Werkplaatsschrijnwerker,197,vacatures_201912_all.xlsx
2019-12-31,2019,12,januari 2019 - december 2019,Dec 2019,Industriële beroepen en ambachten,Monteurs en installateurs elektrotechniek,Bordenbouwer - Elektromonteur machinebouw,94,vacatures_201912_all.xlsx
2019-12-31,2019,12,januari 2019 - december 2019,Dec 2019,Industriële beroepen en ambachten,Monteurs en installateurs elektrotechniek,Elektrotechnicus,1018,vacatures_201912_all.xlsx
2019-12-31,2019,12,januari 2019 - december 2019,Dec 2019,Industriële beroepen en ambachten,Precisietechniekers,Slotenmaker,4,vacatures_201912_all.xlsx
2019-12-31,2019,12,januari 2019 - december 2019,Dec 2019,Industriële beroepen en ambachten,Professionals in de metaalindustrie,Bankwerker,1,vacatures_201912_all.xlsx
2019-12-31,2019,12,januari 2019 - december 2019,Dec 2019,Industriële beroepen en ambachten,Professionals in de metaalindustrie,Insteller-omsteller plaatbewerking,10,vacatures_201912_all.xlsx
2019-12-31,2019,12,januari 2019 - december 2019,Dec 2019,Industriële beroepen en ambachten,Professionals in de metaalindustrie,Insteller-omsteller verspaning,56,vacatures_201912_all.xlsx
2019-12-31,2019,12,januari 2019 - december 2019,Dec 2019,Industriële beroepen en ambachten,Professionals in de metaalindustrie,Machinebouwer,0,vacatures_201912_all.xlsx
2019-12-31,2019,12,januari 2019 - december 2019,Dec 2019,Industriële beroepen en ambachten,Professionals in de metaalindustrie,Manueel lasser,207,vacatures_201912_all.xlsx
2019-12-31,2019,12,januari 2019 - december 2019,Dec 2019,Industriële beroepen en ambachten,Professionals in de metaalindustrie,Monteur staalconstructies,230,vacatures_201912_all.xlsx
2019-12-31,2019,12,januari 2019 - december 2019,Dec 2019,Industriële beroepen en ambachten,Professionals in de metaalindustrie,Operator montage en assemblage,66,vacatures_201912_all.xlsx
2019-12-31,2019,12,januari 2019 - december 2019,Dec 2019,Industriële beroepen en ambachten,Professionals in de metaalindustrie,Pijpfitter,58,vacatures_201912_all.xlsx
2019-12-31,2019,12,januari 2019 - december 2019,Dec 2019,Industriële beroepen en ambachten,Professionals in de metaalindustrie,Productieoperator metaal,16,vacatures_201912_all.xlsx
2019-12-31,2019,12,januari 2019 - december 2019,Dec 2019,Industriële beroepen en ambachten,Professionals in de metaalindustrie,Rigger-monteerder,41,vacatures_201912_all.xlsx
2019-12-31,2019,12,januari 2019 - december 2019,Dec 2019,Industriële beroepen en ambachten,Specialisten chemie en kunststoffen,Procesoperator chemische industrie,6,vacatures_201912_all.xlsx
2019-12-31,2019,12,januari 2019 - december 2019,Dec 2019,Industriële beroepen en ambachten,Specialisten chemie en kunststoffen,Productiemedewerker kunststofverwerking,5,vacatures_201912_all.xlsx
2019-12-31,2019,12,januari 2019 - december 2019,Dec 2019,Industriële beroepen en ambachten,Technisch leidinggevenden,Afdelingsverantwoordelijke productie,5,vacatures_201912_all.xlsx
2019-12-31,2019,12,januari 2019 - december 2019,Dec 2019,Industriële beroepen en ambachten,Technisch leidinggevenden,Productiemanager,15,vacatures_201912_all.xlsx
2019-12-31,2019,12,januari 2019 - december 2019,Dec 2019,Industriële beroepen en ambachten,Technisch leidinggevenden,Projectmanager engineering,117,vacatures_201912_all.xlsx
2019-12-31,2019,12,januari 2019 - december 2019,Dec 2019,Industriële beroepen en ambachten,Technisch leidinggevenden,Teamleader productie,10,vacatures_201912_all.xlsx
2019-12-31,2019,12,januari 2019 - december 2019,Dec 2019,Industriële beroepen en ambachten,Technisch leidinggevenden,Verantwoordelijke beheer en onderhoud van voertuigen,23,vacatures_201912_all.xlsx
2019-12-31,2019,12,januari 2019 - december 2019,Dec 2019,Industriële beroepen en ambachten,Technisch leidinggevenden,Verantwoordelijke industrieel onderhoud,17,vacatures_201912_all.xlsx
2019-12-31,2019,12,januari 2019 - december 2019,Dec 2019,Industriële beroepen en ambachten,Technisch leidinggevenden,Verantwoordelijke kwaliteitscontrole,11,vacatures_201912_all.xlsx
2019-12-31,2019,12,januari 2019 - december 2019,Dec 2019,Industriële beroepen en ambachten,Technisch leidinggevenden,Verantwoordelijke onderzoek en ontwikkeling,1,vacatures_201912_all.xlsx
2019-12-31,2019,12,januari 2019 - december 2019,Dec 2019,Industriële beroepen en ambachten,Tekenaars en vormgevers,Grafisch vormgever,7,vacatures_201912_all.xlsx
2019-12-31,2019,12,januari 2019 - december 2019,Dec 2019,Industriële beroepen en ambachten,Tekenaars en vormgevers,Productontwikkelaar,2,vacatures_201912_all.xlsx
2019-12-31,2019,12,januari 2019 - december 2019,Dec 2019,Industriële beroepen en ambachten,Tekenaars en vormgevers,"Tekenaar-ontwerper elektriciteit, elektronica",55,vacatures_201912_all.xlsx
2019-12-31,2019,12,januari 2019 - december 2019,Dec 2019,Industriële beroepen en ambachten,Tekenaars en vormgevers,Tekenaar-ontwerper mechanica,28,vacatures_201912_all.xlsx
2019-12-31,2019,12,januari 2019 - december 2019,Dec 2019,Industriële beroepen en ambachten,Voer- en werktuigherstellers,OAD-technicus van personenwagens en lichte bedrijfsvoertuigen,1,vacatures_201912_all.xlsx
2019-12-31,2019,12,januari 2019 - december 2019,Dec 2019,Industriële beroepen en ambachten,Voer- en werktuigherstellers,Onderhoudsmecanicien van personenwagens en lichte bedrijfsvoertuigen,5,vacatures_201912_all.xlsx
2019-12-31,2019,12,januari 2019 - december 2019,Dec 2019,Industriële beroepen en ambachten,Voer- en werktuigherstellers,Onderhoudsmecanicien van zware bedrijfsvoertuigen,36,vacatures_201912_all.xlsx
2019-12-31,2019,12,januari 2019 - december 2019,Dec 2019,Industriële beroepen en ambachten,Voer- en werktuigherstellers,Plaatwerker carrosserie,5,vacatures_201912_all.xlsx
2019-12-31,2019,12,januari 2019 - december 2019,Dec 2019,Industriële beroepen en ambachten,Voer- en werktuigherstellers,Spuiter carrosserie,1,vacatures_201912_all.xlsx
2019-12-31,2019,12,januari 2019 - december 2019,Dec 2019,Industriële beroepen en ambachten,Voer- en werktuigherstellers,"Technicus van tuin-, park- en bosmachines",1,vacatures_201912_all.xlsx
2019-12-31,2019,12,januari 2019 - december 2019,Dec 2019,Industriële beroepen en ambachten,Voer- en werktuigherstellers,"Technicus werf-, landbouw- en hefmachines",64,vacatures_201912_all.xlsx
2019-12-31,2019,12,januari 2019 - december 2019,Dec 2019,Industriële beroepen en ambachten,Voer- en werktuigherstellers,Voorbewerker carrosserie,6,vacatures_201912_all.xlsx
2019-12-31,2019,12,januari 2019 - december 2019,Dec 2019,Industriële beroepen en ambachten,Voer- en werktuigherstellers,Werktuigkundige scheepvaart,6,vacatures_201912_all.xlsx
2019-12-31,2019,12,januari 2019 - december 2019,Dec 2019,"Land-, tuin- en bosbouw- en visserijberoepen","Land-, tuin- en bosbouwers en vissers",Bestuurder van bosexploitatiemachines,3,vacatures_201912_all.xlsx
2019-12-31,2019,12,januari 2019 - december 2019,Dec 2019,"Land-, tuin- en bosbouw- en visserijberoepen","Land-, tuin- en bosbouwers en vissers",Medewerker landbouw,6,vacatures_201912_all.xlsx
2019-12-31,2019,12,januari 2019 - december 2019,Dec 2019,"Land-, tuin- en bosbouw- en visserijberoepen","Land-, tuin- en bosbouwers en vissers",Medewerker paardenhouderij,1,vacatures_201912_all.xlsx
2019-12-31,2019,12,januari 2019 - december 2019,Dec 2019,"Land-, tuin- en bosbouw- en visserijberoepen","Land-, tuin- en bosbouwers en vissers",Medewerker tuin- en groenaanleg en -onderhoud,109,vacatures_201912_all.xlsx
2019-12-31,2019,12,januari 2019 - december 2019,Dec 2019,"Land-, tuin- en bosbouw- en visserijberoepen","Land-, tuin- en bosbouwers en vissers",Medewerker tuinbouw,9,vacatures_201912_all.xlsx
2019-12-31,2019,12,januari 2019 - december 2019,Dec 2019,"Land-, tuin- en bosbouw- en visserijberoepen","Land-, tuin- en bosbouwers en vissers",Productieverantwoordelijke land- en tuinbouw,4,vacatures_201912_all.xlsx
2019-12-31,2019,12,januari 2019 - december 2019,Dec 2019,"Land-, tuin- en bosbouw- en visserijberoepen","Land-, tuin- en bosbouwers en vissers",Verantwoordelijke tuin- en groenaanleg en -onderhoud,19,vacatures_201912_all.xlsx
2019-12-31,2019,12,januari 2019 - december 2019,Dec 2019,"Medische, paramedische en verzorgende beroepen",Paramedici,Ergotherapeut,1,vacatures_201912_all.xlsx
2019-12-31,2019,12,januari 2019 - december 2019,Dec 2019,Organisatieondersteunende en kennisberoepen,Accountants,Accountant,107,vacatures_201912_all.xlsx
2019-12-31,2019,12,januari 2019 - december 2019,Dec 2019,Organisatieondersteunende en kennisberoepen,Accountants,Assistent accountancy,64,vacatures_201912_all.xlsx
2019-12-31,2019,12,januari 2019 - december 2019,Dec 2019,Organisatieondersteunende en kennisberoepen,Accountants,Credit collector,2,vacatures_201912_all.xlsx
2019-12-31,2019,12,januari 2019 - december 2019,Dec 2019,Organisatieondersteunende en kennisberoepen,Administratief medewerkers,Managementassistent,38,vacatures_201912_all.xlsx
2019-12-31,2019,12,januari 2019 - december 2019,Dec 2019,Organisatieondersteunende en kennisberoepen,Administratief medewerkers,Medewerker medisch secretariaat,1,vacatures_201912_all.xlsx
2019-12-31,2019,12,januari 2019 - december 2019,Dec 2019,Organisatieondersteunende en kennisberoepen,Administratief medewerkers,Onthaalmedewerker,27,vacatures_201912_all.xlsx
2019-12-31,2019,12,januari 2019 - december 2019,Dec 2019,Organisatieondersteunende en kennisberoepen,Administratief medewerkers,Polyvalent administratief medewerker,582,vacatures_201912_all.xlsx
2019-12-31,2019,12,januari 2019 - december 2019,Dec 2019,Organisatieondersteunende en kennisberoepen,Administratief medewerkers,Technisch-administratief medewerker,198,vacatures_201912_all.xlsx
2019-12-31,2019,12,januari 2019 - december 2019,Dec 2019,Organisatieondersteunende en kennisberoepen,Bedrijfsadviseurs,Adviseur bedrijfsorganisatie en management,3,vacatures_201912_all.xlsx
2019-12-31,2019,12,januari 2019 - december 2019,Dec 2019,Organisatieondersteunende en kennisberoepen,Bedrijfsadviseurs,Business analist,16,vacatures_201912_all.xlsx
2019-12-31,2019,12,januari 2019 - december 2019,Dec 2019,Organisatieondersteunende en kennisberoepen,Bedrijfsadviseurs,Business en financial controller,17,vacatures_201912_all.xlsx
2019-12-31,2019,12,januari 2019 - december 2019,Dec 2019,Organisatieondersteunende en kennisberoepen,Bedrijfsadviseurs,Milieucoördinator,4,vacatures_201912_all.xlsx
2019-12-31,2019,12,januari 2019 - december 2019,Dec 2019,Organisatieondersteunende en kennisberoepen,Bedrijfsadviseurs,Preventieadviseur,56,vacatures_201912_all.xlsx
2019-12-31,2019,12,januari 2019 - december 2019,Dec 2019,Organisatieondersteunende en kennisberoepen,Bedrijfsadviseurs,Projectmanager business,5,vacatures_201912_all.xlsx
2019-12-31,2019,12,januari 2019 - december 2019,Dec 2019,Organisatieondersteunende en kennisberoepen,Controleurs en inspecteurs,Technisch inspecteur industrie,9,vacatures_201912_all.xlsx
2019-12-31,2019,12,januari 2019 - december 2019,Dec 2019,Organisatieondersteunende en kennisberoepen,HR-experts,Payroll advisor,15,vacatures_201912_all.xlsx
2019-12-31,2019,12,januari 2019 - december 2019,Dec 2019,Organisatieondersteunende en kennisberoepen,HR-experts,Personeelsmedewerker,47,vacatures_201912_all.xlsx
2019-12-31,2019,12,januari 2019 - december 2019,Dec 2019,Organisatieondersteunende en kennisberoepen,HR-experts,Verantwoordelijke werving en opleiding,33,vacatures_201912_all.xlsx
2019-12-31,2019,12,januari 2019 - december 2019,Dec 2019,Organisatieondersteunende en kennisberoepen,Informatici en ICT-medewerkers,Analist communicatie- en informatiesystemen defensie-veiligheid,1,vacatures_201912_all.xlsx
2019-12-31,2019,12,januari 2019 - december 2019,Dec 2019,Organisatieondersteunende en kennisberoepen,Informatici en ICT-medewerkers,GIS-medewerker,1,vacatures_201912_all.xlsx
2019-12-31,2019,12,januari 2019 - december 2019,Dec 2019,Organisatieondersteunende en kennisberoepen,Informatici en ICT-medewerkers,ICT architect,2,vacatures_201912_all.xlsx
2019-12-31,2019,12,januari 2019 - december 2019,Dec 2019,Organisatieondersteunende en kennisberoepen,Informatici en ICT-medewerkers,Integratie expert ICT,10,vacatures_201912_all.xlsx
2019-12-31,2019,12,januari 2019 - december 2019,Dec 2019,Organisatieondersteunende en kennisberoepen,Informatici en ICT-medewerkers,Netwerkbeheerder,6,vacatures_201912_all.xlsx
2019-12-31,2019,12,januari 2019 - december 2019,Dec 2019,Organisatieondersteunende en kennisberoepen,Informatici en ICT-medewerkers,Software analist,1,vacatures_201912_all.xlsx
2019-12-31,2019,12,januari 2019 - december 2019,Dec 2019,Organisatieondersteunende en kennisberoepen,Informatici en ICT-medewerkers,Software ontwikkelaar,12,vacatures_201912_all.xlsx
2019-12-31,2019,12,januari 2019 - december 2019,Dec 2019,Organisatieondersteunende en kennisberoepen,Informatici en ICT-medewerkers,Support medewerker ICT,20,vacatures_201912_all.xlsx
2019-12-31,2019,12,januari 2019 - december 2019,Dec 2019,Organisatieondersteunende en kennisberoepen,Informatici en ICT-medewerkers,Systeembeheerder,13,vacatures_201912_all.xlsx
2019-12-31,2019,12,januari 2019 - december 2019,Dec 2019,Organisatieondersteunende en kennisberoepen,Leidinggevenden,Administratief en financieel verantwoordelijke,14,vacatures_201912_all.xlsx
2019-12-31,2019,12,januari 2019 - december 2019,Dec 2019,Organisatieondersteunende en kennisberoepen,Leidinggevenden,Algemeen directeur,19,vacatures_201912_all.xlsx
2019-12-31,2019,12,januari 2019 - december 2019,Dec 2019,Organisatieondersteunende en kennisberoepen,Leidinggevenden,Facility manager,11,vacatures_201912_all.xlsx
2019-12-31,2019,12,januari 2019 - december 2019,Dec 2019,Organisatieondersteunende en kennisberoepen,Leidinggevenden,HR-manager,15,vacatures_201912_all.xlsx
2019-12-31,2019,12,januari 2019 - december 2019,Dec 2019,Organisatieondersteunende en kennisberoepen,Leidinggevenden,Marketingmanager,15,vacatures_201912_all.xlsx
2019-12-31,2019,12,januari 2019 - december 2019,Dec 2019,Organisatieondersteunende en kennisberoepen,Leidinggevenden,Sales manager,0,vacatures_201912_all.xlsx
2019-12-31,2019,12,januari 2019 - december 2019,Dec 2019,Organisatieondersteunende en kennisberoepen,Leidinggevenden,Verantwoordelijke ICT,4,vacatures_201912_all.xlsx
2019-12-31,2019,12,januari 2019 - december 2019,Dec 2019,Organisatieondersteunende en kennisberoepen,Leidinggevenden,Verantwoordelijke aankoop,4,vacatures_201912_all.xlsx
2019-12-31,2019,12,januari 2019 - december 2019,Dec 2019,Organisatieondersteunende en kennisberoepen,Leidinggevenden,Verantwoordelijke contactcenter,1,vacatures_201912_all.xlsx
2019-12-31,2019,12,januari 2019 - december 2019,Dec 2019,Organisatieondersteunende en kennisberoepen,"Medewerkers commerciële strategie, marketing en verkoop",Aankoper,78,vacatures_201912_all.xlsx
2019-12-31,2019,12,januari 2019 - december 2019,Dec 2019,Organisatieondersteunende en kennisberoepen,"Medewerkers commerciële strategie, marketing en verkoop",Accountmanager sales,1,vacatures_201912_all.xlsx
2019-12-31,2019,12,januari 2019 - december 2019,Dec 2019,Organisatieondersteunende en kennisberoepen,"Medewerkers commerciële strategie, marketing en verkoop",Commercieel medewerker binnendienst,39,vacatures_201912_all.xlsx
2019-12-31,2019,12,januari 2019 - december 2019,Dec 2019,Organisatieondersteunende en kennisberoepen,"Medewerkers commerciële strategie, marketing en verkoop",Contactcenter medewerker,54,vacatures_201912_all.xlsx
2019-12-31,2019,12,januari 2019 - december 2019,Dec 2019,Organisatieondersteunende en kennisberoepen,"Medewerkers commerciële strategie, marketing en verkoop",Digital marketeer,3,vacatures_201912_all.xlsx
2019-12-31,2019,12,januari 2019 - december 2019,Dec 2019,Organisatieondersteunende en kennisberoepen,"Medewerkers commerciële strategie, marketing en verkoop",Digital sales assistant,22,vacatures_201912_all.xlsx
2019-12-31,2019,12,januari 2019 - december 2019,Dec 2019,Organisatieondersteunende en kennisberoepen,"Medewerkers commerciële strategie, marketing en verkoop",Enquêteur,1,vacatures_201912_all.xlsx
2019-12-31,2019,12,januari 2019 - december 2019,Dec 2019,Organisatieondersteunende en kennisberoepen,"Medewerkers commerciële strategie, marketing en verkoop",Productmanager,4,vacatures_201912_all.xlsx
2019-12-31,2019,12,januari 2019 - december 2019,Dec 2019,Organisatieondersteunende en kennisberoepen,"Medewerkers commerciële strategie, marketing en verkoop",Sales engineer,47,vacatures_201912_all.xlsx
2019-12-31,2019,12,januari 2019 - december 2019,Dec 2019,Organisatieondersteunende en kennisberoepen,"Medewerkers commerciële strategie, marketing en verkoop",Verantwoordelijke verkooppromotie,1,vacatures_201912_all.xlsx
2019-12-31,2019,12,januari 2019 - december 2019,Dec 2019,Organisatieondersteunende en kennisberoepen,Onderzoeksmedewerkers en beleidsexperten,Beleidsdeskundige,1,vacatures_201912_all.xlsx
2019-12-31,2019,12,januari 2019 - december 2019,Dec 2019,Organisatieondersteunende en kennisberoepen,Onderzoeksmedewerkers en beleidsexperten,Marktonderzoeker,1,vacatures_201912_all.xlsx
2019-12-31,2019,12,januari 2019 - december 2019,Dec 2019,Organisatieondersteunende en kennisberoepen,Onderzoeksmedewerkers en beleidsexperten,Wetenschappelijk onderzoeker,2,vacatures_201912_all.xlsx
2019-12-31,2019,12,januari 2019 - december 2019,Dec 2019,Organisatieondersteunende en kennisberoepen,Specialisten kennisbeheer en communicatie,Medewerker communicatie,6,vacatures_201912_all.xlsx
2019-12-31,2019,12,januari 2019 - december 2019,Dec 2019,Organisatieondersteunende en kennisberoepen,Specialisten kennisbeheer en communicatie,Technisch redacteur,1,vacatures_201912_all.xlsx
2019-12-31,2019,12,januari 2019 - december 2019,Dec 2019,Pedagogische beroepen,Onderwijzend en leidinggevend personeel in onderwijs,Pedagogisch coördinator,0,vacatures_201912_all.xlsx
2019-12-31,2019,12,januari 2019 - december 2019,Dec 2019,Pedagogische beroepen,Opvoedkundig personeel,Monitor-begeleider in de sociale economie,1,vacatures_201912_all.xlsx
2019-12-31,2019,12,januari 2019 - december 2019,Dec 2019,Transport- en logistieke beroepen,Bestuurders in het wegtransport,Bestuurder van sleepvoertuigen,2,vacatures_201912_all.xlsx
2019-12-31,2019,12,januari 2019 - december 2019,Dec 2019,Transport- en logistieke beroepen,Bestuurders in het wegtransport,Taxichauffeur en chauffeur privévervoer,1,vacatures_201912_all.xlsx
2019-12-31,2019,12,januari 2019 - december 2019,Dec 2019,Transport- en logistieke beroepen,Bestuurders in het wegtransport,Vrachtwagenbestuurder,454,vacatures_201912_all.xlsx
2019-12-31,2019,12,januari 2019 - december 2019,Dec 2019,Transport- en logistieke beroepen,Transport- en logistiek personeel,Dispatcher goederenvervoer,21,vacatures_201912_all.xlsx
2019-12-31,2019,12,januari 2019 - december 2019,Dec 2019,Transport- en logistieke beroepen,Transport- en logistiek personeel,Heftruckchauffeur,1,vacatures_201912_all.xlsx
2019-12-31,2019,12,januari 2019 - december 2019,Dec 2019,Transport- en logistieke beroepen,Transport- en logistiek personeel,Koerier besteller,13,vacatures_201912_all.xlsx
2019-12-31,2019,12,januari 2019 - december 2019,Dec 2019,Transport- en logistieke beroepen,Transport- en logistiek personeel,Logistiek verantwoordelijke,18,vacatures_201912_all.xlsx
2019-12-31,2019,12,januari 2019 - december 2019,Dec 2019,Transport- en logistieke beroepen,Transport- en logistiek personeel,Magazijnbeheerder,22,vacatures_201912_all.xlsx
2019-12-31,2019,12,januari 2019 - december 2019,Dec 2019,Transport- en logistieke beroepen,Transport- en logistiek personeel,Magazijnmedewerker,235,vacatures_201912_all.xlsx
2019-12-31,2019,12,januari 2019 - december 2019,Dec 2019,Transport- en logistieke beroepen,Transport- en logistiek personeel,Medewerker internationaal goederenverkeer,4,vacatures_201912_all.xlsx
2019-12-31,2019,12,januari 2019 - december 2019,Dec 2019,Transport- en logistieke beroepen,Transport- en logistiek personeel,Reachtruckchauffeur,2,vacatures_201912_all.xlsx
2019-12-31,2019,12,januari 2019 - december 2019,Dec 2019,Transport- en logistieke beroepen,Transport- en logistiek personeel,Verantwoordelijke logistieke site,2,vacatures_201912_all.xlsx
2019-12-31,2019,12,januari 2019 - december 2019,Dec 2019,Transport- en logistieke beroepen,Transport- en logistiek personeel,Verhuizer,6,vacatures_201912_all.xlsx
2019-12-31,2019,12,januari 2019 - december 2019,Dec 2019,Transport- en logistieke beroepen,"Werknemers spoor-, water-, luchttransport",Matroos binnenscheepvaart,1,vacatures_201912_all.xlsx
2019-12-31,2019,12,januari 2019 - december 2019,Dec 2019,Transport- en logistieke beroepen,"Werknemers spoor-, water-, luchttransport",Schipper-stuurman binnenscheepvaart,0,vacatures_201912_all.xlsx
2019-12-31,2019,12,januari 2019 - december 2019,Dec 2019,Transport- en logistieke beroepen,"Werknemers spoor-, water-, luchttransport",Spoorwerker,21,vacatures_201912_all.xlsx
2019-12-31,2019,12,januari 2019 - december 2019,Dec 2019,Vrijetijds- en artistieke beroepen,"Medewerkers bij toerisme, vrije tijd en sport",Sporttrainer,1,vacatures_201912_all.xlsx
2019-12-31,2019,12,januari 2019 - december 2019,Dec 2019,Vrijetijds- en artistieke beroepen,Podium- en audiovisuele technici,Podiumtechnicus licht en beeld,0,vacatures_201912_all.xlsx
2019-12-31,2019,12,januari 2019 - december 2019,Dec 2019,Vrijetijds- en artistieke beroepen,Podium- en audiovisuele technici,Polyvalent podiumtechnicus,2,vacatures_201912_all.xlsx
2020-12-31,2020,12,januari 2020 - december 2020,Dec 2020,Bouwberoepen,Bouwtechnici,Architect,10,vacatures_202012_all.xlsx
2020-12-31,2020,12,januari 2020 - december 2020,Dec 2020,Bouwberoepen,Bouwtechnici,BIM-expert (Building Information Modeling),8,vacatures_202012_all.xlsx
2020-12-31,2020,12,januari 2020 - december 2020,Dec 2020,Bouwberoepen,Bouwtechnici,Bodemonderzoeker,7,vacatures_202012_all.xlsx
2020-12-31,2020,12,januari 2020 - december 2020,Dec 2020,Bouwberoepen,Bouwtechnici,Bouwkundig tekenaar,163,vacatures_202012_all.xlsx
2020-12-31,2020,12,januari 2020 - december 2020,Dec 2020,Bouwberoepen,Bouwtechnici,Calculator bouw,264,vacatures_202012_all.xlsx
2020-12-31,2020,12,januari 2020 - december 2020,Dec 2020,Bouwberoepen,Bouwtechnici,EPB-verslaggever,3,vacatures_202012_all.xlsx
2020-12-31,2020,12,januari 2020 - december 2020,Dec 2020,Bouwberoepen,Bouwtechnici,Ingenieur studie en advies bouw,152,vacatures_202012_all.xlsx
2020-12-31,2020,12,januari 2020 - december 2020,Dec 2020,Bouwberoepen,Bouwtechnici,Interieurarchitect interieurvormgever,40,vacatures_202012_all.xlsx
2020-12-31,2020,12,januari 2020 - december 2020,Dec 2020,Bouwberoepen,Bouwtechnici,Landmeter,31,vacatures_202012_all.xlsx
2020-12-31,2020,12,januari 2020 - december 2020,Dec 2020,Bouwberoepen,Bouwtechnici,Landschapsarchitect,4,vacatures_202012_all.xlsx
2020-12-31,2020,12,januari 2020 - december 2020,Dec 2020,Bouwberoepen,Bouwtechnici,Projectleider bouw en openbare werken,274,vacatures_202012_all.xlsx
2020-12-31,2020,12,januari 2020 - december 2020,Dec 2020,Bouwberoepen,Bouwtechnici,Veiligheidscoördinator,19,vacatures_202012_all.xlsx
2020-12-31,2020,12,januari 2020 - december 2020,Dec 2020,Bouwberoepen,Bouwtechnici,Werfbediende,35,vacatures_202012_all.xlsx
2020-12-31,2020,12,januari 2020 - december 2020,Dec 2020,Bouwberoepen,Bouwtechnici,Werfleider,586,vacatures_202012_all.xlsx
2020-12-31,2020,12,januari 2020 - december 2020,Dec 2020,Bouwberoepen,Bouwvakkers,"Aansluiter van waterleidingen, rioleringen en warmtenetten",20,vacatures_202012_all.xlsx
2020-12-31,2020,12,januari 2020 - december 2020,Dec 2020,Bouwberoepen,Bouwvakkers,Asbestverwijderaar,29,vacatures_202012_all.xlsx
2020-12-31,2020,12,januari 2020 - december 2020,Dec 2020,Bouwberoepen,Bouwvakkers,Bekister-betonneerder,218,vacatures_202012_all.xlsx
2020-12-31,2020,12,januari 2020 - december 2020,Dec 2020,Bouwberoepen,Bouwvakkers,Beveiligingstechnicus,63,vacatures_202012_all.xlsx
2020-12-31,2020,12,januari 2020 - december 2020,Dec 2020,Bouwberoepen,Bouwvakkers,Brandertechnicus,15,vacatures_202012_all.xlsx
2020-12-31,2020,12,januari 2020 - december 2020,Dec 2020,Bouwberoepen,Bouwvakkers,Daktimmerman,91,vacatures_202012_all.xlsx
2020-12-31,2020,12,januari 2020 - december 2020,Dec 2020,Bouwberoepen,Bouwvakkers,Dakwerker,896,vacatures_202012_all.xlsx
2020-12-31,2020,12,januari 2020 - december 2020,Dec 2020,Bouwberoepen,Bouwvakkers,Datacommunicatie- en netwerktechnicus,943,vacatures_202012_all.xlsx
2020-12-31,2020,12,januari 2020 - december 2020,Dec 2020,Bouwberoepen,Bouwvakkers,Dekvloerlegger,23,vacatures_202012_all.xlsx
2020-12-31,2020,12,januari 2020 - december 2020,Dec 2020,Bouwberoepen,Bouwvakkers,Elektrotechnisch installateur,116,vacatures_202012_all.xlsx
2020-12-31,2020,12,januari 2020 - december 2020,Dec 2020,Bouwberoepen,Bouwvakkers,Gevelreiniger,12,vacatures_202012_all.xlsx
2020-12-31,2020,12,januari 2020 - december 2020,Dec 2020,Bouwberoepen,Bouwvakkers,Gevelrenoveerder-betonhersteller,92,vacatures_202012_all.xlsx
2020-12-31,2020,12,januari 2020 - december 2020,Dec 2020,Bouwberoepen,Bouwvakkers,Glaswerker,47,vacatures_202012_all.xlsx
2020-12-31,2020,12,januari 2020 - december 2020,Dec 2020,Bouwberoepen,Bouwvakkers,Industrieel isolatiewerker,74,vacatures_202012_all.xlsx
2020-12-31,2020,12,januari 2020 - december 2020,Dec 2020,Bouwberoepen,Bouwvakkers,Installateur elektrotechnische basiscomponenten,19,vacatures_202012_all.xlsx
2020-12-31,2020,12,januari 2020 - december 2020,Dec 2020,Bouwberoepen,Bouwvakkers,Installateur energiemanagementsystemen,13,vacatures_202012_all.xlsx
2020-12-31,2020,12,januari 2020 - december 2020,Dec 2020,Bouwberoepen,Bouwvakkers,Installateur gebouwenautomatisering,5,vacatures_202012_all.xlsx
2020-12-31,2020,12,januari 2020 - december 2020,Dec 2020,Bouwberoepen,Bouwvakkers,Installateur nutsvoorzieningen,61,vacatures_202012_all.xlsx
2020-12-31,2020,12,januari 2020 - december 2020,Dec 2020,Bouwberoepen,Bouwvakkers,Interieurbouwer,236,vacatures_202012_all.xlsx
2020-12-31,2020,12,januari 2020 - december 2020,Dec 2020,Bouwberoepen,Bouwvakkers,Isoleerder ruwbouw en dak,34,vacatures_202012_all.xlsx
2020-12-31,2020,12,januari 2020 - december 2020,Dec 2020,Bouwberoepen,Bouwvakkers,Medewerker ruwbouw,792,vacatures_202012_all.xlsx
2020-12-31,2020,12,januari 2020 - december 2020,Dec 2020,Bouwberoepen,Bouwvakkers,Metselaar,830,vacatures_202012_all.xlsx
2020-12-31,2020,12,januari 2020 - december 2020,Dec 2020,Bouwberoepen,Bouwvakkers,Monteur installatietechnieken,987,vacatures_202012_all.xlsx
2020-12-31,2020,12,januari 2020 - december 2020,Dec 2020,Bouwberoepen,Bouwvakkers,Natuursteenbewerker,24,vacatures_202012_all.xlsx
2020-12-31,2020,12,januari 2020 - december 2020,Dec 2020,Bouwberoepen,Bouwvakkers,Onderhoudsmedewerker gebouwen,107,vacatures_202012_all.xlsx
2020-12-31,2020,12,januari 2020 - december 2020,Dec 2020,Bouwberoepen,Bouwvakkers,Onderhoudsmedewerker wegennet,4,vacatures_202012_all.xlsx
2020-12-31,2020,12,januari 2020 - december 2020,Dec 2020,Bouwberoepen,Bouwvakkers,Plaatser binnenschrijnwerk,277,vacatures_202012_all.xlsx
2020-12-31,2020,12,januari 2020 - december 2020,Dec 2020,Bouwberoepen,Bouwvakkers,Plaatser buitenschrijnwerk,594,vacatures_202012_all.xlsx
2020-12-31,2020,12,januari 2020 - december 2020,Dec 2020,Bouwberoepen,Bouwvakkers,Plaatser van boven- en ondergrondse leidingen,143,vacatures_202012_all.xlsx
2020-12-31,2020,12,januari 2020 - december 2020,Dec 2020,Bouwberoepen,Bouwvakkers,Plaatser van houten vloerbedekking,28,vacatures_202012_all.xlsx
2020-12-31,2020,12,januari 2020 - december 2020,Dec 2020,Bouwberoepen,Bouwvakkers,Plaatser van soepele vloerbekledingen,34,vacatures_202012_all.xlsx
2020-12-31,2020,12,januari 2020 - december 2020,Dec 2020,Bouwberoepen,Bouwvakkers,Rioollegger,6,vacatures_202012_all.xlsx
2020-12-31,2020,12,januari 2020 - december 2020,Dec 2020,Bouwberoepen,Bouwvakkers,Schilder-decorateur,434,vacatures_202012_all.xlsx
2020-12-31,2020,12,januari 2020 - december 2020,Dec 2020,Bouwberoepen,Bouwvakkers,Schrijnwerker houtbouw,24,vacatures_202012_all.xlsx
2020-12-31,2020,12,januari 2020 - december 2020,Dec 2020,Bouwberoepen,Bouwvakkers,Steigerbouwer,94,vacatures_202012_all.xlsx
2020-12-31,2020,12,januari 2020 - december 2020,Dec 2020,Bouwberoepen,Bouwvakkers,Stukadoor,295,vacatures_202012_all.xlsx
2020-12-31,2020,12,januari 2020 - december 2020,Dec 2020,Bouwberoepen,Bouwvakkers,Technicus hernieuwbare energietechnieken,64,vacatures_202012_all.xlsx
2020-12-31,2020,12,januari 2020 - december 2020,Dec 2020,Bouwberoepen,Bouwvakkers,Technicus installatietechnieken,61,vacatures_202012_all.xlsx
2020-12-31,2020,12,januari 2020 - december 2020,Dec 2020,Bouwberoepen,Bouwvakkers,Vloerder-tegelzetter,261,vacatures_202012_all.xlsx
2020-12-31,2020,12,januari 2020 - december 2020,Dec 2020,Bouwberoepen,Bouwvakkers,Voeger,56,vacatures_202012_all.xlsx
2020-12-31,2020,12,januari 2020 - december 2020,Dec 2020,Bouwberoepen,Bouwvakkers,Wegenwerker,341,vacatures_202012_all.xlsx
2020-12-31,2020,12,januari 2020 - december 2020,Dec 2020,Bouwberoepen,Machinisten en kraanmannen,Bediener grondverzetmachines,169,vacatures_202012_all.xlsx
2020-12-31,2020,12,januari 2020 - december 2020,Dec 2020,Bouwberoepen,Machinisten en kraanmannen,Bediener machines horizontale boringen,12,vacatures_202012_all.xlsx
2020-12-31,2020,12,januari 2020 - december 2020,Dec 2020,Bouwberoepen,Machinisten en kraanmannen,Bediener machines verticale boringen,10,vacatures_202012_all.xlsx
2020-12-31,2020,12,januari 2020 - december 2020,Dec 2020,Bouwberoepen,Machinisten en kraanmannen,Bediener van betonnerings- en asfalteringsmachines,6,vacatures_202012_all.xlsx
2020-12-31,2020,12,januari 2020 - december 2020,Dec 2020,Bouwberoepen,Machinisten en kraanmannen,Kraanbestuurder,186,vacatures_202012_all.xlsx
2020-12-31,2020,12,januari 2020 - december 2020,Dec 2020,Bouwberoepen,Machinisten en kraanmannen,Torenkraanbediener,22,vacatures_202012_all.xlsx
2020-12-31,2020,12,januari 2020 - december 2020,Dec 2020,Dienstverlenende beroepen,Experts vastgoed,Rentmeester,4,vacatures_202012_all.xlsx
2020-12-31,2020,12,januari 2020 - december 2020,Dec 2020,Dienstverlenende beroepen,Experts vastgoed,Vastgoedbemiddelaar verkoop en verhuur,1,vacatures_202012_all.xlsx
2020-12-31,2020,12,januari 2020 - december 2020,Dec 2020,Dienstverlenende beroepen,Experts vastgoed,Vastgoedpromotor,9,vacatures_202012_all.xlsx
2020-12-31,2020,12,januari 2020 - december 2020,Dec 2020,Dienstverlenende beroepen,Juridische dienstverleners,Juridisch medewerker,3,vacatures_202012_all.xlsx
2020-12-31,2020,12,januari 2020 - december 2020,Dec 2020,Dienstverlenende beroepen,Juridische dienstverleners,Jurist,7,vacatures_202012_all.xlsx
2020-12-31,2020,12,januari 2020 - december 2020,Dec 2020,Dienstverlenende beroepen,Medewerkers in finance,Accountmanager in de financiële sector,1,vacatures_202012_all.xlsx
2020-12-31,2020,12,januari 2020 - december 2020,Dec 2020,Dienstverlenende beroepen,Persoonlijke dienstverleners,Dierenverzorger,1,vacatures_202012_all.xlsx
2020-12-31,2020,12,januari 2020 - december 2020,Dec 2020,Dienstverlenende beroepen,Persoonlijke dienstverleners,Medewerker uitvaartdiensten,2,vacatures_202012_all.xlsx
2020-12-31,2020,12,januari 2020 - december 2020,Dec 2020,Dienstverlenende beroepen,Persoonlijke dienstverleners,Schoonheidsspecialist,3,vacatures_202012_all.xlsx
2020-12-31,2020,12,januari 2020 - december 2020,Dec 2020,Dienstverlenende beroepen,Schoonmaak- en onderhoudspersoneel,Huishoudhulp-poetshulp,11,vacatures_202012_all.xlsx
2020-12-31,2020,12,januari 2020 - december 2020,Dec 2020,Dienstverlenende beroepen,Schoonmaak- en onderhoudspersoneel,Industrieel reiniger,9,vacatures_202012_all.xlsx
2020-12-31,2020,12,januari 2020 - december 2020,Dec 2020,Dienstverlenende beroepen,Schoonmaak- en onderhoudspersoneel,Ruitenwasser,5,vacatures_202012_all.xlsx
2020-12-31,2020,12,januari 2020 - december 2020,Dec 2020,Dienstverlenende beroepen,Schoonmaak- en onderhoudspersoneel,Schoonmaker van ruimten en lokalen,34,vacatures_202012_all.xlsx
2020-12-31,2020,12,januari 2020 - december 2020,Dec 2020,Handels- en verkoopberoepen,Verkooppersoneel,Technisch adviseur klantenondersteuning,5,vacatures_202012_all.xlsx
2020-12-31,2020,12,januari 2020 - december 2020,Dec 2020,Handels- en verkoopberoepen,Verkooppersoneel,"Verhuurder van gereedschappen, transportmiddelen of vrijetijdsmaterieel",3,vacatures_202012_all.xlsx
2020-12-31,2020,12,januari 2020 - december 2020,Dec 2020,Handels- en verkoopberoepen,Verkooppersoneel,Visual merchandiser,1,vacatures_202012_all.xlsx
2020-12-31,2020,12,januari 2020 - december 2020,Dec 2020,Handels- en verkoopberoepen,Verkooppersoneel,Winkelmanager,6,vacatures_202012_all.xlsx
2020-12-31,2020,12,januari 2020 - december 2020,Dec 2020,Handels- en verkoopberoepen,Verkooppersoneel,Winkelmedewerker,4,vacatures_202012_all.xlsx
2020-12-31,2020,12,januari 2020 - december 2020,Dec 2020,Handels- en verkoopberoepen,Verkooppersoneel,Winkelverkoper,109,vacatures_202012_all.xlsx
2020-12-31,2020,12,januari 2020 - december 2020,Dec 2020,Handels- en verkoopberoepen,Vertegenwoordigers,Vertegenwoordiger B2B,172,vacatures_202012_all.xlsx
2020-12-31,2020,12,januari 2020 - december 2020,Dec 2020,Handels- en verkoopberoepen,Vertegenwoordigers,Vertegenwoordiger B2C,13,vacatures_202012_all.xlsx
2020-12-31,2020,12,januari 2020 - december 2020,Dec 2020,Horecaberoepen,Horecapersoneel,Horecamanager,1,vacatures_202012_all.xlsx
2020-12-31,2020,12,januari 2020 - december 2020,Dec 2020,Horecaberoepen,Horecapersoneel,Hulpkok,2,vacatures_202012_all.xlsx
2020-12-31,2020,12,januari 2020 - december 2020,Dec 2020,Horecaberoepen,Horecapersoneel,Kelner,1,vacatures_202012_all.xlsx
2020-12-31,2020,12,januari 2020 - december 2020,Dec 2020,Horecaberoepen,Horecapersoneel,Keukenmedewerker,3,vacatures_202012_all.xlsx
2020-12-31,2020,12,januari 2020 - december 2020,Dec 2020,Horecaberoepen,Horecapersoneel,Maître d'hôtel,2,vacatures_202012_all.xlsx
2020-12-31,2020,12,januari 2020 - december 2020,Dec 2020,Horecaberoepen,Horecapersoneel,Medewerker fastfood,1,vacatures_202012_all.xlsx
2020-12-31,2020,12,januari 2020 - december 2020,Dec 2020,Industriële beroepen en ambachten,Beoefenaars van ambachten,Ambachtelijk glasbewerker,1,vacatures_202012_all.xlsx
2020-12-31,2020,12,januari 2020 - december 2020,Dec 2020,Industriële beroepen en ambachten,Beoefenaars van ambachten,Ambachtelijk metaalbewerker,5,vacatures_202012_all.xlsx
2020-12-31,2020,12,januari 2020 - december 2020,Dec 2020,Industriële beroepen en ambachten,Bewerkers van voeding,Charcutier,20,vacatures_202012_all.xlsx
2020-12-31,2020,12,januari 2020 - december 2020,Dec 2020,Industriële beroepen en ambachten,Bewerkers van voeding,Productieoperator voedingsindustrie,4,vacatures_202012_all.xlsx
2020-12-31,2020,12,januari 2020 - december 2020,Dec 2020,Industriële beroepen en ambachten,Bewerkers van voeding,Slager,53,vacatures_202012_all.xlsx
2020-12-31,2020,12,januari 2020 - december 2020,Dec 2020,Industriële beroepen en ambachten,Confectie- en lederwerkers,"Modellenmaker kleding, confectie en meubelstoffering",2,vacatures_202012_all.xlsx
2020-12-31,2020,12,januari 2020 - december 2020,Dec 2020,Industriële beroepen en ambachten,Confectie- en lederwerkers,Polyvalent stikster,4,vacatures_202012_all.xlsx
2020-12-31,2020,12,januari 2020 - december 2020,Dec 2020,Industriële beroepen en ambachten,Diverse productiemedewerkers en operatoren,Industrieel schilder,44,vacatures_202012_all.xlsx
2020-12-31,2020,12,januari 2020 - december 2020,Dec 2020,Industriële beroepen en ambachten,Diverse productiemedewerkers en operatoren,Operator glasbewerking,3,vacatures_202012_all.xlsx
2020-12-31,2020,12,januari 2020 - december 2020,Dec 2020,Industriële beroepen en ambachten,Diverse productiemedewerkers en operatoren,Productiemedewerker,48,vacatures_202012_all.xlsx
2020-12-31,2020,12,januari 2020 - december 2020,Dec 2020,Industriële beroepen en ambachten,Diverse productiemedewerkers en operatoren,Productiemedewerker prefabbeton,0,vacatures_202012_all.xlsx
2020-12-31,2020,12,januari 2020 - december 2020,Dec 2020,Industriële beroepen en ambachten,Diverse productiemedewerkers en operatoren,Productieoperator elektrische en elektronische componenten,602,vacatures_202012_all.xlsx
2020-12-31,2020,12,januari 2020 - december 2020,Dec 2020,Industriële beroepen en ambachten,Diverse productiemedewerkers en operatoren,"Productieoperator van stortbeton, cement, asfalt en granulaten",26,vacatures_202012_all.xlsx
2020-12-31,2020,12,januari 2020 - december 2020,Dec 2020,Industriële beroepen en ambachten,Diverse productiemedewerkers en operatoren,Regelaar-afsteller van productie-installaties,4,vacatures_202012_all.xlsx
2020-12-31,2020,12,januari 2020 - december 2020,Dec 2020,Industriële beroepen en ambachten,Diverse productiemedewerkers en operatoren,Sorteerder recyclage,1,vacatures_202012_all.xlsx
2020-12-31,2020,12,januari 2020 - december 2020,Dec 2020,Industriële beroepen en ambachten,Diverse productiemedewerkers en operatoren,Uitvoerder van werken op hoogte,29,vacatures_202012_all.xlsx
2020-12-31,2020,12,januari 2020 - december 2020,Dec 2020,Industriële beroepen en ambachten,Diverse productiemedewerkers en operatoren,Verpakkingsoperator,2,vacatures_202012_all.xlsx
2020-12-31,2020,12,januari 2020 - december 2020,Dec 2020,Industriële beroepen en ambachten,Industriële technici,Expert productieproces en -methodes,21,vacatures_202012_all.xlsx
2020-12-31,2020,12,januari 2020 - december 2020,Dec 2020,Industriële beroepen en ambachten,Industriële technici,Industrieel elektromecanicien,371,vacatures_202012_all.xlsx
2020-12-31,2020,12,januari 2020 - december 2020,Dec 2020,Industriële beroepen en ambachten,Industriële technici,Industrieel laborant,2,vacatures_202012_all.xlsx
2020-12-31,2020,12,januari 2020 - december 2020,Dec 2020,Industriële beroepen en ambachten,Industriële technici,Industrieel onderhoudstechnicus,143,vacatures_202012_all.xlsx
2020-12-31,2020,12,januari 2020 - december 2020,Dec 2020,Industriële beroepen en ambachten,Industriële technici,Koeltechnicus,166,vacatures_202012_all.xlsx
2020-12-31,2020,12,januari 2020 - december 2020,Dec 2020,Industriële beroepen en ambachten,Industriële technici,Lifttechnicus,28,vacatures_202012_all.xlsx
2020-12-31,2020,12,januari 2020 - december 2020,Dec 2020,Industriële beroepen en ambachten,Industriële technici,Medewerker kwaliteitscontrole,5,vacatures_202012_all.xlsx
2020-12-31,2020,12,januari 2020 - december 2020,Dec 2020,Industriële beroepen en ambachten,Industriële technici,Onderhoudstechnicus industriële automatisering,31,vacatures_202012_all.xlsx
2020-12-31,2020,12,januari 2020 - december 2020,Dec 2020,Industriële beroepen en ambachten,Industriële technici,Onderhoudstechnicus waterdistributie en sanering,3,vacatures_202012_all.xlsx
2020-12-31,2020,12,januari 2020 - december 2020,Dec 2020,Industriële beroepen en ambachten,Industriële technici,Ontwerper industriële automatisering,17,vacatures_202012_all.xlsx
2020-12-31,2020,12,januari 2020 - december 2020,Dec 2020,Industriële beroepen en ambachten,Industriële technici,Productieplanner,56,vacatures_202012_all.xlsx
2020-12-31,2020,12,januari 2020 - december 2020,Dec 2020,Industriële beroepen en ambachten,Industriële technici,Regeltechnicus klimatisatie,227,vacatures_202012_all.xlsx
2020-12-31,2020,12,januari 2020 - december 2020,Dec 2020,Industriële beroepen en ambachten,Industriële technici,Technicus elektro en elektronica,12,vacatures_202012_all.xlsx
2020-12-31,2020,12,januari 2020 - december 2020,Dec 2020,Industriële beroepen en ambachten,Industriële technici,Technicus elektronische installaties,108,vacatures_202012_all.xlsx
2020-12-31,2020,12,januari 2020 - december 2020,Dec 2020,Industriële beroepen en ambachten,Industriële technici,Werkvoorbereider,32,vacatures_202012_all.xlsx
2020-12-31,2020,12,januari 2020 - december 2020,Dec 2020,Industriële beroepen en ambachten,Medewerkers houtindustrie,Machinaal houtbewerker,2,vacatures_202012_all.xlsx
2020-12-31,2020,12,januari 2020 - december 2020,Dec 2020,Industriële beroepen en ambachten,Medewerkers houtindustrie,Meubelmaker,69,vacatures_202012_all.xlsx
2020-12-31,2020,12,januari 2020 - december 2020,Dec 2020,Industriële beroepen en ambachten,Medewerkers houtindustrie,Meubelstoffeerder,3,vacatures_202012_all.xlsx
2020-12-31,2020,12,januari 2020 - december 2020,Dec 2020,Industriële beroepen en ambachten,Medewerkers houtindustrie,Operator CNC-gestuurde houtbewerkingsmachines,4,vacatures_202012_all.xlsx
2020-12-31,2020,12,januari 2020 - december 2020,Dec 2020,Industriële beroepen en ambachten,Medewerkers houtindustrie,Productieoperator hout,13,vacatures_202012_all.xlsx
2020-12-31,2020,12,januari 2020 - december 2020,Dec 2020,Industriële beroepen en ambachten,Medewerkers houtindustrie,Werkplaatsschrijnwerker,167,vacatures_202012_all.xlsx
2020-12-31,2020,12,januari 2020 - december 2020,Dec 2020,Industriële beroepen en ambachten,Monteurs en installateurs elektrotechniek,Bordenbouwer - Elektromonteur machinebouw,43,vacatures_202012_all.xlsx
2020-12-31,2020,12,januari 2020 - december 2020,Dec 2020,Industriële beroepen en ambachten,Monteurs en installateurs elektrotechniek,Elektrotechnicus,1104,vacatures_202012_all.xlsx
2020-12-31,2020,12,januari 2020 - december 2020,Dec 2020,Industriële beroepen en ambachten,Precisietechniekers,Graveerder,1,vacatures_202012_all.xlsx
2020-12-31,2020,12,januari 2020 - december 2020,Dec 2020,Industriële beroepen en ambachten,Precisietechniekers,Slotenmaker,3,vacatures_202012_all.xlsx
2020-12-31,2020,12,januari 2020 - december 2020,Dec 2020,Industriële beroepen en ambachten,Professionals in de metaalindustrie,Bankwerker,1,vacatures_202012_all.xlsx
2020-12-31,2020,12,januari 2020 - december 2020,Dec 2020,Industriële beroepen en ambachten,Professionals in de metaalindustrie,Insteller-omsteller plaatbewerking,11,vacatures_202012_all.xlsx
2020-12-31,2020,12,januari 2020 - december 2020,Dec 2020,Industriële beroepen en ambachten,Professionals in de metaalindustrie,Insteller-omsteller verspaning,47,vacatures_202012_all.xlsx
2020-12-31,2020,12,januari 2020 - december 2020,Dec 2020,Industriële beroepen en ambachten,Professionals in de metaalindustrie,Machinebouwer,3,vacatures_202012_all.xlsx
2020-12-31,2020,12,januari 2020 - december 2020,Dec 2020,Industriële beroepen en ambachten,Professionals in de metaalindustrie,Manueel lasser,120,vacatures_202012_all.xlsx
2020-12-31,2020,12,januari 2020 - december 2020,Dec 2020,Industriële beroepen en ambachten,Professionals in de metaalindustrie,Monteur staalconstructies,126,vacatures_202012_all.xlsx
2020-12-31,2020,12,januari 2020 - december 2020,Dec 2020,Industriële beroepen en ambachten,Professionals in de metaalindustrie,Operator montage en assemblage,39,vacatures_202012_all.xlsx
2020-12-31,2020,12,januari 2020 - december 2020,Dec 2020,Industriële beroepen en ambachten,Professionals in de metaalindustrie,Pijpfitter,60,vacatures_202012_all.xlsx
2020-12-31,2020,12,januari 2020 - december 2020,Dec 2020,Industriële beroepen en ambachten,Professionals in de metaalindustrie,Productieoperator metaal,10,vacatures_202012_all.xlsx
2020-12-31,2020,12,januari 2020 - december 2020,Dec 2020,Industriële beroepen en ambachten,Professionals in de metaalindustrie,Rigger-monteerder,69,vacatures_202012_all.xlsx
2020-12-31,2020,12,januari 2020 - december 2020,Dec 2020,Industriële beroepen en ambachten,Specialisten chemie en kunststoffen,Procesoperator chemische industrie,3,vacatures_202012_all.xlsx
2020-12-31,2020,12,januari 2020 - december 2020,Dec 2020,Industriële beroepen en ambachten,Specialisten chemie en kunststoffen,Procesoperator energetische en petrochemische industrie,1,vacatures_202012_all.xlsx
2020-12-31,2020,12,januari 2020 - december 2020,Dec 2020,Industriële beroepen en ambachten,Specialisten chemie en kunststoffen,Productiemedewerker kunststofverwerking,1,vacatures_202012_all.xlsx
2020-12-31,2020,12,januari 2020 - december 2020,Dec 2020,Industriële beroepen en ambachten,Technisch leidinggevenden,Afdelingsverantwoordelijke productie,1,vacatures_202012_all.xlsx
2020-12-31,2020,12,januari 2020 - december 2020,Dec 2020,Industriële beroepen en ambachten,Technisch leidinggevenden,Productiemanager,11,vacatures_202012_all.xlsx
2020-12-31,2020,12,januari 2020 - december 2020,Dec 2020,Industriële beroepen en ambachten,Technisch leidinggevenden,Projectmanager engineering,114,vacatures_202012_all.xlsx
2020-12-31,2020,12,januari 2020 - december 2020,Dec 2020,Industriële beroepen en ambachten,Technisch leidinggevenden,Teamleader productie,3,vacatures_202012_all.xlsx
2020-12-31,2020,12,januari 2020 - december 2020,Dec 2020,Industriële beroepen en ambachten,Technisch leidinggevenden,Verantwoordelijke beheer en onderhoud van voertuigen,9,vacatures_202012_all.xlsx
2020-12-31,2020,12,januari 2020 - december 2020,Dec 2020,Industriële beroepen en ambachten,Technisch leidinggevenden,Verantwoordelijke industrieel onderhoud,13,vacatures_202012_all.xlsx
2020-12-31,2020,12,januari 2020 - december 2020,Dec 2020,Industriële beroepen en ambachten,Technisch leidinggevenden,Verantwoordelijke kwaliteitscontrole,19,vacatures_202012_all.xlsx
2020-12-31,2020,12,januari 2020 - december 2020,Dec 2020,Industriële beroepen en ambachten,Technisch leidinggevenden,Verantwoordelijke productieproces en -methodes,1,vacatures_202012_all.xlsx
2020-12-31,2020,12,januari 2020 - december 2020,Dec 2020,Industriële beroepen en ambachten,Tekenaars en vormgevers,Grafisch vormgever,2,vacatures_202012_all.xlsx
2020-12-31,2020,12,januari 2020 - december 2020,Dec 2020,Industriële beroepen en ambachten,Tekenaars en vormgevers,Productontwikkelaar,1,vacatures_202012_all.xlsx
2020-12-31,2020,12,januari 2020 - december 2020,Dec 2020,Industriële beroepen en ambachten,Tekenaars en vormgevers,"Tekenaar-ontwerper elektriciteit, elektronica",56,vacatures_202012_all.xlsx
2020-12-31,2020,12,januari 2020 - december 2020,Dec 2020,Industriële beroepen en ambachten,Tekenaars en vormgevers,Tekenaar-ontwerper mechanica,25,vacatures_202012_all.xlsx
2020-12-31,2020,12,januari 2020 - december 2020,Dec 2020,Industriële beroepen en ambachten,Textielbewerkers,Productiemedewerker textielproductielijn,1,vacatures_202012_all.xlsx
2020-12-31,2020,12,januari 2020 - december 2020,Dec 2020,Industriële beroepen en ambachten,Voer- en werktuigherstellers,Monteur-demonteur carrosserie,4,vacatures_202012_all.xlsx
2020-12-31,2020,12,januari 2020 - december 2020,Dec 2020,Industriële beroepen en ambachten,Voer- en werktuigherstellers,Onderhoudsmecanicien van personenwagens en lichte bedrijfsvoertuigen,12,vacatures_202012_all.xlsx
2020-12-31,2020,12,januari 2020 - december 2020,Dec 2020,Industriële beroepen en ambachten,Voer- en werktuigherstellers,Onderhoudsmecanicien van zware bedrijfsvoertuigen,22,vacatures_202012_all.xlsx
2020-12-31,2020,12,januari 2020 - december 2020,Dec 2020,Industriële beroepen en ambachten,Voer- en werktuigherstellers,Plaatwerker carrosserie,3,vacatures_202012_all.xlsx
2020-12-31,2020,12,januari 2020 - december 2020,Dec 2020,Industriële beroepen en ambachten,Voer- en werktuigherstellers,Spuiter carrosserie,2,vacatures_202012_all.xlsx
2020-12-31,2020,12,januari 2020 - december 2020,Dec 2020,Industriële beroepen en ambachten,Voer- en werktuigherstellers,"Technicus van tuin-, park- en bosmachines",0,vacatures_202012_all.xlsx
2020-12-31,2020,12,januari 2020 - december 2020,Dec 2020,Industriële beroepen en ambachten,Voer- en werktuigherstellers,"Technicus werf-, landbouw- en hefmachines",37,vacatures_202012_all.xlsx
2020-12-31,2020,12,januari 2020 - december 2020,Dec 2020,Industriële beroepen en ambachten,Voer- en werktuigherstellers,Voorbewerker carrosserie,1,vacatures_202012_all.xlsx
2020-12-31,2020,12,januari 2020 - december 2020,Dec 2020,Industriële beroepen en ambachten,Voer- en werktuigherstellers,Werktuigkundige scheepvaart,1,vacatures_202012_all.xlsx
2020-12-31,2020,12,januari 2020 - december 2020,Dec 2020,"Land-, tuin- en bosbouw- en visserijberoepen","Land-, tuin- en bosbouwers en vissers",Bestuurder van bosexploitatiemachines,1,vacatures_202012_all.xlsx
2020-12-31,2020,12,januari 2020 - december 2020,Dec 2020,"Land-, tuin- en bosbouw- en visserijberoepen","Land-, tuin- en bosbouwers en vissers",Boomverzorger,1,vacatures_202012_all.xlsx
2020-12-31,2020,12,januari 2020 - december 2020,Dec 2020,"Land-, tuin- en bosbouw- en visserijberoepen","Land-, tuin- en bosbouwers en vissers",Medewerker landbouw,1,vacatures_202012_all.xlsx
2020-12-31,2020,12,januari 2020 - december 2020,Dec 2020,"Land-, tuin- en bosbouw- en visserijberoepen","Land-, tuin- en bosbouwers en vissers",Medewerker loonwerk,4,vacatures_202012_all.xlsx
2020-12-31,2020,12,januari 2020 - december 2020,Dec 2020,"Land-, tuin- en bosbouw- en visserijberoepen","Land-, tuin- en bosbouwers en vissers",Medewerker tuin- en groenaanleg en -onderhoud,120,vacatures_202012_all.xlsx
2020-12-31,2020,12,januari 2020 - december 2020,Dec 2020,"Land-, tuin- en bosbouw- en visserijberoepen","Land-, tuin- en bosbouwers en vissers",Medewerker tuinbouw,8,vacatures_202012_all.xlsx
2020-12-31,2020,12,januari 2020 - december 2020,Dec 2020,"Land-, tuin- en bosbouw- en visserijberoepen","Land-, tuin- en bosbouwers en vissers",Productieverantwoordelijke land- en tuinbouw,1,vacatures_202012_all.xlsx
2020-12-31,2020,12,januari 2020 - december 2020,Dec 2020,"Land-, tuin- en bosbouw- en visserijberoepen","Land-, tuin- en bosbouwers en vissers",Verantwoordelijke tuin- en groenaanleg en -onderhoud,14,vacatures_202012_all.xlsx
2020-12-31,2020,12,januari 2020 - december 2020,Dec 2020,"Medische, paramedische en verzorgende beroepen",Paramedici,Orthopedisch technoloog,4,vacatures_202012_all.xlsx
2020-12-31,2020,12,januari 2020 - december 2020,Dec 2020,Organisatieondersteunende en kennisberoepen,Accountants,Accountant,76,vacatures_202012_all.xlsx
2020-12-31,2020,12,januari 2020 - december 2020,Dec 2020,Organisatieondersteunende en kennisberoepen,Accountants,Assistent accountancy,63,vacatures_202012_all.xlsx
2020-12-31,2020,12,januari 2020 - december 2020,Dec 2020,Organisatieondersteunende en kennisberoepen,Accountants,Credit collector,1,vacatures_202012_all.xlsx
2020-12-31,2020,12,januari 2020 - december 2020,Dec 2020,Organisatieondersteunende en kennisberoepen,Administratief medewerkers,Managementassistent,56,vacatures_202012_all.xlsx
2020-12-31,2020,12,januari 2020 - december 2020,Dec 2020,Organisatieondersteunende en kennisberoepen,Administratief medewerkers,Onthaalmedewerker,22,vacatures_202012_all.xlsx
2020-12-31,2020,12,januari 2020 - december 2020,Dec 2020,Organisatieondersteunende en kennisberoepen,Administratief medewerkers,Polyvalent administratief medewerker,444,vacatures_202012_all.xlsx
2020-12-31,2020,12,januari 2020 - december 2020,Dec 2020,Organisatieondersteunende en kennisberoepen,Administratief medewerkers,Technisch-administratief medewerker,145,vacatures_202012_all.xlsx
2020-12-31,2020,12,januari 2020 - december 2020,Dec 2020,Organisatieondersteunende en kennisberoepen,Bedrijfsadviseurs,Business analist,7,vacatures_202012_all.xlsx
2020-12-31,2020,12,januari 2020 - december 2020,Dec 2020,Organisatieondersteunende en kennisberoepen,Bedrijfsadviseurs,Business en financial controller,19,vacatures_202012_all.xlsx
2020-12-31,2020,12,januari 2020 - december 2020,Dec 2020,Organisatieondersteunende en kennisberoepen,Bedrijfsadviseurs,Mediabuyer,1,vacatures_202012_all.xlsx
2020-12-31,2020,12,januari 2020 - december 2020,Dec 2020,Organisatieondersteunende en kennisberoepen,Bedrijfsadviseurs,Milieucoördinator,1,vacatures_202012_all.xlsx
2020-12-31,2020,12,januari 2020 - december 2020,Dec 2020,Organisatieondersteunende en kennisberoepen,Bedrijfsadviseurs,Preventieadviseur,16,vacatures_202012_all.xlsx
2020-12-31,2020,12,januari 2020 - december 2020,Dec 2020,Organisatieondersteunende en kennisberoepen,Bedrijfsadviseurs,Projectmanager business,5,vacatures_202012_all.xlsx
2020-12-31,2020,12,januari 2020 - december 2020,Dec 2020,Organisatieondersteunende en kennisberoepen,Controleurs en inspecteurs,Technisch inspecteur industrie,2,vacatures_202012_all.xlsx
2020-12-31,2020,12,januari 2020 - december 2020,Dec 2020,Organisatieondersteunende en kennisberoepen,HR-experts,Payroll advisor,13,vacatures_202012_all.xlsx
2020-12-31,2020,12,januari 2020 - december 2020,Dec 2020,Organisatieondersteunende en kennisberoepen,HR-experts,Personeelsmedewerker,20,vacatures_202012_all.xlsx
2020-12-31,2020,12,januari 2020 - december 2020,Dec 2020,Organisatieondersteunende en kennisberoepen,HR-experts,Verantwoordelijke werving en opleiding,14,vacatures_202012_all.xlsx
2020-12-31,2020,12,januari 2020 - december 2020,Dec 2020,Organisatieondersteunende en kennisberoepen,Informatici en ICT-medewerkers,GIS-medewerker,3,vacatures_202012_all.xlsx
2020-12-31,2020,12,januari 2020 - december 2020,Dec 2020,Organisatieondersteunende en kennisberoepen,Informatici en ICT-medewerkers,ICT architect,5,vacatures_202012_all.xlsx
2020-12-31,2020,12,januari 2020 - december 2020,Dec 2020,Organisatieondersteunende en kennisberoepen,Informatici en ICT-medewerkers,Integratie expert ICT,12,vacatures_202012_all.xlsx
2020-12-31,2020,12,januari 2020 - december 2020,Dec 2020,Organisatieondersteunende en kennisberoepen,Informatici en ICT-medewerkers,Netwerk engineer telecom,1,vacatures_202012_all.xlsx
2020-12-31,2020,12,januari 2020 - december 2020,Dec 2020,Organisatieondersteunende en kennisberoepen,Informatici en ICT-medewerkers,Netwerkbeheerder,1,vacatures_202012_all.xlsx
2020-12-31,2020,12,januari 2020 - december 2020,Dec 2020,Organisatieondersteunende en kennisberoepen,Informatici en ICT-medewerkers,Software analist,1,vacatures_202012_all.xlsx
2020-12-31,2020,12,januari 2020 - december 2020,Dec 2020,Organisatieondersteunende en kennisberoepen,Informatici en ICT-medewerkers,Software ontwikkelaar,11,vacatures_202012_all.xlsx
2020-12-31,2020,12,januari 2020 - december 2020,Dec 2020,Organisatieondersteunende en kennisberoepen,Informatici en ICT-medewerkers,Support medewerker ICT,28,vacatures_202012_all.xlsx
2020-12-31,2020,12,januari 2020 - december 2020,Dec 2020,Organisatieondersteunende en kennisberoepen,Informatici en ICT-medewerkers,Systeembeheerder,3,vacatures_202012_all.xlsx
2020-12-31,2020,12,januari 2020 - december 2020,Dec 2020,Organisatieondersteunende en kennisberoepen,Leidinggevenden,Administratief en financieel verantwoordelijke,10,vacatures_202012_all.xlsx
2020-12-31,2020,12,januari 2020 - december 2020,Dec 2020,Organisatieondersteunende en kennisberoepen,Leidinggevenden,Algemeen directeur,15,vacatures_202012_all.xlsx
2020-12-31,2020,12,januari 2020 - december 2020,Dec 2020,Organisatieondersteunende en kennisberoepen,Leidinggevenden,E-commerce manager,1,vacatures_202012_all.xlsx
2020-12-31,2020,12,januari 2020 - december 2020,Dec 2020,Organisatieondersteunende en kennisberoepen,Leidinggevenden,Facility manager,15,vacatures_202012_all.xlsx
2020-12-31,2020,12,januari 2020 - december 2020,Dec 2020,Organisatieondersteunende en kennisberoepen,Leidinggevenden,HR-manager,23,vacatures_202012_all.xlsx
2020-12-31,2020,12,januari 2020 - december 2020,Dec 2020,Organisatieondersteunende en kennisberoepen,Leidinggevenden,Marketingmanager,20,vacatures_202012_all.xlsx
2020-12-31,2020,12,januari 2020 - december 2020,Dec 2020,Organisatieondersteunende en kennisberoepen,Leidinggevenden,Sales manager,1,vacatures_202012_all.xlsx
2020-12-31,2020,12,januari 2020 - december 2020,Dec 2020,Organisatieondersteunende en kennisberoepen,Leidinggevenden,Verantwoordelijke ICT,2,vacatures_202012_all.xlsx
2020-12-31,2020,12,januari 2020 - december 2020,Dec 2020,Organisatieondersteunende en kennisberoepen,Leidinggevenden,Verantwoordelijke aankoop,2,vacatures_202012_all.xlsx
2020-12-31,2020,12,januari 2020 - december 2020,Dec 2020,Organisatieondersteunende en kennisberoepen,Leidinggevenden,Verantwoordelijke eco-industriële site,1,vacatures_202012_all.xlsx
2020-12-31,2020,12,januari 2020 - december 2020,Dec 2020,Organisatieondersteunende en kennisberoepen,Leidinggevenden,Verantwoordelijke verkoopadministratie,1,vacatures_202012_all.xlsx
2020-12-31,2020,12,januari 2020 - december 2020,Dec 2020,Organisatieondersteunende en kennisberoepen,"Medewerkers commerciële strategie, marketing en verkoop",Aankoper,53,vacatures_202012_all.xlsx
2020-12-31,2020,12,januari 2020 - december 2020,Dec 2020,Organisatieondersteunende en kennisberoepen,"Medewerkers commerciële strategie, marketing en verkoop",Accountmanager sales,6,vacatures_202012_all.xlsx
2020-12-31,2020,12,januari 2020 - december 2020,Dec 2020,Organisatieondersteunende en kennisberoepen,"Medewerkers commerciële strategie, marketing en verkoop",Commercieel medewerker binnendienst,45,vacatures_202012_all.xlsx
2020-12-31,2020,12,januari 2020 - december 2020,Dec 2020,Organisatieondersteunende en kennisberoepen,"Medewerkers commerciële strategie, marketing en verkoop",Contactcenter medewerker,40,vacatures_202012_all.xlsx
2020-12-31,2020,12,januari 2020 - december 2020,Dec 2020,Organisatieondersteunende en kennisberoepen,"Medewerkers commerciële strategie, marketing en verkoop",Digital marketeer,2,vacatures_202012_all.xlsx
2020-12-31,2020,12,januari 2020 - december 2020,Dec 2020,Organisatieondersteunende en kennisberoepen,"Medewerkers commerciële strategie, marketing en verkoop",Digital sales assistant,19,vacatures_202012_all.xlsx
2020-12-31,2020,12,januari 2020 - december 2020,Dec 2020,Organisatieondersteunende en kennisberoepen,"Medewerkers commerciële strategie, marketing en verkoop",Marketing assistent,1,vacatures_202012_all.xlsx
2020-12-31,2020,12,januari 2020 - december 2020,Dec 2020,Organisatieondersteunende en kennisberoepen,"Medewerkers commerciële strategie, marketing en verkoop",Productmanager,1,vacatures_202012_all.xlsx
2020-12-31,2020,12,januari 2020 - december 2020,Dec 2020,Organisatieondersteunende en kennisberoepen,"Medewerkers commerciële strategie, marketing en verkoop",SEO-expert,1,vacatures_202012_all.xlsx
2020-12-31,2020,12,januari 2020 - december 2020,Dec 2020,Organisatieondersteunende en kennisberoepen,"Medewerkers commerciële strategie, marketing en verkoop",Sales engineer,42,vacatures_202012_all.xlsx
2020-12-31,2020,12,januari 2020 - december 2020,Dec 2020,Organisatieondersteunende en kennisberoepen,Onderzoeksmedewerkers en beleidsexperten,Beleidsdeskundige,3,vacatures_202012_all.xlsx
2020-12-31,2020,12,januari 2020 - december 2020,Dec 2020,Organisatieondersteunende en kennisberoepen,Onderzoeksmedewerkers en beleidsexperten,Expert lokale ontwikkeling,2,vacatures_202012_all.xlsx
2020-12-31,2020,12,januari 2020 - december 2020,Dec 2020,Organisatieondersteunende en kennisberoepen,Onderzoeksmedewerkers en beleidsexperten,Marktonderzoeker,4,vacatures_202012_all.xlsx
2020-12-31,2020,12,januari 2020 - december 2020,Dec 2020,Organisatieondersteunende en kennisberoepen,Onderzoeksmedewerkers en beleidsexperten,Wetenschappelijk onderzoeker,2,vacatures_202012_all.xlsx
2020-12-31,2020,12,januari 2020 - december 2020,Dec 2020,Organisatieondersteunende en kennisberoepen,Specialisten kennisbeheer en communicatie,Erfgoedkundige,2,vacatures_202012_all.xlsx
2020-12-31,2020,12,januari 2020 - december 2020,Dec 2020,Organisatieondersteunende en kennisberoepen,Specialisten kennisbeheer en communicatie,Medewerker communicatie,4,vacatures_202012_all.xlsx
2020-12-31,2020,12,januari 2020 - december 2020,Dec 2020,Pedagogische beroepen,Onderwijzend en leidinggevend personeel in onderwijs,Pedagogisch coördinator,1,vacatures_202012_all.xlsx
2020-12-31,2020,12,januari 2020 - december 2020,Dec 2020,Transport- en logistieke beroepen,Bestuurders in het wegtransport,Taxichauffeur en chauffeur privévervoer,1,vacatures_202012_all.xlsx
2020-12-31,2020,12,januari 2020 - december 2020,Dec 2020,Transport- en logistieke beroepen,Bestuurders in het wegtransport,Vrachtwagenbestuurder,318,vacatures_202012_all.xlsx
2020-12-31,2020,12,januari 2020 - december 2020,Dec 2020,Transport- en logistieke beroepen,Transport- en logistiek personeel,Dispatcher goederenvervoer,23,vacatures_202012_all.xlsx
2020-12-31,2020,12,januari 2020 - december 2020,Dec 2020,Transport- en logistieke beroepen,Transport- en logistiek personeel,Dispatcher personenvervoer,2,vacatures_202012_all.xlsx
2020-12-31,2020,12,januari 2020 - december 2020,Dec 2020,Transport- en logistieke beroepen,Transport- en logistiek personeel,Douanedeclarant,1,vacatures_202012_all.xlsx
2020-12-31,2020,12,januari 2020 - december 2020,Dec 2020,Transport- en logistieke beroepen,Transport- en logistiek personeel,Heftruckchauffeur,2,vacatures_202012_all.xlsx
2020-12-31,2020,12,januari 2020 - december 2020,Dec 2020,Transport- en logistieke beroepen,Transport- en logistiek personeel,Koerier besteller,7,vacatures_202012_all.xlsx
2020-12-31,2020,12,januari 2020 - december 2020,Dec 2020,Transport- en logistieke beroepen,Transport- en logistiek personeel,Logistiek verantwoordelijke,21,vacatures_202012_all.xlsx
2020-12-31,2020,12,januari 2020 - december 2020,Dec 2020,Transport- en logistieke beroepen,Transport- en logistiek personeel,Magazijnbeheerder,31,vacatures_202012_all.xlsx
2020-12-31,2020,12,januari 2020 - december 2020,Dec 2020,Transport- en logistieke beroepen,Transport- en logistiek personeel,Magazijnmedewerker,219,vacatures_202012_all.xlsx
2020-12-31,2020,12,januari 2020 - december 2020,Dec 2020,Transport- en logistieke beroepen,Transport- en logistiek personeel,Medewerker internationaal goederenverkeer,2,vacatures_202012_all.xlsx
2020-12-31,2020,12,januari 2020 - december 2020,Dec 2020,Transport- en logistieke beroepen,Transport- en logistiek personeel,Verantwoordelijke logistieke site,1,vacatures_202012_all.xlsx
2020-12-31,2020,12,januari 2020 - december 2020,Dec 2020,Transport- en logistieke beroepen,Transport- en logistiek personeel,Verhuizer,5,vacatures_202012_all.xlsx
2020-12-31,2020,12,januari 2020 - december 2020,Dec 2020,Transport- en logistieke beroepen,"Werknemers spoor-, water-, luchttransport",Matroos binnenscheepvaart,0,vacatures_202012_all.xlsx
2020-12-31,2020,12,januari 2020 - december 2020,Dec 2020,Transport- en logistieke beroepen,"Werknemers spoor-, water-, luchttransport",Schipper-stuurman binnenscheepvaart,2,vacatures_202012_all.xlsx
2020-12-31,2020,12,januari 2020 - december 2020,Dec 2020,Transport- en logistieke beroepen,"Werknemers spoor-, water-, luchttransport",Spoorwerker,8,vacatures_202012_all.xlsx
2020-12-31,2020,12,januari 2020 - december 2020,Dec 2020,Vrijetijds- en artistieke beroepen,Podium- en audiovisuele technici,Podiumtechnicus licht en beeld,1,vacatures_202012_all.xlsx
2021-12-31,2021,12,januari 2021 - december 2021,Dec 2021,Bouwberoepen,Bouwtechnici,Architect,16,vacatures_202112_all.xlsx
2021-12-31,2021,12,januari 2021 - december 2021,Dec 2021,Bouwberoepen,Bouwtechnici,BIM-expert (Building Information Modeling),4,vacatures_202112_all.xlsx
2021-12-31,2021,12,januari 2021 - december 2021,Dec 2021,Bouwberoepen,Bouwtechnici,Bodemonderzoeker,3,vacatures_202112_all.xlsx
2021-12-31,2021,12,januari 2021 - december 2021,Dec 2021,Bouwberoepen,Bouwtechnici,Bouwkundig tekenaar,250,vacatures_202112_all.xlsx
2021-12-31,2021,12,januari 2021 - december 2021,Dec 2021,Bouwberoepen,Bouwtechnici,Calculator bouw,359,vacatures_202112_all.xlsx
2021-12-31,2021,12,januari 2021 - december 2021,Dec 2021,Bouwberoepen,Bouwtechnici,EPB-verslaggever,2,vacatures_202112_all.xlsx
2021-12-31,2021,12,januari 2021 - december 2021,Dec 2021,Bouwberoepen,Bouwtechnici,Ingenieur studie en advies bouw,190,vacatures_202112_all.xlsx
2021-12-31,2021,12,januari 2021 - december 2021,Dec 2021,Bouwberoepen,Bouwtechnici,Interieurarchitect interieurvormgever,71,vacatures_202112_all.xlsx
2021-12-31,2021,12,januari 2021 - december 2021,Dec 2021,Bouwberoepen,Bouwtechnici,Landmeter,59,vacatures_202112_all.xlsx
2021-12-31,2021,12,januari 2021 - december 2021,Dec 2021,Bouwberoepen,Bouwtechnici,Landschapsarchitect,5,vacatures_202112_all.xlsx
2021-12-31,2021,12,januari 2021 - december 2021,Dec 2021,Bouwberoepen,Bouwtechnici,Projectleider bouw en openbare werken,293,vacatures_202112_all.xlsx
2021-12-31,2021,12,januari 2021 - december 2021,Dec 2021,Bouwberoepen,Bouwtechnici,Veiligheidscoördinator,25,vacatures_202112_all.xlsx
2021-12-31,2021,12,januari 2021 - december 2021,Dec 2021,Bouwberoepen,Bouwtechnici,Verantwoordelijke onderhoud van gebouwen en infrastructuur,2,vacatures_202112_all.xlsx
2021-12-31,2021,12,januari 2021 - december 2021,Dec 2021,Bouwberoepen,Bouwtechnici,Werfbediende,35,vacatures_202112_all.xlsx
2021-12-31,2021,12,januari 2021 - december 2021,Dec 2021,Bouwberoepen,Bouwtechnici,Werfleider,694,vacatures_202112_all.xlsx
2021-12-31,2021,12,januari 2021 - december 2021,Dec 2021,Bouwberoepen,Bouwvakkers,"Aansluiter van waterleidingen, rioleringen en warmtenetten",28,vacatures_202112_all.xlsx
2021-12-31,2021,12,januari 2021 - december 2021,Dec 2021,Bouwberoepen,Bouwvakkers,Asbestverwijderaar,42,vacatures_202112_all.xlsx
2021-12-31,2021,12,januari 2021 - december 2021,Dec 2021,Bouwberoepen,Bouwvakkers,Bekister-betonneerder,251,vacatures_202112_all.xlsx
2021-12-31,2021,12,januari 2021 - december 2021,Dec 2021,Bouwberoepen,Bouwvakkers,Beveiligingstechnicus,59,vacatures_202112_all.xlsx
2021-12-31,2021,12,januari 2021 - december 2021,Dec 2021,Bouwberoepen,Bouwvakkers,Brandertechnicus,15,vacatures_202112_all.xlsx
2021-12-31,2021,12,januari 2021 - december 2021,Dec 2021,Bouwberoepen,Bouwvakkers,Daktimmerman,72,vacatures_202112_all.xlsx
2021-12-31,2021,12,januari 2021 - december 2021,Dec 2021,Bouwberoepen,Bouwvakkers,Dakwerker,848,vacatures_202112_all.xlsx
2021-12-31,2021,12,januari 2021 - december 2021,Dec 2021,Bouwberoepen,Bouwvakkers,Datacommunicatie- en netwerktechnicus,988,vacatures_202112_all.xlsx
2021-12-31,2021,12,januari 2021 - december 2021,Dec 2021,Bouwberoepen,Bouwvakkers,Dekvloerlegger,39,vacatures_202112_all.xlsx
2021-12-31,2021,12,januari 2021 - december 2021,Dec 2021,Bouwberoepen,Bouwvakkers,Elektrotechnisch installateur,123,vacatures_202112_all.xlsx
2021-12-31,2021,12,januari 2021 - december 2021,Dec 2021,Bouwberoepen,Bouwvakkers,Gevelreiniger,12,vacatures_202112_all.xlsx
2021-12-31,2021,12,januari 2021 - december 2021,Dec 2021,Bouwberoepen,Bouwvakkers,Gevelrenoveerder-betonhersteller,48,vacatures_202112_all.xlsx
2021-12-31,2021,12,januari 2021 - december 2021,Dec 2021,Bouwberoepen,Bouwvakkers,Glaswerker,69,vacatures_202112_all.xlsx
2021-12-31,2021,12,januari 2021 - december 2021,Dec 2021,Bouwberoepen,Bouwvakkers,Industrieel isolatiewerker,86,vacatures_202112_all.xlsx
2021-12-31,2021,12,januari 2021 - december 2021,Dec 2021,Bouwberoepen,Bouwvakkers,Installateur elektrotechnische basiscomponenten,8,vacatures_202112_all.xlsx
2021-12-31,2021,12,januari 2021 - december 2021,Dec 2021,Bouwberoepen,Bouwvakkers,Installateur energiemanagementsystemen,123,vacatures_202112_all.xlsx
2021-12-31,2021,12,januari 2021 - december 2021,Dec 2021,Bouwberoepen,Bouwvakkers,Installateur nutsvoorzieningen,37,vacatures_202112_all.xlsx
2021-12-31,2021,12,januari 2021 - december 2021,Dec 2021,Bouwberoepen,Bouwvakkers,Interieurbouwer,424,vacatures_202112_all.xlsx
2021-12-31,2021,12,januari 2021 - december 2021,Dec 2021,Bouwberoepen,Bouwvakkers,Isoleerder ruwbouw en dak,31,vacatures_202112_all.xlsx
2021-12-31,2021,12,januari 2021 - december 2021,Dec 2021,Bouwberoepen,Bouwvakkers,Medewerker ruwbouw,999,vacatures_202112_all.xlsx
2021-12-31,2021,12,januari 2021 - december 2021,Dec 2021,Bouwberoepen,Bouwvakkers,Metselaar,885,vacatures_202112_all.xlsx
2021-12-31,2021,12,januari 2021 - december 2021,Dec 2021,Bouwberoepen,Bouwvakkers,Monteur installatietechnieken,1242,vacatures_202112_all.xlsx
2021-12-31,2021,12,januari 2021 - december 2021,Dec 2021,Bouwberoepen,Bouwvakkers,Natuursteenbewerker,33,vacatures_202112_all.xlsx
2021-12-31,2021,12,januari 2021 - december 2021,Dec 2021,Bouwberoepen,Bouwvakkers,Onderhoudsmedewerker gebouwen,104,vacatures_202112_all.xlsx
2021-12-31,2021,12,januari 2021 - december 2021,Dec 2021,Bouwberoepen,Bouwvakkers,Onderhoudsmedewerker wegennet,6,vacatures_202112_all.xlsx
2021-12-31,2021,12,januari 2021 - december 2021,Dec 2021,Bouwberoepen,Bouwvakkers,Plaatser binnenschrijnwerk,228,vacatures_202112_all.xlsx
2021-12-31,2021,12,januari 2021 - december 2021,Dec 2021,Bouwberoepen,Bouwvakkers,Plaatser buitenschrijnwerk,778,vacatures_202112_all.xlsx
2021-12-31,2021,12,januari 2021 - december 2021,Dec 2021,Bouwberoepen,Bouwvakkers,Plaatser van boven- en ondergrondse leidingen,115,vacatures_202112_all.xlsx
2021-12-31,2021,12,januari 2021 - december 2021,Dec 2021,Bouwberoepen,Bouwvakkers,Plaatser van houten vloerbedekking,47,vacatures_202112_all.xlsx
2021-12-31,2021,12,januari 2021 - december 2021,Dec 2021,Bouwberoepen,Bouwvakkers,Plaatser van soepele vloerbekledingen,20,vacatures_202112_all.xlsx
2021-12-31,2021,12,januari 2021 - december 2021,Dec 2021,Bouwberoepen,Bouwvakkers,Rioollegger,44,vacatures_202112_all.xlsx
2021-12-31,2021,12,januari 2021 - december 2021,Dec 2021,Bouwberoepen,Bouwvakkers,Schilder-decorateur,598,vacatures_202112_all.xlsx
2021-12-31,2021,12,januari 2021 - december 2021,Dec 2021,Bouwberoepen,Bouwvakkers,Schrijnwerker houtbouw,52,vacatures_202112_all.xlsx
2021-12-31,2021,12,januari 2021 - december 2021,Dec 2021,Bouwberoepen,Bouwvakkers,Steigerbouwer,77,vacatures_202112_all.xlsx
2021-12-31,2021,12,januari 2021 - december 2021,Dec 2021,Bouwberoepen,Bouwvakkers,Stukadoor,287,vacatures_202112_all.xlsx
2021-12-31,2021,12,januari 2021 - december 2021,Dec 2021,Bouwberoepen,Bouwvakkers,Technicus hernieuwbare energietechnieken,28,vacatures_202112_all.xlsx
2021-12-31,2021,12,januari 2021 - december 2021,Dec 2021,Bouwberoepen,Bouwvakkers,Technicus installatietechnieken,74,vacatures_202112_all.xlsx
2021-12-31,2021,12,januari 2021 - december 2021,Dec 2021,Bouwberoepen,Bouwvakkers,Vloerder-tegelzetter,287,vacatures_202112_all.xlsx
2021-12-31,2021,12,januari 2021 - december 2021,Dec 2021,Bouwberoepen,Bouwvakkers,Voeger,41,vacatures_202112_all.xlsx
2021-12-31,2021,12,januari 2021 - december 2021,Dec 2021,Bouwberoepen,Bouwvakkers,Wegenwerker,689,vacatures_202112_all.xlsx
2021-12-31,2021,12,januari 2021 - december 2021,Dec 2021,Bouwberoepen,Machinisten en kraanmannen,Bediener grondverzetmachines,249,vacatures_202112_all.xlsx
2021-12-31,2021,12,januari 2021 - december 2021,Dec 2021,Bouwberoepen,Machinisten en kraanmannen,Bediener machines horizontale boringen,27,vacatures_202112_all.xlsx
2021-12-31,2021,12,januari 2021 - december 2021,Dec 2021,Bouwberoepen,Machinisten en kraanmannen,Bediener machines verticale boringen,10,vacatures_202112_all.xlsx
2021-12-31,2021,12,januari 2021 - december 2021,Dec 2021,Bouwberoepen,Machinisten en kraanmannen,Bediener of medewerker diepfunderingsmachines,2,vacatures_202112_all.xlsx
2021-12-31,2021,12,januari 2021 - december 2021,Dec 2021,Bouwberoepen,Machinisten en kraanmannen,Bediener van betonnerings- en asfalteringsmachines,13,vacatures_202112_all.xlsx
2021-12-31,2021,12,januari 2021 - december 2021,Dec 2021,Bouwberoepen,Machinisten en kraanmannen,Kraanbestuurder,238,vacatures_202112_all.xlsx
2021-12-31,2021,12,januari 2021 - december 2021,Dec 2021,Bouwberoepen,Machinisten en kraanmannen,Torenkraanbediener,19,vacatures_202112_all.xlsx
2021-12-31,2021,12,januari 2021 - december 2021,Dec 2021,Dienstverlenende beroepen,Adviesverleners,Arbeidsbemiddelaar-jobcoach,0,vacatures_202112_all.xlsx
2021-12-31,2021,12,januari 2021 - december 2021,Dec 2021,Dienstverlenende beroepen,Experts vastgoed,Rentmeester,2,vacatures_202112_all.xlsx
2021-12-31,2021,12,januari 2021 - december 2021,Dec 2021,Dienstverlenende beroepen,Experts vastgoed,Vastgoedbemiddelaar verkoop en verhuur,8,vacatures_202112_all.xlsx
2021-12-31,2021,12,januari 2021 - december 2021,Dec 2021,Dienstverlenende beroepen,Experts vastgoed,Vastgoedpromotor,12,vacatures_202112_all.xlsx
2021-12-31,2021,12,januari 2021 - december 2021,Dec 2021,Dienstverlenende beroepen,Juridische dienstverleners,Juridisch medewerker,6,vacatures_202112_all.xlsx
2021-12-31,2021,12,januari 2021 - december 2021,Dec 2021,Dienstverlenende beroepen,Juridische dienstverleners,Jurist,10,vacatures_202112_all.xlsx
2021-12-31,2021,12,januari 2021 - december 2021,Dec 2021,Dienstverlenende beroepen,Medewerkers in finance,Adviseur kredieten,7,vacatures_202112_all.xlsx
2021-12-31,2021,12,januari 2021 - december 2021,Dec 2021,Dienstverlenende beroepen,Medewerkers in finance,Beheerder verzekeringen,2,vacatures_202112_all.xlsx
2021-12-31,2021,12,januari 2021 - december 2021,Dec 2021,Dienstverlenende beroepen,Medewerkers in finance,Belastingadviseur,2,vacatures_202112_all.xlsx
2021-12-31,2021,12,januari 2021 - december 2021,Dec 2021,Dienstverlenende beroepen,Medewerkers in finance,Financieel analist,4,vacatures_202112_all.xlsx
2021-12-31,2021,12,januari 2021 - december 2021,Dec 2021,Dienstverlenende beroepen,Medewerkers in finance,Revisor,6,vacatures_202112_all.xlsx
2021-12-31,2021,12,januari 2021 - december 2021,Dec 2021,Dienstverlenende beroepen,Persoonlijke dienstverleners,Animator,1,vacatures_202112_all.xlsx
2021-12-31,2021,12,januari 2021 - december 2021,Dec 2021,Dienstverlenende beroepen,Persoonlijke dienstverleners,Dierenverzorger,1,vacatures_202112_all.xlsx
2021-12-31,2021,12,januari 2021 - december 2021,Dec 2021,Dienstverlenende beroepen,Persoonlijke dienstverleners,Kapper,2,vacatures_202112_all.xlsx
2021-12-31,2021,12,januari 2021 - december 2021,Dec 2021,Dienstverlenende beroepen,Persoonlijke dienstverleners,Medewerker textielverzorging,4,vacatures_202112_all.xlsx
2021-12-31,2021,12,januari 2021 - december 2021,Dec 2021,Dienstverlenende beroepen,Persoonlijke dienstverleners,Schoonheidsspecialist,2,vacatures_202112_all.xlsx
2021-12-31,2021,12,januari 2021 - december 2021,Dec 2021,Dienstverlenende beroepen,Persoonlijke dienstverleners,Uitvaartondernemer,1,vacatures_202112_all.xlsx
2021-12-31,2021,12,januari 2021 - december 2021,Dec 2021,Dienstverlenende beroepen,Publieke dienstverleners,Sociaal-cultureel begeleider,1,vacatures_202112_all.xlsx
2021-12-31,2021,12,januari 2021 - december 2021,Dec 2021,Dienstverlenende beroepen,Schoonmaak- en onderhoudspersoneel,Huishoudhulp-poetshulp,25,vacatures_202112_all.xlsx
2021-12-31,2021,12,januari 2021 - december 2021,Dec 2021,Dienstverlenende beroepen,Schoonmaak- en onderhoudspersoneel,Industrieel reiniger,13,vacatures_202112_all.xlsx
2021-12-31,2021,12,januari 2021 - december 2021,Dec 2021,Dienstverlenende beroepen,Schoonmaak- en onderhoudspersoneel,Leidinggevende schoonmaak,5,vacatures_202112_all.xlsx
2021-12-31,2021,12,januari 2021 - december 2021,Dec 2021,Dienstverlenende beroepen,Schoonmaak- en onderhoudspersoneel,Milieuwerker,1,vacatures_202112_all.xlsx
2021-12-31,2021,12,januari 2021 - december 2021,Dec 2021,Dienstverlenende beroepen,Schoonmaak- en onderhoudspersoneel,Recyclageparkwachter,1,vacatures_202112_all.xlsx
2021-12-31,2021,12,januari 2021 - december 2021,Dec 2021,Dienstverlenende beroepen,Schoonmaak- en onderhoudspersoneel,Ruitenwasser,7,vacatures_202112_all.xlsx
2021-12-31,2021,12,januari 2021 - december 2021,Dec 2021,Dienstverlenende beroepen,Schoonmaak- en onderhoudspersoneel,Schoonmaker van ruimten en lokalen,59,vacatures_202112_all.xlsx
2021-12-31,2021,12,januari 2021 - december 2021,Dec 2021,Handels- en verkoopberoepen,Verkooppersoneel,Assistent winkelmanager,1,vacatures_202112_all.xlsx
2021-12-31,2021,12,januari 2021 - december 2021,Dec 2021,Handels- en verkoopberoepen,Verkooppersoneel,Demonstrateur,8,vacatures_202112_all.xlsx
2021-12-31,2021,12,januari 2021 - december 2021,Dec 2021,Handels- en verkoopberoepen,Verkooppersoneel,Technisch adviseur klantenondersteuning,8,vacatures_202112_all.xlsx
2021-12-31,2021,12,januari 2021 - december 2021,Dec 2021,Handels- en verkoopberoepen,Verkooppersoneel,"Verhuurder van gereedschappen, transportmiddelen of vrijetijdsmaterieel",6,vacatures_202112_all.xlsx
2021-12-31,2021,12,januari 2021 - december 2021,Dec 2021,Handels- en verkoopberoepen,Verkooppersoneel,Winkelmanager,1,vacatures_202112_all.xlsx
2021-12-31,2021,12,januari 2021 - december 2021,Dec 2021,Handels- en verkoopberoepen,Verkooppersoneel,Winkelmedewerker,21,vacatures_202112_all.xlsx
2021-12-31,2021,12,januari 2021 - december 2021,Dec 2021,Handels- en verkoopberoepen,Verkooppersoneel,Winkelverkoper,176,vacatures_202112_all.xlsx
2021-12-31,2021,12,januari 2021 - december 2021,Dec 2021,Handels- en verkoopberoepen,Vertegenwoordigers,Vertegenwoordiger B2B,236,vacatures_202112_all.xlsx
2021-12-31,2021,12,januari 2021 - december 2021,Dec 2021,Handels- en verkoopberoepen,Vertegenwoordigers,Vertegenwoordiger B2C,23,vacatures_202112_all.xlsx
2021-12-31,2021,12,januari 2021 - december 2021,Dec 2021,Horecaberoepen,Horecapersoneel,Hotelreceptionist,1,vacatures_202112_all.xlsx
2021-12-31,2021,12,januari 2021 - december 2021,Dec 2021,Horecaberoepen,Horecapersoneel,Hulpkok,2,vacatures_202112_all.xlsx
2021-12-31,2021,12,januari 2021 - december 2021,Dec 2021,Horecaberoepen,Horecapersoneel,Kelner,6,vacatures_202112_all.xlsx
2021-12-31,2021,12,januari 2021 - december 2021,Dec 2021,Horecaberoepen,Horecapersoneel,Keukenmedewerker,7,vacatures_202112_all.xlsx
2021-12-31,2021,12,januari 2021 - december 2021,Dec 2021,Horecaberoepen,Horecapersoneel,Kok,2,vacatures_202112_all.xlsx
2021-12-31,2021,12,januari 2021 - december 2021,Dec 2021,Horecaberoepen,Horecapersoneel,Maître d'hôtel,4,vacatures_202112_all.xlsx
2021-12-31,2021,12,januari 2021 - december 2021,Dec 2021,Horecaberoepen,Horecapersoneel,Medewerker fastfood,0,vacatures_202112_all.xlsx
2021-12-31,2021,12,januari 2021 - december 2021,Dec 2021,Industriële beroepen en ambachten,Beoefenaars van ambachten,Ambachtelijk glasbewerker,1,vacatures_202112_all.xlsx
2021-12-31,2021,12,januari 2021 - december 2021,Dec 2021,Industriële beroepen en ambachten,Beoefenaars van ambachten,Ambachtelijk metaalbewerker,0,vacatures_202112_all.xlsx
2021-12-31,2021,12,januari 2021 - december 2021,Dec 2021,Industriële beroepen en ambachten,Beoefenaars van ambachten,Decorateur van kunst- en artisanale objecten,2,vacatures_202112_all.xlsx
2021-12-31,2021,12,januari 2021 - december 2021,Dec 2021,Industriële beroepen en ambachten,Bewerkers van voeding,Brood- en banketbakker,0,vacatures_202112_all.xlsx
2021-12-31,2021,12,januari 2021 - december 2021,Dec 2021,Industriële beroepen en ambachten,Bewerkers van voeding,Charcutier,20,vacatures_202112_all.xlsx
2021-12-31,2021,12,januari 2021 - december 2021,Dec 2021,Industriële beroepen en ambachten,Bewerkers van voeding,Slager,40,vacatures_202112_all.xlsx
2021-12-31,2021,12,januari 2021 - december 2021,Dec 2021,Industriële beroepen en ambachten,Confectie- en lederwerkers,Polyvalent stikster,2,vacatures_202112_all.xlsx
2021-12-31,2021,12,januari 2021 - december 2021,Dec 2021,Industriële beroepen en ambachten,Diverse productiemedewerkers en operatoren,Industrieel schilder,73,vacatures_202112_all.xlsx
2021-12-31,2021,12,januari 2021 - december 2021,Dec 2021,Industriële beroepen en ambachten,Diverse productiemedewerkers en operatoren,Operator glasbewerking,6,vacatures_202112_all.xlsx
2021-12-31,2021,12,januari 2021 - december 2021,Dec 2021,Industriële beroepen en ambachten,Diverse productiemedewerkers en operatoren,Productiemedewerker,112,vacatures_202112_all.xlsx
2021-12-31,2021,12,januari 2021 - december 2021,Dec 2021,Industriële beroepen en ambachten,Diverse productiemedewerkers en operatoren,Productiemedewerker prefabbeton,12,vacatures_202112_all.xlsx
2021-12-31,2021,12,januari 2021 - december 2021,Dec 2021,Industriële beroepen en ambachten,Diverse productiemedewerkers en operatoren,Productieoperator bouw- en prefabmaterialen,1,vacatures_202112_all.xlsx
2021-12-31,2021,12,januari 2021 - december 2021,Dec 2021,Industriële beroepen en ambachten,Diverse productiemedewerkers en operatoren,Productieoperator elektrische en elektronische componenten,520,vacatures_202112_all.xlsx
2021-12-31,2021,12,januari 2021 - december 2021,Dec 2021,Industriële beroepen en ambachten,Diverse productiemedewerkers en operatoren,"Productieoperator van stortbeton, cement, asfalt en granulaten",39,vacatures_202112_all.xlsx
2021-12-31,2021,12,januari 2021 - december 2021,Dec 2021,Industriële beroepen en ambachten,Diverse productiemedewerkers en operatoren,Regelaar-afsteller van productie-installaties,8,vacatures_202112_all.xlsx
2021-12-31,2021,12,januari 2021 - december 2021,Dec 2021,Industriële beroepen en ambachten,Diverse productiemedewerkers en operatoren,Sorteerder recyclage,3,vacatures_202112_all.xlsx
2021-12-31,2021,12,januari 2021 - december 2021,Dec 2021,Industriële beroepen en ambachten,Diverse productiemedewerkers en operatoren,Uitvoerder van werken in schadelijke milieus,1,vacatures_202112_all.xlsx
2021-12-31,2021,12,januari 2021 - december 2021,Dec 2021,Industriële beroepen en ambachten,Diverse productiemedewerkers en operatoren,Uitvoerder van werken op hoogte,22,vacatures_202112_all.xlsx
2021-12-31,2021,12,januari 2021 - december 2021,Dec 2021,Industriële beroepen en ambachten,Diverse productiemedewerkers en operatoren,Verpakker,5,vacatures_202112_all.xlsx
2021-12-31,2021,12,januari 2021 - december 2021,Dec 2021,Industriële beroepen en ambachten,Industriële technici,Expert productieproces en -methodes,28,vacatures_202112_all.xlsx
2021-12-31,2021,12,januari 2021 - december 2021,Dec 2021,Industriële beroepen en ambachten,Industriële technici,Industrieel elektromecanicien,400,vacatures_202112_all.xlsx
2021-12-31,2021,12,januari 2021 - december 2021,Dec 2021,Industriële beroepen en ambachten,Industriële technici,Industrieel laborant,6,vacatures_202112_all.xlsx
2021-12-31,2021,12,januari 2021 - december 2021,Dec 2021,Industriële beroepen en ambachten,Industriële technici,Industrieel onderhoudstechnicus,164,vacatures_202112_all.xlsx
2021-12-31,2021,12,januari 2021 - december 2021,Dec 2021,Industriële beroepen en ambachten,Industriële technici,Koeltechnicus,161,vacatures_202112_all.xlsx
2021-12-31,2021,12,januari 2021 - december 2021,Dec 2021,Industriële beroepen en ambachten,Industriële technici,Lifttechnicus,60,vacatures_202112_all.xlsx
2021-12-31,2021,12,januari 2021 - december 2021,Dec 2021,Industriële beroepen en ambachten,Industriële technici,Medewerker kwaliteitscontrole,7,vacatures_202112_all.xlsx
2021-12-31,2021,12,januari 2021 - december 2021,Dec 2021,Industriële beroepen en ambachten,Industriële technici,Onderhoudstechnicus industriële automatisering,1,vacatures_202112_all.xlsx
2021-12-31,2021,12,januari 2021 - december 2021,Dec 2021,Industriële beroepen en ambachten,Industriële technici,Onderhoudstechnicus waterdistributie en sanering,6,vacatures_202112_all.xlsx
2021-12-31,2021,12,januari 2021 - december 2021,Dec 2021,Industriële beroepen en ambachten,Industriële technici,Ontwerper industriële automatisering,25,vacatures_202112_all.xlsx
2021-12-31,2021,12,januari 2021 - december 2021,Dec 2021,Industriële beroepen en ambachten,Industriële technici,Productieplanner,86,vacatures_202112_all.xlsx
2021-12-31,2021,12,januari 2021 - december 2021,Dec 2021,Industriële beroepen en ambachten,Industriële technici,Regeltechnicus klimatisatie,176,vacatures_202112_all.xlsx
2021-12-31,2021,12,januari 2021 - december 2021,Dec 2021,Industriële beroepen en ambachten,Industriële technici,Technicus elektro en elektronica,8,vacatures_202112_all.xlsx
2021-12-31,2021,12,januari 2021 - december 2021,Dec 2021,Industriële beroepen en ambachten,Industriële technici,Technicus elektronische installaties,385,vacatures_202112_all.xlsx
2021-12-31,2021,12,januari 2021 - december 2021,Dec 2021,Industriële beroepen en ambachten,Industriële technici,"Technicus veiligheid, hygiëne en leefmilieu",1,vacatures_202112_all.xlsx
2021-12-31,2021,12,januari 2021 - december 2021,Dec 2021,Industriële beroepen en ambachten,Industriële technici,Werkvoorbereider,61,vacatures_202112_all.xlsx
2021-12-31,2021,12,januari 2021 - december 2021,Dec 2021,Industriële beroepen en ambachten,Medewerkers houtindustrie,Machinaal houtbewerker,1,vacatures_202112_all.xlsx
2021-12-31,2021,12,januari 2021 - december 2021,Dec 2021,Industriële beroepen en ambachten,Medewerkers houtindustrie,Medewerker assemblage houten verpakkingen en palletten,1,vacatures_202112_all.xlsx
2021-12-31,2021,12,januari 2021 - december 2021,Dec 2021,Industriële beroepen en ambachten,Medewerkers houtindustrie,Meubelmaker,124,vacatures_202112_all.xlsx
2021-12-31,2021,12,januari 2021 - december 2021,Dec 2021,Industriële beroepen en ambachten,Medewerkers houtindustrie,Meubelstoffeerder,1,vacatures_202112_all.xlsx
2021-12-31,2021,12,januari 2021 - december 2021,Dec 2021,Industriële beroepen en ambachten,Medewerkers houtindustrie,Operator CNC-gestuurde houtbewerkingsmachines,3,vacatures_202112_all.xlsx
2021-12-31,2021,12,januari 2021 - december 2021,Dec 2021,Industriële beroepen en ambachten,Medewerkers houtindustrie,Operator in de houtzagerij,1,vacatures_202112_all.xlsx
2021-12-31,2021,12,januari 2021 - december 2021,Dec 2021,Industriële beroepen en ambachten,Medewerkers houtindustrie,Productieoperator hout,4,vacatures_202112_all.xlsx
2021-12-31,2021,12,januari 2021 - december 2021,Dec 2021,Industriële beroepen en ambachten,Medewerkers houtindustrie,Werkplaatsschrijnwerker,222,vacatures_202112_all.xlsx
2021-12-31,2021,12,januari 2021 - december 2021,Dec 2021,Industriële beroepen en ambachten,Monteurs en installateurs elektrotechniek,Bordenbouwer - Elektromonteur machinebouw,31,vacatures_202112_all.xlsx
2021-12-31,2021,12,januari 2021 - december 2021,Dec 2021,Industriële beroepen en ambachten,Monteurs en installateurs elektrotechniek,Elektrotechnicus,1269,vacatures_202112_all.xlsx
2021-12-31,2021,12,januari 2021 - december 2021,Dec 2021,Industriële beroepen en ambachten,Monteurs en installateurs elektrotechniek,Technicus industriële elektriciteit,1,vacatures_202112_all.xlsx
2021-12-31,2021,12,januari 2021 - december 2021,Dec 2021,Industriële beroepen en ambachten,Precisietechniekers,Slotenmaker,2,vacatures_202112_all.xlsx
2021-12-31,2021,12,januari 2021 - december 2021,Dec 2021,Industriële beroepen en ambachten,Professionals in de metaalindustrie,Insteller-omsteller plaatbewerking,9,vacatures_202112_all.xlsx
2021-12-31,2021,12,januari 2021 - december 2021,Dec 2021,Industriële beroepen en ambachten,Professionals in de metaalindustrie,Insteller-omsteller verspaning,90,vacatures_202112_all.xlsx
2021-12-31,2021,12,januari 2021 - december 2021,Dec 2021,Industriële beroepen en ambachten,Professionals in de metaalindustrie,Machinebouwer,5,vacatures_202112_all.xlsx
2021-12-31,2021,12,januari 2021 - december 2021,Dec 2021,Industriële beroepen en ambachten,Professionals in de metaalindustrie,Manueel lasser,160,vacatures_202112_all.xlsx
2021-12-31,2021,12,januari 2021 - december 2021,Dec 2021,Industriële beroepen en ambachten,Professionals in de metaalindustrie,Monteur staalconstructies,186,vacatures_202112_all.xlsx
2021-12-31,2021,12,januari 2021 - december 2021,Dec 2021,Industriële beroepen en ambachten,Professionals in de metaalindustrie,Operator gieterij,5,vacatures_202112_all.xlsx
2021-12-31,2021,12,januari 2021 - december 2021,Dec 2021,Industriële beroepen en ambachten,Professionals in de metaalindustrie,Operator montage en assemblage,39,vacatures_202112_all.xlsx
2021-12-31,2021,12,januari 2021 - december 2021,Dec 2021,Industriële beroepen en ambachten,Professionals in de metaalindustrie,Pijpfitter,59,vacatures_202112_all.xlsx
2021-12-31,2021,12,januari 2021 - december 2021,Dec 2021,Industriële beroepen en ambachten,Professionals in de metaalindustrie,Productieoperator metaal,22,vacatures_202112_all.xlsx
2021-12-31,2021,12,januari 2021 - december 2021,Dec 2021,Industriële beroepen en ambachten,Professionals in de metaalindustrie,Rigger-monteerder,53,vacatures_202112_all.xlsx
2021-12-31,2021,12,januari 2021 - december 2021,Dec 2021,Industriële beroepen en ambachten,Specialisten chemie en kunststoffen,Procesoperator chemische industrie,11,vacatures_202112_all.xlsx
2021-12-31,2021,12,januari 2021 - december 2021,Dec 2021,Industriële beroepen en ambachten,Specialisten chemie en kunststoffen,Procesoperator energetische en petrochemische industrie,3,vacatures_202112_all.xlsx
2021-12-31,2021,12,januari 2021 - december 2021,Dec 2021,Industriële beroepen en ambachten,Specialisten chemie en kunststoffen,Productiemedewerker kunststofverwerking,1,vacatures_202112_all.xlsx
2021-12-31,2021,12,januari 2021 - december 2021,Dec 2021,Industriële beroepen en ambachten,Technisch leidinggevenden,Afdelingsverantwoordelijke productie,10,vacatures_202112_all.xlsx
2021-12-31,2021,12,januari 2021 - december 2021,Dec 2021,Industriële beroepen en ambachten,Technisch leidinggevenden,Productiemanager,15,vacatures_202112_all.xlsx
2021-12-31,2021,12,januari 2021 - december 2021,Dec 2021,Industriële beroepen en ambachten,Technisch leidinggevenden,Projectmanager engineering,116,vacatures_202112_all.xlsx
2021-12-31,2021,12,januari 2021 - december 2021,Dec 2021,Industriële beroepen en ambachten,Technisch leidinggevenden,Teamleader productie,9,vacatures_202112_all.xlsx
2021-12-31,2021,12,januari 2021 - december 2021,Dec 2021,Industriële beroepen en ambachten,Technisch leidinggevenden,Verantwoordelijke beheer en onderhoud van voertuigen,4,vacatures_202112_all.xlsx
2021-12-31,2021,12,januari 2021 - december 2021,Dec 2021,Industriële beroepen en ambachten,Technisch leidinggevenden,Verantwoordelijke industrieel onderhoud,21,vacatures_202112_all.xlsx
2021-12-31,2021,12,januari 2021 - december 2021,Dec 2021,Industriële beroepen en ambachten,Technisch leidinggevenden,Verantwoordelijke kwaliteitscontrole,21,vacatures_202112_all.xlsx
2021-12-31,2021,12,januari 2021 - december 2021,Dec 2021,Industriële beroepen en ambachten,Tekenaars en vormgevers,Grafisch vormgever,5,vacatures_202112_all.xlsx
2021-12-31,2021,12,januari 2021 - december 2021,Dec 2021,Industriële beroepen en ambachten,Tekenaars en vormgevers,Productontwikkelaar,6,vacatures_202112_all.xlsx
2021-12-31,2021,12,januari 2021 - december 2021,Dec 2021,Industriële beroepen en ambachten,Tekenaars en vormgevers,"Tekenaar-ontwerper elektriciteit, elektronica",55,vacatures_202112_all.xlsx
2021-12-31,2021,12,januari 2021 - december 2021,Dec 2021,Industriële beroepen en ambachten,Tekenaars en vormgevers,Tekenaar-ontwerper mechanica,25,vacatures_202112_all.xlsx
2021-12-31,2021,12,januari 2021 - december 2021,Dec 2021,Industriële beroepen en ambachten,Voer- en werktuigherstellers,Monteur-demonteur carrosserie,1,vacatures_202112_all.xlsx
2021-12-31,2021,12,januari 2021 - december 2021,Dec 2021,Industriële beroepen en ambachten,Voer- en werktuigherstellers,Onderhoudsmecanicien van personenwagens en lichte bedrijfsvoertuigen,6,vacatures_202112_all.xlsx
2021-12-31,2021,12,januari 2021 - december 2021,Dec 2021,Industriële beroepen en ambachten,Voer- en werktuigherstellers,Onderhoudsmecanicien van zware bedrijfsvoertuigen,29,vacatures_202112_all.xlsx
2021-12-31,2021,12,januari 2021 - december 2021,Dec 2021,Industriële beroepen en ambachten,Voer- en werktuigherstellers,Plaatwerker carrosserie,5,vacatures_202112_all.xlsx
2021-12-31,2021,12,januari 2021 - december 2021,Dec 2021,Industriële beroepen en ambachten,Voer- en werktuigherstellers,Spuiter carrosserie,13,vacatures_202112_all.xlsx
2021-12-31,2021,12,januari 2021 - december 2021,Dec 2021,Industriële beroepen en ambachten,Voer- en werktuigherstellers,"Technicus werf-, landbouw- en hefmachines",31,vacatures_202112_all.xlsx
2021-12-31,2021,12,januari 2021 - december 2021,Dec 2021,Industriële beroepen en ambachten,Voer- en werktuigherstellers,Werktuigkundige scheepvaart,7,vacatures_202112_all.xlsx
2021-12-31,2021,12,januari 2021 - december 2021,Dec 2021,"Land-, tuin- en bosbouw- en visserijberoepen","Land-, tuin- en bosbouwers en vissers",Bestuurder van bosexploitatiemachines,4,vacatures_202112_all.xlsx
2021-12-31,2021,12,januari 2021 - december 2021,Dec 2021,"Land-, tuin- en bosbouw- en visserijberoepen","Land-, tuin- en bosbouwers en vissers",Boomverzorger,1,vacatures_202112_all.xlsx
2021-12-31,2021,12,januari 2021 - december 2021,Dec 2021,"Land-, tuin- en bosbouw- en visserijberoepen","Land-, tuin- en bosbouwers en vissers",Medewerker landbouw,3,vacatures_202112_all.xlsx
2021-12-31,2021,12,januari 2021 - december 2021,Dec 2021,"Land-, tuin- en bosbouw- en visserijberoepen","Land-, tuin- en bosbouwers en vissers",Medewerker loonwerk,4,vacatures_202112_all.xlsx
2021-12-31,2021,12,januari 2021 - december 2021,Dec 2021,"Land-, tuin- en bosbouw- en visserijberoepen","Land-, tuin- en bosbouwers en vissers",Medewerker paardenhouderij,1,vacatures_202112_all.xlsx
2021-12-31,2021,12,januari 2021 - december 2021,Dec 2021,"Land-, tuin- en bosbouw- en visserijberoepen","Land-, tuin- en bosbouwers en vissers",Medewerker tuin- en groenaanleg en -onderhoud,123,vacatures_202112_all.xlsx
2021-12-31,2021,12,januari 2021 - december 2021,Dec 2021,"Land-, tuin- en bosbouw- en visserijberoepen","Land-, tuin- en bosbouwers en vissers",Medewerker tuinbouw,14,vacatures_202112_all.xlsx
2021-12-31,2021,12,januari 2021 - december 2021,Dec 2021,"Land-, tuin- en bosbouw- en visserijberoepen","Land-, tuin- en bosbouwers en vissers",Productieverantwoordelijke land- en tuinbouw,3,vacatures_202112_all.xlsx
2021-12-31,2021,12,januari 2021 - december 2021,Dec 2021,"Land-, tuin- en bosbouw- en visserijberoepen","Land-, tuin- en bosbouwers en vissers",Verantwoordelijke tuin- en groenaanleg en -onderhoud,4,vacatures_202112_all.xlsx
2021-12-31,2021,12,januari 2021 - december 2021,Dec 2021,"Medische, paramedische en verzorgende beroepen",Medisch personeel,Kinesitherapeut,1,vacatures_202112_all.xlsx
2021-12-31,2021,12,januari 2021 - december 2021,Dec 2021,"Medische, paramedische en verzorgende beroepen",Medisch personeel,Preventiearts,1,vacatures_202112_all.xlsx
2021-12-31,2021,12,januari 2021 - december 2021,Dec 2021,"Medische, paramedische en verzorgende beroepen",Paramedici,Orthopedisch technoloog,0,vacatures_202112_all.xlsx
2021-12-31,2021,12,januari 2021 - december 2021,Dec 2021,"Medische, paramedische en verzorgende beroepen","Verpleegkundigen, vroedvrouwen en zorgpersoneel",Verpleegkundige,3,vacatures_202112_all.xlsx
2021-12-31,2021,12,januari 2021 - december 2021,Dec 2021,"Medische, paramedische en verzorgende beroepen","Verpleegkundigen, vroedvrouwen en zorgpersoneel",Zorgkundige,1,vacatures_202112_all.xlsx
2021-12-31,2021,12,januari 2021 - december 2021,Dec 2021,Organisatieondersteunende en kennisberoepen,Accountants,Accountant,49,vacatures_202112_all.xlsx
2021-12-31,2021,12,januari 2021 - december 2021,Dec 2021,Organisatieondersteunende en kennisberoepen,Accountants,Assistent accountancy,82,vacatures_202112_all.xlsx
2021-12-31,2021,12,januari 2021 - december 2021,Dec 2021,Organisatieondersteunende en kennisberoepen,Accountants,Credit collector,7,vacatures_202112_all.xlsx
2021-12-31,2021,12,januari 2021 - december 2021,Dec 2021,Organisatieondersteunende en kennisberoepen,Accountants,Dossierbeheerder accountancy,1,vacatures_202112_all.xlsx
2021-12-31,2021,12,januari 2021 - december 2021,Dec 2021,Organisatieondersteunende en kennisberoepen,Administratief medewerkers,Managementassistent,51,vacatures_202112_all.xlsx
2021-12-31,2021,12,januari 2021 - december 2021,Dec 2021,Organisatieondersteunende en kennisberoepen,Administratief medewerkers,Onthaalmedewerker,36,vacatures_202112_all.xlsx
2021-12-31,2021,12,januari 2021 - december 2021,Dec 2021,Organisatieondersteunende en kennisberoepen,Administratief medewerkers,Polyvalent administratief medewerker,709,vacatures_202112_all.xlsx
2021-12-31,2021,12,januari 2021 - december 2021,Dec 2021,Organisatieondersteunende en kennisberoepen,Administratief medewerkers,Technisch-administratief medewerker,190,vacatures_202112_all.xlsx
2021-12-31,2021,12,januari 2021 - december 2021,Dec 2021,Organisatieondersteunende en kennisberoepen,Bedrijfsadviseurs,Adviseur bedrijfsorganisatie en management,2,vacatures_202112_all.xlsx
2021-12-31,2021,12,januari 2021 - december 2021,Dec 2021,Organisatieondersteunende en kennisberoepen,Bedrijfsadviseurs,Business analist,6,vacatures_202112_all.xlsx
2021-12-31,2021,12,januari 2021 - december 2021,Dec 2021,Organisatieondersteunende en kennisberoepen,Bedrijfsadviseurs,Business en financial controller,24,vacatures_202112_all.xlsx
2021-12-31,2021,12,januari 2021 - december 2021,Dec 2021,Organisatieondersteunende en kennisberoepen,Bedrijfsadviseurs,Mediabuyer,1,vacatures_202112_all.xlsx
2021-12-31,2021,12,januari 2021 - december 2021,Dec 2021,Organisatieondersteunende en kennisberoepen,Bedrijfsadviseurs,Preventieadviseur,24,vacatures_202112_all.xlsx
2021-12-31,2021,12,januari 2021 - december 2021,Dec 2021,Organisatieondersteunende en kennisberoepen,Bedrijfsadviseurs,Projectmanager business,6,vacatures_202112_all.xlsx
2021-12-31,2021,12,januari 2021 - december 2021,Dec 2021,Organisatieondersteunende en kennisberoepen,Controleurs en inspecteurs,Technisch inspecteur industrie,15,vacatures_202112_all.xlsx
2021-12-31,2021,12,januari 2021 - december 2021,Dec 2021,Organisatieondersteunende en kennisberoepen,HR-experts,Payroll advisor,19,vacatures_202112_all.xlsx
2021-12-31,2021,12,januari 2021 - december 2021,Dec 2021,Organisatieondersteunende en kennisberoepen,HR-experts,Personeelsmedewerker,33,vacatures_202112_all.xlsx
2021-12-31,2021,12,januari 2021 - december 2021,Dec 2021,Organisatieondersteunende en kennisberoepen,HR-experts,Verantwoordelijke werving en opleiding,35,vacatures_202112_all.xlsx
2021-12-31,2021,12,januari 2021 - december 2021,Dec 2021,Organisatieondersteunende en kennisberoepen,Informatici en ICT-medewerkers,Data engineer,2,vacatures_202112_all.xlsx
2021-12-31,2021,12,januari 2021 - december 2021,Dec 2021,Organisatieondersteunende en kennisberoepen,Informatici en ICT-medewerkers,ICT architect,2,vacatures_202112_all.xlsx
2021-12-31,2021,12,januari 2021 - december 2021,Dec 2021,Organisatieondersteunende en kennisberoepen,Informatici en ICT-medewerkers,Integratie expert ICT,23,vacatures_202112_all.xlsx
2021-12-31,2021,12,januari 2021 - december 2021,Dec 2021,Organisatieondersteunende en kennisberoepen,Informatici en ICT-medewerkers,Netwerk engineer telecom,2,vacatures_202112_all.xlsx
2021-12-31,2021,12,januari 2021 - december 2021,Dec 2021,Organisatieondersteunende en kennisberoepen,Informatici en ICT-medewerkers,Netwerkbeheerder,7,vacatures_202112_all.xlsx
2021-12-31,2021,12,januari 2021 - december 2021,Dec 2021,Organisatieondersteunende en kennisberoepen,Informatici en ICT-medewerkers,Software analist,7,vacatures_202112_all.xlsx
2021-12-31,2021,12,januari 2021 - december 2021,Dec 2021,Organisatieondersteunende en kennisberoepen,Informatici en ICT-medewerkers,Software ontwikkelaar,17,vacatures_202112_all.xlsx
2021-12-31,2021,12,januari 2021 - december 2021,Dec 2021,Organisatieondersteunende en kennisberoepen,Informatici en ICT-medewerkers,Support medewerker ICT,34,vacatures_202112_all.xlsx
2021-12-31,2021,12,januari 2021 - december 2021,Dec 2021,Organisatieondersteunende en kennisberoepen,Informatici en ICT-medewerkers,Systeembeheerder,7,vacatures_202112_all.xlsx
2021-12-31,2021,12,januari 2021 - december 2021,Dec 2021,Organisatieondersteunende en kennisberoepen,Informatici en ICT-medewerkers,Websitebeheerder,1,vacatures_202112_all.xlsx
2021-12-31,2021,12,januari 2021 - december 2021,Dec 2021,Organisatieondersteunende en kennisberoepen,Leidinggevenden,Administratief en financieel verantwoordelijke,16,vacatures_202112_all.xlsx
2021-12-31,2021,12,januari 2021 - december 2021,Dec 2021,Organisatieondersteunende en kennisberoepen,Leidinggevenden,Algemeen directeur,8,vacatures_202112_all.xlsx
2021-12-31,2021,12,januari 2021 - december 2021,Dec 2021,Organisatieondersteunende en kennisberoepen,Leidinggevenden,Facility manager,15,vacatures_202112_all.xlsx
2021-12-31,2021,12,januari 2021 - december 2021,Dec 2021,Organisatieondersteunende en kennisberoepen,Leidinggevenden,HR-manager,30,vacatures_202112_all.xlsx
2021-12-31,2021,12,januari 2021 - december 2021,Dec 2021,Organisatieondersteunende en kennisberoepen,Leidinggevenden,Marketingmanager,42,vacatures_202112_all.xlsx
2021-12-31,2021,12,januari 2021 - december 2021,Dec 2021,Organisatieondersteunende en kennisberoepen,Leidinggevenden,Sales manager,2,vacatures_202112_all.xlsx
2021-12-31,2021,12,januari 2021 - december 2021,Dec 2021,Organisatieondersteunende en kennisberoepen,Leidinggevenden,"Uitbater sport-, recreatief of toeristisch centrum",8,vacatures_202112_all.xlsx
2021-12-31,2021,12,januari 2021 - december 2021,Dec 2021,Organisatieondersteunende en kennisberoepen,Leidinggevenden,Verantwoordelijke ICT,5,vacatures_202112_all.xlsx
2021-12-31,2021,12,januari 2021 - december 2021,Dec 2021,Organisatieondersteunende en kennisberoepen,Leidinggevenden,Verantwoordelijke contactcenter,3,vacatures_202112_all.xlsx
2021-12-31,2021,12,januari 2021 - december 2021,Dec 2021,Organisatieondersteunende en kennisberoepen,Leidinggevenden,"Verantwoordelijke gezondheids-, sociale of penitentiaire instelling",1,vacatures_202112_all.xlsx
2021-12-31,2021,12,januari 2021 - december 2021,Dec 2021,Organisatieondersteunende en kennisberoepen,Leidinggevenden,Verantwoordelijke verkoopadministratie,3,vacatures_202112_all.xlsx
2021-12-31,2021,12,januari 2021 - december 2021,Dec 2021,Organisatieondersteunende en kennisberoepen,"Medewerkers commerciële strategie, marketing en verkoop",Aankoper,58,vacatures_202112_all.xlsx
2021-12-31,2021,12,januari 2021 - december 2021,Dec 2021,Organisatieondersteunende en kennisberoepen,"Medewerkers commerciële strategie, marketing en verkoop",Accountmanager sales,1,vacatures_202112_all.xlsx
2021-12-31,2021,12,januari 2021 - december 2021,Dec 2021,Organisatieondersteunende en kennisberoepen,"Medewerkers commerciële strategie, marketing en verkoop",Business developer,2,vacatures_202112_all.xlsx
2021-12-31,2021,12,januari 2021 - december 2021,Dec 2021,Organisatieondersteunende en kennisberoepen,"Medewerkers commerciële strategie, marketing en verkoop",Commercieel medewerker binnendienst,56,vacatures_202112_all.xlsx
2021-12-31,2021,12,januari 2021 - december 2021,Dec 2021,Organisatieondersteunende en kennisberoepen,"Medewerkers commerciële strategie, marketing en verkoop",Contactcenter medewerker,113,vacatures_202112_all.xlsx
2021-12-31,2021,12,januari 2021 - december 2021,Dec 2021,Organisatieondersteunende en kennisberoepen,"Medewerkers commerciële strategie, marketing en verkoop",Content marketeer,12,vacatures_202112_all.xlsx
2021-12-31,2021,12,januari 2021 - december 2021,Dec 2021,Organisatieondersteunende en kennisberoepen,"Medewerkers commerciële strategie, marketing en verkoop",Digital marketeer,8,vacatures_202112_all.xlsx
2021-12-31,2021,12,januari 2021 - december 2021,Dec 2021,Organisatieondersteunende en kennisberoepen,"Medewerkers commerciële strategie, marketing en verkoop",Digital sales assistant,43,vacatures_202112_all.xlsx
2021-12-31,2021,12,januari 2021 - december 2021,Dec 2021,Organisatieondersteunende en kennisberoepen,"Medewerkers commerciële strategie, marketing en verkoop",Marketing assistent,5,vacatures_202112_all.xlsx
2021-12-31,2021,12,januari 2021 - december 2021,Dec 2021,Organisatieondersteunende en kennisberoepen,"Medewerkers commerciële strategie, marketing en verkoop",Productmanager,3,vacatures_202112_all.xlsx
2021-12-31,2021,12,januari 2021 - december 2021,Dec 2021,Organisatieondersteunende en kennisberoepen,"Medewerkers commerciële strategie, marketing en verkoop",SEO-expert,1,vacatures_202112_all.xlsx
2021-12-31,2021,12,januari 2021 - december 2021,Dec 2021,Organisatieondersteunende en kennisberoepen,"Medewerkers commerciële strategie, marketing en verkoop",Sales engineer,32,vacatures_202112_all.xlsx
2021-12-31,2021,12,januari 2021 - december 2021,Dec 2021,Organisatieondersteunende en kennisberoepen,"Medewerkers commerciële strategie, marketing en verkoop",Verantwoordelijke verkooppromotie,10,vacatures_202112_all.xlsx
2021-12-31,2021,12,januari 2021 - december 2021,Dec 2021,Organisatieondersteunende en kennisberoepen,Onderzoeksmedewerkers en beleidsexperten,Beleidsdeskundige,15,vacatures_202112_all.xlsx
2021-12-31,2021,12,januari 2021 - december 2021,Dec 2021,Organisatieondersteunende en kennisberoepen,Onderzoeksmedewerkers en beleidsexperten,Expert lokale ontwikkeling,2,vacatures_202112_all.xlsx
2021-12-31,2021,12,januari 2021 - december 2021,Dec 2021,Organisatieondersteunende en kennisberoepen,Onderzoeksmedewerkers en beleidsexperten,Marktonderzoeker,1,vacatures_202112_all.xlsx
2021-12-31,2021,12,januari 2021 - december 2021,Dec 2021,Organisatieondersteunende en kennisberoepen,Onderzoeksmedewerkers en beleidsexperten,Wetenschappelijk onderzoeker,1,vacatures_202112_all.xlsx
2021-12-31,2021,12,januari 2021 - december 2021,Dec 2021,Organisatieondersteunende en kennisberoepen,Specialisten kennisbeheer en communicatie,Archiefmedewerker,1,vacatures_202112_all.xlsx
2021-12-31,2021,12,januari 2021 - december 2021,Dec 2021,Organisatieondersteunende en kennisberoepen,Specialisten kennisbeheer en communicatie,Erfgoedkundige,3,vacatures_202112_all.xlsx
2021-12-31,2021,12,januari 2021 - december 2021,Dec 2021,Organisatieondersteunende en kennisberoepen,Specialisten kennisbeheer en communicatie,Medewerker communicatie,5,vacatures_202112_all.xlsx
2021-12-31,2021,12,januari 2021 - december 2021,Dec 2021,Organisatieondersteunende en kennisberoepen,Specialisten kennisbeheer en communicatie,Technisch redacteur,2,vacatures_202112_all.xlsx
2021-12-31,2021,12,januari 2021 - december 2021,Dec 2021,Pedagogische beroepen,Onderwijzend en leidinggevend personeel in onderwijs,Leerkracht secundair onderwijs,2,vacatures_202112_all.xlsx
2021-12-31,2021,12,januari 2021 - december 2021,Dec 2021,Pedagogische beroepen,Onderwijzend en leidinggevend personeel in onderwijs,Opleider volwassenen,2,vacatures_202112_all.xlsx
2021-12-31,2021,12,januari 2021 - december 2021,Dec 2021,Pedagogische beroepen,Onderwijzend en leidinggevend personeel in onderwijs,Pedagogisch coördinator,2,vacatures_202112_all.xlsx
2021-12-31,2021,12,januari 2021 - december 2021,Dec 2021,Pedagogische beroepen,Opvoedkundig personeel,Kinderbegeleider baby's en peuters,1,vacatures_202112_all.xlsx
2021-12-31,2021,12,januari 2021 - december 2021,Dec 2021,Pedagogische beroepen,Opvoedkundig personeel,Kinderbegeleider schoolgaande kinderen,3,vacatures_202112_all.xlsx
2021-12-31,2021,12,januari 2021 - december 2021,Dec 2021,Pedagogische beroepen,Opvoedkundig personeel,Monitor-begeleider in de sociale economie,1,vacatures_202112_all.xlsx
2021-12-31,2021,12,januari 2021 - december 2021,Dec 2021,Transport- en logistieke beroepen,Bestuurders in het wegtransport,Taxichauffeur en chauffeur privévervoer,4,vacatures_202112_all.xlsx
2021-12-31,2021,12,januari 2021 - december 2021,Dec 2021,Transport- en logistieke beroepen,Bestuurders in het wegtransport,Vrachtwagenbestuurder,432,vacatures_202112_all.xlsx
2021-12-31,2021,12,januari 2021 - december 2021,Dec 2021,Transport- en logistieke beroepen,Transport- en logistiek personeel,Dispatcher goederenvervoer,39,vacatures_202112_all.xlsx
2021-12-31,2021,12,januari 2021 - december 2021,Dec 2021,Transport- en logistieke beroepen,Transport- en logistiek personeel,Dispatcher personenvervoer,1,vacatures_202112_all.xlsx
2021-12-31,2021,12,januari 2021 - december 2021,Dec 2021,Transport- en logistieke beroepen,Transport- en logistiek personeel,Heftruckchauffeur,5,vacatures_202112_all.xlsx
2021-12-31,2021,12,januari 2021 - december 2021,Dec 2021,Transport- en logistieke beroepen,Transport- en logistiek personeel,Koerier besteller,6,vacatures_202112_all.xlsx
2021-12-31,2021,12,januari 2021 - december 2021,Dec 2021,Transport- en logistieke beroepen,Transport- en logistiek personeel,Logistiek verantwoordelijke,26,vacatures_202112_all.xlsx
2021-12-31,2021,12,januari 2021 - december 2021,Dec 2021,Transport- en logistieke beroepen,Transport- en logistiek personeel,Magazijnbeheerder,34,vacatures_202112_all.xlsx
2021-12-31,2021,12,januari 2021 - december 2021,Dec 2021,Transport- en logistieke beroepen,Transport- en logistiek personeel,Magazijnmedewerker,291,vacatures_202112_all.xlsx
2021-12-31,2021,12,januari 2021 - december 2021,Dec 2021,Transport- en logistieke beroepen,Transport- en logistiek personeel,Medewerker internationaal goederenverkeer,3,vacatures_202112_all.xlsx
2021-12-31,2021,12,januari 2021 - december 2021,Dec 2021,Transport- en logistieke beroepen,Transport- en logistiek personeel,Transportmanager,1,vacatures_202112_all.xlsx
2021-12-31,2021,12,januari 2021 - december 2021,Dec 2021,Transport- en logistieke beroepen,Transport- en logistiek personeel,Verantwoordelijke logistieke site,5,vacatures_202112_all.xlsx
2021-12-31,2021,12,januari 2021 - december 2021,Dec 2021,Transport- en logistieke beroepen,Transport- en logistiek personeel,Verhuizer,14,vacatures_202112_all.xlsx
2021-12-31,2021,12,januari 2021 - december 2021,Dec 2021,Transport- en logistieke beroepen,"Werknemers spoor-, water-, luchttransport",Matroos binnenscheepvaart,0,vacatures_202112_all.xlsx
2021-12-31,2021,12,januari 2021 - december 2021,Dec 2021,Transport- en logistieke beroepen,"Werknemers spoor-, water-, luchttransport",Schipper-stuurman binnenscheepvaart,2,vacatures_202112_all.xlsx
2021-12-31,2021,12,januari 2021 - december 2021,Dec 2021,Transport- en logistieke beroepen,"Werknemers spoor-, water-, luchttransport",Spoorwerker,13,vacatures_202112_all.xlsx
2021-12-31,2021,12,januari 2021 - december 2021,Dec 2021,Vrijetijds- en artistieke beroepen,"Artiesten, kunstenaars en andere culturele beroepen",Danser,2,vacatures_202112_all.xlsx
2021-12-31,2021,12,januari 2021 - december 2021,Dec 2021,Vrijetijds- en artistieke beroepen,"Medewerkers bij toerisme, vrije tijd en sport",Attractiebediener,2,vacatures_202112_all.xlsx
2021-12-31,2021,12,januari 2021 - december 2021,Dec 2021,Vrijetijds- en artistieke beroepen,"Medewerkers bij toerisme, vrije tijd en sport",Eventmanager,1,vacatures_202112_all.xlsx
2021-12-31,2021,12,januari 2021 - december 2021,Dec 2021,Vrijetijds- en artistieke beroepen,"Medewerkers bij toerisme, vrije tijd en sport",Fitnessbegeleider,11,vacatures_202112_all.xlsx
2021-12-31,2021,12,januari 2021 - december 2021,Dec 2021,Vrijetijds- en artistieke beroepen,"Medewerkers bij toerisme, vrije tijd en sport",Redder,14,vacatures_202112_all.xlsx
2021-12-31,2021,12,januari 2021 - december 2021,Dec 2021,Vrijetijds- en artistieke beroepen,"Medewerkers bij toerisme, vrije tijd en sport",Sporttrainer,2,vacatures_202112_all.xlsx
2021-12-31,2021,12,januari 2021 - december 2021,Dec 2021,Vrijetijds- en artistieke beroepen,Podium- en audiovisuele technici,Polyvalent podiumtechnicus,1,vacatures_202112_all.xlsx
2022-12-31,2022,12,januari 2022 - december 2022,Dec 2022,Bouwberoepen,Bouwtechnici,Architect,23,vacatures_202212_all.xlsx
2022-12-31,2022,12,januari 2022 - december 2022,Dec 2022,Bouwberoepen,Bouwtechnici,BIM-expert (Building Information Modeling),13,vacatures_202212_all.xlsx
2022-12-31,2022,12,januari 2022 - december 2022,Dec 2022,Bouwberoepen,Bouwtechnici,Bodemonderzoeker,2,vacatures_202212_all.xlsx
2022-12-31,2022,12,januari 2022 - december 2022,Dec 2022,Bouwberoepen,Bouwtechnici,Bouwkundig tekenaar,221,vacatures_202212_all.xlsx
2022-12-31,2022,12,januari 2022 - december 2022,Dec 2022,Bouwberoepen,Bouwtechnici,Calculator bouw,411,vacatures_202212_all.xlsx
2022-12-31,2022,12,januari 2022 - december 2022,Dec 2022,Bouwberoepen,Bouwtechnici,Ingenieur studie en advies bouw,164,vacatures_202212_all.xlsx
2022-12-31,2022,12,januari 2022 - december 2022,Dec 2022,Bouwberoepen,Bouwtechnici,Interieurarchitect interieurvormgever,51,vacatures_202212_all.xlsx
2022-12-31,2022,12,januari 2022 - december 2022,Dec 2022,Bouwberoepen,Bouwtechnici,Landmeter,24,vacatures_202212_all.xlsx
2022-12-31,2022,12,januari 2022 - december 2022,Dec 2022,Bouwberoepen,Bouwtechnici,Projectleider bouw en openbare werken,354,vacatures_202212_all.xlsx
2022-12-31,2022,12,januari 2022 - december 2022,Dec 2022,Bouwberoepen,Bouwtechnici,Veiligheidscoördinator,42,vacatures_202212_all.xlsx
2022-12-31,2022,12,januari 2022 - december 2022,Dec 2022,Bouwberoepen,Bouwtechnici,Werfbediende,38,vacatures_202212_all.xlsx
2022-12-31,2022,12,januari 2022 - december 2022,Dec 2022,Bouwberoepen,Bouwtechnici,Werfleider,685,vacatures_202212_all.xlsx
2022-12-31,2022,12,januari 2022 - december 2022,Dec 2022,Bouwberoepen,Bouwvakkers,"Aansluiter van waterleidingen, rioleringen en warmtenetten",31,vacatures_202212_all.xlsx
2022-12-31,2022,12,januari 2022 - december 2022,Dec 2022,Bouwberoepen,Bouwvakkers,Asbestverwijderaar,43,vacatures_202212_all.xlsx
2022-12-31,2022,12,januari 2022 - december 2022,Dec 2022,Bouwberoepen,Bouwvakkers,Bekister-betonneerder,324,vacatures_202212_all.xlsx
2022-12-31,2022,12,januari 2022 - december 2022,Dec 2022,Bouwberoepen,Bouwvakkers,Beveiligingstechnicus,84,vacatures_202212_all.xlsx
2022-12-31,2022,12,januari 2022 - december 2022,Dec 2022,Bouwberoepen,Bouwvakkers,Brandertechnicus,30,vacatures_202212_all.xlsx
2022-12-31,2022,12,januari 2022 - december 2022,Dec 2022,Bouwberoepen,Bouwvakkers,Daktimmerman,55,vacatures_202212_all.xlsx
2022-12-31,2022,12,januari 2022 - december 2022,Dec 2022,Bouwberoepen,Bouwvakkers,Dakwerker,754,vacatures_202212_all.xlsx
2022-12-31,2022,12,januari 2022 - december 2022,Dec 2022,Bouwberoepen,Bouwvakkers,Datacommunicatie- en netwerktechnicus,1048,vacatures_202212_all.xlsx
2022-12-31,2022,12,januari 2022 - december 2022,Dec 2022,Bouwberoepen,Bouwvakkers,Dekvloerlegger,21,vacatures_202212_all.xlsx
2022-12-31,2022,12,januari 2022 - december 2022,Dec 2022,Bouwberoepen,Bouwvakkers,Elektrotechnisch installateur,106,vacatures_202212_all.xlsx
2022-12-31,2022,12,januari 2022 - december 2022,Dec 2022,Bouwberoepen,Bouwvakkers,Gevelreiniger,10,vacatures_202212_all.xlsx
2022-12-31,2022,12,januari 2022 - december 2022,Dec 2022,Bouwberoepen,Bouwvakkers,Gevelrenoveerder-betonhersteller,81,vacatures_202212_all.xlsx
2022-12-31,2022,12,januari 2022 - december 2022,Dec 2022,Bouwberoepen,Bouwvakkers,Glaswerker,50,vacatures_202212_all.xlsx
2022-12-31,2022,12,januari 2022 - december 2022,Dec 2022,Bouwberoepen,Bouwvakkers,Industrieel isolatiewerker,78,vacatures_202212_all.xlsx
2022-12-31,2022,12,januari 2022 - december 2022,Dec 2022,Bouwberoepen,Bouwvakkers,Installateur elektrotechnische basiscomponenten,15,vacatures_202212_all.xlsx
2022-12-31,2022,12,januari 2022 - december 2022,Dec 2022,Bouwberoepen,Bouwvakkers,Installateur energiemanagementsystemen,218,vacatures_202212_all.xlsx
2022-12-31,2022,12,januari 2022 - december 2022,Dec 2022,Bouwberoepen,Bouwvakkers,Installateur nutsvoorzieningen,59,vacatures_202212_all.xlsx
2022-12-31,2022,12,januari 2022 - december 2022,Dec 2022,Bouwberoepen,Bouwvakkers,Interieurbouwer,270,vacatures_202212_all.xlsx
2022-12-31,2022,12,januari 2022 - december 2022,Dec 2022,Bouwberoepen,Bouwvakkers,Isoleerder ruwbouw en dak,37,vacatures_202212_all.xlsx
2022-12-31,2022,12,januari 2022 - december 2022,Dec 2022,Bouwberoepen,Bouwvakkers,Medewerker ruwbouw,1100,vacatures_202212_all.xlsx
2022-12-31,2022,12,januari 2022 - december 2022,Dec 2022,Bouwberoepen,Bouwvakkers,Metselaar,779,vacatures_202212_all.xlsx
2022-12-31,2022,12,januari 2022 - december 2022,Dec 2022,Bouwberoepen,Bouwvakkers,Monteur installatietechnieken,1211,vacatures_202212_all.xlsx
2022-12-31,2022,12,januari 2022 - december 2022,Dec 2022,Bouwberoepen,Bouwvakkers,Natuursteenbewerker,24,vacatures_202212_all.xlsx
2022-12-31,2022,12,januari 2022 - december 2022,Dec 2022,Bouwberoepen,Bouwvakkers,Onderhoudsmedewerker gebouwen,101,vacatures_202212_all.xlsx
2022-12-31,2022,12,januari 2022 - december 2022,Dec 2022,Bouwberoepen,Bouwvakkers,Onderhoudsmedewerker wegennet,20,vacatures_202212_all.xlsx
2022-12-31,2022,12,januari 2022 - december 2022,Dec 2022,Bouwberoepen,Bouwvakkers,Onderwaterwerker,1,vacatures_202212_all.xlsx
2022-12-31,2022,12,januari 2022 - december 2022,Dec 2022,Bouwberoepen,Bouwvakkers,Plaatser binnenschrijnwerk,242,vacatures_202212_all.xlsx
2022-12-31,2022,12,januari 2022 - december 2022,Dec 2022,Bouwberoepen,Bouwvakkers,Plaatser buitenschrijnwerk,829,vacatures_202212_all.xlsx
2022-12-31,2022,12,januari 2022 - december 2022,Dec 2022,Bouwberoepen,Bouwvakkers,Plaatser van boven- en ondergrondse leidingen,133,vacatures_202212_all.xlsx
2022-12-31,2022,12,januari 2022 - december 2022,Dec 2022,Bouwberoepen,Bouwvakkers,Plaatser van houten vloerbedekking,10,vacatures_202212_all.xlsx
2022-12-31,2022,12,januari 2022 - december 2022,Dec 2022,Bouwberoepen,Bouwvakkers,Plaatser van soepele vloerbekledingen,9,vacatures_202212_all.xlsx
2022-12-31,2022,12,januari 2022 - december 2022,Dec 2022,Bouwberoepen,Bouwvakkers,Rioollegger,49,vacatures_202212_all.xlsx
2022-12-31,2022,12,januari 2022 - december 2022,Dec 2022,Bouwberoepen,Bouwvakkers,Schilder-decorateur,405,vacatures_202212_all.xlsx
2022-12-31,2022,12,januari 2022 - december 2022,Dec 2022,Bouwberoepen,Bouwvakkers,Schrijnwerker houtbouw,46,vacatures_202212_all.xlsx
2022-12-31,2022,12,januari 2022 - december 2022,Dec 2022,Bouwberoepen,Bouwvakkers,Steigerbouwer,118,vacatures_202212_all.xlsx
2022-12-31,2022,12,januari 2022 - december 2022,Dec 2022,Bouwberoepen,Bouwvakkers,Stukadoor,264,vacatures_202212_all.xlsx
2022-12-31,2022,12,januari 2022 - december 2022,Dec 2022,Bouwberoepen,Bouwvakkers,Technicus hernieuwbare energietechnieken,96,vacatures_202212_all.xlsx
2022-12-31,2022,12,januari 2022 - december 2022,Dec 2022,Bouwberoepen,Bouwvakkers,Technicus installatietechnieken,49,vacatures_202212_all.xlsx
2022-12-31,2022,12,januari 2022 - december 2022,Dec 2022,Bouwberoepen,Bouwvakkers,Vloerder-tegelzetter,218,vacatures_202212_all.xlsx
2022-12-31,2022,12,januari 2022 - december 2022,Dec 2022,Bouwberoepen,Bouwvakkers,Voeger,53,vacatures_202212_all.xlsx
2022-12-31,2022,12,januari 2022 - december 2022,Dec 2022,Bouwberoepen,Bouwvakkers,Wegenwerker,1387,vacatures_202212_all.xlsx
2022-12-31,2022,12,januari 2022 - december 2022,Dec 2022,Bouwberoepen,Machinisten en kraanmannen,Bediener grondverzetmachines,354,vacatures_202212_all.xlsx
2022-12-31,2022,12,januari 2022 - december 2022,Dec 2022,Bouwberoepen,Machinisten en kraanmannen,Bediener machines horizontale boringen,11,vacatures_202212_all.xlsx
2022-12-31,2022,12,januari 2022 - december 2022,Dec 2022,Bouwberoepen,Machinisten en kraanmannen,Bediener machines verticale boringen,7,vacatures_202212_all.xlsx
2022-12-31,2022,12,januari 2022 - december 2022,Dec 2022,Bouwberoepen,Machinisten en kraanmannen,Bediener van betonnerings- en asfalteringsmachines,2,vacatures_202212_all.xlsx
2022-12-31,2022,12,januari 2022 - december 2022,Dec 2022,Bouwberoepen,Machinisten en kraanmannen,Kraanbestuurder,345,vacatures_202212_all.xlsx
2022-12-31,2022,12,januari 2022 - december 2022,Dec 2022,Bouwberoepen,Machinisten en kraanmannen,Torenkraanbediener,23,vacatures_202212_all.xlsx
2022-12-31,2022,12,januari 2022 - december 2022,Dec 2022,Dienstverlenende beroepen,Adviesverleners,Arbeidsbemiddelaar-jobcoach,37,vacatures_202212_all.xlsx
2022-12-31,2022,12,januari 2022 - december 2022,Dec 2022,Dienstverlenende beroepen,Adviesverleners,Maatschappelijk werker,9,vacatures_202212_all.xlsx
2022-12-31,2022,12,januari 2022 - december 2022,Dec 2022,Dienstverlenende beroepen,Experts vastgoed,Rentmeester,2,vacatures_202212_all.xlsx
2022-12-31,2022,12,januari 2022 - december 2022,Dec 2022,Dienstverlenende beroepen,Experts vastgoed,Syndicus,1,vacatures_202212_all.xlsx
2022-12-31,2022,12,januari 2022 - december 2022,Dec 2022,Dienstverlenende beroepen,Experts vastgoed,Vastgoedbemiddelaar verkoop en verhuur,7,vacatures_202212_all.xlsx
2022-12-31,2022,12,januari 2022 - december 2022,Dec 2022,Dienstverlenende beroepen,Experts vastgoed,Vastgoedpromotor,7,vacatures_202212_all.xlsx
2022-12-31,2022,12,januari 2022 - december 2022,Dec 2022,Dienstverlenende beroepen,Juridische dienstverleners,Juridisch medewerker,8,vacatures_202212_all.xlsx
2022-12-31,2022,12,januari 2022 - december 2022,Dec 2022,Dienstverlenende beroepen,Juridische dienstverleners,Jurist,16,vacatures_202212_all.xlsx
2022-12-31,2022,12,januari 2022 - december 2022,Dec 2022,Dienstverlenende beroepen,Medewerkers in finance,Adviseur kredieten,0,vacatures_202212_all.xlsx
2022-12-31,2022,12,januari 2022 - december 2022,Dec 2022,Dienstverlenende beroepen,Medewerkers in finance,Beheerder verzekeringen,2,vacatures_202212_all.xlsx
2022-12-31,2022,12,januari 2022 - december 2022,Dec 2022,Dienstverlenende beroepen,Medewerkers in finance,Belastingadviseur,4,vacatures_202212_all.xlsx
2022-12-31,2022,12,januari 2022 - december 2022,Dec 2022,Dienstverlenende beroepen,Medewerkers in finance,Financieel analist,2,vacatures_202212_all.xlsx
2022-12-31,2022,12,januari 2022 - december 2022,Dec 2022,Dienstverlenende beroepen,Medewerkers in finance,Revisor,1,vacatures_202212_all.xlsx
2022-12-31,2022,12,januari 2022 - december 2022,Dec 2022,Dienstverlenende beroepen,Medewerkers in finance,Underwriter verzekeringen,1,vacatures_202212_all.xlsx
2022-12-31,2022,12,januari 2022 - december 2022,Dec 2022,Dienstverlenende beroepen,Ordehandhavers en reddingswerkers,Gemeenschapswacht,1,vacatures_202212_all.xlsx
2022-12-31,2022,12,januari 2022 - december 2022,Dec 2022,Dienstverlenende beroepen,Persoonlijke dienstverleners,Medewerker kuuroord,3,vacatures_202212_all.xlsx
2022-12-31,2022,12,januari 2022 - december 2022,Dec 2022,Dienstverlenende beroepen,Persoonlijke dienstverleners,Schoonheidsspecialist,2,vacatures_202212_all.xlsx
2022-12-31,2022,12,januari 2022 - december 2022,Dec 2022,Dienstverlenende beroepen,Publieke dienstverleners,Cultuurmanager,1,vacatures_202212_all.xlsx
2022-12-31,2022,12,januari 2022 - december 2022,Dec 2022,Dienstverlenende beroepen,Publieke dienstverleners,Sociaal-cultureel begeleider,7,vacatures_202212_all.xlsx
2022-12-31,2022,12,januari 2022 - december 2022,Dec 2022,Dienstverlenende beroepen,Schoonmaak- en onderhoudspersoneel,Huishoudhulp-poetshulp,56,vacatures_202212_all.xlsx
2022-12-31,2022,12,januari 2022 - december 2022,Dec 2022,Dienstverlenende beroepen,Schoonmaak- en onderhoudspersoneel,Industrieel reiniger,20,vacatures_202212_all.xlsx
2022-12-31,2022,12,januari 2022 - december 2022,Dec 2022,Dienstverlenende beroepen,Schoonmaak- en onderhoudspersoneel,Leidinggevende schoonmaak,5,vacatures_202212_all.xlsx
2022-12-31,2022,12,januari 2022 - december 2022,Dec 2022,Dienstverlenende beroepen,Schoonmaak- en onderhoudspersoneel,Medewerker ongediertebestrijding,1,vacatures_202212_all.xlsx
2022-12-31,2022,12,januari 2022 - december 2022,Dec 2022,Dienstverlenende beroepen,Schoonmaak- en onderhoudspersoneel,Onderhoudsmedewerker affichering en straatmeubilair,5,vacatures_202212_all.xlsx
2022-12-31,2022,12,januari 2022 - december 2022,Dec 2022,Dienstverlenende beroepen,Schoonmaak- en onderhoudspersoneel,Recyclageparkwachter,1,vacatures_202212_all.xlsx
2022-12-31,2022,12,januari 2022 - december 2022,Dec 2022,Dienstverlenende beroepen,Schoonmaak- en onderhoudspersoneel,Ruitenwasser,2,vacatures_202212_all.xlsx
2022-12-31,2022,12,januari 2022 - december 2022,Dec 2022,Dienstverlenende beroepen,Schoonmaak- en onderhoudspersoneel,Schoonmaker van ruimten en lokalen,78,vacatures_202212_all.xlsx
2022-12-31,2022,12,januari 2022 - december 2022,Dec 2022,Handels- en verkoopberoepen,Verkooppersoneel,Reisagent,2,vacatures_202212_all.xlsx
2022-12-31,2022,12,januari 2022 - december 2022,Dec 2022,Handels- en verkoopberoepen,Verkooppersoneel,Technisch adviseur klantenondersteuning,4,vacatures_202212_all.xlsx
2022-12-31,2022,12,januari 2022 - december 2022,Dec 2022,Handels- en verkoopberoepen,Verkooppersoneel,"Verhuurder van gereedschappen, transportmiddelen of vrijetijdsmaterieel",1,vacatures_202212_all.xlsx
2022-12-31,2022,12,januari 2022 - december 2022,Dec 2022,Handels- en verkoopberoepen,Verkooppersoneel,Winkelmanager,2,vacatures_202212_all.xlsx
2022-12-31,2022,12,januari 2022 - december 2022,Dec 2022,Handels- en verkoopberoepen,Verkooppersoneel,Winkelmedewerker,12,vacatures_202212_all.xlsx
2022-12-31,2022,12,januari 2022 - december 2022,Dec 2022,Handels- en verkoopberoepen,Verkooppersoneel,Winkelverkoper,115,vacatures_202212_all.xlsx
2022-12-31,2022,12,januari 2022 - december 2022,Dec 2022,Handels- en verkoopberoepen,Vertegenwoordigers,Vertegenwoordiger B2B,248,vacatures_202212_all.xlsx
2022-12-31,2022,12,januari 2022 - december 2022,Dec 2022,Handels- en verkoopberoepen,Vertegenwoordigers,Vertegenwoordiger B2C,30,vacatures_202212_all.xlsx
2022-12-31,2022,12,januari 2022 - december 2022,Dec 2022,Horecaberoepen,Horecapersoneel,Barman,4,vacatures_202212_all.xlsx
2022-12-31,2022,12,januari 2022 - december 2022,Dec 2022,Horecaberoepen,Horecapersoneel,Horecamanager,5,vacatures_202212_all.xlsx
2022-12-31,2022,12,januari 2022 - december 2022,Dec 2022,Horecaberoepen,Horecapersoneel,Hotelreceptionist,2,vacatures_202212_all.xlsx
2022-12-31,2022,12,januari 2022 - december 2022,Dec 2022,Horecaberoepen,Horecapersoneel,Hulpkok,4,vacatures_202212_all.xlsx
2022-12-31,2022,12,januari 2022 - december 2022,Dec 2022,Horecaberoepen,Horecapersoneel,Hulpkok grootkeuken,1,vacatures_202212_all.xlsx
2022-12-31,2022,12,januari 2022 - december 2022,Dec 2022,Horecaberoepen,Horecapersoneel,Kelner,7,vacatures_202212_all.xlsx
2022-12-31,2022,12,januari 2022 - december 2022,Dec 2022,Horecaberoepen,Horecapersoneel,Keukenmedewerker,2,vacatures_202212_all.xlsx
2022-12-31,2022,12,januari 2022 - december 2022,Dec 2022,Horecaberoepen,Horecapersoneel,Kok,0,vacatures_202212_all.xlsx
2022-12-31,2022,12,januari 2022 - december 2022,Dec 2022,Horecaberoepen,Horecapersoneel,Maître d'hôtel,0,vacatures_202212_all.xlsx
2022-12-31,2022,12,januari 2022 - december 2022,Dec 2022,Horecaberoepen,Horecapersoneel,Medewerker fastfood,1,vacatures_202212_all.xlsx
2022-12-31,2022,12,januari 2022 - december 2022,Dec 2022,Industriële beroepen en ambachten,Beoefenaars van ambachten,Ambachtelijk glasbewerker,1,vacatures_202212_all.xlsx
2022-12-31,2022,12,januari 2022 - december 2022,Dec 2022,Industriële beroepen en ambachten,Beoefenaars van ambachten,Ambachtelijk metaalbewerker,1,vacatures_202212_all.xlsx
2022-12-31,2022,12,januari 2022 - december 2022,Dec 2022,Industriële beroepen en ambachten,Beoefenaars van ambachten,Decorateur van kunst- en artisanale objecten,0,vacatures_202212_all.xlsx
2022-12-31,2022,12,januari 2022 - december 2022,Dec 2022,Industriële beroepen en ambachten,Bewerkers van voeding,Brood- en banketbakker,0,vacatures_202212_all.xlsx
2022-12-31,2022,12,januari 2022 - december 2022,Dec 2022,Industriële beroepen en ambachten,Bewerkers van voeding,Charcutier,6,vacatures_202212_all.xlsx
2022-12-31,2022,12,januari 2022 - december 2022,Dec 2022,Industriële beroepen en ambachten,Bewerkers van voeding,Slager,1,vacatures_202212_all.xlsx
2022-12-31,2022,12,januari 2022 - december 2022,Dec 2022,Industriële beroepen en ambachten,Confectie- en lederwerkers,Polyvalent stikster,1,vacatures_202212_all.xlsx
2022-12-31,2022,12,januari 2022 - december 2022,Dec 2022,Industriële beroepen en ambachten,Diverse productiemedewerkers en operatoren,Industrieel schilder,83,vacatures_202212_all.xlsx
2022-12-31,2022,12,januari 2022 - december 2022,Dec 2022,Industriële beroepen en ambachten,Diverse productiemedewerkers en operatoren,Productiemedewerker,74,vacatures_202212_all.xlsx
2022-12-31,2022,12,januari 2022 - december 2022,Dec 2022,Industriële beroepen en ambachten,Diverse productiemedewerkers en operatoren,Productiemedewerker prefabbeton,12,vacatures_202212_all.xlsx
2022-12-31,2022,12,januari 2022 - december 2022,Dec 2022,Industriële beroepen en ambachten,Diverse productiemedewerkers en operatoren,Productieoperator bouw- en prefabmaterialen,2,vacatures_202212_all.xlsx
2022-12-31,2022,12,januari 2022 - december 2022,Dec 2022,Industriële beroepen en ambachten,Diverse productiemedewerkers en operatoren,Productieoperator elektrische en elektronische componenten,619,vacatures_202212_all.xlsx
2022-12-31,2022,12,januari 2022 - december 2022,Dec 2022,Industriële beroepen en ambachten,Diverse productiemedewerkers en operatoren,"Productieoperator van stortbeton, cement, asfalt en granulaten",24,vacatures_202212_all.xlsx
2022-12-31,2022,12,januari 2022 - december 2022,Dec 2022,Industriële beroepen en ambachten,Diverse productiemedewerkers en operatoren,Regelaar-afsteller van productie-installaties,0,vacatures_202212_all.xlsx
2022-12-31,2022,12,januari 2022 - december 2022,Dec 2022,Industriële beroepen en ambachten,Diverse productiemedewerkers en operatoren,Sorteerder recyclage,1,vacatures_202212_all.xlsx
2022-12-31,2022,12,januari 2022 - december 2022,Dec 2022,Industriële beroepen en ambachten,Diverse productiemedewerkers en operatoren,Uitvoerder van werken op hoogte,18,vacatures_202212_all.xlsx
2022-12-31,2022,12,januari 2022 - december 2022,Dec 2022,Industriële beroepen en ambachten,Drukkers,Medewerker prepress,1,vacatures_202212_all.xlsx
2022-12-31,2022,12,januari 2022 - december 2022,Dec 2022,Industriële beroepen en ambachten,Industriële technici,Expert productieproces en -methodes,45,vacatures_202212_all.xlsx
2022-12-31,2022,12,januari 2022 - december 2022,Dec 2022,Industriële beroepen en ambachten,Industriële technici,Industrieel elektromecanicien,856,vacatures_202212_all.xlsx
2022-12-31,2022,12,januari 2022 - december 2022,Dec 2022,Industriële beroepen en ambachten,Industriële technici,Industrieel laborant,4,vacatures_202212_all.xlsx
2022-12-31,2022,12,januari 2022 - december 2022,Dec 2022,Industriële beroepen en ambachten,Industriële technici,Industrieel onderhoudstechnicus,635,vacatures_202212_all.xlsx
2022-12-31,2022,12,januari 2022 - december 2022,Dec 2022,Industriële beroepen en ambachten,Industriële technici,Koeltechnicus,209,vacatures_202212_all.xlsx
2022-12-31,2022,12,januari 2022 - december 2022,Dec 2022,Industriële beroepen en ambachten,Industriële technici,Lifttechnicus,197,vacatures_202212_all.xlsx
2022-12-31,2022,12,januari 2022 - december 2022,Dec 2022,Industriële beroepen en ambachten,Industriële technici,Medewerker kwaliteitscontrole,10,vacatures_202212_all.xlsx
2022-12-31,2022,12,januari 2022 - december 2022,Dec 2022,Industriële beroepen en ambachten,Industriële technici,Onderhoudstechnicus industriële automatisering,5,vacatures_202212_all.xlsx
2022-12-31,2022,12,januari 2022 - december 2022,Dec 2022,Industriële beroepen en ambachten,Industriële technici,Onderhoudstechnicus waterdistributie en sanering,5,vacatures_202212_all.xlsx
2022-12-31,2022,12,januari 2022 - december 2022,Dec 2022,Industriële beroepen en ambachten,Industriële technici,Ontwerper industriële automatisering,22,vacatures_202212_all.xlsx
2022-12-31,2022,12,januari 2022 - december 2022,Dec 2022,Industriële beroepen en ambachten,Industriële technici,Productieplanner,95,vacatures_202212_all.xlsx
2022-12-31,2022,12,januari 2022 - december 2022,Dec 2022,Industriële beroepen en ambachten,Industriële technici,Regeltechnicus klimatisatie,220,vacatures_202212_all.xlsx
2022-12-31,2022,12,januari 2022 - december 2022,Dec 2022,Industriële beroepen en ambachten,Industriële technici,Technicus elektro en elektronica,34,vacatures_202212_all.xlsx
2022-12-31,2022,12,januari 2022 - december 2022,Dec 2022,Industriële beroepen en ambachten,Industriële technici,Technicus elektronische installaties,391,vacatures_202212_all.xlsx
2022-12-31,2022,12,januari 2022 - december 2022,Dec 2022,Industriële beroepen en ambachten,Industriële technici,Werkvoorbereider,60,vacatures_202212_all.xlsx
2022-12-31,2022,12,januari 2022 - december 2022,Dec 2022,Industriële beroepen en ambachten,Medewerkers houtindustrie,Machinaal houtbewerker,5,vacatures_202212_all.xlsx
2022-12-31,2022,12,januari 2022 - december 2022,Dec 2022,Industriële beroepen en ambachten,Medewerkers houtindustrie,Meubelmaker,79,vacatures_202212_all.xlsx
2022-12-31,2022,12,januari 2022 - december 2022,Dec 2022,Industriële beroepen en ambachten,Medewerkers houtindustrie,Operator CNC-gestuurde houtbewerkingsmachines,1,vacatures_202212_all.xlsx
2022-12-31,2022,12,januari 2022 - december 2022,Dec 2022,Industriële beroepen en ambachten,Medewerkers houtindustrie,Productieoperator hout,1,vacatures_202212_all.xlsx
2022-12-31,2022,12,januari 2022 - december 2022,Dec 2022,Industriële beroepen en ambachten,Medewerkers houtindustrie,Werkplaatsschrijnwerker,193,vacatures_202212_all.xlsx
2022-12-31,2022,12,januari 2022 - december 2022,Dec 2022,Industriële beroepen en ambachten,Monteurs en installateurs elektrotechniek,Bordenbouwer - Elektromonteur machinebouw,32,vacatures_202212_all.xlsx
2022-12-31,2022,12,januari 2022 - december 2022,Dec 2022,Industriële beroepen en ambachten,Monteurs en installateurs elektrotechniek,Elektrotechnicus,1797,vacatures_202212_all.xlsx
2022-12-31,2022,12,januari 2022 - december 2022,Dec 2022,Industriële beroepen en ambachten,Monteurs en installateurs elektrotechniek,Technicus industriële elektriciteit,1,vacatures_202212_all.xlsx
2022-12-31,2022,12,januari 2022 - december 2022,Dec 2022,Industriële beroepen en ambachten,Precisietechniekers,Slotenmaker,1,vacatures_202212_all.xlsx
2022-12-31,2022,12,januari 2022 - december 2022,Dec 2022,Industriële beroepen en ambachten,Professionals in de metaalindustrie,Bankwerker,1,vacatures_202212_all.xlsx
2022-12-31,2022,12,januari 2022 - december 2022,Dec 2022,Industriële beroepen en ambachten,Professionals in de metaalindustrie,Insteller-omsteller plaatbewerking,10,vacatures_202212_all.xlsx
2022-12-31,2022,12,januari 2022 - december 2022,Dec 2022,Industriële beroepen en ambachten,Professionals in de metaalindustrie,Insteller-omsteller verspaning,150,vacatures_202212_all.xlsx
2022-12-31,2022,12,januari 2022 - december 2022,Dec 2022,Industriële beroepen en ambachten,Professionals in de metaalindustrie,Machinebouwer,3,vacatures_202212_all.xlsx
2022-12-31,2022,12,januari 2022 - december 2022,Dec 2022,Industriële beroepen en ambachten,Professionals in de metaalindustrie,Manueel lasser,296,vacatures_202212_all.xlsx
2022-12-31,2022,12,januari 2022 - december 2022,Dec 2022,Industriële beroepen en ambachten,Professionals in de metaalindustrie,Monteur staalconstructies,99,vacatures_202212_all.xlsx
2022-12-31,2022,12,januari 2022 - december 2022,Dec 2022,Industriële beroepen en ambachten,Professionals in de metaalindustrie,Operator montage en assemblage,24,vacatures_202212_all.xlsx
2022-12-31,2022,12,januari 2022 - december 2022,Dec 2022,Industriële beroepen en ambachten,Professionals in de metaalindustrie,Pijpfitter,122,vacatures_202212_all.xlsx
2022-12-31,2022,12,januari 2022 - december 2022,Dec 2022,Industriële beroepen en ambachten,Professionals in de metaalindustrie,Productieoperator metaal,18,vacatures_202212_all.xlsx
2022-12-31,2022,12,januari 2022 - december 2022,Dec 2022,Industriële beroepen en ambachten,Professionals in de metaalindustrie,Rigger-monteerder,239,vacatures_202212_all.xlsx
2022-12-31,2022,12,januari 2022 - december 2022,Dec 2022,Industriële beroepen en ambachten,Technisch leidinggevenden,Afdelingsverantwoordelijke productie,0,vacatures_202212_all.xlsx
2022-12-31,2022,12,januari 2022 - december 2022,Dec 2022,Industriële beroepen en ambachten,Technisch leidinggevenden,Productiemanager,10,vacatures_202212_all.xlsx
2022-12-31,2022,12,januari 2022 - december 2022,Dec 2022,Industriële beroepen en ambachten,Technisch leidinggevenden,Projectmanager engineering,198,vacatures_202212_all.xlsx
2022-12-31,2022,12,januari 2022 - december 2022,Dec 2022,Industriële beroepen en ambachten,Technisch leidinggevenden,Teamleader productie,9,vacatures_202212_all.xlsx
2022-12-31,2022,12,januari 2022 - december 2022,Dec 2022,Industriële beroepen en ambachten,Technisch leidinggevenden,Verantwoordelijke beheer en onderhoud van voertuigen,18,vacatures_202212_all.xlsx
2022-12-31,2022,12,januari 2022 - december 2022,Dec 2022,Industriële beroepen en ambachten,Technisch leidinggevenden,Verantwoordelijke industrieel onderhoud,30,vacatures_202212_all.xlsx
2022-12-31,2022,12,januari 2022 - december 2022,Dec 2022,Industriële beroepen en ambachten,Technisch leidinggevenden,Verantwoordelijke kwaliteitscontrole,29,vacatures_202212_all.xlsx
2022-12-31,2022,12,januari 2022 - december 2022,Dec 2022,Industriële beroepen en ambachten,Technisch leidinggevenden,Verantwoordelijke onderzoek en ontwikkeling,1,vacatures_202212_all.xlsx
2022-12-31,2022,12,januari 2022 - december 2022,Dec 2022,Industriële beroepen en ambachten,Technisch leidinggevenden,Verantwoordelijke productieproces en -methodes,2,vacatures_202212_all.xlsx
2022-12-31,2022,12,januari 2022 - december 2022,Dec 2022,Industriële beroepen en ambachten,Tekenaars en vormgevers,Grafisch vormgever,3,vacatures_202212_all.xlsx
2022-12-31,2022,12,januari 2022 - december 2022,Dec 2022,Industriële beroepen en ambachten,Tekenaars en vormgevers,"Tekenaar-ontwerper elektriciteit, elektronica",55,vacatures_202212_all.xlsx
2022-12-31,2022,12,januari 2022 - december 2022,Dec 2022,Industriële beroepen en ambachten,Tekenaars en vormgevers,Tekenaar-ontwerper mechanica,26,vacatures_202212_all.xlsx
2022-12-31,2022,12,januari 2022 - december 2022,Dec 2022,Industriële beroepen en ambachten,Voer- en werktuigherstellers,Monteur-demonteur carrosserie,0,vacatures_202212_all.xlsx
2022-12-31,2022,12,januari 2022 - december 2022,Dec 2022,Industriële beroepen en ambachten,Voer- en werktuigherstellers,Onderhoudsmecanicien van personenwagens en lichte bedrijfsvoertuigen,121,vacatures_202212_all.xlsx
2022-12-31,2022,12,januari 2022 - december 2022,Dec 2022,Industriële beroepen en ambachten,Voer- en werktuigherstellers,Onderhoudsmecanicien van zware bedrijfsvoertuigen,30,vacatures_202212_all.xlsx
2022-12-31,2022,12,januari 2022 - december 2022,Dec 2022,Industriële beroepen en ambachten,Voer- en werktuigherstellers,Onderhoudstechnicus pleziervaart,1,vacatures_202212_all.xlsx
2022-12-31,2022,12,januari 2022 - december 2022,Dec 2022,Industriële beroepen en ambachten,Voer- en werktuigherstellers,Plaatwerker carrosserie,4,vacatures_202212_all.xlsx
2022-12-31,2022,12,januari 2022 - december 2022,Dec 2022,Industriële beroepen en ambachten,Voer- en werktuigherstellers,Spuiter carrosserie,9,vacatures_202212_all.xlsx
2022-12-31,2022,12,januari 2022 - december 2022,Dec 2022,Industriële beroepen en ambachten,Voer- en werktuigherstellers,Technicus van bromfietsen en motorfietsen,2,vacatures_202212_all.xlsx
2022-12-31,2022,12,januari 2022 - december 2022,Dec 2022,Industriële beroepen en ambachten,Voer- en werktuigherstellers,"Technicus werf-, landbouw- en hefmachines",73,vacatures_202212_all.xlsx
2022-12-31,2022,12,januari 2022 - december 2022,Dec 2022,Industriële beroepen en ambachten,Voer- en werktuigherstellers,Werktuigkundige scheepvaart,9,vacatures_202212_all.xlsx
2022-12-31,2022,12,januari 2022 - december 2022,Dec 2022,"Land-, tuin- en bosbouw- en visserijberoepen","Land-, tuin- en bosbouwers en vissers",Bestuurder van bosexploitatiemachines,1,vacatures_202212_all.xlsx
2022-12-31,2022,12,januari 2022 - december 2022,Dec 2022,"Land-, tuin- en bosbouw- en visserijberoepen","Land-, tuin- en bosbouwers en vissers",Landbouwkundig adviseur,1,vacatures_202212_all.xlsx
2022-12-31,2022,12,januari 2022 - december 2022,Dec 2022,"Land-, tuin- en bosbouw- en visserijberoepen","Land-, tuin- en bosbouwers en vissers",Medewerker landbouw,2,vacatures_202212_all.xlsx
2022-12-31,2022,12,januari 2022 - december 2022,Dec 2022,"Land-, tuin- en bosbouw- en visserijberoepen","Land-, tuin- en bosbouwers en vissers",Medewerker paardenhouderij,1,vacatures_202212_all.xlsx
2022-12-31,2022,12,januari 2022 - december 2022,Dec 2022,"Land-, tuin- en bosbouw- en visserijberoepen","Land-, tuin- en bosbouwers en vissers",Medewerker tuin- en groenaanleg en -onderhoud,65,vacatures_202212_all.xlsx
2022-12-31,2022,12,januari 2022 - december 2022,Dec 2022,"Land-, tuin- en bosbouw- en visserijberoepen","Land-, tuin- en bosbouwers en vissers",Medewerker tuinbouw,3,vacatures_202212_all.xlsx
2022-12-31,2022,12,januari 2022 - december 2022,Dec 2022,"Land-, tuin- en bosbouw- en visserijberoepen","Land-, tuin- en bosbouwers en vissers",Verantwoordelijke tuin- en groenaanleg en -onderhoud,7,vacatures_202212_all.xlsx
2022-12-31,2022,12,januari 2022 - december 2022,Dec 2022,"Medische, paramedische en verzorgende beroepen",Medisch personeel,Kinesitherapeut,2,vacatures_202212_all.xlsx
2022-12-31,2022,12,januari 2022 - december 2022,Dec 2022,"Medische, paramedische en verzorgende beroepen",Medisch personeel,Preventiearts,0,vacatures_202212_all.xlsx
2022-12-31,2022,12,januari 2022 - december 2022,Dec 2022,"Medische, paramedische en verzorgende beroepen",Overige zorgmedewerkers,Logistiek assistent in zorginstellingen,1,vacatures_202212_all.xlsx
2022-12-31,2022,12,januari 2022 - december 2022,Dec 2022,"Medische, paramedische en verzorgende beroepen",Paramedici,Ergotherapeut,1,vacatures_202212_all.xlsx
2022-12-31,2022,12,januari 2022 - december 2022,Dec 2022,"Medische, paramedische en verzorgende beroepen","Verpleegkundigen, vroedvrouwen en zorgpersoneel",Verpleegkundige,8,vacatures_202212_all.xlsx
2022-12-31,2022,12,januari 2022 - december 2022,Dec 2022,"Medische, paramedische en verzorgende beroepen","Verpleegkundigen, vroedvrouwen en zorgpersoneel",Verzorgende,1,vacatures_202212_all.xlsx
2022-12-31,2022,12,januari 2022 - december 2022,Dec 2022,"Medische, paramedische en verzorgende beroepen","Verpleegkundigen, vroedvrouwen en zorgpersoneel",Zorgkundige,4,vacatures_202212_all.xlsx
2022-12-31,2022,12,januari 2022 - december 2022,Dec 2022,Organisatieondersteunende en kennisberoepen,Accountants,Accountant,87,vacatures_202212_all.xlsx
2022-12-31,2022,12,januari 2022 - december 2022,Dec 2022,Organisatieondersteunende en kennisberoepen,Accountants,Assistent accountancy,173,vacatures_202212_all.xlsx
2022-12-31,2022,12,januari 2022 - december 2022,Dec 2022,Organisatieondersteunende en kennisberoepen,Accountants,Credit collector,4,vacatures_202212_all.xlsx
2022-12-31,2022,12,januari 2022 - december 2022,Dec 2022,Organisatieondersteunende en kennisberoepen,Accountants,Dossierbeheerder accountancy,2,vacatures_202212_all.xlsx
2022-12-31,2022,12,januari 2022 - december 2022,Dec 2022,Organisatieondersteunende en kennisberoepen,Administratief medewerkers,Managementassistent,87,vacatures_202212_all.xlsx
2022-12-31,2022,12,januari 2022 - december 2022,Dec 2022,Organisatieondersteunende en kennisberoepen,Administratief medewerkers,Onthaalmedewerker,59,vacatures_202212_all.xlsx
2022-12-31,2022,12,januari 2022 - december 2022,Dec 2022,Organisatieondersteunende en kennisberoepen,Administratief medewerkers,Polyvalent administratief medewerker,788,vacatures_202212_all.xlsx
2022-12-31,2022,12,januari 2022 - december 2022,Dec 2022,Organisatieondersteunende en kennisberoepen,Administratief medewerkers,Technisch-administratief medewerker,230,vacatures_202212_all.xlsx
2022-12-31,2022,12,januari 2022 - december 2022,Dec 2022,Organisatieondersteunende en kennisberoepen,Bedrijfsadviseurs,Adviseur bedrijfsorganisatie en management,6,vacatures_202212_all.xlsx
2022-12-31,2022,12,januari 2022 - december 2022,Dec 2022,Organisatieondersteunende en kennisberoepen,Bedrijfsadviseurs,Business analist,6,vacatures_202212_all.xlsx
2022-12-31,2022,12,januari 2022 - december 2022,Dec 2022,Organisatieondersteunende en kennisberoepen,Bedrijfsadviseurs,Business en financial controller,36,vacatures_202212_all.xlsx
2022-12-31,2022,12,januari 2022 - december 2022,Dec 2022,Organisatieondersteunende en kennisberoepen,Bedrijfsadviseurs,Milieucoördinator,4,vacatures_202212_all.xlsx
2022-12-31,2022,12,januari 2022 - december 2022,Dec 2022,Organisatieondersteunende en kennisberoepen,Bedrijfsadviseurs,Preventieadviseur,40,vacatures_202212_all.xlsx
2022-12-31,2022,12,januari 2022 - december 2022,Dec 2022,Organisatieondersteunende en kennisberoepen,Bedrijfsadviseurs,Projectmanager business,9,vacatures_202212_all.xlsx
2022-12-31,2022,12,januari 2022 - december 2022,Dec 2022,Organisatieondersteunende en kennisberoepen,Controleurs en inspecteurs,Technisch inspecteur industrie,19,vacatures_202212_all.xlsx
2022-12-31,2022,12,januari 2022 - december 2022,Dec 2022,Organisatieondersteunende en kennisberoepen,HR-experts,Payroll advisor,46,vacatures_202212_all.xlsx
2022-12-31,2022,12,januari 2022 - december 2022,Dec 2022,Organisatieondersteunende en kennisberoepen,HR-experts,Personeelsmedewerker,66,vacatures_202212_all.xlsx
2022-12-31,2022,12,januari 2022 - december 2022,Dec 2022,Organisatieondersteunende en kennisberoepen,HR-experts,Verantwoordelijke werving en opleiding,93,vacatures_202212_all.xlsx
2022-12-31,2022,12,januari 2022 - december 2022,Dec 2022,Organisatieondersteunende en kennisberoepen,Informatici en ICT-medewerkers,Data engineer,1,vacatures_202212_all.xlsx
2022-12-31,2022,12,januari 2022 - december 2022,Dec 2022,Organisatieondersteunende en kennisberoepen,Informatici en ICT-medewerkers,Data scientist,1,vacatures_202212_all.xlsx
2022-12-31,2022,12,januari 2022 - december 2022,Dec 2022,Organisatieondersteunende en kennisberoepen,Informatici en ICT-medewerkers,GIS-medewerker,2,vacatures_202212_all.xlsx
2022-12-31,2022,12,januari 2022 - december 2022,Dec 2022,Organisatieondersteunende en kennisberoepen,Informatici en ICT-medewerkers,Integratie expert ICT,26,vacatures_202212_all.xlsx
2022-12-31,2022,12,januari 2022 - december 2022,Dec 2022,Organisatieondersteunende en kennisberoepen,Informatici en ICT-medewerkers,Netwerk engineer telecom,2,vacatures_202212_all.xlsx
2022-12-31,2022,12,januari 2022 - december 2022,Dec 2022,Organisatieondersteunende en kennisberoepen,Informatici en ICT-medewerkers,Netwerkbeheerder,4,vacatures_202212_all.xlsx
2022-12-31,2022,12,januari 2022 - december 2022,Dec 2022,Organisatieondersteunende en kennisberoepen,Informatici en ICT-medewerkers,Software analist,12,vacatures_202212_all.xlsx
2022-12-31,2022,12,januari 2022 - december 2022,Dec 2022,Organisatieondersteunende en kennisberoepen,Informatici en ICT-medewerkers,Software ontwikkelaar,31,vacatures_202212_all.xlsx
2022-12-31,2022,12,januari 2022 - december 2022,Dec 2022,Organisatieondersteunende en kennisberoepen,Informatici en ICT-medewerkers,Support medewerker ICT,56,vacatures_202212_all.xlsx
2022-12-31,2022,12,januari 2022 - december 2022,Dec 2022,Organisatieondersteunende en kennisberoepen,Informatici en ICT-medewerkers,Systeembeheerder,14,vacatures_202212_all.xlsx
2022-12-31,2022,12,januari 2022 - december 2022,Dec 2022,Organisatieondersteunende en kennisberoepen,Leidinggevenden,Administratief en financieel verantwoordelijke,22,vacatures_202212_all.xlsx
2022-12-31,2022,12,januari 2022 - december 2022,Dec 2022,Organisatieondersteunende en kennisberoepen,Leidinggevenden,Algemeen directeur,15,vacatures_202212_all.xlsx
2022-12-31,2022,12,januari 2022 - december 2022,Dec 2022,Organisatieondersteunende en kennisberoepen,Leidinggevenden,Facility manager,21,vacatures_202212_all.xlsx
2022-12-31,2022,12,januari 2022 - december 2022,Dec 2022,Organisatieondersteunende en kennisberoepen,Leidinggevenden,HR-manager,27,vacatures_202212_all.xlsx
2022-12-31,2022,12,januari 2022 - december 2022,Dec 2022,Organisatieondersteunende en kennisberoepen,Leidinggevenden,Marketingmanager,44,vacatures_202212_all.xlsx
2022-12-31,2022,12,januari 2022 - december 2022,Dec 2022,Organisatieondersteunende en kennisberoepen,Leidinggevenden,Sales manager,4,vacatures_202212_all.xlsx
2022-12-31,2022,12,januari 2022 - december 2022,Dec 2022,Organisatieondersteunende en kennisberoepen,Leidinggevenden,"Uitbater sport-, recreatief of toeristisch centrum",5,vacatures_202212_all.xlsx
2022-12-31,2022,12,januari 2022 - december 2022,Dec 2022,Organisatieondersteunende en kennisberoepen,Leidinggevenden,Verantwoordelijke ICT,7,vacatures_202212_all.xlsx
2022-12-31,2022,12,januari 2022 - december 2022,Dec 2022,Organisatieondersteunende en kennisberoepen,Leidinggevenden,Verantwoordelijke aankoop,6,vacatures_202212_all.xlsx
2022-12-31,2022,12,januari 2022 - december 2022,Dec 2022,Organisatieondersteunende en kennisberoepen,Leidinggevenden,Verantwoordelijke contactcenter,1,vacatures_202212_all.xlsx
2022-12-31,2022,12,januari 2022 - december 2022,Dec 2022,Organisatieondersteunende en kennisberoepen,Leidinggevenden,Verantwoordelijke eco-industriële site,2,vacatures_202212_all.xlsx
2022-12-31,2022,12,januari 2022 - december 2022,Dec 2022,Organisatieondersteunende en kennisberoepen,Leidinggevenden,Verantwoordelijke klantendienst,2,vacatures_202212_all.xlsx
2022-12-31,2022,12,januari 2022 - december 2022,Dec 2022,Organisatieondersteunende en kennisberoepen,Leidinggevenden,Verantwoordelijke verkoopadministratie,8,vacatures_202212_all.xlsx
2022-12-31,2022,12,januari 2022 - december 2022,Dec 2022,Organisatieondersteunende en kennisberoepen,"Medewerkers commerciële strategie, marketing en verkoop",Aankoper,77,vacatures_202212_all.xlsx
2022-12-31,2022,12,januari 2022 - december 2022,Dec 2022,Organisatieondersteunende en kennisberoepen,"Medewerkers commerciële strategie, marketing en verkoop",Accountmanager sales,3,vacatures_202212_all.xlsx
2022-12-31,2022,12,januari 2022 - december 2022,Dec 2022,Organisatieondersteunende en kennisberoepen,"Medewerkers commerciële strategie, marketing en verkoop",Commercieel medewerker binnendienst,91,vacatures_202212_all.xlsx
2022-12-31,2022,12,januari 2022 - december 2022,Dec 2022,Organisatieondersteunende en kennisberoepen,"Medewerkers commerciële strategie, marketing en verkoop",Contactcenter medewerker,96,vacatures_202212_all.xlsx
2022-12-31,2022,12,januari 2022 - december 2022,Dec 2022,Organisatieondersteunende en kennisberoepen,"Medewerkers commerciële strategie, marketing en verkoop",Content marketeer,1,vacatures_202212_all.xlsx
2022-12-31,2022,12,januari 2022 - december 2022,Dec 2022,Organisatieondersteunende en kennisberoepen,"Medewerkers commerciële strategie, marketing en verkoop",Digital marketeer,4,vacatures_202212_all.xlsx
2022-12-31,2022,12,januari 2022 - december 2022,Dec 2022,Organisatieondersteunende en kennisberoepen,"Medewerkers commerciële strategie, marketing en verkoop",Digital sales assistant,25,vacatures_202212_all.xlsx
2022-12-31,2022,12,januari 2022 - december 2022,Dec 2022,Organisatieondersteunende en kennisberoepen,"Medewerkers commerciële strategie, marketing en verkoop",Enquêteur,15,vacatures_202212_all.xlsx
2022-12-31,2022,12,januari 2022 - december 2022,Dec 2022,Organisatieondersteunende en kennisberoepen,"Medewerkers commerciële strategie, marketing en verkoop",Marketing assistent,1,vacatures_202212_all.xlsx
2022-12-31,2022,12,januari 2022 - december 2022,Dec 2022,Organisatieondersteunende en kennisberoepen,"Medewerkers commerciële strategie, marketing en verkoop",Productmanager,9,vacatures_202212_all.xlsx
2022-12-31,2022,12,januari 2022 - december 2022,Dec 2022,Organisatieondersteunende en kennisberoepen,"Medewerkers commerciële strategie, marketing en verkoop",Sales engineer,61,vacatures_202212_all.xlsx
2022-12-31,2022,12,januari 2022 - december 2022,Dec 2022,Organisatieondersteunende en kennisberoepen,Onderzoeksmedewerkers en beleidsexperten,Beleidsdeskundige,50,vacatures_202212_all.xlsx
2022-12-31,2022,12,januari 2022 - december 2022,Dec 2022,Organisatieondersteunende en kennisberoepen,Onderzoeksmedewerkers en beleidsexperten,Expert lokale ontwikkeling,4,vacatures_202212_all.xlsx
2022-12-31,2022,12,januari 2022 - december 2022,Dec 2022,Organisatieondersteunende en kennisberoepen,Onderzoeksmedewerkers en beleidsexperten,Marktonderzoeker,4,vacatures_202212_all.xlsx
2022-12-31,2022,12,januari 2022 - december 2022,Dec 2022,Organisatieondersteunende en kennisberoepen,Onderzoeksmedewerkers en beleidsexperten,Wetenschappelijk onderzoeker,4,vacatures_202212_all.xlsx
2022-12-31,2022,12,januari 2022 - december 2022,Dec 2022,Organisatieondersteunende en kennisberoepen,Specialisten kennisbeheer en communicatie,Archiefmedewerker,1,vacatures_202212_all.xlsx
2022-12-31,2022,12,januari 2022 - december 2022,Dec 2022,Organisatieondersteunende en kennisberoepen,Specialisten kennisbeheer en communicatie,Bibliotheekmedewerker,1,vacatures_202212_all.xlsx
2022-12-31,2022,12,januari 2022 - december 2022,Dec 2022,Organisatieondersteunende en kennisberoepen,Specialisten kennisbeheer en communicatie,Erfgoedkundige,3,vacatures_202212_all.xlsx
2022-12-31,2022,12,januari 2022 - december 2022,Dec 2022,Organisatieondersteunende en kennisberoepen,Specialisten kennisbeheer en communicatie,Journalist-redacteur,5,vacatures_202212_all.xlsx
2022-12-31,2022,12,januari 2022 - december 2022,Dec 2022,Organisatieondersteunende en kennisberoepen,Specialisten kennisbeheer en communicatie,Medewerker communicatie,6,vacatures_202212_all.xlsx
2022-12-31,2022,12,januari 2022 - december 2022,Dec 2022,Organisatieondersteunende en kennisberoepen,Specialisten kennisbeheer en communicatie,Technisch redacteur,1,vacatures_202212_all.xlsx
2022-12-31,2022,12,januari 2022 - december 2022,Dec 2022,Organisatieondersteunende en kennisberoepen,Specialisten kennisbeheer en communicatie,Vertaler,1,vacatures_202212_all.xlsx
2022-12-31,2022,12,januari 2022 - december 2022,Dec 2022,Pedagogische beroepen,Onderwijzend en leidinggevend personeel in onderwijs,Leerkracht secundair onderwijs,2,vacatures_202212_all.xlsx
2022-12-31,2022,12,januari 2022 - december 2022,Dec 2022,Pedagogische beroepen,Onderwijzend en leidinggevend personeel in onderwijs,Opleider volwassenen,1,vacatures_202212_all.xlsx
2022-12-31,2022,12,januari 2022 - december 2022,Dec 2022,Pedagogische beroepen,Onderwijzend en leidinggevend personeel in onderwijs,Pedagogisch coördinator,1,vacatures_202212_all.xlsx
2022-12-31,2022,12,januari 2022 - december 2022,Dec 2022,Pedagogische beroepen,Opvoedkundig personeel,Kinderbegeleider baby's en peuters,2,vacatures_202212_all.xlsx
2022-12-31,2022,12,januari 2022 - december 2022,Dec 2022,Pedagogische beroepen,Opvoedkundig personeel,Kinderbegeleider schoolgaande kinderen,18,vacatures_202212_all.xlsx
2022-12-31,2022,12,januari 2022 - december 2022,Dec 2022,Pedagogische beroepen,Opvoedkundig personeel,Monitor-begeleider in de sociale economie,1,vacatures_202212_all.xlsx
2022-12-31,2022,12,januari 2022 - december 2022,Dec 2022,Pedagogische beroepen,Opvoedkundig personeel,Verantwoordelijke kinderopvang,2,vacatures_202212_all.xlsx
2022-12-31,2022,12,januari 2022 - december 2022,Dec 2022,Transport- en logistieke beroepen,Bestuurders in het wegtransport,Autobuschauffeur,1,vacatures_202212_all.xlsx
2022-12-31,2022,12,januari 2022 - december 2022,Dec 2022,Transport- en logistieke beroepen,Bestuurders in het wegtransport,Taxichauffeur en chauffeur privévervoer,1,vacatures_202212_all.xlsx
2022-12-31,2022,12,januari 2022 - december 2022,Dec 2022,Transport- en logistieke beroepen,Bestuurders in het wegtransport,Vrachtwagenbestuurder,493,vacatures_202212_all.xlsx
2022-12-31,2022,12,januari 2022 - december 2022,Dec 2022,Transport- en logistieke beroepen,Transport- en logistiek personeel,Dispatcher goederenvervoer,49,vacatures_202212_all.xlsx
2022-12-31,2022,12,januari 2022 - december 2022,Dec 2022,Transport- en logistieke beroepen,Transport- en logistiek personeel,Dispatcher personenvervoer,7,vacatures_202212_all.xlsx
2022-12-31,2022,12,januari 2022 - december 2022,Dec 2022,Transport- en logistieke beroepen,Transport- en logistiek personeel,Douanedeclarant,7,vacatures_202212_all.xlsx
2022-12-31,2022,12,januari 2022 - december 2022,Dec 2022,Transport- en logistieke beroepen,Transport- en logistiek personeel,Expediteur,10,vacatures_202212_all.xlsx
2022-12-31,2022,12,januari 2022 - december 2022,Dec 2022,Transport- en logistieke beroepen,Transport- en logistiek personeel,Heftruckchauffeur,2,vacatures_202212_all.xlsx
2022-12-31,2022,12,januari 2022 - december 2022,Dec 2022,Transport- en logistieke beroepen,Transport- en logistiek personeel,Koerier besteller,16,vacatures_202212_all.xlsx
2022-12-31,2022,12,januari 2022 - december 2022,Dec 2022,Transport- en logistieke beroepen,Transport- en logistiek personeel,Logistiek verantwoordelijke,34,vacatures_202212_all.xlsx
2022-12-31,2022,12,januari 2022 - december 2022,Dec 2022,Transport- en logistieke beroepen,Transport- en logistiek personeel,Magazijnbeheerder,46,vacatures_202212_all.xlsx
2022-12-31,2022,12,januari 2022 - december 2022,Dec 2022,Transport- en logistieke beroepen,Transport- en logistiek personeel,Magazijnmedewerker,321,vacatures_202212_all.xlsx
2022-12-31,2022,12,januari 2022 - december 2022,Dec 2022,Transport- en logistieke beroepen,Transport- en logistiek personeel,Medewerker internationaal goederenverkeer,24,vacatures_202212_all.xlsx
2022-12-31,2022,12,januari 2022 - december 2022,Dec 2022,Transport- en logistieke beroepen,Transport- en logistiek personeel,Post- en pakketmedewerker,9,vacatures_202212_all.xlsx
2022-12-31,2022,12,januari 2022 - december 2022,Dec 2022,Transport- en logistieke beroepen,Transport- en logistiek personeel,Reachtruckchauffeur,0,vacatures_202212_all.xlsx
2022-12-31,2022,12,januari 2022 - december 2022,Dec 2022,Transport- en logistieke beroepen,Transport- en logistiek personeel,Transportmanager,2,vacatures_202212_all.xlsx
2022-12-31,2022,12,januari 2022 - december 2022,Dec 2022,Transport- en logistieke beroepen,Transport- en logistiek personeel,Verantwoordelijke logistieke site,11,vacatures_202212_all.xlsx
2022-12-31,2022,12,januari 2022 - december 2022,Dec 2022,Transport- en logistieke beroepen,Transport- en logistiek personeel,Verhuizer,2,vacatures_202212_all.xlsx
2022-12-31,2022,12,januari 2022 - december 2022,Dec 2022,Transport- en logistieke beroepen,"Werknemers spoor-, water-, luchttransport",Schipper-stuurman binnenscheepvaart,5,vacatures_202212_all.xlsx
2022-12-31,2022,12,januari 2022 - december 2022,Dec 2022,Transport- en logistieke beroepen,"Werknemers spoor-, water-, luchttransport",Spoorwerker,22,vacatures_202212_all.xlsx
2022-12-31,2022,12,januari 2022 - december 2022,Dec 2022,Transport- en logistieke beroepen,"Werknemers spoor-, water-, luchttransport",Traffic controller,1,vacatures_202212_all.xlsx
2022-12-31,2022,12,januari 2022 - december 2022,Dec 2022,Vrijetijds- en artistieke beroepen,"Artiesten, kunstenaars en andere culturele beroepen",Model,1,vacatures_202212_all.xlsx
2022-12-31,2022,12,januari 2022 - december 2022,Dec 2022,Vrijetijds- en artistieke beroepen,"Medewerkers bij toerisme, vrije tijd en sport",Eventmanager,4,vacatures_202212_all.xlsx
2022-12-31,2022,12,januari 2022 - december 2022,Dec 2022,Vrijetijds- en artistieke beroepen,"Medewerkers bij toerisme, vrije tijd en sport",Fitnessbegeleider,4,vacatures_202212_all.xlsx
2022-12-31,2022,12,januari 2022 - december 2022,Dec 2022,Vrijetijds- en artistieke beroepen,"Medewerkers bij toerisme, vrije tijd en sport",Redder,9,vacatures_202212_all.xlsx
2022-12-31,2022,12,januari 2022 - december 2022,Dec 2022,Vrijetijds- en artistieke beroepen,"Medewerkers bij toerisme, vrije tijd en sport",Sporttrainer,7,vacatures_202212_all.xlsx
2022-12-31,2022,12,januari 2022 - december 2022,Dec 2022,Vrijetijds- en artistieke beroepen,Podium- en audiovisuele technici,Polyvalent podiumtechnicus,1,vacatures_202212_all.xlsx
2023-12-31,2023,12,januari 2023 - december 2023,Dec 2023,Bouwberoepen,Bouwtechnici,Architect,26,vacatures_202312_all.xlsx
2023-12-31,2023,12,januari 2023 - december 2023,Dec 2023,Bouwberoepen,Bouwtechnici,BIM-expert (Building Information Modeling),11,vacatures_202312_all.xlsx
2023-12-31,2023,12,januari 2023 - december 2023,Dec 2023,Bouwberoepen,Bouwtechnici,Bodemonderzoeker,1,vacatures_202312_all.xlsx
2023-12-31,2023,12,januari 2023 - december 2023,Dec 2023,Bouwberoepen,Bouwtechnici,Bouwkundig tekenaar,141,vacatures_202312_all.xlsx
2023-12-31,2023,12,januari 2023 - december 2023,Dec 2023,Bouwberoepen,Bouwtechnici,Calculator bouw,364,vacatures_202312_all.xlsx
2023-12-31,2023,12,januari 2023 - december 2023,Dec 2023,Bouwberoepen,Bouwtechnici,Ingenieur studie en advies bouw,186,vacatures_202312_all.xlsx
2023-12-31,2023,12,januari 2023 - december 2023,Dec 2023,Bouwberoepen,Bouwtechnici,Interieurarchitect interieurvormgever,27,vacatures_202312_all.xlsx
2023-12-31,2023,12,januari 2023 - december 2023,Dec 2023,Bouwberoepen,Bouwtechnici,Landmeter,30,vacatures_202312_all.xlsx
2023-12-31,2023,12,januari 2023 - december 2023,Dec 2023,Bouwberoepen,Bouwtechnici,Projectleider bouw en openbare werken,394,vacatures_202312_all.xlsx
2023-12-31,2023,12,januari 2023 - december 2023,Dec 2023,Bouwberoepen,Bouwtechnici,Veiligheidscoördinator,29,vacatures_202312_all.xlsx
2023-12-31,2023,12,januari 2023 - december 2023,Dec 2023,Bouwberoepen,Bouwtechnici,Verantwoordelijke onderhoud van gebouwen en infrastructuur,1,vacatures_202312_all.xlsx
2023-12-31,2023,12,januari 2023 - december 2023,Dec 2023,Bouwberoepen,Bouwtechnici,Werfbediende,41,vacatures_202312_all.xlsx
2023-12-31,2023,12,januari 2023 - december 2023,Dec 2023,Bouwberoepen,Bouwtechnici,Werfleider,893,vacatures_202312_all.xlsx
2023-12-31,2023,12,januari 2023 - december 2023,Dec 2023,Bouwberoepen,Bouwvakkers,"Aansluiter van waterleidingen, rioleringen en warmtenetten",23,vacatures_202312_all.xlsx
2023-12-31,2023,12,januari 2023 - december 2023,Dec 2023,Bouwberoepen,Bouwvakkers,Asbestverwijderaar,40,vacatures_202312_all.xlsx
2023-12-31,2023,12,januari 2023 - december 2023,Dec 2023,Bouwberoepen,Bouwvakkers,Bekister-betonneerder,223,vacatures_202312_all.xlsx
2023-12-31,2023,12,januari 2023 - december 2023,Dec 2023,Bouwberoepen,Bouwvakkers,Beveiligingstechnicus,53,vacatures_202312_all.xlsx
2023-12-31,2023,12,januari 2023 - december 2023,Dec 2023,Bouwberoepen,Bouwvakkers,Brandertechnicus,20,vacatures_202312_all.xlsx
2023-12-31,2023,12,januari 2023 - december 2023,Dec 2023,Bouwberoepen,Bouwvakkers,Daktimmerman,56,vacatures_202312_all.xlsx
2023-12-31,2023,12,januari 2023 - december 2023,Dec 2023,Bouwberoepen,Bouwvakkers,Dakwerker,696,vacatures_202312_all.xlsx
2023-12-31,2023,12,januari 2023 - december 2023,Dec 2023,Bouwberoepen,Bouwvakkers,Datacommunicatie- en netwerktechnicus,969,vacatures_202312_all.xlsx
2023-12-31,2023,12,januari 2023 - december 2023,Dec 2023,Bouwberoepen,Bouwvakkers,Dekvloerlegger,16,vacatures_202312_all.xlsx
2023-12-31,2023,12,januari 2023 - december 2023,Dec 2023,Bouwberoepen,Bouwvakkers,Elektrotechnisch installateur,73,vacatures_202312_all.xlsx
2023-12-31,2023,12,januari 2023 - december 2023,Dec 2023,Bouwberoepen,Bouwvakkers,Gevelreiniger,13,vacatures_202312_all.xlsx
2023-12-31,2023,12,januari 2023 - december 2023,Dec 2023,Bouwberoepen,Bouwvakkers,Gevelrenoveerder-betonhersteller,69,vacatures_202312_all.xlsx
2023-12-31,2023,12,januari 2023 - december 2023,Dec 2023,Bouwberoepen,Bouwvakkers,Glaswerker,32,vacatures_202312_all.xlsx
2023-12-31,2023,12,januari 2023 - december 2023,Dec 2023,Bouwberoepen,Bouwvakkers,Industrieel isolatiewerker,59,vacatures_202312_all.xlsx
2023-12-31,2023,12,januari 2023 - december 2023,Dec 2023,Bouwberoepen,Bouwvakkers,Installateur elektrotechnische basiscomponenten,2,vacatures_202312_all.xlsx
2023-12-31,2023,12,januari 2023 - december 2023,Dec 2023,Bouwberoepen,Bouwvakkers,Installateur energiemanagementsystemen,316,vacatures_202312_all.xlsx
2023-12-31,2023,12,januari 2023 - december 2023,Dec 2023,Bouwberoepen,Bouwvakkers,Installateur gebouwenautomatisering,1,vacatures_202312_all.xlsx
2023-12-31,2023,12,januari 2023 - december 2023,Dec 2023,Bouwberoepen,Bouwvakkers,Installateur nutsvoorzieningen,67,vacatures_202312_all.xlsx
2023-12-31,2023,12,januari 2023 - december 2023,Dec 2023,Bouwberoepen,Bouwvakkers,Interieurbouwer,299,vacatures_202312_all.xlsx
2023-12-31,2023,12,januari 2023 - december 2023,Dec 2023,Bouwberoepen,Bouwvakkers,Isoleerder ruwbouw en dak,49,vacatures_202312_all.xlsx
2023-12-31,2023,12,januari 2023 - december 2023,Dec 2023,Bouwberoepen,Bouwvakkers,Medewerker ruwbouw,981,vacatures_202312_all.xlsx
2023-12-31,2023,12,januari 2023 - december 2023,Dec 2023,Bouwberoepen,Bouwvakkers,Metselaar,529,vacatures_202312_all.xlsx
2023-12-31,2023,12,januari 2023 - december 2023,Dec 2023,Bouwberoepen,Bouwvakkers,Monteur installatietechnieken,870,vacatures_202312_all.xlsx
2023-12-31,2023,12,januari 2023 - december 2023,Dec 2023,Bouwberoepen,Bouwvakkers,Natuursteenbewerker,22,vacatures_202312_all.xlsx
2023-12-31,2023,12,januari 2023 - december 2023,Dec 2023,Bouwberoepen,Bouwvakkers,Onderhoudsmedewerker gebouwen,102,vacatures_202312_all.xlsx
2023-12-31,2023,12,januari 2023 - december 2023,Dec 2023,Bouwberoepen,Bouwvakkers,Onderhoudsmedewerker wegennet,5,vacatures_202312_all.xlsx
2023-12-31,2023,12,januari 2023 - december 2023,Dec 2023,Bouwberoepen,Bouwvakkers,Onderwaterwerker,4,vacatures_202312_all.xlsx
2023-12-31,2023,12,januari 2023 - december 2023,Dec 2023,Bouwberoepen,Bouwvakkers,Plaatser binnenschrijnwerk,157,vacatures_202312_all.xlsx
2023-12-31,2023,12,januari 2023 - december 2023,Dec 2023,Bouwberoepen,Bouwvakkers,Plaatser buitenschrijnwerk,454,vacatures_202312_all.xlsx
2023-12-31,2023,12,januari 2023 - december 2023,Dec 2023,Bouwberoepen,Bouwvakkers,Plaatser van boven- en ondergrondse leidingen,136,vacatures_202312_all.xlsx
2023-12-31,2023,12,januari 2023 - december 2023,Dec 2023,Bouwberoepen,Bouwvakkers,Plaatser van houten vloerbedekking,19,vacatures_202312_all.xlsx
2023-12-31,2023,12,januari 2023 - december 2023,Dec 2023,Bouwberoepen,Bouwvakkers,Plaatser van soepele vloerbekledingen,14,vacatures_202312_all.xlsx
2023-12-31,2023,12,januari 2023 - december 2023,Dec 2023,Bouwberoepen,Bouwvakkers,Rioollegger,56,vacatures_202312_all.xlsx
2023-12-31,2023,12,januari 2023 - december 2023,Dec 2023,Bouwberoepen,Bouwvakkers,Schilder-decorateur,397,vacatures_202312_all.xlsx
2023-12-31,2023,12,januari 2023 - december 2023,Dec 2023,Bouwberoepen,Bouwvakkers,Schrijnwerker houtbouw,17,vacatures_202312_all.xlsx
2023-12-31,2023,12,januari 2023 - december 2023,Dec 2023,Bouwberoepen,Bouwvakkers,Steigerbouwer,263,vacatures_202312_all.xlsx
2023-12-31,2023,12,januari 2023 - december 2023,Dec 2023,Bouwberoepen,Bouwvakkers,Stukadoor,186,vacatures_202312_all.xlsx
2023-12-31,2023,12,januari 2023 - december 2023,Dec 2023,Bouwberoepen,Bouwvakkers,Technicus hernieuwbare energietechnieken,72,vacatures_202312_all.xlsx
2023-12-31,2023,12,januari 2023 - december 2023,Dec 2023,Bouwberoepen,Bouwvakkers,Technicus installatietechnieken,64,vacatures_202312_all.xlsx
2023-12-31,2023,12,januari 2023 - december 2023,Dec 2023,Bouwberoepen,Bouwvakkers,Vloerder-tegelzetter,156,vacatures_202312_all.xlsx
2023-12-31,2023,12,januari 2023 - december 2023,Dec 2023,Bouwberoepen,Bouwvakkers,Voeger,28,vacatures_202312_all.xlsx
2023-12-31,2023,12,januari 2023 - december 2023,Dec 2023,Bouwberoepen,Bouwvakkers,Wegenwerker,1144,vacatures_202312_all.xlsx
2023-12-31,2023,12,januari 2023 - december 2023,Dec 2023,Bouwberoepen,Machinisten en kraanmannen,Bediener grondverzetmachines,308,vacatures_202312_all.xlsx
2023-12-31,2023,12,januari 2023 - december 2023,Dec 2023,Bouwberoepen,Machinisten en kraanmannen,Bediener machines horizontale boringen,18,vacatures_202312_all.xlsx
2023-12-31,2023,12,januari 2023 - december 2023,Dec 2023,Bouwberoepen,Machinisten en kraanmannen,Bediener machines verticale boringen,5,vacatures_202312_all.xlsx
2023-12-31,2023,12,januari 2023 - december 2023,Dec 2023,Bouwberoepen,Machinisten en kraanmannen,Bediener of medewerker diepfunderingsmachines,1,vacatures_202312_all.xlsx
2023-12-31,2023,12,januari 2023 - december 2023,Dec 2023,Bouwberoepen,Machinisten en kraanmannen,Bediener van betonnerings- en asfalteringsmachines,2,vacatures_202312_all.xlsx
2023-12-31,2023,12,januari 2023 - december 2023,Dec 2023,Bouwberoepen,Machinisten en kraanmannen,Kraanbestuurder,267,vacatures_202312_all.xlsx
2023-12-31,2023,12,januari 2023 - december 2023,Dec 2023,Bouwberoepen,Machinisten en kraanmannen,Torenkraanbediener,20,vacatures_202312_all.xlsx
2023-12-31,2023,12,januari 2023 - december 2023,Dec 2023,Dienstverlenende beroepen,Adviesverleners,Arbeidsbemiddelaar-jobcoach,2,vacatures_202312_all.xlsx
2023-12-31,2023,12,januari 2023 - december 2023,Dec 2023,Dienstverlenende beroepen,Adviesverleners,Familiaal bemiddelaar,6,vacatures_202312_all.xlsx
2023-12-31,2023,12,januari 2023 - december 2023,Dec 2023,Dienstverlenende beroepen,Adviesverleners,Maatschappelijk werker,12,vacatures_202312_all.xlsx
2023-12-31,2023,12,januari 2023 - december 2023,Dec 2023,Dienstverlenende beroepen,Experts vastgoed,Rentmeester,6,vacatures_202312_all.xlsx
2023-12-31,2023,12,januari 2023 - december 2023,Dec 2023,Dienstverlenende beroepen,Experts vastgoed,Vastgoedbemiddelaar verkoop en verhuur,5,vacatures_202312_all.xlsx
2023-12-31,2023,12,januari 2023 - december 2023,Dec 2023,Dienstverlenende beroepen,Experts vastgoed,Vastgoedpromotor,4,vacatures_202312_all.xlsx
2023-12-31,2023,12,januari 2023 - december 2023,Dec 2023,Dienstverlenende beroepen,Juridische dienstverleners,Juridisch medewerker,11,vacatures_202312_all.xlsx
2023-12-31,2023,12,januari 2023 - december 2023,Dec 2023,Dienstverlenende beroepen,Juridische dienstverleners,Jurist,13,vacatures_202312_all.xlsx
2023-12-31,2023,12,januari 2023 - december 2023,Dec 2023,Dienstverlenende beroepen,Medewerkers in finance,Belastingadviseur,2,vacatures_202312_all.xlsx
2023-12-31,2023,12,januari 2023 - december 2023,Dec 2023,Dienstverlenende beroepen,Medewerkers in finance,Financieel analist,2,vacatures_202312_all.xlsx
2023-12-31,2023,12,januari 2023 - december 2023,Dec 2023,Dienstverlenende beroepen,Medewerkers in finance,Revisor,2,vacatures_202312_all.xlsx
2023-12-31,2023,12,januari 2023 - december 2023,Dec 2023,Dienstverlenende beroepen,Medewerkers in finance,Schade-expert verzekeringen,3,vacatures_202312_all.xlsx
2023-12-31,2023,12,januari 2023 - december 2023,Dec 2023,Dienstverlenende beroepen,Medewerkers in finance,Underwriter verzekeringen,1,vacatures_202312_all.xlsx
2023-12-31,2023,12,januari 2023 - december 2023,Dec 2023,Dienstverlenende beroepen,Ordehandhavers en reddingswerkers,Brandwacht-veiligheidswacht,1,vacatures_202312_all.xlsx
2023-12-31,2023,12,januari 2023 - december 2023,Dec 2023,Dienstverlenende beroepen,Persoonlijke dienstverleners,Animator,3,vacatures_202312_all.xlsx
2023-12-31,2023,12,januari 2023 - december 2023,Dec 2023,Dienstverlenende beroepen,Persoonlijke dienstverleners,Conciërge,11,vacatures_202312_all.xlsx
2023-12-31,2023,12,januari 2023 - december 2023,Dec 2023,Dienstverlenende beroepen,Persoonlijke dienstverleners,Kapper,2,vacatures_202312_all.xlsx
2023-12-31,2023,12,januari 2023 - december 2023,Dec 2023,Dienstverlenende beroepen,Persoonlijke dienstverleners,Medewerker kuuroord,1,vacatures_202312_all.xlsx
2023-12-31,2023,12,januari 2023 - december 2023,Dec 2023,Dienstverlenende beroepen,Persoonlijke dienstverleners,Schoonheidsspecialist,3,vacatures_202312_all.xlsx
2023-12-31,2023,12,januari 2023 - december 2023,Dec 2023,Dienstverlenende beroepen,Publieke dienstverleners,Cultuurmanager,5,vacatures_202312_all.xlsx
2023-12-31,2023,12,januari 2023 - december 2023,Dec 2023,Dienstverlenende beroepen,Publieke dienstverleners,Sociaal-cultureel begeleider,7,vacatures_202312_all.xlsx
2023-12-31,2023,12,januari 2023 - december 2023,Dec 2023,Dienstverlenende beroepen,Schoonmaak- en onderhoudspersoneel,Huishoudhulp-poetshulp,5,vacatures_202312_all.xlsx
2023-12-31,2023,12,januari 2023 - december 2023,Dec 2023,Dienstverlenende beroepen,Schoonmaak- en onderhoudspersoneel,Industrieel reiniger,3,vacatures_202312_all.xlsx
2023-12-31,2023,12,januari 2023 - december 2023,Dec 2023,Dienstverlenende beroepen,Schoonmaak- en onderhoudspersoneel,Leidinggevende schoonmaak,2,vacatures_202312_all.xlsx
2023-12-31,2023,12,januari 2023 - december 2023,Dec 2023,Dienstverlenende beroepen,Schoonmaak- en onderhoudspersoneel,Milieuwerker,1,vacatures_202312_all.xlsx
2023-12-31,2023,12,januari 2023 - december 2023,Dec 2023,Dienstverlenende beroepen,Schoonmaak- en onderhoudspersoneel,Ruitenwasser,1,vacatures_202312_all.xlsx
2023-12-31,2023,12,januari 2023 - december 2023,Dec 2023,Dienstverlenende beroepen,Schoonmaak- en onderhoudspersoneel,Schoonmaker van ruimten en lokalen,86,vacatures_202312_all.xlsx
2023-12-31,2023,12,januari 2023 - december 2023,Dec 2023,Handels- en verkoopberoepen,Verkooppersoneel,Assistent winkelmanager,2,vacatures_202312_all.xlsx
2023-12-31,2023,12,januari 2023 - december 2023,Dec 2023,Handels- en verkoopberoepen,Verkooppersoneel,Technisch adviseur klantenondersteuning,13,vacatures_202312_all.xlsx
2023-12-31,2023,12,januari 2023 - december 2023,Dec 2023,Handels- en verkoopberoepen,Verkooppersoneel,Winkelmanager,1,vacatures_202312_all.xlsx
2023-12-31,2023,12,januari 2023 - december 2023,Dec 2023,Handels- en verkoopberoepen,Verkooppersoneel,Winkelmedewerker,2,vacatures_202312_all.xlsx
2023-12-31,2023,12,januari 2023 - december 2023,Dec 2023,Handels- en verkoopberoepen,Verkooppersoneel,Winkelverkoper,71,vacatures_202312_all.xlsx
2023-12-31,2023,12,januari 2023 - december 2023,Dec 2023,Handels- en verkoopberoepen,Vertegenwoordigers,Vertegenwoordiger B2B,306,vacatures_202312_all.xlsx
2023-12-31,2023,12,januari 2023 - december 2023,Dec 2023,Handels- en verkoopberoepen,Vertegenwoordigers,Vertegenwoordiger B2C,34,vacatures_202312_all.xlsx
2023-12-31,2023,12,januari 2023 - december 2023,Dec 2023,Horecaberoepen,Horecapersoneel,Afwasser,2,vacatures_202312_all.xlsx
2023-12-31,2023,12,januari 2023 - december 2023,Dec 2023,Horecaberoepen,Horecapersoneel,Hulpkok,2,vacatures_202312_all.xlsx
2023-12-31,2023,12,januari 2023 - december 2023,Dec 2023,Horecaberoepen,Horecapersoneel,Hulpkok grootkeuken,1,vacatures_202312_all.xlsx
2023-12-31,2023,12,januari 2023 - december 2023,Dec 2023,Horecaberoepen,Horecapersoneel,Kelner,5,vacatures_202312_all.xlsx
2023-12-31,2023,12,januari 2023 - december 2023,Dec 2023,Horecaberoepen,Horecapersoneel,Keukenmedewerker,1,vacatures_202312_all.xlsx
2023-12-31,2023,12,januari 2023 - december 2023,Dec 2023,Horecaberoepen,Horecapersoneel,Keukenverantwoordelijke,1,vacatures_202312_all.xlsx
2023-12-31,2023,12,januari 2023 - december 2023,Dec 2023,Horecaberoepen,Horecapersoneel,Kok,9,vacatures_202312_all.xlsx
2023-12-31,2023,12,januari 2023 - december 2023,Dec 2023,Horecaberoepen,Horecapersoneel,Medewerker fastfood,4,vacatures_202312_all.xlsx
2023-12-31,2023,12,januari 2023 - december 2023,Dec 2023,Horecaberoepen,Horecapersoneel,Polyvalent hotelmedewerker,0,vacatures_202312_all.xlsx
2023-12-31,2023,12,januari 2023 - december 2023,Dec 2023,Industriële beroepen en ambachten,Beoefenaars van ambachten,Ambachtelijk glasbewerker,1,vacatures_202312_all.xlsx
2023-12-31,2023,12,januari 2023 - december 2023,Dec 2023,Industriële beroepen en ambachten,Beoefenaars van ambachten,Ambachtelijk metaalbewerker,0,vacatures_202312_all.xlsx
2023-12-31,2023,12,januari 2023 - december 2023,Dec 2023,Industriële beroepen en ambachten,Bewerkers van voeding,Charcutier,14,vacatures_202312_all.xlsx
2023-12-31,2023,12,januari 2023 - december 2023,Dec 2023,Industriële beroepen en ambachten,Bewerkers van voeding,Slager,39,vacatures_202312_all.xlsx
2023-12-31,2023,12,januari 2023 - december 2023,Dec 2023,Industriële beroepen en ambachten,Confectie- en lederwerkers,Kleermaker,1,vacatures_202312_all.xlsx
2023-12-31,2023,12,januari 2023 - december 2023,Dec 2023,Industriële beroepen en ambachten,Confectie- en lederwerkers,Polyvalent stikster,7,vacatures_202312_all.xlsx
2023-12-31,2023,12,januari 2023 - december 2023,Dec 2023,Industriële beroepen en ambachten,Diverse productiemedewerkers en operatoren,Industrieel schilder,79,vacatures_202312_all.xlsx
2023-12-31,2023,12,januari 2023 - december 2023,Dec 2023,Industriële beroepen en ambachten,Diverse productiemedewerkers en operatoren,Productiemedewerker,47,vacatures_202312_all.xlsx
2023-12-31,2023,12,januari 2023 - december 2023,Dec 2023,Industriële beroepen en ambachten,Diverse productiemedewerkers en operatoren,Productiemedewerker prefabbeton,14,vacatures_202312_all.xlsx
2023-12-31,2023,12,januari 2023 - december 2023,Dec 2023,Industriële beroepen en ambachten,Diverse productiemedewerkers en operatoren,Productieoperator bouw- en prefabmaterialen,0,vacatures_202312_all.xlsx
2023-12-31,2023,12,januari 2023 - december 2023,Dec 2023,Industriële beroepen en ambachten,Diverse productiemedewerkers en operatoren,Productieoperator elektrische en elektronische componenten,650,vacatures_202312_all.xlsx
2023-12-31,2023,12,januari 2023 - december 2023,Dec 2023,Industriële beroepen en ambachten,Diverse productiemedewerkers en operatoren,"Productieoperator van stortbeton, cement, asfalt en granulaten",26,vacatures_202312_all.xlsx
2023-12-31,2023,12,januari 2023 - december 2023,Dec 2023,Industriële beroepen en ambachten,Diverse productiemedewerkers en operatoren,Sorteerder recyclage,3,vacatures_202312_all.xlsx
2023-12-31,2023,12,januari 2023 - december 2023,Dec 2023,Industriële beroepen en ambachten,Diverse productiemedewerkers en operatoren,Uitvoerder van werken op hoogte,42,vacatures_202312_all.xlsx
2023-12-31,2023,12,januari 2023 - december 2023,Dec 2023,Industriële beroepen en ambachten,Diverse productiemedewerkers en operatoren,Verpakker,1,vacatures_202312_all.xlsx
2023-12-31,2023,12,januari 2023 - december 2023,Dec 2023,Industriële beroepen en ambachten,Drukkers,Medewerker prepress,0,vacatures_202312_all.xlsx
2023-12-31,2023,12,januari 2023 - december 2023,Dec 2023,Industriële beroepen en ambachten,Industriële technici,Expert productieproces en -methodes,19,vacatures_202312_all.xlsx
2023-12-31,2023,12,januari 2023 - december 2023,Dec 2023,Industriële beroepen en ambachten,Industriële technici,Industrieel elektromecanicien,351,vacatures_202312_all.xlsx
2023-12-31,2023,12,januari 2023 - december 2023,Dec 2023,Industriële beroepen en ambachten,Industriële technici,Industrieel laborant,12,vacatures_202312_all.xlsx
2023-12-31,2023,12,januari 2023 - december 2023,Dec 2023,Industriële beroepen en ambachten,Industriële technici,Industrieel onderhoudstechnicus,287,vacatures_202312_all.xlsx
2023-12-31,2023,12,januari 2023 - december 2023,Dec 2023,Industriële beroepen en ambachten,Industriële technici,Koeltechnicus,139,vacatures_202312_all.xlsx
2023-12-31,2023,12,januari 2023 - december 2023,Dec 2023,Industriële beroepen en ambachten,Industriële technici,Lifttechnicus,123,vacatures_202312_all.xlsx
2023-12-31,2023,12,januari 2023 - december 2023,Dec 2023,Industriële beroepen en ambachten,Industriële technici,Medewerker kwaliteitscontrole,18,vacatures_202312_all.xlsx
2023-12-31,2023,12,januari 2023 - december 2023,Dec 2023,Industriële beroepen en ambachten,Industriële technici,Onderhoudstechnicus industriële automatisering,5,vacatures_202312_all.xlsx
2023-12-31,2023,12,januari 2023 - december 2023,Dec 2023,Industriële beroepen en ambachten,Industriële technici,Ontwerper industriële automatisering,17,vacatures_202312_all.xlsx
2023-12-31,2023,12,januari 2023 - december 2023,Dec 2023,Industriële beroepen en ambachten,Industriële technici,Productieplanner,86,vacatures_202312_all.xlsx
2023-12-31,2023,12,januari 2023 - december 2023,Dec 2023,Industriële beroepen en ambachten,Industriële technici,Regeltechnicus klimatisatie,217,vacatures_202312_all.xlsx
2023-12-31,2023,12,januari 2023 - december 2023,Dec 2023,Industriële beroepen en ambachten,Industriële technici,Technicus elektro en elektronica,19,vacatures_202312_all.xlsx
2023-12-31,2023,12,januari 2023 - december 2023,Dec 2023,Industriële beroepen en ambachten,Industriële technici,Technicus elektronische installaties,416,vacatures_202312_all.xlsx
2023-12-31,2023,12,januari 2023 - december 2023,Dec 2023,Industriële beroepen en ambachten,Industriële technici,Werkvoorbereider,57,vacatures_202312_all.xlsx
2023-12-31,2023,12,januari 2023 - december 2023,Dec 2023,Industriële beroepen en ambachten,Medewerkers houtindustrie,Machinaal houtbewerker,1,vacatures_202312_all.xlsx
2023-12-31,2023,12,januari 2023 - december 2023,Dec 2023,Industriële beroepen en ambachten,Medewerkers houtindustrie,Meubelmaker,61,vacatures_202312_all.xlsx
2023-12-31,2023,12,januari 2023 - december 2023,Dec 2023,Industriële beroepen en ambachten,Medewerkers houtindustrie,Operator CNC-gestuurde houtbewerkingsmachines,2,vacatures_202312_all.xlsx
2023-12-31,2023,12,januari 2023 - december 2023,Dec 2023,Industriële beroepen en ambachten,Medewerkers houtindustrie,Productieoperator hout,6,vacatures_202312_all.xlsx
2023-12-31,2023,12,januari 2023 - december 2023,Dec 2023,Industriële beroepen en ambachten,Medewerkers houtindustrie,Werkplaatsschrijnwerker,179,vacatures_202312_all.xlsx
2023-12-31,2023,12,januari 2023 - december 2023,Dec 2023,Industriële beroepen en ambachten,Monteurs en installateurs elektrotechniek,Bordenbouwer - Elektromonteur machinebouw,79,vacatures_202312_all.xlsx
2023-12-31,2023,12,januari 2023 - december 2023,Dec 2023,Industriële beroepen en ambachten,Monteurs en installateurs elektrotechniek,Elektrotechnicus,1203,vacatures_202312_all.xlsx
2023-12-31,2023,12,januari 2023 - december 2023,Dec 2023,Industriële beroepen en ambachten,Monteurs en installateurs elektrotechniek,Technicus industriële elektriciteit,11,vacatures_202312_all.xlsx
2023-12-31,2023,12,januari 2023 - december 2023,Dec 2023,Industriële beroepen en ambachten,Precisietechniekers,Graveerder,1,vacatures_202312_all.xlsx
2023-12-31,2023,12,januari 2023 - december 2023,Dec 2023,Industriële beroepen en ambachten,Professionals in de metaalindustrie,Bankwerker,2,vacatures_202312_all.xlsx
2023-12-31,2023,12,januari 2023 - december 2023,Dec 2023,Industriële beroepen en ambachten,Professionals in de metaalindustrie,Insteller-omsteller plaatbewerking,11,vacatures_202312_all.xlsx
2023-12-31,2023,12,januari 2023 - december 2023,Dec 2023,Industriële beroepen en ambachten,Professionals in de metaalindustrie,Insteller-omsteller verspaning,46,vacatures_202312_all.xlsx
2023-12-31,2023,12,januari 2023 - december 2023,Dec 2023,Industriële beroepen en ambachten,Professionals in de metaalindustrie,Machinebouwer,4,vacatures_202312_all.xlsx
2023-12-31,2023,12,januari 2023 - december 2023,Dec 2023,Industriële beroepen en ambachten,Professionals in de metaalindustrie,Manueel lasser,175,vacatures_202312_all.xlsx
2023-12-31,2023,12,januari 2023 - december 2023,Dec 2023,Industriële beroepen en ambachten,Professionals in de metaalindustrie,Monteur staalconstructies,163,vacatures_202312_all.xlsx
2023-12-31,2023,12,januari 2023 - december 2023,Dec 2023,Industriële beroepen en ambachten,Professionals in de metaalindustrie,Operator montage en assemblage,69,vacatures_202312_all.xlsx
2023-12-31,2023,12,januari 2023 - december 2023,Dec 2023,Industriële beroepen en ambachten,Professionals in de metaalindustrie,Pijpfitter,101,vacatures_202312_all.xlsx
2023-12-31,2023,12,januari 2023 - december 2023,Dec 2023,Industriële beroepen en ambachten,Professionals in de metaalindustrie,Productieoperator metaal,15,vacatures_202312_all.xlsx
2023-12-31,2023,12,januari 2023 - december 2023,Dec 2023,Industriële beroepen en ambachten,Professionals in de metaalindustrie,Rigger-monteerder,89,vacatures_202312_all.xlsx
2023-12-31,2023,12,januari 2023 - december 2023,Dec 2023,Industriële beroepen en ambachten,Specialisten chemie en kunststoffen,Procesoperator chemische industrie,2,vacatures_202312_all.xlsx
2023-12-31,2023,12,januari 2023 - december 2023,Dec 2023,Industriële beroepen en ambachten,Specialisten chemie en kunststoffen,Procesoperator energetische en petrochemische industrie,1,vacatures_202312_all.xlsx
2023-12-31,2023,12,januari 2023 - december 2023,Dec 2023,Industriële beroepen en ambachten,Technisch leidinggevenden,Afdelingsverantwoordelijke productie,9,vacatures_202312_all.xlsx
2023-12-31,2023,12,januari 2023 - december 2023,Dec 2023,Industriële beroepen en ambachten,Technisch leidinggevenden,Productiemanager,8,vacatures_202312_all.xlsx
2023-12-31,2023,12,januari 2023 - december 2023,Dec 2023,Industriële beroepen en ambachten,Technisch leidinggevenden,Projectmanager engineering,258,vacatures_202312_all.xlsx
2023-12-31,2023,12,januari 2023 - december 2023,Dec 2023,Industriële beroepen en ambachten,Technisch leidinggevenden,Teamleader productie,12,vacatures_202312_all.xlsx
2023-12-31,2023,12,januari 2023 - december 2023,Dec 2023,Industriële beroepen en ambachten,Technisch leidinggevenden,Verantwoordelijke beheer en onderhoud van voertuigen,7,vacatures_202312_all.xlsx
2023-12-31,2023,12,januari 2023 - december 2023,Dec 2023,Industriële beroepen en ambachten,Technisch leidinggevenden,Verantwoordelijke industrieel onderhoud,62,vacatures_202312_all.xlsx
2023-12-31,2023,12,januari 2023 - december 2023,Dec 2023,Industriële beroepen en ambachten,Technisch leidinggevenden,Verantwoordelijke kwaliteitscontrole,21,vacatures_202312_all.xlsx
2023-12-31,2023,12,januari 2023 - december 2023,Dec 2023,Industriële beroepen en ambachten,Technisch leidinggevenden,Verantwoordelijke onderzoek en ontwikkeling,2,vacatures_202312_all.xlsx
2023-12-31,2023,12,januari 2023 - december 2023,Dec 2023,Industriële beroepen en ambachten,Technisch leidinggevenden,Verantwoordelijke productieproces en -methodes,2,vacatures_202312_all.xlsx
2023-12-31,2023,12,januari 2023 - december 2023,Dec 2023,Industriële beroepen en ambachten,Tekenaars en vormgevers,Grafisch vormgever,4,vacatures_202312_all.xlsx
2023-12-31,2023,12,januari 2023 - december 2023,Dec 2023,Industriële beroepen en ambachten,Tekenaars en vormgevers,"Tekenaar-ontwerper elektriciteit, elektronica",88,vacatures_202312_all.xlsx
2023-12-31,2023,12,januari 2023 - december 2023,Dec 2023,Industriële beroepen en ambachten,Tekenaars en vormgevers,Tekenaar-ontwerper mechanica,25,vacatures_202312_all.xlsx
2023-12-31,2023,12,januari 2023 - december 2023,Dec 2023,Industriële beroepen en ambachten,Voer- en werktuigherstellers,Monteur-demonteur carrosserie,1,vacatures_202312_all.xlsx
2023-12-31,2023,12,januari 2023 - december 2023,Dec 2023,Industriële beroepen en ambachten,Voer- en werktuigherstellers,OAD-technicus van personenwagens en lichte bedrijfsvoertuigen,2,vacatures_202312_all.xlsx
2023-12-31,2023,12,januari 2023 - december 2023,Dec 2023,Industriële beroepen en ambachten,Voer- en werktuigherstellers,OD-technicus van zware bedrijfsvoertuigen,12,vacatures_202312_all.xlsx
2023-12-31,2023,12,januari 2023 - december 2023,Dec 2023,Industriële beroepen en ambachten,Voer- en werktuigherstellers,Onderhoudsmecanicien van personenwagens en lichte bedrijfsvoertuigen,19,vacatures_202312_all.xlsx
2023-12-31,2023,12,januari 2023 - december 2023,Dec 2023,Industriële beroepen en ambachten,Voer- en werktuigherstellers,Onderhoudsmecanicien van zware bedrijfsvoertuigen,22,vacatures_202312_all.xlsx
2023-12-31,2023,12,januari 2023 - december 2023,Dec 2023,Industriële beroepen en ambachten,Voer- en werktuigherstellers,Onderhoudstechnicus pleziervaart,0,vacatures_202312_all.xlsx
2023-12-31,2023,12,januari 2023 - december 2023,Dec 2023,Industriële beroepen en ambachten,Voer- en werktuigherstellers,Plaatwerker carrosserie,2,vacatures_202312_all.xlsx
2023-12-31,2023,12,januari 2023 - december 2023,Dec 2023,Industriële beroepen en ambachten,Voer- en werktuigherstellers,Spuiter carrosserie,1,vacatures_202312_all.xlsx
2023-12-31,2023,12,januari 2023 - december 2023,Dec 2023,Industriële beroepen en ambachten,Voer- en werktuigherstellers,Technicus van bromfietsen en motorfietsen,4,vacatures_202312_all.xlsx
2023-12-31,2023,12,januari 2023 - december 2023,Dec 2023,Industriële beroepen en ambachten,Voer- en werktuigherstellers,"Technicus werf-, landbouw- en hefmachines",114,vacatures_202312_all.xlsx
2023-12-31,2023,12,januari 2023 - december 2023,Dec 2023,Industriële beroepen en ambachten,Voer- en werktuigherstellers,Voorbewerker carrosserie,2,vacatures_202312_all.xlsx
2023-12-31,2023,12,januari 2023 - december 2023,Dec 2023,Industriële beroepen en ambachten,Voer- en werktuigherstellers,Werktuigkundige scheepvaart,1,vacatures_202312_all.xlsx
2023-12-31,2023,12,januari 2023 - december 2023,Dec 2023,"Land-, tuin- en bosbouw- en visserijberoepen","Land-, tuin- en bosbouwers en vissers",Bestuurder van bosexploitatiemachines,1,vacatures_202312_all.xlsx
2023-12-31,2023,12,januari 2023 - december 2023,Dec 2023,"Land-, tuin- en bosbouw- en visserijberoepen","Land-, tuin- en bosbouwers en vissers",Boomverzorger,1,vacatures_202312_all.xlsx
2023-12-31,2023,12,januari 2023 - december 2023,Dec 2023,"Land-, tuin- en bosbouw- en visserijberoepen","Land-, tuin- en bosbouwers en vissers",Medewerker landbouw,4,vacatures_202312_all.xlsx
2023-12-31,2023,12,januari 2023 - december 2023,Dec 2023,"Land-, tuin- en bosbouw- en visserijberoepen","Land-, tuin- en bosbouwers en vissers",Medewerker loonwerk,1,vacatures_202312_all.xlsx
2023-12-31,2023,12,januari 2023 - december 2023,Dec 2023,"Land-, tuin- en bosbouw- en visserijberoepen","Land-, tuin- en bosbouwers en vissers",Medewerker tuin- en groenaanleg en -onderhoud,43,vacatures_202312_all.xlsx
2023-12-31,2023,12,januari 2023 - december 2023,Dec 2023,"Land-, tuin- en bosbouw- en visserijberoepen","Land-, tuin- en bosbouwers en vissers",Medewerker tuinbouw,3,vacatures_202312_all.xlsx
2023-12-31,2023,12,januari 2023 - december 2023,Dec 2023,"Land-, tuin- en bosbouw- en visserijberoepen","Land-, tuin- en bosbouwers en vissers",Productieverantwoordelijke land- en tuinbouw,2,vacatures_202312_all.xlsx
2023-12-31,2023,12,januari 2023 - december 2023,Dec 2023,"Land-, tuin- en bosbouw- en visserijberoepen","Land-, tuin- en bosbouwers en vissers",Verantwoordelijke tuin- en groenaanleg en -onderhoud,3,vacatures_202312_all.xlsx
2023-12-31,2023,12,januari 2023 - december 2023,Dec 2023,"Medische, paramedische en verzorgende beroepen",Overige zorgmedewerkers,Logistiek assistent in zorginstellingen,2,vacatures_202312_all.xlsx
2023-12-31,2023,12,januari 2023 - december 2023,Dec 2023,"Medische, paramedische en verzorgende beroepen",Paramedici,Ergotherapeut,1,vacatures_202312_all.xlsx
2023-12-31,2023,12,januari 2023 - december 2023,Dec 2023,"Medische, paramedische en verzorgende beroepen","Verpleegkundigen, vroedvrouwen en zorgpersoneel",Verpleegkundige,12,vacatures_202312_all.xlsx
2023-12-31,2023,12,januari 2023 - december 2023,Dec 2023,"Medische, paramedische en verzorgende beroepen","Verpleegkundigen, vroedvrouwen en zorgpersoneel",Zorgkundige,8,vacatures_202312_all.xlsx
2023-12-31,2023,12,januari 2023 - december 2023,Dec 2023,Organisatieondersteunende en kennisberoepen,Accountants,Accountant,88,vacatures_202312_all.xlsx
2023-12-31,2023,12,januari 2023 - december 2023,Dec 2023,Organisatieondersteunende en kennisberoepen,Accountants,Assistent accountancy,106,vacatures_202312_all.xlsx
2023-12-31,2023,12,januari 2023 - december 2023,Dec 2023,Organisatieondersteunende en kennisberoepen,Accountants,Credit collector,4,vacatures_202312_all.xlsx
2023-12-31,2023,12,januari 2023 - december 2023,Dec 2023,Organisatieondersteunende en kennisberoepen,Administratief medewerkers,Managementassistent,57,vacatures_202312_all.xlsx
2023-12-31,2023,12,januari 2023 - december 2023,Dec 2023,Organisatieondersteunende en kennisberoepen,Administratief medewerkers,Onthaalmedewerker,34,vacatures_202312_all.xlsx
2023-12-31,2023,12,januari 2023 - december 2023,Dec 2023,Organisatieondersteunende en kennisberoepen,Administratief medewerkers,Polyvalent administratief medewerker,771,vacatures_202312_all.xlsx
2023-12-31,2023,12,januari 2023 - december 2023,Dec 2023,Organisatieondersteunende en kennisberoepen,Administratief medewerkers,Technisch-administratief medewerker,232,vacatures_202312_all.xlsx
2023-12-31,2023,12,januari 2023 - december 2023,Dec 2023,Organisatieondersteunende en kennisberoepen,Bedrijfsadviseurs,Accountmanager publiciteit,1,vacatures_202312_all.xlsx
2023-12-31,2023,12,januari 2023 - december 2023,Dec 2023,Organisatieondersteunende en kennisberoepen,Bedrijfsadviseurs,Adviseur bedrijfsorganisatie en management,3,vacatures_202312_all.xlsx
2023-12-31,2023,12,januari 2023 - december 2023,Dec 2023,Organisatieondersteunende en kennisberoepen,Bedrijfsadviseurs,Business analist,4,vacatures_202312_all.xlsx
2023-12-31,2023,12,januari 2023 - december 2023,Dec 2023,Organisatieondersteunende en kennisberoepen,Bedrijfsadviseurs,Business en financial controller,35,vacatures_202312_all.xlsx
2023-12-31,2023,12,januari 2023 - december 2023,Dec 2023,Organisatieondersteunende en kennisberoepen,Bedrijfsadviseurs,Milieucoördinator,12,vacatures_202312_all.xlsx
2023-12-31,2023,12,januari 2023 - december 2023,Dec 2023,Organisatieondersteunende en kennisberoepen,Bedrijfsadviseurs,Opleidingsadviseur bedrijven en organisaties,2,vacatures_202312_all.xlsx
2023-12-31,2023,12,januari 2023 - december 2023,Dec 2023,Organisatieondersteunende en kennisberoepen,Bedrijfsadviseurs,Preventieadviseur,49,vacatures_202312_all.xlsx
2023-12-31,2023,12,januari 2023 - december 2023,Dec 2023,Organisatieondersteunende en kennisberoepen,Bedrijfsadviseurs,Projectmanager business,3,vacatures_202312_all.xlsx
2023-12-31,2023,12,januari 2023 - december 2023,Dec 2023,Organisatieondersteunende en kennisberoepen,Controleurs en inspecteurs,Technisch inspecteur industrie,6,vacatures_202312_all.xlsx
2023-12-31,2023,12,januari 2023 - december 2023,Dec 2023,Organisatieondersteunende en kennisberoepen,HR-experts,Payroll advisor,24,vacatures_202312_all.xlsx
2023-12-31,2023,12,januari 2023 - december 2023,Dec 2023,Organisatieondersteunende en kennisberoepen,HR-experts,Personeelsmedewerker,50,vacatures_202312_all.xlsx
2023-12-31,2023,12,januari 2023 - december 2023,Dec 2023,Organisatieondersteunende en kennisberoepen,HR-experts,Verantwoordelijke werving en opleiding,32,vacatures_202312_all.xlsx
2023-12-31,2023,12,januari 2023 - december 2023,Dec 2023,Organisatieondersteunende en kennisberoepen,Informatici en ICT-medewerkers,Data engineer,0,vacatures_202312_all.xlsx
2023-12-31,2023,12,januari 2023 - december 2023,Dec 2023,Organisatieondersteunende en kennisberoepen,Informatici en ICT-medewerkers,Data scientist,1,vacatures_202312_all.xlsx
2023-12-31,2023,12,januari 2023 - december 2023,Dec 2023,Organisatieondersteunende en kennisberoepen,Informatici en ICT-medewerkers,ICT architect,1,vacatures_202312_all.xlsx
2023-12-31,2023,12,januari 2023 - december 2023,Dec 2023,Organisatieondersteunende en kennisberoepen,Informatici en ICT-medewerkers,Integratie expert ICT,27,vacatures_202312_all.xlsx
2023-12-31,2023,12,januari 2023 - december 2023,Dec 2023,Organisatieondersteunende en kennisberoepen,Informatici en ICT-medewerkers,Netwerk engineer telecom,4,vacatures_202312_all.xlsx
2023-12-31,2023,12,januari 2023 - december 2023,Dec 2023,Organisatieondersteunende en kennisberoepen,Informatici en ICT-medewerkers,Netwerkbeheerder,2,vacatures_202312_all.xlsx
2023-12-31,2023,12,januari 2023 - december 2023,Dec 2023,Organisatieondersteunende en kennisberoepen,Informatici en ICT-medewerkers,Software analist,3,vacatures_202312_all.xlsx
2023-12-31,2023,12,januari 2023 - december 2023,Dec 2023,Organisatieondersteunende en kennisberoepen,Informatici en ICT-medewerkers,Software ontwikkelaar,21,vacatures_202312_all.xlsx
2023-12-31,2023,12,januari 2023 - december 2023,Dec 2023,Organisatieondersteunende en kennisberoepen,Informatici en ICT-medewerkers,Support medewerker ICT,41,vacatures_202312_all.xlsx
2023-12-31,2023,12,januari 2023 - december 2023,Dec 2023,Organisatieondersteunende en kennisberoepen,Informatici en ICT-medewerkers,Systeembeheerder,7,vacatures_202312_all.xlsx
2023-12-31,2023,12,januari 2023 - december 2023,Dec 2023,Organisatieondersteunende en kennisberoepen,Informatici en ICT-medewerkers,Websitebeheerder,1,vacatures_202312_all.xlsx
2023-12-31,2023,12,januari 2023 - december 2023,Dec 2023,Organisatieondersteunende en kennisberoepen,Leidinggevenden,Administratief en financieel verantwoordelijke,20,vacatures_202312_all.xlsx
2023-12-31,2023,12,januari 2023 - december 2023,Dec 2023,Organisatieondersteunende en kennisberoepen,Leidinggevenden,Algemeen directeur,21,vacatures_202312_all.xlsx
2023-12-31,2023,12,januari 2023 - december 2023,Dec 2023,Organisatieondersteunende en kennisberoepen,Leidinggevenden,Facility manager,22,vacatures_202312_all.xlsx
2023-12-31,2023,12,januari 2023 - december 2023,Dec 2023,Organisatieondersteunende en kennisberoepen,Leidinggevenden,HR-manager,26,vacatures_202312_all.xlsx
2023-12-31,2023,12,januari 2023 - december 2023,Dec 2023,Organisatieondersteunende en kennisberoepen,Leidinggevenden,Marketingmanager,29,vacatures_202312_all.xlsx
2023-12-31,2023,12,januari 2023 - december 2023,Dec 2023,Organisatieondersteunende en kennisberoepen,Leidinggevenden,Sales manager,6,vacatures_202312_all.xlsx
2023-12-31,2023,12,januari 2023 - december 2023,Dec 2023,Organisatieondersteunende en kennisberoepen,Leidinggevenden,"Uitbater sport-, recreatief of toeristisch centrum",4,vacatures_202312_all.xlsx
2023-12-31,2023,12,januari 2023 - december 2023,Dec 2023,Organisatieondersteunende en kennisberoepen,Leidinggevenden,Verantwoordelijke ICT,7,vacatures_202312_all.xlsx
2023-12-31,2023,12,januari 2023 - december 2023,Dec 2023,Organisatieondersteunende en kennisberoepen,Leidinggevenden,Verantwoordelijke aankoop,12,vacatures_202312_all.xlsx
2023-12-31,2023,12,januari 2023 - december 2023,Dec 2023,Organisatieondersteunende en kennisberoepen,Leidinggevenden,Verantwoordelijke contactcenter,1,vacatures_202312_all.xlsx
2023-12-31,2023,12,januari 2023 - december 2023,Dec 2023,Organisatieondersteunende en kennisberoepen,Leidinggevenden,"Verantwoordelijke gezondheids-, sociale of penitentiaire instelling",2,vacatures_202312_all.xlsx
2023-12-31,2023,12,januari 2023 - december 2023,Dec 2023,Organisatieondersteunende en kennisberoepen,Leidinggevenden,Verantwoordelijke klantendienst,1,vacatures_202312_all.xlsx
2023-12-31,2023,12,januari 2023 - december 2023,Dec 2023,Organisatieondersteunende en kennisberoepen,Leidinggevenden,Verantwoordelijke verkoopadministratie,2,vacatures_202312_all.xlsx
2023-12-31,2023,12,januari 2023 - december 2023,Dec 2023,Organisatieondersteunende en kennisberoepen,"Medewerkers commerciële strategie, marketing en verkoop",Aankoper,69,vacatures_202312_all.xlsx
2023-12-31,2023,12,januari 2023 - december 2023,Dec 2023,Organisatieondersteunende en kennisberoepen,"Medewerkers commerciële strategie, marketing en verkoop",Commercieel medewerker binnendienst,43,vacatures_202312_all.xlsx
2023-12-31,2023,12,januari 2023 - december 2023,Dec 2023,Organisatieondersteunende en kennisberoepen,"Medewerkers commerciële strategie, marketing en verkoop",Contactcenter medewerker,140,vacatures_202312_all.xlsx
2023-12-31,2023,12,januari 2023 - december 2023,Dec 2023,Organisatieondersteunende en kennisberoepen,"Medewerkers commerciële strategie, marketing en verkoop",Content marketeer,3,vacatures_202312_all.xlsx
2023-12-31,2023,12,januari 2023 - december 2023,Dec 2023,Organisatieondersteunende en kennisberoepen,"Medewerkers commerciële strategie, marketing en verkoop",Digital marketeer,1,vacatures_202312_all.xlsx
2023-12-31,2023,12,januari 2023 - december 2023,Dec 2023,Organisatieondersteunende en kennisberoepen,"Medewerkers commerciële strategie, marketing en verkoop",Digital sales assistant,14,vacatures_202312_all.xlsx
2023-12-31,2023,12,januari 2023 - december 2023,Dec 2023,Organisatieondersteunende en kennisberoepen,"Medewerkers commerciële strategie, marketing en verkoop",Enquêteur,14,vacatures_202312_all.xlsx
2023-12-31,2023,12,januari 2023 - december 2023,Dec 2023,Organisatieondersteunende en kennisberoepen,"Medewerkers commerciële strategie, marketing en verkoop",Marketing assistent,1,vacatures_202312_all.xlsx
2023-12-31,2023,12,januari 2023 - december 2023,Dec 2023,Organisatieondersteunende en kennisberoepen,"Medewerkers commerciële strategie, marketing en verkoop",Productmanager,3,vacatures_202312_all.xlsx
2023-12-31,2023,12,januari 2023 - december 2023,Dec 2023,Organisatieondersteunende en kennisberoepen,"Medewerkers commerciële strategie, marketing en verkoop",Sales engineer,56,vacatures_202312_all.xlsx
2023-12-31,2023,12,januari 2023 - december 2023,Dec 2023,Organisatieondersteunende en kennisberoepen,Onderzoeksmedewerkers en beleidsexperten,Beleidsdeskundige,49,vacatures_202312_all.xlsx
2023-12-31,2023,12,januari 2023 - december 2023,Dec 2023,Organisatieondersteunende en kennisberoepen,Onderzoeksmedewerkers en beleidsexperten,Expert lokale ontwikkeling,7,vacatures_202312_all.xlsx
2023-12-31,2023,12,januari 2023 - december 2023,Dec 2023,Organisatieondersteunende en kennisberoepen,Onderzoeksmedewerkers en beleidsexperten,Marktonderzoeker,9,vacatures_202312_all.xlsx
2023-12-31,2023,12,januari 2023 - december 2023,Dec 2023,Organisatieondersteunende en kennisberoepen,Onderzoeksmedewerkers en beleidsexperten,Wetenschappelijk onderzoeker,3,vacatures_202312_all.xlsx
2023-12-31,2023,12,januari 2023 - december 2023,Dec 2023,Organisatieondersteunende en kennisberoepen,Specialisten kennisbeheer en communicatie,Bibliothecaris-archivaris,1,vacatures_202312_all.xlsx
2023-12-31,2023,12,januari 2023 - december 2023,Dec 2023,Organisatieondersteunende en kennisberoepen,Specialisten kennisbeheer en communicatie,Bibliotheekdeskundige,1,vacatures_202312_all.xlsx
2023-12-31,2023,12,januari 2023 - december 2023,Dec 2023,Organisatieondersteunende en kennisberoepen,Specialisten kennisbeheer en communicatie,Bibliotheekmedewerker,1,vacatures_202312_all.xlsx
2023-12-31,2023,12,januari 2023 - december 2023,Dec 2023,Organisatieondersteunende en kennisberoepen,Specialisten kennisbeheer en communicatie,Erfgoedkundige,4,vacatures_202312_all.xlsx
2023-12-31,2023,12,januari 2023 - december 2023,Dec 2023,Organisatieondersteunende en kennisberoepen,Specialisten kennisbeheer en communicatie,Journalist-redacteur,2,vacatures_202312_all.xlsx
2023-12-31,2023,12,januari 2023 - december 2023,Dec 2023,Organisatieondersteunende en kennisberoepen,Specialisten kennisbeheer en communicatie,Medewerker communicatie,9,vacatures_202312_all.xlsx
2023-12-31,2023,12,januari 2023 - december 2023,Dec 2023,Organisatieondersteunende en kennisberoepen,Specialisten kennisbeheer en communicatie,Technisch redacteur,0,vacatures_202312_all.xlsx
2023-12-31,2023,12,januari 2023 - december 2023,Dec 2023,Pedagogische beroepen,Onderwijsassistenten,Opvoeder in een onderwijsinstelling,1,vacatures_202312_all.xlsx
2023-12-31,2023,12,januari 2023 - december 2023,Dec 2023,Pedagogische beroepen,Onderwijzend en leidinggevend personeel in onderwijs,Leerkracht secundair onderwijs,1,vacatures_202312_all.xlsx
2023-12-31,2023,12,januari 2023 - december 2023,Dec 2023,Pedagogische beroepen,Onderwijzend en leidinggevend personeel in onderwijs,Leidinggevende onderwijsinstelling,1,vacatures_202312_all.xlsx
2023-12-31,2023,12,januari 2023 - december 2023,Dec 2023,Pedagogische beroepen,Onderwijzend en leidinggevend personeel in onderwijs,Opleider volwassenen,9,vacatures_202312_all.xlsx
2023-12-31,2023,12,januari 2023 - december 2023,Dec 2023,Pedagogische beroepen,Onderwijzend en leidinggevend personeel in onderwijs,Pedagogisch coördinator,4,vacatures_202312_all.xlsx
2023-12-31,2023,12,januari 2023 - december 2023,Dec 2023,Pedagogische beroepen,Opvoedkundig personeel,Kinderbegeleider baby's en peuters,3,vacatures_202312_all.xlsx
2023-12-31,2023,12,januari 2023 - december 2023,Dec 2023,Pedagogische beroepen,Opvoedkundig personeel,Kinderbegeleider schoolgaande kinderen,9,vacatures_202312_all.xlsx
2023-12-31,2023,12,januari 2023 - december 2023,Dec 2023,Pedagogische beroepen,Opvoedkundig personeel,Verantwoordelijke kinderopvang,1,vacatures_202312_all.xlsx
2023-12-31,2023,12,januari 2023 - december 2023,Dec 2023,Transport- en logistieke beroepen,Bestuurders in het wegtransport,Autobuschauffeur,4,vacatures_202312_all.xlsx
2023-12-31,2023,12,januari 2023 - december 2023,Dec 2023,Transport- en logistieke beroepen,Bestuurders in het wegtransport,Taxichauffeur en chauffeur privévervoer,1,vacatures_202312_all.xlsx
2023-12-31,2023,12,januari 2023 - december 2023,Dec 2023,Transport- en logistieke beroepen,Bestuurders in het wegtransport,Vrachtwagenbestuurder,527,vacatures_202312_all.xlsx
2023-12-31,2023,12,januari 2023 - december 2023,Dec 2023,Transport- en logistieke beroepen,Transport- en logistiek personeel,Dispatcher goederenvervoer,26,vacatures_202312_all.xlsx
2023-12-31,2023,12,januari 2023 - december 2023,Dec 2023,Transport- en logistieke beroepen,Transport- en logistiek personeel,Heftruckchauffeur,7,vacatures_202312_all.xlsx
2023-12-31,2023,12,januari 2023 - december 2023,Dec 2023,Transport- en logistieke beroepen,Transport- en logistiek personeel,Koerier besteller,1,vacatures_202312_all.xlsx
2023-12-31,2023,12,januari 2023 - december 2023,Dec 2023,Transport- en logistieke beroepen,Transport- en logistiek personeel,Logistiek verantwoordelijke,29,vacatures_202312_all.xlsx
2023-12-31,2023,12,januari 2023 - december 2023,Dec 2023,Transport- en logistieke beroepen,Transport- en logistiek personeel,Magazijnbeheerder,25,vacatures_202312_all.xlsx
2023-12-31,2023,12,januari 2023 - december 2023,Dec 2023,Transport- en logistieke beroepen,Transport- en logistiek personeel,Magazijnmedewerker,348,vacatures_202312_all.xlsx
2023-12-31,2023,12,januari 2023 - december 2023,Dec 2023,Transport- en logistieke beroepen,Transport- en logistiek personeel,Medewerker internationaal goederenverkeer,7,vacatures_202312_all.xlsx
2023-12-31,2023,12,januari 2023 - december 2023,Dec 2023,Transport- en logistieke beroepen,Transport- en logistiek personeel,Post- en pakketmedewerker,2,vacatures_202312_all.xlsx
2023-12-31,2023,12,januari 2023 - december 2023,Dec 2023,Transport- en logistieke beroepen,Transport- en logistiek personeel,Verantwoordelijke logistieke site,11,vacatures_202312_all.xlsx
2023-12-31,2023,12,januari 2023 - december 2023,Dec 2023,Transport- en logistieke beroepen,"Werknemers spoor-, water-, luchttransport",Schipper-stuurman binnenscheepvaart,4,vacatures_202312_all.xlsx
2023-12-31,2023,12,januari 2023 - december 2023,Dec 2023,Transport- en logistieke beroepen,"Werknemers spoor-, water-, luchttransport",Spoorwerker,60,vacatures_202312_all.xlsx
2023-12-31,2023,12,januari 2023 - december 2023,Dec 2023,Transport- en logistieke beroepen,"Werknemers spoor-, water-, luchttransport",Traffic controller,1,vacatures_202312_all.xlsx
2023-12-31,2023,12,januari 2023 - december 2023,Dec 2023,Vrijetijds- en artistieke beroepen,"Medewerkers bij toerisme, vrije tijd en sport",Deskundige toeristische ontwikkeling,1,vacatures_202312_all.xlsx
2023-12-31,2023,12,januari 2023 - december 2023,Dec 2023,Vrijetijds- en artistieke beroepen,"Medewerkers bij toerisme, vrije tijd en sport",Eventmanager,4,vacatures_202312_all.xlsx
2023-12-31,2023,12,januari 2023 - december 2023,Dec 2023,Vrijetijds- en artistieke beroepen,"Medewerkers bij toerisme, vrije tijd en sport",Fitnessbegeleider,57,vacatures_202312_all.xlsx
2023-12-31,2023,12,januari 2023 - december 2023,Dec 2023,Vrijetijds- en artistieke beroepen,"Medewerkers bij toerisme, vrije tijd en sport",Redder,6,vacatures_202312_all.xlsx
2023-12-31,2023,12,januari 2023 - december 2023,Dec 2023,Vrijetijds- en artistieke beroepen,"Medewerkers bij toerisme, vrije tijd en sport",Sporttrainer,1,vacatures_202312_all.xlsx
2023-12-31,2023,12,januari 2023 - december 2023,Dec 2023,Vrijetijds- en artistieke beroepen,Podium- en audiovisuele technici,Polyvalent podiumtechnicus,5,vacatures_202312_all.xlsx
2024-12-31,2024,12,januari 2024 - december 2024,Dec 2024,Bouwberoepen,Bouwtechnici,Architect,24,vacatures_202412_all.xlsx
2024-12-31,2024,12,januari 2024 - december 2024,Dec 2024,Bouwberoepen,Bouwtechnici,BIM-expert (Building Information Modeling),12,vacatures_202412_all.xlsx
2024-12-31,2024,12,januari 2024 - december 2024,Dec 2024,Bouwberoepen,Bouwtechnici,Bodemonderzoeker,12,vacatures_202412_all.xlsx
2024-12-31,2024,12,januari 2024 - december 2024,Dec 2024,Bouwberoepen,Bouwtechnici,Bouwkundig tekenaar,112,vacatures_202412_all.xlsx
2024-12-31,2024,12,januari 2024 - december 2024,Dec 2024,Bouwberoepen,Bouwtechnici,Calculator bouw,394,vacatures_202412_all.xlsx
2024-12-31,2024,12,januari 2024 - december 2024,Dec 2024,Bouwberoepen,Bouwtechnici,Energiedeskundige gebouwen,1,vacatures_202412_all.xlsx
2024-12-31,2024,12,januari 2024 - december 2024,Dec 2024,Bouwberoepen,Bouwtechnici,Ingenieur studie en advies bouw,255,vacatures_202412_all.xlsx
2024-12-31,2024,12,januari 2024 - december 2024,Dec 2024,Bouwberoepen,Bouwtechnici,Interieurarchitect interieurvormgever,37,vacatures_202412_all.xlsx
2024-12-31,2024,12,januari 2024 - december 2024,Dec 2024,Bouwberoepen,Bouwtechnici,Landmeter,32,vacatures_202412_all.xlsx
2024-12-31,2024,12,januari 2024 - december 2024,Dec 2024,Bouwberoepen,Bouwtechnici,Landschapsarchitect,1,vacatures_202412_all.xlsx
2024-12-31,2024,12,januari 2024 - december 2024,Dec 2024,Bouwberoepen,Bouwtechnici,Projectleider bouw en openbare werken,391,vacatures_202412_all.xlsx
2024-12-31,2024,12,januari 2024 - december 2024,Dec 2024,Bouwberoepen,Bouwtechnici,Veiligheidscoördinator,33,vacatures_202412_all.xlsx
2024-12-31,2024,12,januari 2024 - december 2024,Dec 2024,Bouwberoepen,Bouwtechnici,Verantwoordelijke onderhoud van gebouwen en infrastructuur,3,vacatures_202412_all.xlsx
2024-12-31,2024,12,januari 2024 - december 2024,Dec 2024,Bouwberoepen,Bouwtechnici,Werfbediende,39,vacatures_202412_all.xlsx
2024-12-31,2024,12,januari 2024 - december 2024,Dec 2024,Bouwberoepen,Bouwtechnici,Werfleider,949,vacatures_202412_all.xlsx
2024-12-31,2024,12,januari 2024 - december 2024,Dec 2024,Bouwberoepen,Bouwvakkers,"Aansluiter van waterleidingen, rioleringen en warmtenetten",30,vacatures_202412_all.xlsx
2024-12-31,2024,12,januari 2024 - december 2024,Dec 2024,Bouwberoepen,Bouwvakkers,Asbestverwijderaar,79,vacatures_202412_all.xlsx
2024-12-31,2024,12,januari 2024 - december 2024,Dec 2024,Bouwberoepen,Bouwvakkers,Bediener baggermachines,1,vacatures_202412_all.xlsx
2024-12-31,2024,12,januari 2024 - december 2024,Dec 2024,Bouwberoepen,Bouwvakkers,Bekister-betonneerder,134,vacatures_202412_all.xlsx
2024-12-31,2024,12,januari 2024 - december 2024,Dec 2024,Bouwberoepen,Bouwvakkers,Beveiligingstechnicus,54,vacatures_202412_all.xlsx
2024-12-31,2024,12,januari 2024 - december 2024,Dec 2024,Bouwberoepen,Bouwvakkers,Brandertechnicus,22,vacatures_202412_all.xlsx
2024-12-31,2024,12,januari 2024 - december 2024,Dec 2024,Bouwberoepen,Bouwvakkers,Daktimmerman,36,vacatures_202412_all.xlsx
2024-12-31,2024,12,januari 2024 - december 2024,Dec 2024,Bouwberoepen,Bouwvakkers,Dakwerker,673,vacatures_202412_all.xlsx
2024-12-31,2024,12,januari 2024 - december 2024,Dec 2024,Bouwberoepen,Bouwvakkers,Datacommunicatie- en netwerktechnicus,587,vacatures_202412_all.xlsx
2024-12-31,2024,12,januari 2024 - december 2024,Dec 2024,Bouwberoepen,Bouwvakkers,Dekvloerlegger,15,vacatures_202412_all.xlsx
2024-12-31,2024,12,januari 2024 - december 2024,Dec 2024,Bouwberoepen,Bouwvakkers,Elektrotechnisch installateur,81,vacatures_202412_all.xlsx
2024-12-31,2024,12,januari 2024 - december 2024,Dec 2024,Bouwberoepen,Bouwvakkers,Gevelreiniger,14,vacatures_202412_all.xlsx
2024-12-31,2024,12,januari 2024 - december 2024,Dec 2024,Bouwberoepen,Bouwvakkers,Gevelrenoveerder-betonhersteller,61,vacatures_202412_all.xlsx
2024-12-31,2024,12,januari 2024 - december 2024,Dec 2024,Bouwberoepen,Bouwvakkers,Glaswerker,29,vacatures_202412_all.xlsx
2024-12-31,2024,12,januari 2024 - december 2024,Dec 2024,Bouwberoepen,Bouwvakkers,Industrieel isolatiewerker,99,vacatures_202412_all.xlsx
2024-12-31,2024,12,januari 2024 - december 2024,Dec 2024,Bouwberoepen,Bouwvakkers,Installateur elektrotechnische basiscomponenten,7,vacatures_202412_all.xlsx
2024-12-31,2024,12,januari 2024 - december 2024,Dec 2024,Bouwberoepen,Bouwvakkers,Installateur energiemanagementsystemen,209,vacatures_202412_all.xlsx
2024-12-31,2024,12,januari 2024 - december 2024,Dec 2024,Bouwberoepen,Bouwvakkers,Installateur gebouwenautomatisering,0,vacatures_202412_all.xlsx
2024-12-31,2024,12,januari 2024 - december 2024,Dec 2024,Bouwberoepen,Bouwvakkers,Installateur nutsvoorzieningen,72,vacatures_202412_all.xlsx
2024-12-31,2024,12,januari 2024 - december 2024,Dec 2024,Bouwberoepen,Bouwvakkers,Interieurbouwer,183,vacatures_202412_all.xlsx
2024-12-31,2024,12,januari 2024 - december 2024,Dec 2024,Bouwberoepen,Bouwvakkers,Isoleerder ruwbouw en dak,20,vacatures_202412_all.xlsx
2024-12-31,2024,12,januari 2024 - december 2024,Dec 2024,Bouwberoepen,Bouwvakkers,Medewerker ruwbouw,943,vacatures_202412_all.xlsx
2024-12-31,2024,12,januari 2024 - december 2024,Dec 2024,Bouwberoepen,Bouwvakkers,Metselaar,373,vacatures_202412_all.xlsx
2024-12-31,2024,12,januari 2024 - december 2024,Dec 2024,Bouwberoepen,Bouwvakkers,Monteur installatietechnieken,666,vacatures_202412_all.xlsx
2024-12-31,2024,12,januari 2024 - december 2024,Dec 2024,Bouwberoepen,Bouwvakkers,Natuursteenbewerker,18,vacatures_202412_all.xlsx
2024-12-31,2024,12,januari 2024 - december 2024,Dec 2024,Bouwberoepen,Bouwvakkers,Onderhoudsmedewerker gebouwen,107,vacatures_202412_all.xlsx
2024-12-31,2024,12,januari 2024 - december 2024,Dec 2024,Bouwberoepen,Bouwvakkers,Onderhoudsmedewerker wegennet,6,vacatures_202412_all.xlsx
2024-12-31,2024,12,januari 2024 - december 2024,Dec 2024,Bouwberoepen,Bouwvakkers,Plaatser binnenschrijnwerk,135,vacatures_202412_all.xlsx
2024-12-31,2024,12,januari 2024 - december 2024,Dec 2024,Bouwberoepen,Bouwvakkers,Plaatser buitenschrijnwerk,366,vacatures_202412_all.xlsx
2024-12-31,2024,12,januari 2024 - december 2024,Dec 2024,Bouwberoepen,Bouwvakkers,Plaatser van boven- en ondergrondse leidingen,305,vacatures_202412_all.xlsx
2024-12-31,2024,12,januari 2024 - december 2024,Dec 2024,Bouwberoepen,Bouwvakkers,Plaatser van houten vloerbedekking,19,vacatures_202412_all.xlsx
2024-12-31,2024,12,januari 2024 - december 2024,Dec 2024,Bouwberoepen,Bouwvakkers,Plaatser van soepele vloerbekledingen,16,vacatures_202412_all.xlsx
2024-12-31,2024,12,januari 2024 - december 2024,Dec 2024,Bouwberoepen,Bouwvakkers,Rioollegger,22,vacatures_202412_all.xlsx
2024-12-31,2024,12,januari 2024 - december 2024,Dec 2024,Bouwberoepen,Bouwvakkers,Schilder-decorateur,267,vacatures_202412_all.xlsx
2024-12-31,2024,12,januari 2024 - december 2024,Dec 2024,Bouwberoepen,Bouwvakkers,Schrijnwerker houtbouw,25,vacatures_202412_all.xlsx
2024-12-31,2024,12,januari 2024 - december 2024,Dec 2024,Bouwberoepen,Bouwvakkers,Steigerbouwer,170,vacatures_202412_all.xlsx
2024-12-31,2024,12,januari 2024 - december 2024,Dec 2024,Bouwberoepen,Bouwvakkers,Stukadoor,150,vacatures_202412_all.xlsx
2024-12-31,2024,12,januari 2024 - december 2024,Dec 2024,Bouwberoepen,Bouwvakkers,Technicus hernieuwbare energietechnieken,27,vacatures_202412_all.xlsx
2024-12-31,2024,12,januari 2024 - december 2024,Dec 2024,Bouwberoepen,Bouwvakkers,Technicus installatietechnieken,61,vacatures_202412_all.xlsx
2024-12-31,2024,12,januari 2024 - december 2024,Dec 2024,Bouwberoepen,Bouwvakkers,Vloerder-tegelzetter,142,vacatures_202412_all.xlsx
2024-12-31,2024,12,januari 2024 - december 2024,Dec 2024,Bouwberoepen,Bouwvakkers,Voeger,57,vacatures_202412_all.xlsx
2024-12-31,2024,12,januari 2024 - december 2024,Dec 2024,Bouwberoepen,Bouwvakkers,Wegenwerker,1187,vacatures_202412_all.xlsx
2024-12-31,2024,12,januari 2024 - december 2024,Dec 2024,Bouwberoepen,Machinisten en kraanmannen,Bediener grondverzetmachines,321,vacatures_202412_all.xlsx
2024-12-31,2024,12,januari 2024 - december 2024,Dec 2024,Bouwberoepen,Machinisten en kraanmannen,Bediener machines horizontale boringen,43,vacatures_202412_all.xlsx
2024-12-31,2024,12,januari 2024 - december 2024,Dec 2024,Bouwberoepen,Machinisten en kraanmannen,Bediener machines verticale boringen,14,vacatures_202412_all.xlsx
2024-12-31,2024,12,januari 2024 - december 2024,Dec 2024,Bouwberoepen,Machinisten en kraanmannen,Bediener of medewerker diepfunderingsmachines,1,vacatures_202412_all.xlsx
2024-12-31,2024,12,januari 2024 - december 2024,Dec 2024,Bouwberoepen,Machinisten en kraanmannen,Bediener van betonnerings- en asfalteringsmachines,2,vacatures_202412_all.xlsx
2024-12-31,2024,12,januari 2024 - december 2024,Dec 2024,Bouwberoepen,Machinisten en kraanmannen,Kraanbestuurder,215,vacatures_202412_all.xlsx
2024-12-31,2024,12,januari 2024 - december 2024,Dec 2024,Bouwberoepen,Machinisten en kraanmannen,Torenkraanbediener,21,vacatures_202412_all.xlsx
2024-12-31,2024,12,januari 2024 - december 2024,Dec 2024,Dienstverlenende beroepen,Adviesverleners,Arbeidsbemiddelaar-jobcoach,0,vacatures_202412_all.xlsx
2024-12-31,2024,12,januari 2024 - december 2024,Dec 2024,Dienstverlenende beroepen,Adviesverleners,Maatschappelijk werker,12,vacatures_202412_all.xlsx
2024-12-31,2024,12,januari 2024 - december 2024,Dec 2024,Dienstverlenende beroepen,Experts vastgoed,Rentmeester,5,vacatures_202412_all.xlsx
2024-12-31,2024,12,januari 2024 - december 2024,Dec 2024,Dienstverlenende beroepen,Experts vastgoed,Vastgoedbemiddelaar verkoop en verhuur,6,vacatures_202412_all.xlsx
2024-12-31,2024,12,januari 2024 - december 2024,Dec 2024,Dienstverlenende beroepen,Experts vastgoed,Vastgoedpromotor,8,vacatures_202412_all.xlsx
2024-12-31,2024,12,januari 2024 - december 2024,Dec 2024,Dienstverlenende beroepen,Juridische dienstverleners,Juridisch medewerker,6,vacatures_202412_all.xlsx
2024-12-31,2024,12,januari 2024 - december 2024,Dec 2024,Dienstverlenende beroepen,Juridische dienstverleners,Jurist,11,vacatures_202412_all.xlsx
2024-12-31,2024,12,januari 2024 - december 2024,Dec 2024,Dienstverlenende beroepen,Medewerkers in finance,Financieel analist,0,vacatures_202412_all.xlsx
2024-12-31,2024,12,januari 2024 - december 2024,Dec 2024,Dienstverlenende beroepen,Medewerkers in finance,Kantoorverantwoordelijke in de financiële sector,1,vacatures_202412_all.xlsx
2024-12-31,2024,12,januari 2024 - december 2024,Dec 2024,Dienstverlenende beroepen,Medewerkers in finance,Revisor,3,vacatures_202412_all.xlsx
2024-12-31,2024,12,januari 2024 - december 2024,Dec 2024,Dienstverlenende beroepen,Medewerkers in finance,Schade-expert verzekeringen,1,vacatures_202412_all.xlsx
2024-12-31,2024,12,januari 2024 - december 2024,Dec 2024,Dienstverlenende beroepen,Persoonlijke dienstverleners,Animator,2,vacatures_202412_all.xlsx
2024-12-31,2024,12,januari 2024 - december 2024,Dec 2024,Dienstverlenende beroepen,Persoonlijke dienstverleners,Conciërge,6,vacatures_202412_all.xlsx
2024-12-31,2024,12,januari 2024 - december 2024,Dec 2024,Dienstverlenende beroepen,Persoonlijke dienstverleners,Dierentrimmer,2,vacatures_202412_all.xlsx
2024-12-31,2024,12,januari 2024 - december 2024,Dec 2024,Dienstverlenende beroepen,Persoonlijke dienstverleners,Dierenverzorger,1,vacatures_202412_all.xlsx
2024-12-31,2024,12,januari 2024 - december 2024,Dec 2024,Dienstverlenende beroepen,Persoonlijke dienstverleners,Kapper,1,vacatures_202412_all.xlsx
2024-12-31,2024,12,januari 2024 - december 2024,Dec 2024,Dienstverlenende beroepen,Persoonlijke dienstverleners,Medewerker kuuroord,7,vacatures_202412_all.xlsx
2024-12-31,2024,12,januari 2024 - december 2024,Dec 2024,Dienstverlenende beroepen,Persoonlijke dienstverleners,Schoonheidsspecialist,1,vacatures_202412_all.xlsx
2024-12-31,2024,12,januari 2024 - december 2024,Dec 2024,Dienstverlenende beroepen,Publieke dienstverleners,Sociaal-cultureel begeleider,2,vacatures_202412_all.xlsx
2024-12-31,2024,12,januari 2024 - december 2024,Dec 2024,Dienstverlenende beroepen,Schoonmaak- en onderhoudspersoneel,Huishoudhulp-poetshulp,15,vacatures_202412_all.xlsx
2024-12-31,2024,12,januari 2024 - december 2024,Dec 2024,Dienstverlenende beroepen,Schoonmaak- en onderhoudspersoneel,Industrieel reiniger,23,vacatures_202412_all.xlsx
2024-12-31,2024,12,januari 2024 - december 2024,Dec 2024,Dienstverlenende beroepen,Schoonmaak- en onderhoudspersoneel,Leidinggevende schoonmaak,3,vacatures_202412_all.xlsx
2024-12-31,2024,12,januari 2024 - december 2024,Dec 2024,Dienstverlenende beroepen,Schoonmaak- en onderhoudspersoneel,Medewerker ongediertebestrijding,1,vacatures_202412_all.xlsx
2024-12-31,2024,12,januari 2024 - december 2024,Dec 2024,Dienstverlenende beroepen,Schoonmaak- en onderhoudspersoneel,Onderhoudsmedewerker affichering en straatmeubilair,1,vacatures_202412_all.xlsx
2024-12-31,2024,12,januari 2024 - december 2024,Dec 2024,Dienstverlenende beroepen,Schoonmaak- en onderhoudspersoneel,Recyclageparkwachter,1,vacatures_202412_all.xlsx
2024-12-31,2024,12,januari 2024 - december 2024,Dec 2024,Dienstverlenende beroepen,Schoonmaak- en onderhoudspersoneel,Ruitenwasser,2,vacatures_202412_all.xlsx
2024-12-31,2024,12,januari 2024 - december 2024,Dec 2024,Dienstverlenende beroepen,Schoonmaak- en onderhoudspersoneel,Schoonmaker van ruimten en lokalen,113,vacatures_202412_all.xlsx
2024-12-31,2024,12,januari 2024 - december 2024,Dec 2024,Handels- en verkoopberoepen,Verkooppersoneel,Technisch adviseur klantenondersteuning,5,vacatures_202412_all.xlsx
2024-12-31,2024,12,januari 2024 - december 2024,Dec 2024,Handels- en verkoopberoepen,Verkooppersoneel,Visual merchandiser,3,vacatures_202412_all.xlsx
2024-12-31,2024,12,januari 2024 - december 2024,Dec 2024,Handels- en verkoopberoepen,Verkooppersoneel,Winkelmanager,2,vacatures_202412_all.xlsx
2024-12-31,2024,12,januari 2024 - december 2024,Dec 2024,Handels- en verkoopberoepen,Verkooppersoneel,Winkelmedewerker,2,vacatures_202412_all.xlsx
2024-12-31,2024,12,januari 2024 - december 2024,Dec 2024,Handels- en verkoopberoepen,Verkooppersoneel,Winkelverkoper,57,vacatures_202412_all.xlsx
2024-12-31,2024,12,januari 2024 - december 2024,Dec 2024,Handels- en verkoopberoepen,Vertegenwoordigers,Vertegenwoordiger B2B,141,vacatures_202412_all.xlsx
2024-12-31,2024,12,januari 2024 - december 2024,Dec 2024,Handels- en verkoopberoepen,Vertegenwoordigers,Vertegenwoordiger B2C,28,vacatures_202412_all.xlsx
2024-12-31,2024,12,januari 2024 - december 2024,Dec 2024,Horecaberoepen,Horecapersoneel,Afwasser,1,vacatures_202412_all.xlsx
2024-12-31,2024,12,januari 2024 - december 2024,Dec 2024,Horecaberoepen,Horecapersoneel,Barman,2,vacatures_202412_all.xlsx
2024-12-31,2024,12,januari 2024 - december 2024,Dec 2024,Horecaberoepen,Horecapersoneel,Hulpkok grootkeuken,2,vacatures_202412_all.xlsx
2024-12-31,2024,12,januari 2024 - december 2024,Dec 2024,Horecaberoepen,Horecapersoneel,Keukenmedewerker,2,vacatures_202412_all.xlsx
2024-12-31,2024,12,januari 2024 - december 2024,Dec 2024,Horecaberoepen,Horecapersoneel,Kok,4,vacatures_202412_all.xlsx
2024-12-31,2024,12,januari 2024 - december 2024,Dec 2024,Horecaberoepen,Horecapersoneel,Medewerker fastfood,2,vacatures_202412_all.xlsx
2024-12-31,2024,12,januari 2024 - december 2024,Dec 2024,Horecaberoepen,Horecapersoneel,Polyvalent hotelmedewerker,1,vacatures_202412_all.xlsx
2024-12-31,2024,12,januari 2024 - december 2024,Dec 2024,Industriële beroepen en ambachten,Beoefenaars van ambachten,Ambachtelijk glasbewerker,1,vacatures_202412_all.xlsx
2024-12-31,2024,12,januari 2024 - december 2024,Dec 2024,Industriële beroepen en ambachten,Bewerkers van voeding,Charcutier,0,vacatures_202412_all.xlsx
2024-12-31,2024,12,januari 2024 - december 2024,Dec 2024,Industriële beroepen en ambachten,Bewerkers van voeding,Slager,3,vacatures_202412_all.xlsx
2024-12-31,2024,12,januari 2024 - december 2024,Dec 2024,Industriële beroepen en ambachten,Confectie- en lederwerkers,Polyvalent stikster,0,vacatures_202412_all.xlsx
2024-12-31,2024,12,januari 2024 - december 2024,Dec 2024,Industriële beroepen en ambachten,Diverse productiemedewerkers en operatoren,Industrieel schilder,66,vacatures_202412_all.xlsx
2024-12-31,2024,12,januari 2024 - december 2024,Dec 2024,Industriële beroepen en ambachten,Diverse productiemedewerkers en operatoren,Ontginner gassen en vloeistoffen,1,vacatures_202412_all.xlsx
2024-12-31,2024,12,januari 2024 - december 2024,Dec 2024,Industriële beroepen en ambachten,Diverse productiemedewerkers en operatoren,Productiemedewerker,51,vacatures_202412_all.xlsx
2024-12-31,2024,12,januari 2024 - december 2024,Dec 2024,Industriële beroepen en ambachten,Diverse productiemedewerkers en operatoren,Productiemedewerker prefabbeton,4,vacatures_202412_all.xlsx
2024-12-31,2024,12,januari 2024 - december 2024,Dec 2024,Industriële beroepen en ambachten,Diverse productiemedewerkers en operatoren,Productieoperator elektrische en elektronische componenten,160,vacatures_202412_all.xlsx
2024-12-31,2024,12,januari 2024 - december 2024,Dec 2024,Industriële beroepen en ambachten,Diverse productiemedewerkers en operatoren,"Productieoperator van stortbeton, cement, asfalt en granulaten",24,vacatures_202412_all.xlsx
2024-12-31,2024,12,januari 2024 - december 2024,Dec 2024,Industriële beroepen en ambachten,Diverse productiemedewerkers en operatoren,Regelaar-afsteller van productie-installaties,1,vacatures_202412_all.xlsx
2024-12-31,2024,12,januari 2024 - december 2024,Dec 2024,Industriële beroepen en ambachten,Diverse productiemedewerkers en operatoren,Sorteerder recyclage,0,vacatures_202412_all.xlsx
2024-12-31,2024,12,januari 2024 - december 2024,Dec 2024,Industriële beroepen en ambachten,Diverse productiemedewerkers en operatoren,Uitvoerder van werken op hoogte,67,vacatures_202412_all.xlsx
2024-12-31,2024,12,januari 2024 - december 2024,Dec 2024,Industriële beroepen en ambachten,Industriële technici,Expert productieproces en -methodes,23,vacatures_202412_all.xlsx
2024-12-31,2024,12,januari 2024 - december 2024,Dec 2024,Industriële beroepen en ambachten,Industriële technici,Industrieel elektromecanicien,246,vacatures_202412_all.xlsx
2024-12-31,2024,12,januari 2024 - december 2024,Dec 2024,Industriële beroepen en ambachten,Industriële technici,Industrieel laborant,6,vacatures_202412_all.xlsx
2024-12-31,2024,12,januari 2024 - december 2024,Dec 2024,Industriële beroepen en ambachten,Industriële technici,Industrieel onderhoudstechnicus,181,vacatures_202412_all.xlsx
2024-12-31,2024,12,januari 2024 - december 2024,Dec 2024,Industriële beroepen en ambachten,Industriële technici,Koeltechnicus,95,vacatures_202412_all.xlsx
2024-12-31,2024,12,januari 2024 - december 2024,Dec 2024,Industriële beroepen en ambachten,Industriële technici,Lifttechnicus,67,vacatures_202412_all.xlsx
2024-12-31,2024,12,januari 2024 - december 2024,Dec 2024,Industriële beroepen en ambachten,Industriële technici,Medewerker kwaliteitscontrole,7,vacatures_202412_all.xlsx
2024-12-31,2024,12,januari 2024 - december 2024,Dec 2024,Industriële beroepen en ambachten,Industriële technici,Onderhoudstechnicus industriële automatisering,2,vacatures_202412_all.xlsx
2024-12-31,2024,12,januari 2024 - december 2024,Dec 2024,Industriële beroepen en ambachten,Industriële technici,Onderhoudstechnicus waterdistributie en sanering,5,vacatures_202412_all.xlsx
2024-12-31,2024,12,januari 2024 - december 2024,Dec 2024,Industriële beroepen en ambachten,Industriële technici,Ontwerper industriële automatisering,11,vacatures_202412_all.xlsx
2024-12-31,2024,12,januari 2024 - december 2024,Dec 2024,Industriële beroepen en ambachten,Industriële technici,Productieplanner,85,vacatures_202412_all.xlsx
2024-12-31,2024,12,januari 2024 - december 2024,Dec 2024,Industriële beroepen en ambachten,Industriële technici,Regeltechnicus klimatisatie,174,vacatures_202412_all.xlsx
2024-12-31,2024,12,januari 2024 - december 2024,Dec 2024,Industriële beroepen en ambachten,Industriële technici,Technicus elektro en elektronica,25,vacatures_202412_all.xlsx
2024-12-31,2024,12,januari 2024 - december 2024,Dec 2024,Industriële beroepen en ambachten,Industriële technici,Technicus elektronische installaties,438,vacatures_202412_all.xlsx
2024-12-31,2024,12,januari 2024 - december 2024,Dec 2024,Industriële beroepen en ambachten,Industriële technici,"Technicus veiligheid, hygiëne en leefmilieu",2,vacatures_202412_all.xlsx
2024-12-31,2024,12,januari 2024 - december 2024,Dec 2024,Industriële beroepen en ambachten,Industriële technici,Werkvoorbereider,78,vacatures_202412_all.xlsx
2024-12-31,2024,12,januari 2024 - december 2024,Dec 2024,Industriële beroepen en ambachten,Medewerkers houtindustrie,Machinaal houtbewerker,0,vacatures_202412_all.xlsx
2024-12-31,2024,12,januari 2024 - december 2024,Dec 2024,Industriële beroepen en ambachten,Medewerkers houtindustrie,Meubelmaker,68,vacatures_202412_all.xlsx
2024-12-31,2024,12,januari 2024 - december 2024,Dec 2024,Industriële beroepen en ambachten,Medewerkers houtindustrie,Operator CNC-gestuurde houtbewerkingsmachines,5,vacatures_202412_all.xlsx
2024-12-31,2024,12,januari 2024 - december 2024,Dec 2024,Industriële beroepen en ambachten,Medewerkers houtindustrie,Productieoperator hout,4,vacatures_202412_all.xlsx
2024-12-31,2024,12,januari 2024 - december 2024,Dec 2024,Industriële beroepen en ambachten,Medewerkers houtindustrie,Werkplaatsschrijnwerker,141,vacatures_202412_all.xlsx
2024-12-31,2024,12,januari 2024 - december 2024,Dec 2024,Industriële beroepen en ambachten,Monteurs en installateurs elektrotechniek,Bordenbouwer - Elektromonteur machinebouw,47,vacatures_202412_all.xlsx
2024-12-31,2024,12,januari 2024 - december 2024,Dec 2024,Industriële beroepen en ambachten,Monteurs en installateurs elektrotechniek,Elektrotechnicus,909,vacatures_202412_all.xlsx
2024-12-31,2024,12,januari 2024 - december 2024,Dec 2024,Industriële beroepen en ambachten,Monteurs en installateurs elektrotechniek,Technicus industriële elektriciteit,6,vacatures_202412_all.xlsx
2024-12-31,2024,12,januari 2024 - december 2024,Dec 2024,Industriële beroepen en ambachten,Professionals in de metaalindustrie,Bankwerker,3,vacatures_202412_all.xlsx
2024-12-31,2024,12,januari 2024 - december 2024,Dec 2024,Industriële beroepen en ambachten,Professionals in de metaalindustrie,Insteller-omsteller plaatbewerking,2,vacatures_202412_all.xlsx
2024-12-31,2024,12,januari 2024 - december 2024,Dec 2024,Industriële beroepen en ambachten,Professionals in de metaalindustrie,Insteller-omsteller verspaning,64,vacatures_202412_all.xlsx
2024-12-31,2024,12,januari 2024 - december 2024,Dec 2024,Industriële beroepen en ambachten,Professionals in de metaalindustrie,Machinebouwer,4,vacatures_202412_all.xlsx
2024-12-31,2024,12,januari 2024 - december 2024,Dec 2024,Industriële beroepen en ambachten,Professionals in de metaalindustrie,Manueel lasser,127,vacatures_202412_all.xlsx
2024-12-31,2024,12,januari 2024 - december 2024,Dec 2024,Industriële beroepen en ambachten,Professionals in de metaalindustrie,Monteur staalconstructies,130,vacatures_202412_all.xlsx
2024-12-31,2024,12,januari 2024 - december 2024,Dec 2024,Industriële beroepen en ambachten,Professionals in de metaalindustrie,Operator montage en assemblage,38,vacatures_202412_all.xlsx
2024-12-31,2024,12,januari 2024 - december 2024,Dec 2024,Industriële beroepen en ambachten,Professionals in de metaalindustrie,Pijpfitter,46,vacatures_202412_all.xlsx
2024-12-31,2024,12,januari 2024 - december 2024,Dec 2024,Industriële beroepen en ambachten,Professionals in de metaalindustrie,Productieoperator metaal,13,vacatures_202412_all.xlsx
2024-12-31,2024,12,januari 2024 - december 2024,Dec 2024,Industriële beroepen en ambachten,Professionals in de metaalindustrie,Rigger-monteerder,41,vacatures_202412_all.xlsx
2024-12-31,2024,12,januari 2024 - december 2024,Dec 2024,Industriële beroepen en ambachten,Specialisten chemie en kunststoffen,Procesoperator chemische industrie,8,vacatures_202412_all.xlsx
2024-12-31,2024,12,januari 2024 - december 2024,Dec 2024,Industriële beroepen en ambachten,Technisch leidinggevenden,Afdelingsverantwoordelijke productie,7,vacatures_202412_all.xlsx
2024-12-31,2024,12,januari 2024 - december 2024,Dec 2024,Industriële beroepen en ambachten,Technisch leidinggevenden,Productiemanager,16,vacatures_202412_all.xlsx
2024-12-31,2024,12,januari 2024 - december 2024,Dec 2024,Industriële beroepen en ambachten,Technisch leidinggevenden,Projectmanager engineering,223,vacatures_202412_all.xlsx
2024-12-31,2024,12,januari 2024 - december 2024,Dec 2024,Industriële beroepen en ambachten,Technisch leidinggevenden,Teamleader productie,10,vacatures_202412_all.xlsx
2024-12-31,2024,12,januari 2024 - december 2024,Dec 2024,Industriële beroepen en ambachten,Technisch leidinggevenden,Verantwoordelijke beheer en onderhoud van voertuigen,16,vacatures_202412_all.xlsx
2024-12-31,2024,12,januari 2024 - december 2024,Dec 2024,Industriële beroepen en ambachten,Technisch leidinggevenden,Verantwoordelijke industrieel onderhoud,56,vacatures_202412_all.xlsx
2024-12-31,2024,12,januari 2024 - december 2024,Dec 2024,Industriële beroepen en ambachten,Technisch leidinggevenden,Verantwoordelijke kwaliteitscontrole,26,vacatures_202412_all.xlsx
2024-12-31,2024,12,januari 2024 - december 2024,Dec 2024,Industriële beroepen en ambachten,Technisch leidinggevenden,Verantwoordelijke onderzoek en ontwikkeling,2,vacatures_202412_all.xlsx
2024-12-31,2024,12,januari 2024 - december 2024,Dec 2024,Industriële beroepen en ambachten,Tekenaars en vormgevers,Grafisch vormgever,2,vacatures_202412_all.xlsx
2024-12-31,2024,12,januari 2024 - december 2024,Dec 2024,Industriële beroepen en ambachten,Tekenaars en vormgevers,"Tekenaar-ontwerper elektriciteit, elektronica",78,vacatures_202412_all.xlsx
2024-12-31,2024,12,januari 2024 - december 2024,Dec 2024,Industriële beroepen en ambachten,Tekenaars en vormgevers,Tekenaar-ontwerper mechanica,14,vacatures_202412_all.xlsx
2024-12-31,2024,12,januari 2024 - december 2024,Dec 2024,Industriële beroepen en ambachten,Voer- en werktuigherstellers,OAD-technicus van personenwagens en lichte bedrijfsvoertuigen,3,vacatures_202412_all.xlsx
2024-12-31,2024,12,januari 2024 - december 2024,Dec 2024,Industriële beroepen en ambachten,Voer- en werktuigherstellers,OD-technicus van zware bedrijfsvoertuigen,2,vacatures_202412_all.xlsx
2024-12-31,2024,12,januari 2024 - december 2024,Dec 2024,Industriële beroepen en ambachten,Voer- en werktuigherstellers,Onderhoudsmecanicien van personenwagens en lichte bedrijfsvoertuigen,13,vacatures_202412_all.xlsx
2024-12-31,2024,12,januari 2024 - december 2024,Dec 2024,Industriële beroepen en ambachten,Voer- en werktuigherstellers,Onderhoudsmecanicien van zware bedrijfsvoertuigen,19,vacatures_202412_all.xlsx
2024-12-31,2024,12,januari 2024 - december 2024,Dec 2024,Industriële beroepen en ambachten,Voer- en werktuigherstellers,Plaatwerker carrosserie,3,vacatures_202412_all.xlsx
2024-12-31,2024,12,januari 2024 - december 2024,Dec 2024,Industriële beroepen en ambachten,Voer- en werktuigherstellers,Spuiter carrosserie,4,vacatures_202412_all.xlsx
2024-12-31,2024,12,januari 2024 - december 2024,Dec 2024,Industriële beroepen en ambachten,Voer- en werktuigherstellers,Technicus van bromfietsen en motorfietsen,1,vacatures_202412_all.xlsx
2024-12-31,2024,12,januari 2024 - december 2024,Dec 2024,Industriële beroepen en ambachten,Voer- en werktuigherstellers,"Technicus werf-, landbouw- en hefmachines",79,vacatures_202412_all.xlsx
2024-12-31,2024,12,januari 2024 - december 2024,Dec 2024,Industriële beroepen en ambachten,Voer- en werktuigherstellers,Voorbewerker carrosserie,0,vacatures_202412_all.xlsx
2024-12-31,2024,12,januari 2024 - december 2024,Dec 2024,Industriële beroepen en ambachten,Voer- en werktuigherstellers,Werktuigkundige scheepvaart,2,vacatures_202412_all.xlsx
2024-12-31,2024,12,januari 2024 - december 2024,Dec 2024,"Land-, tuin- en bosbouw- en visserijberoepen","Land-, tuin- en bosbouwers en vissers",Bestuurder van bosexploitatiemachines,6,vacatures_202412_all.xlsx
2024-12-31,2024,12,januari 2024 - december 2024,Dec 2024,"Land-, tuin- en bosbouw- en visserijberoepen","Land-, tuin- en bosbouwers en vissers",Medewerker landbouw,0,vacatures_202412_all.xlsx
2024-12-31,2024,12,januari 2024 - december 2024,Dec 2024,"Land-, tuin- en bosbouw- en visserijberoepen","Land-, tuin- en bosbouwers en vissers",Medewerker loonwerk,3,vacatures_202412_all.xlsx
2024-12-31,2024,12,januari 2024 - december 2024,Dec 2024,"Land-, tuin- en bosbouw- en visserijberoepen","Land-, tuin- en bosbouwers en vissers",Medewerker tuin- en groenaanleg en -onderhoud,56,vacatures_202412_all.xlsx
2024-12-31,2024,12,januari 2024 - december 2024,Dec 2024,"Land-, tuin- en bosbouw- en visserijberoepen","Land-, tuin- en bosbouwers en vissers",Medewerker tuinbouw,7,vacatures_202412_all.xlsx
2024-12-31,2024,12,januari 2024 - december 2024,Dec 2024,"Land-, tuin- en bosbouw- en visserijberoepen","Land-, tuin- en bosbouwers en vissers",Productieverantwoordelijke land- en tuinbouw,1,vacatures_202412_all.xlsx
2024-12-31,2024,12,januari 2024 - december 2024,Dec 2024,"Land-, tuin- en bosbouw- en visserijberoepen","Land-, tuin- en bosbouwers en vissers",Verantwoordelijke tuin- en groenaanleg en -onderhoud,5,vacatures_202412_all.xlsx
2024-12-31,2024,12,januari 2024 - december 2024,Dec 2024,"Medische, paramedische en verzorgende beroepen",Medisch personeel,Tandarts,0,vacatures_202412_all.xlsx
2024-12-31,2024,12,januari 2024 - december 2024,Dec 2024,"Medische, paramedische en verzorgende beroepen",Overige zorgmedewerkers,Logistiek assistent in zorginstellingen,4,vacatures_202412_all.xlsx
2024-12-31,2024,12,januari 2024 - december 2024,Dec 2024,"Medische, paramedische en verzorgende beroepen",Paramedici,Ergotherapeut,1,vacatures_202412_all.xlsx
2024-12-31,2024,12,januari 2024 - december 2024,Dec 2024,"Medische, paramedische en verzorgende beroepen","Verpleegkundigen, vroedvrouwen en zorgpersoneel",Verpleegkundige,8,vacatures_202412_all.xlsx
2024-12-31,2024,12,januari 2024 - december 2024,Dec 2024,"Medische, paramedische en verzorgende beroepen","Verpleegkundigen, vroedvrouwen en zorgpersoneel",Zorgkundige,7,vacatures_202412_all.xlsx
2024-12-31,2024,12,januari 2024 - december 2024,Dec 2024,Organisatieondersteunende en kennisberoepen,Accountants,Accountant,94,vacatures_202412_all.xlsx
2024-12-31,2024,12,januari 2024 - december 2024,Dec 2024,Organisatieondersteunende en kennisberoepen,Accountants,Assistent accountancy,102,vacatures_202412_all.xlsx
2024-12-31,2024,12,januari 2024 - december 2024,Dec 2024,Organisatieondersteunende en kennisberoepen,Accountants,Credit collector,2,vacatures_202412_all.xlsx
2024-12-31,2024,12,januari 2024 - december 2024,Dec 2024,Organisatieondersteunende en kennisberoepen,Administratief medewerkers,Managementassistent,52,vacatures_202412_all.xlsx
2024-12-31,2024,12,januari 2024 - december 2024,Dec 2024,Organisatieondersteunende en kennisberoepen,Administratief medewerkers,Onthaalmedewerker,24,vacatures_202412_all.xlsx
2024-12-31,2024,12,januari 2024 - december 2024,Dec 2024,Organisatieondersteunende en kennisberoepen,Administratief medewerkers,Polyvalent administratief medewerker,679,vacatures_202412_all.xlsx
2024-12-31,2024,12,januari 2024 - december 2024,Dec 2024,Organisatieondersteunende en kennisberoepen,Administratief medewerkers,Technisch-administratief medewerker,181,vacatures_202412_all.xlsx
2024-12-31,2024,12,januari 2024 - december 2024,Dec 2024,Organisatieondersteunende en kennisberoepen,Bedrijfsadviseurs,Adviseur bedrijfsorganisatie en management,3,vacatures_202412_all.xlsx
2024-12-31,2024,12,januari 2024 - december 2024,Dec 2024,Organisatieondersteunende en kennisberoepen,Bedrijfsadviseurs,Business analist,2,vacatures_202412_all.xlsx
2024-12-31,2024,12,januari 2024 - december 2024,Dec 2024,Organisatieondersteunende en kennisberoepen,Bedrijfsadviseurs,Business en financial controller,41,vacatures_202412_all.xlsx
2024-12-31,2024,12,januari 2024 - december 2024,Dec 2024,Organisatieondersteunende en kennisberoepen,Bedrijfsadviseurs,Mediabuyer,1,vacatures_202412_all.xlsx
2024-12-31,2024,12,januari 2024 - december 2024,Dec 2024,Organisatieondersteunende en kennisberoepen,Bedrijfsadviseurs,Milieucoördinator,19,vacatures_202412_all.xlsx
2024-12-31,2024,12,januari 2024 - december 2024,Dec 2024,Organisatieondersteunende en kennisberoepen,Bedrijfsadviseurs,Preventieadviseur,38,vacatures_202412_all.xlsx
2024-12-31,2024,12,januari 2024 - december 2024,Dec 2024,Organisatieondersteunende en kennisberoepen,Bedrijfsadviseurs,Projectmanager business,10,vacatures_202412_all.xlsx
2024-12-31,2024,12,januari 2024 - december 2024,Dec 2024,Organisatieondersteunende en kennisberoepen,Controleurs en inspecteurs,Technisch inspecteur industrie,18,vacatures_202412_all.xlsx
2024-12-31,2024,12,januari 2024 - december 2024,Dec 2024,Organisatieondersteunende en kennisberoepen,HR-experts,Payroll advisor,18,vacatures_202412_all.xlsx
2024-12-31,2024,12,januari 2024 - december 2024,Dec 2024,Organisatieondersteunende en kennisberoepen,HR-experts,Personeelsmedewerker,31,vacatures_202412_all.xlsx
2024-12-31,2024,12,januari 2024 - december 2024,Dec 2024,Organisatieondersteunende en kennisberoepen,HR-experts,Verantwoordelijke werving en opleiding,60,vacatures_202412_all.xlsx
2024-12-31,2024,12,januari 2024 - december 2024,Dec 2024,Organisatieondersteunende en kennisberoepen,Informatici en ICT-medewerkers,Data engineer,1,vacatures_202412_all.xlsx
2024-12-31,2024,12,januari 2024 - december 2024,Dec 2024,Organisatieondersteunende en kennisberoepen,Informatici en ICT-medewerkers,Data manager,1,vacatures_202412_all.xlsx
2024-12-31,2024,12,januari 2024 - december 2024,Dec 2024,Organisatieondersteunende en kennisberoepen,Informatici en ICT-medewerkers,Data scientist,1,vacatures_202412_all.xlsx
2024-12-31,2024,12,januari 2024 - december 2024,Dec 2024,Organisatieondersteunende en kennisberoepen,Informatici en ICT-medewerkers,ICT architect,1,vacatures_202412_all.xlsx
2024-12-31,2024,12,januari 2024 - december 2024,Dec 2024,Organisatieondersteunende en kennisberoepen,Informatici en ICT-medewerkers,Integratie expert ICT,21,vacatures_202412_all.xlsx
2024-12-31,2024,12,januari 2024 - december 2024,Dec 2024,Organisatieondersteunende en kennisberoepen,Informatici en ICT-medewerkers,Netwerk engineer telecom,1,vacatures_202412_all.xlsx
2024-12-31,2024,12,januari 2024 - december 2024,Dec 2024,Organisatieondersteunende en kennisberoepen,Informatici en ICT-medewerkers,Netwerkbeheerder,3,vacatures_202412_all.xlsx
2024-12-31,2024,12,januari 2024 - december 2024,Dec 2024,Organisatieondersteunende en kennisberoepen,Informatici en ICT-medewerkers,Software analist,6,vacatures_202412_all.xlsx
2024-12-31,2024,12,januari 2024 - december 2024,Dec 2024,Organisatieondersteunende en kennisberoepen,Informatici en ICT-medewerkers,Software ontwikkelaar,41,vacatures_202412_all.xlsx
2024-12-31,2024,12,januari 2024 - december 2024,Dec 2024,Organisatieondersteunende en kennisberoepen,Informatici en ICT-medewerkers,Support medewerker ICT,44,vacatures_202412_all.xlsx
2024-12-31,2024,12,januari 2024 - december 2024,Dec 2024,Organisatieondersteunende en kennisberoepen,Informatici en ICT-medewerkers,Systeembeheerder,8,vacatures_202412_all.xlsx
2024-12-31,2024,12,januari 2024 - december 2024,Dec 2024,Organisatieondersteunende en kennisberoepen,Leidinggevenden,Administratief en financieel verantwoordelijke,12,vacatures_202412_all.xlsx
2024-12-31,2024,12,januari 2024 - december 2024,Dec 2024,Organisatieondersteunende en kennisberoepen,Leidinggevenden,Algemeen directeur,25,vacatures_202412_all.xlsx
2024-12-31,2024,12,januari 2024 - december 2024,Dec 2024,Organisatieondersteunende en kennisberoepen,Leidinggevenden,Facility manager,6,vacatures_202412_all.xlsx
2024-12-31,2024,12,januari 2024 - december 2024,Dec 2024,Organisatieondersteunende en kennisberoepen,Leidinggevenden,HR-manager,24,vacatures_202412_all.xlsx
2024-12-31,2024,12,januari 2024 - december 2024,Dec 2024,Organisatieondersteunende en kennisberoepen,Leidinggevenden,Leidinggevende milieuzorg en sanering,1,vacatures_202412_all.xlsx
2024-12-31,2024,12,januari 2024 - december 2024,Dec 2024,Organisatieondersteunende en kennisberoepen,Leidinggevenden,Marketingmanager,30,vacatures_202412_all.xlsx
2024-12-31,2024,12,januari 2024 - december 2024,Dec 2024,Organisatieondersteunende en kennisberoepen,Leidinggevenden,Sales manager,2,vacatures_202412_all.xlsx
2024-12-31,2024,12,januari 2024 - december 2024,Dec 2024,Organisatieondersteunende en kennisberoepen,Leidinggevenden,Verantwoordelijke ICT,7,vacatures_202412_all.xlsx
2024-12-31,2024,12,januari 2024 - december 2024,Dec 2024,Organisatieondersteunende en kennisberoepen,Leidinggevenden,Verantwoordelijke aankoop,5,vacatures_202412_all.xlsx
2024-12-31,2024,12,januari 2024 - december 2024,Dec 2024,Organisatieondersteunende en kennisberoepen,Leidinggevenden,Verantwoordelijke contactcenter,1,vacatures_202412_all.xlsx
2024-12-31,2024,12,januari 2024 - december 2024,Dec 2024,Organisatieondersteunende en kennisberoepen,Leidinggevenden,Verantwoordelijke eco-industriële site,2,vacatures_202412_all.xlsx
2024-12-31,2024,12,januari 2024 - december 2024,Dec 2024,Organisatieondersteunende en kennisberoepen,Leidinggevenden,"Verantwoordelijke gezondheids-, sociale of penitentiaire instelling",1,vacatures_202412_all.xlsx
2024-12-31,2024,12,januari 2024 - december 2024,Dec 2024,Organisatieondersteunende en kennisberoepen,"Medewerkers commerciële strategie, marketing en verkoop",Aankoper,97,vacatures_202412_all.xlsx
2024-12-31,2024,12,januari 2024 - december 2024,Dec 2024,Organisatieondersteunende en kennisberoepen,"Medewerkers commerciële strategie, marketing en verkoop",Accountmanager sales,1,vacatures_202412_all.xlsx
2024-12-31,2024,12,januari 2024 - december 2024,Dec 2024,Organisatieondersteunende en kennisberoepen,"Medewerkers commerciële strategie, marketing en verkoop",Commercieel medewerker binnendienst,61,vacatures_202412_all.xlsx
2024-12-31,2024,12,januari 2024 - december 2024,Dec 2024,Organisatieondersteunende en kennisberoepen,"Medewerkers commerciële strategie, marketing en verkoop",Contactcenter medewerker,188,vacatures_202412_all.xlsx
2024-12-31,2024,12,januari 2024 - december 2024,Dec 2024,Organisatieondersteunende en kennisberoepen,"Medewerkers commerciële strategie, marketing en verkoop",Content marketeer,2,vacatures_202412_all.xlsx
2024-12-31,2024,12,januari 2024 - december 2024,Dec 2024,Organisatieondersteunende en kennisberoepen,"Medewerkers commerciële strategie, marketing en verkoop",Customer experience manager,1,vacatures_202412_all.xlsx
2024-12-31,2024,12,januari 2024 - december 2024,Dec 2024,Organisatieondersteunende en kennisberoepen,"Medewerkers commerciële strategie, marketing en verkoop",Digital marketeer,4,vacatures_202412_all.xlsx
2024-12-31,2024,12,januari 2024 - december 2024,Dec 2024,Organisatieondersteunende en kennisberoepen,"Medewerkers commerciële strategie, marketing en verkoop",Digital sales assistant,8,vacatures_202412_all.xlsx
2024-12-31,2024,12,januari 2024 - december 2024,Dec 2024,Organisatieondersteunende en kennisberoepen,"Medewerkers commerciële strategie, marketing en verkoop",Productmanager,2,vacatures_202412_all.xlsx
2024-12-31,2024,12,januari 2024 - december 2024,Dec 2024,Organisatieondersteunende en kennisberoepen,"Medewerkers commerciële strategie, marketing en verkoop",Sales engineer,73,vacatures_202412_all.xlsx
2024-12-31,2024,12,januari 2024 - december 2024,Dec 2024,Organisatieondersteunende en kennisberoepen,Onderzoeksmedewerkers en beleidsexperten,Beleidsdeskundige,32,vacatures_202412_all.xlsx
2024-12-31,2024,12,januari 2024 - december 2024,Dec 2024,Organisatieondersteunende en kennisberoepen,Onderzoeksmedewerkers en beleidsexperten,Expert lokale ontwikkeling,4,vacatures_202412_all.xlsx
2024-12-31,2024,12,januari 2024 - december 2024,Dec 2024,Organisatieondersteunende en kennisberoepen,Onderzoeksmedewerkers en beleidsexperten,Marktonderzoeker,2,vacatures_202412_all.xlsx
2024-12-31,2024,12,januari 2024 - december 2024,Dec 2024,Organisatieondersteunende en kennisberoepen,Specialisten kennisbeheer en communicatie,Bibliothecaris-archivaris,1,vacatures_202412_all.xlsx
2024-12-31,2024,12,januari 2024 - december 2024,Dec 2024,Organisatieondersteunende en kennisberoepen,Specialisten kennisbeheer en communicatie,Bibliotheekdeskundige,1,vacatures_202412_all.xlsx
2024-12-31,2024,12,januari 2024 - december 2024,Dec 2024,Organisatieondersteunende en kennisberoepen,Specialisten kennisbeheer en communicatie,Bibliotheekmedewerker,2,vacatures_202412_all.xlsx
2024-12-31,2024,12,januari 2024 - december 2024,Dec 2024,Organisatieondersteunende en kennisberoepen,Specialisten kennisbeheer en communicatie,Erfgoedkundige,4,vacatures_202412_all.xlsx
2024-12-31,2024,12,januari 2024 - december 2024,Dec 2024,Organisatieondersteunende en kennisberoepen,Specialisten kennisbeheer en communicatie,Journalist-redacteur,1,vacatures_202412_all.xlsx
2024-12-31,2024,12,januari 2024 - december 2024,Dec 2024,Organisatieondersteunende en kennisberoepen,Specialisten kennisbeheer en communicatie,Medewerker communicatie,7,vacatures_202412_all.xlsx
2024-12-31,2024,12,januari 2024 - december 2024,Dec 2024,Pedagogische beroepen,Onderwijsassistenten,Opvoeder in een onderwijsinstelling,1,vacatures_202412_all.xlsx
2024-12-31,2024,12,januari 2024 - december 2024,Dec 2024,Pedagogische beroepen,Onderwijzend en leidinggevend personeel in onderwijs,Leerkracht lager onderwijs,1,vacatures_202412_all.xlsx
2024-12-31,2024,12,januari 2024 - december 2024,Dec 2024,Pedagogische beroepen,Onderwijzend en leidinggevend personeel in onderwijs,Opleider volwassenen,3,vacatures_202412_all.xlsx
2024-12-31,2024,12,januari 2024 - december 2024,Dec 2024,Pedagogische beroepen,Onderwijzend en leidinggevend personeel in onderwijs,Pedagogisch coördinator,3,vacatures_202412_all.xlsx
2024-12-31,2024,12,januari 2024 - december 2024,Dec 2024,Pedagogische beroepen,Opvoedkundig personeel,Kinderbegeleider baby's en peuters,1,vacatures_202412_all.xlsx
2024-12-31,2024,12,januari 2024 - december 2024,Dec 2024,Pedagogische beroepen,Opvoedkundig personeel,Kinderbegeleider schoolgaande kinderen,8,vacatures_202412_all.xlsx
2024-12-31,2024,12,januari 2024 - december 2024,Dec 2024,Pedagogische beroepen,Opvoedkundig personeel,Verantwoordelijke kinderopvang,1,vacatures_202412_all.xlsx
2024-12-31,2024,12,januari 2024 - december 2024,Dec 2024,Transport- en logistieke beroepen,Bestuurders in het wegtransport,Taxichauffeur en chauffeur privévervoer,1,vacatures_202412_all.xlsx
2024-12-31,2024,12,januari 2024 - december 2024,Dec 2024,Transport- en logistieke beroepen,Bestuurders in het wegtransport,Vrachtwagenbestuurder,500,vacatures_202412_all.xlsx
2024-12-31,2024,12,januari 2024 - december 2024,Dec 2024,Transport- en logistieke beroepen,Transport- en logistiek personeel,Dispatcher goederenvervoer,23,vacatures_202412_all.xlsx
2024-12-31,2024,12,januari 2024 - december 2024,Dec 2024,Transport- en logistieke beroepen,Transport- en logistiek personeel,Dispatcher personenvervoer,2,vacatures_202412_all.xlsx
2024-12-31,2024,12,januari 2024 - december 2024,Dec 2024,Transport- en logistieke beroepen,Transport- en logistiek personeel,Expediteur,2,vacatures_202412_all.xlsx
2024-12-31,2024,12,januari 2024 - december 2024,Dec 2024,Transport- en logistieke beroepen,Transport- en logistiek personeel,Heftruckchauffeur,2,vacatures_202412_all.xlsx
2024-12-31,2024,12,januari 2024 - december 2024,Dec 2024,Transport- en logistieke beroepen,Transport- en logistiek personeel,Koerier besteller,6,vacatures_202412_all.xlsx
2024-12-31,2024,12,januari 2024 - december 2024,Dec 2024,Transport- en logistieke beroepen,Transport- en logistiek personeel,Logistiek verantwoordelijke,33,vacatures_202412_all.xlsx
2024-12-31,2024,12,januari 2024 - december 2024,Dec 2024,Transport- en logistieke beroepen,Transport- en logistiek personeel,Magazijnbeheerder,23,vacatures_202412_all.xlsx
2024-12-31,2024,12,januari 2024 - december 2024,Dec 2024,Transport- en logistieke beroepen,Transport- en logistiek personeel,Magazijnmedewerker,253,vacatures_202412_all.xlsx
2024-12-31,2024,12,januari 2024 - december 2024,Dec 2024,Transport- en logistieke beroepen,Transport- en logistiek personeel,Medewerker internationaal goederenverkeer,7,vacatures_202412_all.xlsx
2024-12-31,2024,12,januari 2024 - december 2024,Dec 2024,Transport- en logistieke beroepen,Transport- en logistiek personeel,Reachtruckchauffeur,2,vacatures_202412_all.xlsx
2024-12-31,2024,12,januari 2024 - december 2024,Dec 2024,Transport- en logistieke beroepen,Transport- en logistiek personeel,Verantwoordelijke logistieke site,3,vacatures_202412_all.xlsx
2024-12-31,2024,12,januari 2024 - december 2024,Dec 2024,Transport- en logistieke beroepen,"Werknemers spoor-, water-, luchttransport",Bemanning zeevaart,1,vacatures_202412_all.xlsx
2024-12-31,2024,12,januari 2024 - december 2024,Dec 2024,Transport- en logistieke beroepen,"Werknemers spoor-, water-, luchttransport",Gezagvoerder zeevaart,2,vacatures_202412_all.xlsx
2024-12-31,2024,12,januari 2024 - december 2024,Dec 2024,Transport- en logistieke beroepen,"Werknemers spoor-, water-, luchttransport",Matroos binnenscheepvaart,4,vacatures_202412_all.xlsx
2024-12-31,2024,12,januari 2024 - december 2024,Dec 2024,Transport- en logistieke beroepen,"Werknemers spoor-, water-, luchttransport",Schipper-stuurman binnenscheepvaart,6,vacatures_202412_all.xlsx
2024-12-31,2024,12,januari 2024 - december 2024,Dec 2024,Transport- en logistieke beroepen,"Werknemers spoor-, water-, luchttransport",Spoorwerker,129,vacatures_202412_all.xlsx
2024-12-31,2024,12,januari 2024 - december 2024,Dec 2024,Transport- en logistieke beroepen,"Werknemers spoor-, water-, luchttransport",Traffic controller,8,vacatures_202412_all.xlsx
2024-12-31,2024,12,januari 2024 - december 2024,Dec 2024,Transport- en logistieke beroepen,"Werknemers spoor-, water-, luchttransport",Treinbestuurder,1,vacatures_202412_all.xlsx
2024-12-31,2024,12,januari 2024 - december 2024,Dec 2024,Vrijetijds- en artistieke beroepen,"Artiesten, kunstenaars en andere culturele beroepen",Model,3,vacatures_202412_all.xlsx
2024-12-31,2024,12,januari 2024 - december 2024,Dec 2024,Vrijetijds- en artistieke beroepen,"Artiesten, kunstenaars en andere culturele beroepen",Muzikant,1,vacatures_202412_all.xlsx
2024-12-31,2024,12,januari 2024 - december 2024,Dec 2024,Vrijetijds- en artistieke beroepen,"Medewerkers bij toerisme, vrije tijd en sport",Eventmanager,1,vacatures_202412_all.xlsx
2024-12-31,2024,12,januari 2024 - december 2024,Dec 2024,Vrijetijds- en artistieke beroepen,"Medewerkers bij toerisme, vrije tijd en sport",Fitnessbegeleider,1,vacatures_202412_all.xlsx
2024-12-31,2024,12,januari 2024 - december 2024,Dec 2024,Vrijetijds- en artistieke beroepen,"Medewerkers bij toerisme, vrije tijd en sport",Redder,4,vacatures_202412_all.xlsx
2024-12-31,2024,12,januari 2024 - december 2024,Dec 2024,Vrijetijds- en artistieke beroepen,Podium- en audiovisuele technici,Polyvalent podiumtechnicus,4,vacatures_202412_all.xlsx
2025-12-31,2025,12,januari 2025 - december 2025,Dec 2025,Bouwberoepen,Bouwtechnici,Architect,17,vacatures_202512_all.xlsx
2025-12-31,2025,12,januari 2025 - december 2025,Dec 2025,Bouwberoepen,Bouwtechnici,BIM-expert (Building Information Modeling),5,vacatures_202512_all.xlsx
2025-12-31,2025,12,januari 2025 - december 2025,Dec 2025,Bouwberoepen,Bouwtechnici,Bodemonderzoeker,7,vacatures_202512_all.xlsx
2025-12-31,2025,12,januari 2025 - december 2025,Dec 2025,Bouwberoepen,Bouwtechnici,Bouwkundig tekenaar,155,vacatures_202512_all.xlsx
2025-12-31,2025,12,januari 2025 - december 2025,Dec 2025,Bouwberoepen,Bouwtechnici,Calculator bouw,428,vacatures_202512_all.xlsx
2025-12-31,2025,12,januari 2025 - december 2025,Dec 2025,Bouwberoepen,Bouwtechnici,Energiedeskundige gebouwen,4,vacatures_202512_all.xlsx
2025-12-31,2025,12,januari 2025 - december 2025,Dec 2025,Bouwberoepen,Bouwtechnici,Expert technische controle en keuring bouw,7,vacatures_202512_all.xlsx
2025-12-31,2025,12,januari 2025 - december 2025,Dec 2025,Bouwberoepen,Bouwtechnici,Ingenieur studie en advies bouw,229,vacatures_202512_all.xlsx
2025-12-31,2025,12,januari 2025 - december 2025,Dec 2025,Bouwberoepen,Bouwtechnici,Interieurarchitect interieurvormgever,46,vacatures_202512_all.xlsx
2025-12-31,2025,12,januari 2025 - december 2025,Dec 2025,Bouwberoepen,Bouwtechnici,Landmeter,28,vacatures_202512_all.xlsx
2025-12-31,2025,12,januari 2025 - december 2025,Dec 2025,Bouwberoepen,Bouwtechnici,Landschapsarchitect,3,vacatures_202512_all.xlsx
2025-12-31,2025,12,januari 2025 - december 2025,Dec 2025,Bouwberoepen,Bouwtechnici,Projectleider bouw en openbare werken,406,vacatures_202512_all.xlsx
2025-12-31,2025,12,januari 2025 - december 2025,Dec 2025,Bouwberoepen,Bouwtechnici,Veiligheidscoördinator,52,vacatures_202512_all.xlsx
2025-12-31,2025,12,januari 2025 - december 2025,Dec 2025,Bouwberoepen,Bouwtechnici,Verantwoordelijke onderhoud van gebouwen en infrastructuur,18,vacatures_202512_all.xlsx
2025-12-31,2025,12,januari 2025 - december 2025,Dec 2025,Bouwberoepen,Bouwtechnici,Werfbediende,42,vacatures_202512_all.xlsx
2025-12-31,2025,12,januari 2025 - december 2025,Dec 2025,Bouwberoepen,Bouwtechnici,Werfleider,979,vacatures_202512_all.xlsx
2025-12-31,2025,12,januari 2025 - december 2025,Dec 2025,Bouwberoepen,Bouwvakkers,"Aansluiter van waterleidingen, rioleringen en warmtenetten",49,vacatures_202512_all.xlsx
2025-12-31,2025,12,januari 2025 - december 2025,Dec 2025,Bouwberoepen,Bouwvakkers,Asbestverwijderaar,68,vacatures_202512_all.xlsx
2025-12-31,2025,12,januari 2025 - december 2025,Dec 2025,Bouwberoepen,Bouwvakkers,Bekister-betonneerder,202,vacatures_202512_all.xlsx
2025-12-31,2025,12,januari 2025 - december 2025,Dec 2025,Bouwberoepen,Bouwvakkers,Beveiligingstechnicus,48,vacatures_202512_all.xlsx
2025-12-31,2025,12,januari 2025 - december 2025,Dec 2025,Bouwberoepen,Bouwvakkers,Brandertechnicus,23,vacatures_202512_all.xlsx
2025-12-31,2025,12,januari 2025 - december 2025,Dec 2025,Bouwberoepen,Bouwvakkers,Daktimmerman,51,vacatures_202512_all.xlsx
2025-12-31,2025,12,januari 2025 - december 2025,Dec 2025,Bouwberoepen,Bouwvakkers,Dakwerker,602,vacatures_202512_all.xlsx
2025-12-31,2025,12,januari 2025 - december 2025,Dec 2025,Bouwberoepen,Bouwvakkers,Datacommunicatie- en netwerktechnicus,343,vacatures_202512_all.xlsx
2025-12-31,2025,12,januari 2025 - december 2025,Dec 2025,Bouwberoepen,Bouwvakkers,Dekvloerlegger,5,vacatures_202512_all.xlsx
2025-12-31,2025,12,januari 2025 - december 2025,Dec 2025,Bouwberoepen,Bouwvakkers,Elektrotechnisch installateur,57,vacatures_202512_all.xlsx
2025-12-31,2025,12,januari 2025 - december 2025,Dec 2025,Bouwberoepen,Bouwvakkers,Gevelreiniger,11,vacatures_202512_all.xlsx
2025-12-31,2025,12,januari 2025 - december 2025,Dec 2025,Bouwberoepen,Bouwvakkers,Gevelrenoveerder-betonhersteller,42,vacatures_202512_all.xlsx
2025-12-31,2025,12,januari 2025 - december 2025,Dec 2025,Bouwberoepen,Bouwvakkers,Glaswerker,17,vacatures_202512_all.xlsx
2025-12-31,2025,12,januari 2025 - december 2025,Dec 2025,Bouwberoepen,Bouwvakkers,Industrieel isolatiewerker,80,vacatures_202512_all.xlsx
2025-12-31,2025,12,januari 2025 - december 2025,Dec 2025,Bouwberoepen,Bouwvakkers,Installateur elektrotechnische basiscomponenten,2,vacatures_202512_all.xlsx
2025-12-31,2025,12,januari 2025 - december 2025,Dec 2025,Bouwberoepen,Bouwvakkers,Installateur energiemanagementsystemen,135,vacatures_202512_all.xlsx
2025-12-31,2025,12,januari 2025 - december 2025,Dec 2025,Bouwberoepen,Bouwvakkers,Installateur gebouwenautomatisering,0,vacatures_202512_all.xlsx
2025-12-31,2025,12,januari 2025 - december 2025,Dec 2025,Bouwberoepen,Bouwvakkers,Installateur nutsvoorzieningen,63,vacatures_202512_all.xlsx
2025-12-31,2025,12,januari 2025 - december 2025,Dec 2025,Bouwberoepen,Bouwvakkers,Interieurbouwer,231,vacatures_202512_all.xlsx
2025-12-31,2025,12,januari 2025 - december 2025,Dec 2025,Bouwberoepen,Bouwvakkers,Isoleerder ruwbouw en dak,10,vacatures_202512_all.xlsx
2025-12-31,2025,12,januari 2025 - december 2025,Dec 2025,Bouwberoepen,Bouwvakkers,Medewerker ruwbouw,808,vacatures_202512_all.xlsx
2025-12-31,2025,12,januari 2025 - december 2025,Dec 2025,Bouwberoepen,Bouwvakkers,Metselaar,438,vacatures_202512_all.xlsx
2025-12-31,2025,12,januari 2025 - december 2025,Dec 2025,Bouwberoepen,Bouwvakkers,Monteur installatietechnieken,652,vacatures_202512_all.xlsx
2025-12-31,2025,12,januari 2025 - december 2025,Dec 2025,Bouwberoepen,Bouwvakkers,Natuursteenbewerker,8,vacatures_202512_all.xlsx
2025-12-31,2025,12,januari 2025 - december 2025,Dec 2025,Bouwberoepen,Bouwvakkers,Onderhoudsmedewerker gebouwen,91,vacatures_202512_all.xlsx
2025-12-31,2025,12,januari 2025 - december 2025,Dec 2025,Bouwberoepen,Bouwvakkers,Onderhoudsmedewerker wegennet,7,vacatures_202512_all.xlsx
2025-12-31,2025,12,januari 2025 - december 2025,Dec 2025,Bouwberoepen,Bouwvakkers,Onderwaterwerker,2,vacatures_202512_all.xlsx
2025-12-31,2025,12,januari 2025 - december 2025,Dec 2025,Bouwberoepen,Bouwvakkers,Plaatser binnenschrijnwerk,118,vacatures_202512_all.xlsx
2025-12-31,2025,12,januari 2025 - december 2025,Dec 2025,Bouwberoepen,Bouwvakkers,Plaatser buitenschrijnwerk,318,vacatures_202512_all.xlsx
2025-12-31,2025,12,januari 2025 - december 2025,Dec 2025,Bouwberoepen,Bouwvakkers,Plaatser van boven- en ondergrondse leidingen,508,vacatures_202512_all.xlsx
2025-12-31,2025,12,januari 2025 - december 2025,Dec 2025,Bouwberoepen,Bouwvakkers,Plaatser van houten vloerbedekking,16,vacatures_202512_all.xlsx
2025-12-31,2025,12,januari 2025 - december 2025,Dec 2025,Bouwberoepen,Bouwvakkers,Plaatser van soepele vloerbekledingen,17,vacatures_202512_all.xlsx
2025-12-31,2025,12,januari 2025 - december 2025,Dec 2025,Bouwberoepen,Bouwvakkers,Rioollegger,25,vacatures_202512_all.xlsx
2025-12-31,2025,12,januari 2025 - december 2025,Dec 2025,Bouwberoepen,Bouwvakkers,Schilder-decorateur,308,vacatures_202512_all.xlsx
2025-12-31,2025,12,januari 2025 - december 2025,Dec 2025,Bouwberoepen,Bouwvakkers,Schrijnwerker houtbouw,36,vacatures_202512_all.xlsx
2025-12-31,2025,12,januari 2025 - december 2025,Dec 2025,Bouwberoepen,Bouwvakkers,Steigerbouwer,151,vacatures_202512_all.xlsx
2025-12-31,2025,12,januari 2025 - december 2025,Dec 2025,Bouwberoepen,Bouwvakkers,Stukadoor,173,vacatures_202512_all.xlsx
2025-12-31,2025,12,januari 2025 - december 2025,Dec 2025,Bouwberoepen,Bouwvakkers,Technicus hernieuwbare energietechnieken,4,vacatures_202512_all.xlsx
2025-12-31,2025,12,januari 2025 - december 2025,Dec 2025,Bouwberoepen,Bouwvakkers,Technicus installatietechnieken,75,vacatures_202512_all.xlsx
2025-12-31,2025,12,januari 2025 - december 2025,Dec 2025,Bouwberoepen,Bouwvakkers,Vloerder-tegelzetter,138,vacatures_202512_all.xlsx
2025-12-31,2025,12,januari 2025 - december 2025,Dec 2025,Bouwberoepen,Bouwvakkers,Voeger,25,vacatures_202512_all.xlsx
2025-12-31,2025,12,januari 2025 - december 2025,Dec 2025,Bouwberoepen,Bouwvakkers,Wegenwerker,1400,vacatures_202512_all.xlsx
2025-12-31,2025,12,januari 2025 - december 2025,Dec 2025,Bouwberoepen,Machinisten en kraanmannen,Bediener grondverzetmachines,257,vacatures_202512_all.xlsx
2025-12-31,2025,12,januari 2025 - december 2025,Dec 2025,Bouwberoepen,Machinisten en kraanmannen,Bediener machines horizontale boringen,29,vacatures_202512_all.xlsx
2025-12-31,2025,12,januari 2025 - december 2025,Dec 2025,Bouwberoepen,Machinisten en kraanmannen,Bediener machines verticale boringen,7,vacatures_202512_all.xlsx
2025-12-31,2025,12,januari 2025 - december 2025,Dec 2025,Bouwberoepen,Machinisten en kraanmannen,Bediener of medewerker diepfunderingsmachines,1,vacatures_202512_all.xlsx
2025-12-31,2025,12,januari 2025 - december 2025,Dec 2025,Bouwberoepen,Machinisten en kraanmannen,Bediener van betonnerings- en asfalteringsmachines,5,vacatures_202512_all.xlsx
2025-12-31,2025,12,januari 2025 - december 2025,Dec 2025,Bouwberoepen,Machinisten en kraanmannen,Kraanbestuurder,249,vacatures_202512_all.xlsx
2025-12-31,2025,12,januari 2025 - december 2025,Dec 2025,Bouwberoepen,Machinisten en kraanmannen,Torenkraanbediener,14,vacatures_202512_all.xlsx
2025-12-31,2025,12,januari 2025 - december 2025,Dec 2025,Dienstverlenende beroepen,Adviesverleners,Arbeidsbemiddelaar-jobcoach,1,vacatures_202512_all.xlsx
2025-12-31,2025,12,januari 2025 - december 2025,Dec 2025,Dienstverlenende beroepen,Adviesverleners,Maatschappelijk werker,1,vacatures_202512_all.xlsx
2025-12-31,2025,12,januari 2025 - december 2025,Dec 2025,Dienstverlenende beroepen,Experts vastgoed,Rentmeester,1,vacatures_202512_all.xlsx
2025-12-31,2025,12,januari 2025 - december 2025,Dec 2025,Dienstverlenende beroepen,Experts vastgoed,Syndicus,1,vacatures_202512_all.xlsx
2025-12-31,2025,12,januari 2025 - december 2025,Dec 2025,Dienstverlenende beroepen,Experts vastgoed,Vastgoedbemiddelaar overdracht,1,vacatures_202512_all.xlsx
2025-12-31,2025,12,januari 2025 - december 2025,Dec 2025,Dienstverlenende beroepen,Experts vastgoed,Vastgoedbemiddelaar verkoop en verhuur,7,vacatures_202512_all.xlsx
2025-12-31,2025,12,januari 2025 - december 2025,Dec 2025,Dienstverlenende beroepen,Experts vastgoed,Vastgoedpromotor,11,vacatures_202512_all.xlsx
2025-12-31,2025,12,januari 2025 - december 2025,Dec 2025,Dienstverlenende beroepen,Juridische dienstverleners,Juridisch medewerker,3,vacatures_202512_all.xlsx
2025-12-31,2025,12,januari 2025 - december 2025,Dec 2025,Dienstverlenende beroepen,Juridische dienstverleners,Jurist,30,vacatures_202512_all.xlsx
2025-12-31,2025,12,januari 2025 - december 2025,Dec 2025,Dienstverlenende beroepen,Medewerkers in finance,Adviseur kredieten,1,vacatures_202512_all.xlsx
2025-12-31,2025,12,januari 2025 - december 2025,Dec 2025,Dienstverlenende beroepen,Medewerkers in finance,Back-office medewerker in de financiële sector,1,vacatures_202512_all.xlsx
2025-12-31,2025,12,januari 2025 - december 2025,Dec 2025,Dienstverlenende beroepen,Medewerkers in finance,Beheerder verzekeringen,3,vacatures_202512_all.xlsx
2025-12-31,2025,12,januari 2025 - december 2025,Dec 2025,Dienstverlenende beroepen,Medewerkers in finance,Financieel analist,4,vacatures_202512_all.xlsx
2025-12-31,2025,12,januari 2025 - december 2025,Dec 2025,Dienstverlenende beroepen,Medewerkers in finance,Revisor,0,vacatures_202512_all.xlsx
2025-12-31,2025,12,januari 2025 - december 2025,Dec 2025,Dienstverlenende beroepen,Medewerkers in finance,Underwriter verzekeringen,1,vacatures_202512_all.xlsx
2025-12-31,2025,12,januari 2025 - december 2025,Dec 2025,Dienstverlenende beroepen,Ordehandhavers en reddingswerkers,Politieagent,3,vacatures_202512_all.xlsx
2025-12-31,2025,12,januari 2025 - december 2025,Dec 2025,Dienstverlenende beroepen,Persoonlijke dienstverleners,Conciërge,2,vacatures_202512_all.xlsx
2025-12-31,2025,12,januari 2025 - december 2025,Dec 2025,Dienstverlenende beroepen,Persoonlijke dienstverleners,Dierenverzorger,1,vacatures_202512_all.xlsx
2025-12-31,2025,12,januari 2025 - december 2025,Dec 2025,Dienstverlenende beroepen,Persoonlijke dienstverleners,Kapper,7,vacatures_202512_all.xlsx
2025-12-31,2025,12,januari 2025 - december 2025,Dec 2025,Dienstverlenende beroepen,Persoonlijke dienstverleners,Medewerker kuuroord,7,vacatures_202512_all.xlsx
2025-12-31,2025,12,januari 2025 - december 2025,Dec 2025,Dienstverlenende beroepen,Persoonlijke dienstverleners,Schoonheidsspecialist,1,vacatures_202512_all.xlsx
2025-12-31,2025,12,januari 2025 - december 2025,Dec 2025,Dienstverlenende beroepen,Publieke dienstverleners,Sociaal-cultureel begeleider,1,vacatures_202512_all.xlsx
2025-12-31,2025,12,januari 2025 - december 2025,Dec 2025,Dienstverlenende beroepen,Schoonmaak- en onderhoudspersoneel,Carwashmedewerker,1,vacatures_202512_all.xlsx
2025-12-31,2025,12,januari 2025 - december 2025,Dec 2025,Dienstverlenende beroepen,Schoonmaak- en onderhoudspersoneel,Huishoudhulp-poetshulp,16,vacatures_202512_all.xlsx
2025-12-31,2025,12,januari 2025 - december 2025,Dec 2025,Dienstverlenende beroepen,Schoonmaak- en onderhoudspersoneel,Industrieel reiniger,16,vacatures_202512_all.xlsx
2025-12-31,2025,12,januari 2025 - december 2025,Dec 2025,Dienstverlenende beroepen,Schoonmaak- en onderhoudspersoneel,Leidinggevende schoonmaak,0,vacatures_202512_all.xlsx
2025-12-31,2025,12,januari 2025 - december 2025,Dec 2025,Dienstverlenende beroepen,Schoonmaak- en onderhoudspersoneel,Milieuwerker,1,vacatures_202512_all.xlsx
2025-12-31,2025,12,januari 2025 - december 2025,Dec 2025,Dienstverlenende beroepen,Schoonmaak- en onderhoudspersoneel,Recyclageparkwachter,2,vacatures_202512_all.xlsx
2025-12-31,2025,12,januari 2025 - december 2025,Dec 2025,Dienstverlenende beroepen,Schoonmaak- en onderhoudspersoneel,Ruitenwasser,2,vacatures_202512_all.xlsx
2025-12-31,2025,12,januari 2025 - december 2025,Dec 2025,Dienstverlenende beroepen,Schoonmaak- en onderhoudspersoneel,Schoonmaker van ruimten en lokalen,104,vacatures_202512_all.xlsx
2025-12-31,2025,12,januari 2025 - december 2025,Dec 2025,Handels- en verkoopberoepen,Verkooppersoneel,Assistent winkelmanager,2,vacatures_202512_all.xlsx
2025-12-31,2025,12,januari 2025 - december 2025,Dec 2025,Handels- en verkoopberoepen,Verkooppersoneel,Technisch adviseur klantenondersteuning,19,vacatures_202512_all.xlsx
2025-12-31,2025,12,januari 2025 - december 2025,Dec 2025,Handels- en verkoopberoepen,Verkooppersoneel,"Verhuurder van gereedschappen, transportmiddelen of vrijetijdsmaterieel",2,vacatures_202512_all.xlsx
2025-12-31,2025,12,januari 2025 - december 2025,Dec 2025,Handels- en verkoopberoepen,Verkooppersoneel,Winkelmanager,1,vacatures_202512_all.xlsx
2025-12-31,2025,12,januari 2025 - december 2025,Dec 2025,Handels- en verkoopberoepen,Verkooppersoneel,Winkelverkoper,88,vacatures_202512_all.xlsx
2025-12-31,2025,12,januari 2025 - december 2025,Dec 2025,Handels- en verkoopberoepen,Vertegenwoordigers,Vertegenwoordiger B2B,225,vacatures_202512_all.xlsx
2025-12-31,2025,12,januari 2025 - december 2025,Dec 2025,Handels- en verkoopberoepen,Vertegenwoordigers,Vertegenwoordiger B2C,14,vacatures_202512_all.xlsx
2025-12-31,2025,12,januari 2025 - december 2025,Dec 2025,Horecaberoepen,Horecapersoneel,Hulpkok,19,vacatures_202512_all.xlsx
2025-12-31,2025,12,januari 2025 - december 2025,Dec 2025,Horecaberoepen,Horecapersoneel,Kelner,11,vacatures_202512_all.xlsx
2025-12-31,2025,12,januari 2025 - december 2025,Dec 2025,Horecaberoepen,Horecapersoneel,Keukenmedewerker,14,vacatures_202512_all.xlsx
2025-12-31,2025,12,januari 2025 - december 2025,Dec 2025,Horecaberoepen,Horecapersoneel,Keukenverantwoordelijke,6,vacatures_202512_all.xlsx
2025-12-31,2025,12,januari 2025 - december 2025,Dec 2025,Horecaberoepen,Horecapersoneel,Kok,8,vacatures_202512_all.xlsx
2025-12-31,2025,12,januari 2025 - december 2025,Dec 2025,Horecaberoepen,Horecapersoneel,Medewerker fastfood,2,vacatures_202512_all.xlsx
2025-12-31,2025,12,januari 2025 - december 2025,Dec 2025,Horecaberoepen,Horecapersoneel,Polyvalent hotelmedewerker,3,vacatures_202512_all.xlsx
2025-12-31,2025,12,januari 2025 - december 2025,Dec 2025,Industriële beroepen en ambachten,Beoefenaars van ambachten,Ambachtelijk glasbewerker,1,vacatures_202512_all.xlsx
2025-12-31,2025,12,januari 2025 - december 2025,Dec 2025,Industriële beroepen en ambachten,Beoefenaars van ambachten,Ambachtelijk metaalbewerker,1,vacatures_202512_all.xlsx
2025-12-31,2025,12,januari 2025 - december 2025,Dec 2025,Industriële beroepen en ambachten,Beoefenaars van ambachten,Decorateur van kunst- en artisanale objecten,3,vacatures_202512_all.xlsx
2025-12-31,2025,12,januari 2025 - december 2025,Dec 2025,Industriële beroepen en ambachten,Bewerkers van voeding,Charcutier,9,vacatures_202512_all.xlsx
2025-12-31,2025,12,januari 2025 - december 2025,Dec 2025,Industriële beroepen en ambachten,Bewerkers van voeding,Productieoperator voedingsindustrie,3,vacatures_202512_all.xlsx
2025-12-31,2025,12,januari 2025 - december 2025,Dec 2025,Industriële beroepen en ambachten,Bewerkers van voeding,Slager,37,vacatures_202512_all.xlsx
2025-12-31,2025,12,januari 2025 - december 2025,Dec 2025,Industriële beroepen en ambachten,Bewerkers van voeding,Uitsnijder-uitbener,1,vacatures_202512_all.xlsx
2025-12-31,2025,12,januari 2025 - december 2025,Dec 2025,Industriële beroepen en ambachten,Diverse productiemedewerkers en operatoren,Industrieel schilder,41,vacatures_202512_all.xlsx
2025-12-31,2025,12,januari 2025 - december 2025,Dec 2025,Industriële beroepen en ambachten,Diverse productiemedewerkers en operatoren,Operator glasbewerking,2,vacatures_202512_all.xlsx
2025-12-31,2025,12,januari 2025 - december 2025,Dec 2025,Industriële beroepen en ambachten,Diverse productiemedewerkers en operatoren,Productiemedewerker,91,vacatures_202512_all.xlsx
2025-12-31,2025,12,januari 2025 - december 2025,Dec 2025,Industriële beroepen en ambachten,Diverse productiemedewerkers en operatoren,Productiemedewerker prefabbeton,16,vacatures_202512_all.xlsx
2025-12-31,2025,12,januari 2025 - december 2025,Dec 2025,Industriële beroepen en ambachten,Diverse productiemedewerkers en operatoren,Productieoperator bouw- en prefabmaterialen,2,vacatures_202512_all.xlsx
2025-12-31,2025,12,januari 2025 - december 2025,Dec 2025,Industriële beroepen en ambachten,Diverse productiemedewerkers en operatoren,Productieoperator elektrische en elektronische componenten,68,vacatures_202512_all.xlsx
2025-12-31,2025,12,januari 2025 - december 2025,Dec 2025,Industriële beroepen en ambachten,Diverse productiemedewerkers en operatoren,"Productieoperator van stortbeton, cement, asfalt en granulaten",23,vacatures_202512_all.xlsx
2025-12-31,2025,12,januari 2025 - december 2025,Dec 2025,Industriële beroepen en ambachten,Diverse productiemedewerkers en operatoren,Regelaar-afsteller van productie-installaties,1,vacatures_202512_all.xlsx
2025-12-31,2025,12,januari 2025 - december 2025,Dec 2025,Industriële beroepen en ambachten,Diverse productiemedewerkers en operatoren,Uitvoerder van werken op hoogte,35,vacatures_202512_all.xlsx
2025-12-31,2025,12,januari 2025 - december 2025,Dec 2025,Industriële beroepen en ambachten,Diverse productiemedewerkers en operatoren,Verpakker,1,vacatures_202512_all.xlsx
2025-12-31,2025,12,januari 2025 - december 2025,Dec 2025,Industriële beroepen en ambachten,Drukkers,Operator print & sign,8,vacatures_202512_all.xlsx
2025-12-31,2025,12,januari 2025 - december 2025,Dec 2025,Industriële beroepen en ambachten,Industriële technici,Expert productieproces en -methodes,38,vacatures_202512_all.xlsx
2025-12-31,2025,12,januari 2025 - december 2025,Dec 2025,Industriële beroepen en ambachten,Industriële technici,Industrieel elektromecanicien,349,vacatures_202512_all.xlsx
2025-12-31,2025,12,januari 2025 - december 2025,Dec 2025,Industriële beroepen en ambachten,Industriële technici,Industrieel laborant,13,vacatures_202512_all.xlsx
2025-12-31,2025,12,januari 2025 - december 2025,Dec 2025,Industriële beroepen en ambachten,Industriële technici,Industrieel onderhoudstechnicus,222,vacatures_202512_all.xlsx
2025-12-31,2025,12,januari 2025 - december 2025,Dec 2025,Industriële beroepen en ambachten,Industriële technici,Koeltechnicus,116,vacatures_202512_all.xlsx
2025-12-31,2025,12,januari 2025 - december 2025,Dec 2025,Industriële beroepen en ambachten,Industriële technici,Lifttechnicus,75,vacatures_202512_all.xlsx
2025-12-31,2025,12,januari 2025 - december 2025,Dec 2025,Industriële beroepen en ambachten,Industriële technici,Medewerker kwaliteitscontrole,8,vacatures_202512_all.xlsx
2025-12-31,2025,12,januari 2025 - december 2025,Dec 2025,Industriële beroepen en ambachten,Industriële technici,Onderhoudstechnicus industriële automatisering,5,vacatures_202512_all.xlsx
2025-12-31,2025,12,januari 2025 - december 2025,Dec 2025,Industriële beroepen en ambachten,Industriële technici,Onderhoudstechnicus waterdistributie en sanering,1,vacatures_202512_all.xlsx
2025-12-31,2025,12,januari 2025 - december 2025,Dec 2025,Industriële beroepen en ambachten,Industriële technici,Ontwerper industriële automatisering,27,vacatures_202512_all.xlsx
2025-12-31,2025,12,januari 2025 - december 2025,Dec 2025,Industriële beroepen en ambachten,Industriële technici,Productieplanner,68,vacatures_202512_all.xlsx
2025-12-31,2025,12,januari 2025 - december 2025,Dec 2025,Industriële beroepen en ambachten,Industriële technici,Regeltechnicus klimatisatie,210,vacatures_202512_all.xlsx
2025-12-31,2025,12,januari 2025 - december 2025,Dec 2025,Industriële beroepen en ambachten,Industriële technici,Technicus elektro en elektronica,19,vacatures_202512_all.xlsx
2025-12-31,2025,12,januari 2025 - december 2025,Dec 2025,Industriële beroepen en ambachten,Industriële technici,Technicus elektronische installaties,285,vacatures_202512_all.xlsx
2025-12-31,2025,12,januari 2025 - december 2025,Dec 2025,Industriële beroepen en ambachten,Industriële technici,"Technicus veiligheid, hygiëne en leefmilieu",1,vacatures_202512_all.xlsx
2025-12-31,2025,12,januari 2025 - december 2025,Dec 2025,Industriële beroepen en ambachten,Industriële technici,Werkvoorbereider,77,vacatures_202512_all.xlsx
2025-12-31,2025,12,januari 2025 - december 2025,Dec 2025,Industriële beroepen en ambachten,Medewerkers houtindustrie,Machinaal houtbewerker,5,vacatures_202512_all.xlsx
2025-12-31,2025,12,januari 2025 - december 2025,Dec 2025,Industriële beroepen en ambachten,Medewerkers houtindustrie,Medewerker assemblage houten verpakkingen en palletten,2,vacatures_202512_all.xlsx
2025-12-31,2025,12,januari 2025 - december 2025,Dec 2025,Industriële beroepen en ambachten,Medewerkers houtindustrie,Meubelmaker,78,vacatures_202512_all.xlsx
2025-12-31,2025,12,januari 2025 - december 2025,Dec 2025,Industriële beroepen en ambachten,Medewerkers houtindustrie,Operator CNC-gestuurde houtbewerkingsmachines,13,vacatures_202512_all.xlsx
2025-12-31,2025,12,januari 2025 - december 2025,Dec 2025,Industriële beroepen en ambachten,Medewerkers houtindustrie,Operator in de houtzagerij,1,vacatures_202512_all.xlsx
2025-12-31,2025,12,januari 2025 - december 2025,Dec 2025,Industriële beroepen en ambachten,Medewerkers houtindustrie,Productieoperator hout,5,vacatures_202512_all.xlsx
2025-12-31,2025,12,januari 2025 - december 2025,Dec 2025,Industriële beroepen en ambachten,Medewerkers houtindustrie,Werkplaatsschrijnwerker,157,vacatures_202512_all.xlsx
2025-12-31,2025,12,januari 2025 - december 2025,Dec 2025,Industriële beroepen en ambachten,Monteurs en installateurs elektrotechniek,Bordenbouwer - Elektromonteur machinebouw,32,vacatures_202512_all.xlsx
2025-12-31,2025,12,januari 2025 - december 2025,Dec 2025,Industriële beroepen en ambachten,Monteurs en installateurs elektrotechniek,Elektrotechnicus,875,vacatures_202512_all.xlsx
2025-12-31,2025,12,januari 2025 - december 2025,Dec 2025,Industriële beroepen en ambachten,Monteurs en installateurs elektrotechniek,Technicus industriële elektriciteit,8,vacatures_202512_all.xlsx
2025-12-31,2025,12,januari 2025 - december 2025,Dec 2025,Industriële beroepen en ambachten,Professionals in de metaalindustrie,Insteller-omsteller plaatbewerking,8,vacatures_202512_all.xlsx
2025-12-31,2025,12,januari 2025 - december 2025,Dec 2025,Industriële beroepen en ambachten,Professionals in de metaalindustrie,Insteller-omsteller verspaning,52,vacatures_202512_all.xlsx
2025-12-31,2025,12,januari 2025 - december 2025,Dec 2025,Industriële beroepen en ambachten,Professionals in de metaalindustrie,Machinebouwer,2,vacatures_202512_all.xlsx
2025-12-31,2025,12,januari 2025 - december 2025,Dec 2025,Industriële beroepen en ambachten,Professionals in de metaalindustrie,Manueel lasser,151,vacatures_202512_all.xlsx
2025-12-31,2025,12,januari 2025 - december 2025,Dec 2025,Industriële beroepen en ambachten,Professionals in de metaalindustrie,Monteur staalconstructies,120,vacatures_202512_all.xlsx
2025-12-31,2025,12,januari 2025 - december 2025,Dec 2025,Industriële beroepen en ambachten,Professionals in de metaalindustrie,Operator montage en assemblage,33,vacatures_202512_all.xlsx
2025-12-31,2025,12,januari 2025 - december 2025,Dec 2025,Industriële beroepen en ambachten,Professionals in de metaalindustrie,Pijpfitter,53,vacatures_202512_all.xlsx
2025-12-31,2025,12,januari 2025 - december 2025,Dec 2025,Industriële beroepen en ambachten,Professionals in de metaalindustrie,Productieoperator metaal,8,vacatures_202512_all.xlsx
2025-12-31,2025,12,januari 2025 - december 2025,Dec 2025,Industriële beroepen en ambachten,Professionals in de metaalindustrie,Rigger-monteerder,56,vacatures_202512_all.xlsx
2025-12-31,2025,12,januari 2025 - december 2025,Dec 2025,Industriële beroepen en ambachten,Specialisten chemie en kunststoffen,Procesoperator chemische industrie,7,vacatures_202512_all.xlsx
2025-12-31,2025,12,januari 2025 - december 2025,Dec 2025,Industriële beroepen en ambachten,Specialisten chemie en kunststoffen,Productiemedewerker kunststofverwerking,1,vacatures_202512_all.xlsx
2025-12-31,2025,12,januari 2025 - december 2025,Dec 2025,Industriële beroepen en ambachten,Specialisten chemie en kunststoffen,Productieoperator-machineregelaar kunststoffen,1,vacatures_202512_all.xlsx
2025-12-31,2025,12,januari 2025 - december 2025,Dec 2025,Industriële beroepen en ambachten,Technisch leidinggevenden,Afdelingsverantwoordelijke productie,21,vacatures_202512_all.xlsx
2025-12-31,2025,12,januari 2025 - december 2025,Dec 2025,Industriële beroepen en ambachten,Technisch leidinggevenden,Productiemanager,16,vacatures_202512_all.xlsx
2025-12-31,2025,12,januari 2025 - december 2025,Dec 2025,Industriële beroepen en ambachten,Technisch leidinggevenden,Projectmanager engineering,170,vacatures_202512_all.xlsx
2025-12-31,2025,12,januari 2025 - december 2025,Dec 2025,Industriële beroepen en ambachten,Technisch leidinggevenden,Teamleader productie,8,vacatures_202512_all.xlsx
2025-12-31,2025,12,januari 2025 - december 2025,Dec 2025,Industriële beroepen en ambachten,Technisch leidinggevenden,Verantwoordelijke beheer en onderhoud van voertuigen,4,vacatures_202512_all.xlsx
2025-12-31,2025,12,januari 2025 - december 2025,Dec 2025,Industriële beroepen en ambachten,Technisch leidinggevenden,Verantwoordelijke industrieel onderhoud,43,vacatures_202512_all.xlsx
2025-12-31,2025,12,januari 2025 - december 2025,Dec 2025,Industriële beroepen en ambachten,Technisch leidinggevenden,Verantwoordelijke kwaliteitscontrole,27,vacatures_202512_all.xlsx
2025-12-31,2025,12,januari 2025 - december 2025,Dec 2025,Industriële beroepen en ambachten,Technisch leidinggevenden,Verantwoordelijke onderzoek en ontwikkeling,5,vacatures_202512_all.xlsx
2025-12-31,2025,12,januari 2025 - december 2025,Dec 2025,Industriële beroepen en ambachten,Technisch leidinggevenden,Verantwoordelijke productieproces en -methodes,1,vacatures_202512_all.xlsx
2025-12-31,2025,12,januari 2025 - december 2025,Dec 2025,Industriële beroepen en ambachten,Tekenaars en vormgevers,Grafisch vormgever,4,vacatures_202512_all.xlsx
2025-12-31,2025,12,januari 2025 - december 2025,Dec 2025,Industriële beroepen en ambachten,Tekenaars en vormgevers,Productontwikkelaar,5,vacatures_202512_all.xlsx
2025-12-31,2025,12,januari 2025 - december 2025,Dec 2025,Industriële beroepen en ambachten,Tekenaars en vormgevers,"Tekenaar-ontwerper elektriciteit, elektronica",81,vacatures_202512_all.xlsx
2025-12-31,2025,12,januari 2025 - december 2025,Dec 2025,Industriële beroepen en ambachten,Tekenaars en vormgevers,Tekenaar-ontwerper mechanica,13,vacatures_202512_all.xlsx
2025-12-31,2025,12,januari 2025 - december 2025,Dec 2025,Industriële beroepen en ambachten,Voer- en werktuigherstellers,OAD-technicus van personenwagens en lichte bedrijfsvoertuigen,3,vacatures_202512_all.xlsx
2025-12-31,2025,12,januari 2025 - december 2025,Dec 2025,Industriële beroepen en ambachten,Voer- en werktuigherstellers,OD-technicus van zware bedrijfsvoertuigen,6,vacatures_202512_all.xlsx
2025-12-31,2025,12,januari 2025 - december 2025,Dec 2025,Industriële beroepen en ambachten,Voer- en werktuigherstellers,Onderhoudsmecanicien van personenwagens en lichte bedrijfsvoertuigen,14,vacatures_202512_all.xlsx
2025-12-31,2025,12,januari 2025 - december 2025,Dec 2025,Industriële beroepen en ambachten,Voer- en werktuigherstellers,Onderhoudsmecanicien van zware bedrijfsvoertuigen,24,vacatures_202512_all.xlsx
2025-12-31,2025,12,januari 2025 - december 2025,Dec 2025,Industriële beroepen en ambachten,Voer- en werktuigherstellers,Plaatwerker carrosserie,3,vacatures_202512_all.xlsx
2025-12-31,2025,12,januari 2025 - december 2025,Dec 2025,Industriële beroepen en ambachten,Voer- en werktuigherstellers,Spuiter carrosserie,4,vacatures_202512_all.xlsx
2025-12-31,2025,12,januari 2025 - december 2025,Dec 2025,Industriële beroepen en ambachten,Voer- en werktuigherstellers,Technicus van bromfietsen en motorfietsen,1,vacatures_202512_all.xlsx
2025-12-31,2025,12,januari 2025 - december 2025,Dec 2025,Industriële beroepen en ambachten,Voer- en werktuigherstellers,"Technicus werf-, landbouw- en hefmachines",102,vacatures_202512_all.xlsx
2025-12-31,2025,12,januari 2025 - december 2025,Dec 2025,Industriële beroepen en ambachten,Voer- en werktuigherstellers,Werktuigkundige scheepvaart,4,vacatures_202512_all.xlsx
2025-12-31,2025,12,januari 2025 - december 2025,Dec 2025,"Land-, tuin- en bosbouw- en visserijberoepen","Land-, tuin- en bosbouwers en vissers",Bestuurder van bosexploitatiemachines,1,vacatures_202512_all.xlsx
2025-12-31,2025,12,januari 2025 - december 2025,Dec 2025,"Land-, tuin- en bosbouw- en visserijberoepen","Land-, tuin- en bosbouwers en vissers",Medewerker landbouw,1,vacatures_202512_all.xlsx
2025-12-31,2025,12,januari 2025 - december 2025,Dec 2025,"Land-, tuin- en bosbouw- en visserijberoepen","Land-, tuin- en bosbouwers en vissers",Medewerker loonwerk,1,vacatures_202512_all.xlsx
2025-12-31,2025,12,januari 2025 - december 2025,Dec 2025,"Land-, tuin- en bosbouw- en visserijberoepen","Land-, tuin- en bosbouwers en vissers",Medewerker tuin- en groenaanleg en -onderhoud,40,vacatures_202512_all.xlsx
2025-12-31,2025,12,januari 2025 - december 2025,Dec 2025,"Land-, tuin- en bosbouw- en visserijberoepen","Land-, tuin- en bosbouwers en vissers",Medewerker tuinbouw,3,vacatures_202512_all.xlsx
2025-12-31,2025,12,januari 2025 - december 2025,Dec 2025,"Land-, tuin- en bosbouw- en visserijberoepen","Land-, tuin- en bosbouwers en vissers",Verantwoordelijke tuin- en groenaanleg en -onderhoud,10,vacatures_202512_all.xlsx
2025-12-31,2025,12,januari 2025 - december 2025,Dec 2025,"Medische, paramedische en verzorgende beroepen",Paramedici,Ergotherapeut,1,vacatures_202512_all.xlsx
2025-12-31,2025,12,januari 2025 - december 2025,Dec 2025,Onbekend,Onbekend,Onbekend,3,vacatures_202512_all.xlsx
2025-12-31,2025,12,januari 2025 - december 2025,Dec 2025,Organisatieondersteunende en kennisberoepen,Accountants,Accountant,94,vacatures_202512_all.xlsx
2025-12-31,2025,12,januari 2025 - december 2025,Dec 2025,Organisatieondersteunende en kennisberoepen,Accountants,Assistent accountancy,119,vacatures_202512_all.xlsx
2025-12-31,2025,12,januari 2025 - december 2025,Dec 2025,Organisatieondersteunende en kennisberoepen,Accountants,Credit collector,0,vacatures_202512_all.xlsx
2025-12-31,2025,12,januari 2025 - december 2025,Dec 2025,Organisatieondersteunende en kennisberoepen,Administratief medewerkers,Managementassistent,53,vacatures_202512_all.xlsx
2025-12-31,2025,12,januari 2025 - december 2025,Dec 2025,Organisatieondersteunende en kennisberoepen,Administratief medewerkers,Onthaalmedewerker,21,vacatures_202512_all.xlsx
2025-12-31,2025,12,januari 2025 - december 2025,Dec 2025,Organisatieondersteunende en kennisberoepen,Administratief medewerkers,Polyvalent administratief medewerker,684,vacatures_202512_all.xlsx
2025-12-31,2025,12,januari 2025 - december 2025,Dec 2025,Organisatieondersteunende en kennisberoepen,Administratief medewerkers,Technisch-administratief medewerker,248,vacatures_202512_all.xlsx
2025-12-31,2025,12,januari 2025 - december 2025,Dec 2025,Organisatieondersteunende en kennisberoepen,Bedrijfsadviseurs,Business analist,10,vacatures_202512_all.xlsx
2025-12-31,2025,12,januari 2025 - december 2025,Dec 2025,Organisatieondersteunende en kennisberoepen,Bedrijfsadviseurs,Business en financial controller,38,vacatures_202512_all.xlsx
2025-12-31,2025,12,januari 2025 - december 2025,Dec 2025,Organisatieondersteunende en kennisberoepen,Bedrijfsadviseurs,Compliance officer,1,vacatures_202512_all.xlsx
2025-12-31,2025,12,januari 2025 - december 2025,Dec 2025,Organisatieondersteunende en kennisberoepen,Bedrijfsadviseurs,Mediabuyer,2,vacatures_202512_all.xlsx
2025-12-31,2025,12,januari 2025 - december 2025,Dec 2025,Organisatieondersteunende en kennisberoepen,Bedrijfsadviseurs,Milieucoördinator,19,vacatures_202512_all.xlsx
2025-12-31,2025,12,januari 2025 - december 2025,Dec 2025,Organisatieondersteunende en kennisberoepen,Bedrijfsadviseurs,Preventieadviseur,54,vacatures_202512_all.xlsx
2025-12-31,2025,12,januari 2025 - december 2025,Dec 2025,Organisatieondersteunende en kennisberoepen,Bedrijfsadviseurs,Projectmanager business,18,vacatures_202512_all.xlsx
2025-12-31,2025,12,januari 2025 - december 2025,Dec 2025,Organisatieondersteunende en kennisberoepen,Controleurs en inspecteurs,Technisch inspecteur industrie,2,vacatures_202512_all.xlsx
2025-12-31,2025,12,januari 2025 - december 2025,Dec 2025,Organisatieondersteunende en kennisberoepen,HR-experts,Payroll advisor,26,vacatures_202512_all.xlsx
2025-12-31,2025,12,januari 2025 - december 2025,Dec 2025,Organisatieondersteunende en kennisberoepen,HR-experts,Personeelsmedewerker,56,vacatures_202512_all.xlsx
2025-12-31,2025,12,januari 2025 - december 2025,Dec 2025,Organisatieondersteunende en kennisberoepen,HR-experts,Verantwoordelijke werving en opleiding,45,vacatures_202512_all.xlsx
2025-12-31,2025,12,januari 2025 - december 2025,Dec 2025,Organisatieondersteunende en kennisberoepen,Informatici en ICT-medewerkers,Data engineer,9,vacatures_202512_all.xlsx
2025-12-31,2025,12,januari 2025 - december 2025,Dec 2025,Organisatieondersteunende en kennisberoepen,Informatici en ICT-medewerkers,Data manager,2,vacatures_202512_all.xlsx
2025-12-31,2025,12,januari 2025 - december 2025,Dec 2025,Organisatieondersteunende en kennisberoepen,Informatici en ICT-medewerkers,Data scientist,2,vacatures_202512_all.xlsx
2025-12-31,2025,12,januari 2025 - december 2025,Dec 2025,Organisatieondersteunende en kennisberoepen,Informatici en ICT-medewerkers,Game-ontwikkelaar,4,vacatures_202512_all.xlsx
2025-12-31,2025,12,januari 2025 - december 2025,Dec 2025,Organisatieondersteunende en kennisberoepen,Informatici en ICT-medewerkers,ICT architect,0,vacatures_202512_all.xlsx
2025-12-31,2025,12,januari 2025 - december 2025,Dec 2025,Organisatieondersteunende en kennisberoepen,Informatici en ICT-medewerkers,Integratie expert ICT,26,vacatures_202512_all.xlsx
2025-12-31,2025,12,januari 2025 - december 2025,Dec 2025,Organisatieondersteunende en kennisberoepen,Informatici en ICT-medewerkers,Netwerk engineer telecom,1,vacatures_202512_all.xlsx
2025-12-31,2025,12,januari 2025 - december 2025,Dec 2025,Organisatieondersteunende en kennisberoepen,Informatici en ICT-medewerkers,Netwerkbeheerder,10,vacatures_202512_all.xlsx
2025-12-31,2025,12,januari 2025 - december 2025,Dec 2025,Organisatieondersteunende en kennisberoepen,Informatici en ICT-medewerkers,Software analist,8,vacatures_202512_all.xlsx
2025-12-31,2025,12,januari 2025 - december 2025,Dec 2025,Organisatieondersteunende en kennisberoepen,Informatici en ICT-medewerkers,Software ontwikkelaar,24,vacatures_202512_all.xlsx
2025-12-31,2025,12,januari 2025 - december 2025,Dec 2025,Organisatieondersteunende en kennisberoepen,Informatici en ICT-medewerkers,Support medewerker ICT,21,vacatures_202512_all.xlsx
2025-12-31,2025,12,januari 2025 - december 2025,Dec 2025,Organisatieondersteunende en kennisberoepen,Informatici en ICT-medewerkers,Systeembeheerder,9,vacatures_202512_all.xlsx
2025-12-31,2025,12,januari 2025 - december 2025,Dec 2025,Organisatieondersteunende en kennisberoepen,Leidinggevenden,Administratief en financieel verantwoordelijke,17,vacatures_202512_all.xlsx
2025-12-31,2025,12,januari 2025 - december 2025,Dec 2025,Organisatieondersteunende en kennisberoepen,Leidinggevenden,Algemeen directeur,16,vacatures_202512_all.xlsx
2025-12-31,2025,12,januari 2025 - december 2025,Dec 2025,Organisatieondersteunende en kennisberoepen,Leidinggevenden,Facility manager,13,vacatures_202512_all.xlsx
2025-12-31,2025,12,januari 2025 - december 2025,Dec 2025,Organisatieondersteunende en kennisberoepen,Leidinggevenden,HR-manager,32,vacatures_202512_all.xlsx
2025-12-31,2025,12,januari 2025 - december 2025,Dec 2025,Organisatieondersteunende en kennisberoepen,Leidinggevenden,Leidinggevende milieuzorg en sanering,1,vacatures_202512_all.xlsx
2025-12-31,2025,12,januari 2025 - december 2025,Dec 2025,Organisatieondersteunende en kennisberoepen,Leidinggevenden,Marketingmanager,37,vacatures_202512_all.xlsx
2025-12-31,2025,12,januari 2025 - december 2025,Dec 2025,Organisatieondersteunende en kennisberoepen,Leidinggevenden,Sales manager,6,vacatures_202512_all.xlsx
2025-12-31,2025,12,januari 2025 - december 2025,Dec 2025,Organisatieondersteunende en kennisberoepen,Leidinggevenden,Verantwoordelijke ICT,4,vacatures_202512_all.xlsx
2025-12-31,2025,12,januari 2025 - december 2025,Dec 2025,Organisatieondersteunende en kennisberoepen,Leidinggevenden,Verantwoordelijke aankoop,3,vacatures_202512_all.xlsx
2025-12-31,2025,12,januari 2025 - december 2025,Dec 2025,Organisatieondersteunende en kennisberoepen,"Medewerkers commerciële strategie, marketing en verkoop",Aankoper,116,vacatures_202512_all.xlsx
2025-12-31,2025,12,januari 2025 - december 2025,Dec 2025,Organisatieondersteunende en kennisberoepen,"Medewerkers commerciële strategie, marketing en verkoop",Accountmanager sales,1,vacatures_202512_all.xlsx
2025-12-31,2025,12,januari 2025 - december 2025,Dec 2025,Organisatieondersteunende en kennisberoepen,"Medewerkers commerciële strategie, marketing en verkoop",Business developer,3,vacatures_202512_all.xlsx
2025-12-31,2025,12,januari 2025 - december 2025,Dec 2025,Organisatieondersteunende en kennisberoepen,"Medewerkers commerciële strategie, marketing en verkoop",Commercieel medewerker binnendienst,90,vacatures_202512_all.xlsx
2025-12-31,2025,12,januari 2025 - december 2025,Dec 2025,Organisatieondersteunende en kennisberoepen,"Medewerkers commerciële strategie, marketing en verkoop",Contactcenter medewerker,160,vacatures_202512_all.xlsx
2025-12-31,2025,12,januari 2025 - december 2025,Dec 2025,Organisatieondersteunende en kennisberoepen,"Medewerkers commerciële strategie, marketing en verkoop",Content marketeer,12,vacatures_202512_all.xlsx
2025-12-31,2025,12,januari 2025 - december 2025,Dec 2025,Organisatieondersteunende en kennisberoepen,"Medewerkers commerciële strategie, marketing en verkoop",Digital marketeer,5,vacatures_202512_all.xlsx
2025-12-31,2025,12,januari 2025 - december 2025,Dec 2025,Organisatieondersteunende en kennisberoepen,"Medewerkers commerciële strategie, marketing en verkoop",Digital sales assistant,21,vacatures_202512_all.xlsx
2025-12-31,2025,12,januari 2025 - december 2025,Dec 2025,Organisatieondersteunende en kennisberoepen,"Medewerkers commerciële strategie, marketing en verkoop",Marketing assistent,1,vacatures_202512_all.xlsx
2025-12-31,2025,12,januari 2025 - december 2025,Dec 2025,Organisatieondersteunende en kennisberoepen,"Medewerkers commerciële strategie, marketing en verkoop",Productmanager,3,vacatures_202512_all.xlsx
2025-12-31,2025,12,januari 2025 - december 2025,Dec 2025,Organisatieondersteunende en kennisberoepen,"Medewerkers commerciële strategie, marketing en verkoop",Sales engineer,76,vacatures_202512_all.xlsx
2025-12-31,2025,12,januari 2025 - december 2025,Dec 2025,Organisatieondersteunende en kennisberoepen,Onderzoeksmedewerkers en beleidsexperten,Beleidsdeskundige,29,vacatures_202512_all.xlsx
2025-12-31,2025,12,januari 2025 - december 2025,Dec 2025,Organisatieondersteunende en kennisberoepen,Onderzoeksmedewerkers en beleidsexperten,Expert lokale ontwikkeling,35,vacatures_202512_all.xlsx
2025-12-31,2025,12,januari 2025 - december 2025,Dec 2025,Organisatieondersteunende en kennisberoepen,Onderzoeksmedewerkers en beleidsexperten,Marktonderzoeker,10,vacatures_202512_all.xlsx
2025-12-31,2025,12,januari 2025 - december 2025,Dec 2025,Organisatieondersteunende en kennisberoepen,Onderzoeksmedewerkers en beleidsexperten,Wetenschappelijk onderzoeker,7,vacatures_202512_all.xlsx
2025-12-31,2025,12,januari 2025 - december 2025,Dec 2025,Organisatieondersteunende en kennisberoepen,Specialisten kennisbeheer en communicatie,Erfgoedkundige,10,vacatures_202512_all.xlsx
2025-12-31,2025,12,januari 2025 - december 2025,Dec 2025,Organisatieondersteunende en kennisberoepen,Specialisten kennisbeheer en communicatie,Journalist-redacteur,2,vacatures_202512_all.xlsx
2025-12-31,2025,12,januari 2025 - december 2025,Dec 2025,Organisatieondersteunende en kennisberoepen,Specialisten kennisbeheer en communicatie,Medewerker communicatie,6,vacatures_202512_all.xlsx
2025-12-31,2025,12,januari 2025 - december 2025,Dec 2025,Organisatieondersteunende en kennisberoepen,Specialisten kennisbeheer en communicatie,Social media manager,1,vacatures_202512_all.xlsx
2025-12-31,2025,12,januari 2025 - december 2025,Dec 2025,Pedagogische beroepen,Onderwijzend en leidinggevend personeel in onderwijs,Opleider volwassenen,1,vacatures_202512_all.xlsx
2025-12-31,2025,12,januari 2025 - december 2025,Dec 2025,Pedagogische beroepen,Onderwijzend en leidinggevend personeel in onderwijs,Pedagogisch coördinator,1,vacatures_202512_all.xlsx
2025-12-31,2025,12,januari 2025 - december 2025,Dec 2025,Pedagogische beroepen,Opvoedkundig personeel,Kinderbegeleider baby's en peuters,0,vacatures_202512_all.xlsx
2025-12-31,2025,12,januari 2025 - december 2025,Dec 2025,Pedagogische beroepen,Opvoedkundig personeel,Kinderbegeleider schoolgaande kinderen,1,vacatures_202512_all.xlsx
2025-12-31,2025,12,januari 2025 - december 2025,Dec 2025,Transport- en logistieke beroepen,Bestuurders in het wegtransport,Vrachtwagenbestuurder,468,vacatures_202512_all.xlsx
2025-12-31,2025,12,januari 2025 - december 2025,Dec 2025,Transport- en logistieke beroepen,Transport- en logistiek personeel,Dispatcher goederenvervoer,22,vacatures_202512_all.xlsx
2025-12-31,2025,12,januari 2025 - december 2025,Dec 2025,Transport- en logistieke beroepen,Transport- en logistiek personeel,Dispatcher personenvervoer,5,vacatures_202512_all.xlsx
2025-12-31,2025,12,januari 2025 - december 2025,Dec 2025,Transport- en logistieke beroepen,Transport- en logistiek personeel,Heftruckchauffeur,1,vacatures_202512_all.xlsx
2025-12-31,2025,12,januari 2025 - december 2025,Dec 2025,Transport- en logistieke beroepen,Transport- en logistiek personeel,Koerier besteller,2,vacatures_202512_all.xlsx
2025-12-31,2025,12,januari 2025 - december 2025,Dec 2025,Transport- en logistieke beroepen,Transport- en logistiek personeel,Logistiek verantwoordelijke,50,vacatures_202512_all.xlsx
2025-12-31,2025,12,januari 2025 - december 2025,Dec 2025,Transport- en logistieke beroepen,Transport- en logistiek personeel,Magazijnbeheerder,37,vacatures_202512_all.xlsx
2025-12-31,2025,12,januari 2025 - december 2025,Dec 2025,Transport- en logistieke beroepen,Transport- en logistiek personeel,Magazijnmedewerker,258,vacatures_202512_all.xlsx
2025-12-31,2025,12,januari 2025 - december 2025,Dec 2025,Transport- en logistieke beroepen,Transport- en logistiek personeel,Medewerker internationaal goederenverkeer,3,vacatures_202512_all.xlsx
2025-12-31,2025,12,januari 2025 - december 2025,Dec 2025,Transport- en logistieke beroepen,Transport- en logistiek personeel,Verantwoordelijke logistieke site,3,vacatures_202512_all.xlsx
2025-12-31,2025,12,januari 2025 - december 2025,Dec 2025,Transport- en logistieke beroepen,Transport- en logistiek personeel,Verhuizer,8,vacatures_202512_all.xlsx
2025-12-31,2025,12,januari 2025 - december 2025,Dec 2025,Transport- en logistieke beroepen,"Werknemers spoor-, water-, luchttransport",Behandelaar luchtvracht en bagage,2,vacatures_202512_all.xlsx
2025-12-31,2025,12,januari 2025 - december 2025,Dec 2025,Transport- en logistieke beroepen,"Werknemers spoor-, water-, luchttransport",Bemanning zeevaart,0,vacatures_202512_all.xlsx
2025-12-31,2025,12,januari 2025 - december 2025,Dec 2025,Transport- en logistieke beroepen,"Werknemers spoor-, water-, luchttransport",Havenarbeider,1,vacatures_202512_all.xlsx
2025-12-31,2025,12,januari 2025 - december 2025,Dec 2025,Transport- en logistieke beroepen,"Werknemers spoor-, water-, luchttransport",Matroos binnenscheepvaart,0,vacatures_202512_all.xlsx
2025-12-31,2025,12,januari 2025 - december 2025,Dec 2025,Transport- en logistieke beroepen,"Werknemers spoor-, water-, luchttransport",Planner goederenbehandeling in de haven,1,vacatures_202512_all.xlsx
2025-12-31,2025,12,januari 2025 - december 2025,Dec 2025,Transport- en logistieke beroepen,"Werknemers spoor-, water-, luchttransport",Schipper-stuurman binnenscheepvaart,3,vacatures_202512_all.xlsx
2025-12-31,2025,12,januari 2025 - december 2025,Dec 2025,Transport- en logistieke beroepen,"Werknemers spoor-, water-, luchttransport",Spoorwerker,31,vacatures_202512_all.xlsx
2025-12-31,2025,12,januari 2025 - december 2025,Dec 2025,Transport- en logistieke beroepen,"Werknemers spoor-, water-, luchttransport",Traffic controller,7,vacatures_202512_all.xlsx
2025-12-31,2025,12,januari 2025 - december 2025,Dec 2025,Vrijetijds- en artistieke beroepen,"Medewerkers bij toerisme, vrije tijd en sport",Eventmanager,1,vacatures_202512_all.xlsx
2025-12-31,2025,12,januari 2025 - december 2025,Dec 2025,Vrijetijds- en artistieke beroepen,Podium- en audiovisuele technici,Beeldopnametechnicus,1,vacatures_202512_all.xlsx
2026-04-30,2026,4,mei 2025 - april 2026,Apr 2026,Bouwberoepen,Bouwtechnici,Architect,19,vacatures_202604_all.xlsx
2026-04-30,2026,4,mei 2025 - april 2026,Apr 2026,Bouwberoepen,Bouwtechnici,BIM-expert (Building Information Modeling),6,vacatures_202604_all.xlsx
2026-04-30,2026,4,mei 2025 - april 2026,Apr 2026,Bouwberoepen,Bouwtechnici,Bodemonderzoeker,9,vacatures_202604_all.xlsx
2026-04-30,2026,4,mei 2025 - april 2026,Apr 2026,Bouwberoepen,Bouwtechnici,Bouwkundig tekenaar,146,vacatures_202604_all.xlsx
2026-04-30,2026,4,mei 2025 - april 2026,Apr 2026,Bouwberoepen,Bouwtechnici,Calculator bouw,421,vacatures_202604_all.xlsx
2026-04-30,2026,4,mei 2025 - april 2026,Apr 2026,Bouwberoepen,Bouwtechnici,Energiedeskundige gebouwen,4,vacatures_202604_all.xlsx
2026-04-30,2026,4,mei 2025 - april 2026,Apr 2026,Bouwberoepen,Bouwtechnici,Expert technische controle en keuring bouw,6,vacatures_202604_all.xlsx
2026-04-30,2026,4,mei 2025 - april 2026,Apr 2026,Bouwberoepen,Bouwtechnici,Ingenieur studie en advies bouw,177,vacatures_202604_all.xlsx
2026-04-30,2026,4,mei 2025 - april 2026,Apr 2026,Bouwberoepen,Bouwtechnici,Interieurarchitect interieurvormgever,54,vacatures_202604_all.xlsx
2026-04-30,2026,4,mei 2025 - april 2026,Apr 2026,Bouwberoepen,Bouwtechnici,Landmeter,28,vacatures_202604_all.xlsx
2026-04-30,2026,4,mei 2025 - april 2026,Apr 2026,Bouwberoepen,Bouwtechnici,Landschapsarchitect,4,vacatures_202604_all.xlsx
2026-04-30,2026,4,mei 2025 - april 2026,Apr 2026,Bouwberoepen,Bouwtechnici,Projectleider bouw en openbare werken,518,vacatures_202604_all.xlsx
2026-04-30,2026,4,mei 2025 - april 2026,Apr 2026,Bouwberoepen,Bouwtechnici,Veiligheidscoördinator,44,vacatures_202604_all.xlsx
2026-04-30,2026,4,mei 2025 - april 2026,Apr 2026,Bouwberoepen,Bouwtechnici,Verantwoordelijke onderhoud van gebouwen en infrastructuur,21,vacatures_202604_all.xlsx
2026-04-30,2026,4,mei 2025 - april 2026,Apr 2026,Bouwberoepen,Bouwtechnici,Werfbediende,47,vacatures_202604_all.xlsx
2026-04-30,2026,4,mei 2025 - april 2026,Apr 2026,Bouwberoepen,Bouwtechnici,Werfleider,1074,vacatures_202604_all.xlsx
2026-04-30,2026,4,mei 2025 - april 2026,Apr 2026,Bouwberoepen,Bouwvakkers,"Aansluiter van waterleidingen, rioleringen en warmtenetten",30,vacatures_202604_all.xlsx
2026-04-30,2026,4,mei 2025 - april 2026,Apr 2026,Bouwberoepen,Bouwvakkers,Asbestverwijderaar,33,vacatures_202604_all.xlsx
2026-04-30,2026,4,mei 2025 - april 2026,Apr 2026,Bouwberoepen,Bouwvakkers,Bekister-betonneerder,164,vacatures_202604_all.xlsx
2026-04-30,2026,4,mei 2025 - april 2026,Apr 2026,Bouwberoepen,Bouwvakkers,Beveiligingstechnicus,51,vacatures_202604_all.xlsx
2026-04-30,2026,4,mei 2025 - april 2026,Apr 2026,Bouwberoepen,Bouwvakkers,Brandertechnicus,29,vacatures_202604_all.xlsx
2026-04-30,2026,4,mei 2025 - april 2026,Apr 2026,Bouwberoepen,Bouwvakkers,Daktimmerman,39,vacatures_202604_all.xlsx
2026-04-30,2026,4,mei 2025 - april 2026,Apr 2026,Bouwberoepen,Bouwvakkers,Dakwerker,644,vacatures_202604_all.xlsx
2026-04-30,2026,4,mei 2025 - april 2026,Apr 2026,Bouwberoepen,Bouwvakkers,Datacommunicatie- en netwerktechnicus,418,vacatures_202604_all.xlsx
2026-04-30,2026,4,mei 2025 - april 2026,Apr 2026,Bouwberoepen,Bouwvakkers,Dekvloerlegger,8,vacatures_202604_all.xlsx
2026-04-30,2026,4,mei 2025 - april 2026,Apr 2026,Bouwberoepen,Bouwvakkers,Elektrotechnisch installateur,108,vacatures_202604_all.xlsx
2026-04-30,2026,4,mei 2025 - april 2026,Apr 2026,Bouwberoepen,Bouwvakkers,Gevelreiniger,9,vacatures_202604_all.xlsx
2026-04-30,2026,4,mei 2025 - april 2026,Apr 2026,Bouwberoepen,Bouwvakkers,Gevelrenoveerder-betonhersteller,36,vacatures_202604_all.xlsx
2026-04-30,2026,4,mei 2025 - april 2026,Apr 2026,Bouwberoepen,Bouwvakkers,Glaswerker,25,vacatures_202604_all.xlsx
2026-04-30,2026,4,mei 2025 - april 2026,Apr 2026,Bouwberoepen,Bouwvakkers,Industrieel isolatiewerker,77,vacatures_202604_all.xlsx
2026-04-30,2026,4,mei 2025 - april 2026,Apr 2026,Bouwberoepen,Bouwvakkers,Installateur elektrotechnische basiscomponenten,7,vacatures_202604_all.xlsx
2026-04-30,2026,4,mei 2025 - april 2026,Apr 2026,Bouwberoepen,Bouwvakkers,Installateur energiemanagementsystemen,102,vacatures_202604_all.xlsx
2026-04-30,2026,4,mei 2025 - april 2026,Apr 2026,Bouwberoepen,Bouwvakkers,Installateur gebouwenautomatisering,3,vacatures_202604_all.xlsx
2026-04-30,2026,4,mei 2025 - april 2026,Apr 2026,Bouwberoepen,Bouwvakkers,Installateur nutsvoorzieningen,76,vacatures_202604_all.xlsx
2026-04-30,2026,4,mei 2025 - april 2026,Apr 2026,Bouwberoepen,Bouwvakkers,Interieurbouwer,224,vacatures_202604_all.xlsx
2026-04-30,2026,4,mei 2025 - april 2026,Apr 2026,Bouwberoepen,Bouwvakkers,Isoleerder ruwbouw en dak,11,vacatures_202604_all.xlsx
2026-04-30,2026,4,mei 2025 - april 2026,Apr 2026,Bouwberoepen,Bouwvakkers,Medewerker ruwbouw,744,vacatures_202604_all.xlsx
2026-04-30,2026,4,mei 2025 - april 2026,Apr 2026,Bouwberoepen,Bouwvakkers,Metselaar,412,vacatures_202604_all.xlsx
2026-04-30,2026,4,mei 2025 - april 2026,Apr 2026,Bouwberoepen,Bouwvakkers,Monteur installatietechnieken,628,vacatures_202604_all.xlsx
2026-04-30,2026,4,mei 2025 - april 2026,Apr 2026,Bouwberoepen,Bouwvakkers,Natuursteenbewerker,10,vacatures_202604_all.xlsx
2026-04-30,2026,4,mei 2025 - april 2026,Apr 2026,Bouwberoepen,Bouwvakkers,Onderhoudsmedewerker gebouwen,81,vacatures_202604_all.xlsx
2026-04-30,2026,4,mei 2025 - april 2026,Apr 2026,Bouwberoepen,Bouwvakkers,Onderhoudsmedewerker wegennet,4,vacatures_202604_all.xlsx
2026-04-30,2026,4,mei 2025 - april 2026,Apr 2026,Bouwberoepen,Bouwvakkers,Onderwaterwerker,2,vacatures_202604_all.xlsx
2026-04-30,2026,4,mei 2025 - april 2026,Apr 2026,Bouwberoepen,Bouwvakkers,Plaatser binnenschrijnwerk,151,vacatures_202604_all.xlsx
2026-04-30,2026,4,mei 2025 - april 2026,Apr 2026,Bouwberoepen,Bouwvakkers,Plaatser buitenschrijnwerk,300,vacatures_202604_all.xlsx
2026-04-30,2026,4,mei 2025 - april 2026,Apr 2026,Bouwberoepen,Bouwvakkers,Plaatser van boven- en ondergrondse leidingen,389,vacatures_202604_all.xlsx
2026-04-30,2026,4,mei 2025 - april 2026,Apr 2026,Bouwberoepen,Bouwvakkers,Plaatser van houten vloerbedekking,19,vacatures_202604_all.xlsx
2026-04-30,2026,4,mei 2025 - april 2026,Apr 2026,Bouwberoepen,Bouwvakkers,Plaatser van soepele vloerbekledingen,14,vacatures_202604_all.xlsx
2026-04-30,2026,4,mei 2025 - april 2026,Apr 2026,Bouwberoepen,Bouwvakkers,Rioollegger,30,vacatures_202604_all.xlsx
2026-04-30,2026,4,mei 2025 - april 2026,Apr 2026,Bouwberoepen,Bouwvakkers,Schilder-decorateur,287,vacatures_202604_all.xlsx
2026-04-30,2026,4,mei 2025 - april 2026,Apr 2026,Bouwberoepen,Bouwvakkers,Schrijnwerker houtbouw,48,vacatures_202604_all.xlsx
2026-04-30,2026,4,mei 2025 - april 2026,Apr 2026,Bouwberoepen,Bouwvakkers,Steigerbouwer,116,vacatures_202604_all.xlsx
2026-04-30,2026,4,mei 2025 - april 2026,Apr 2026,Bouwberoepen,Bouwvakkers,Stukadoor,133,vacatures_202604_all.xlsx
2026-04-30,2026,4,mei 2025 - april 2026,Apr 2026,Bouwberoepen,Bouwvakkers,Technicus hernieuwbare energietechnieken,7,vacatures_202604_all.xlsx
2026-04-30,2026,4,mei 2025 - april 2026,Apr 2026,Bouwberoepen,Bouwvakkers,Technicus installatietechnieken,97,vacatures_202604_all.xlsx
2026-04-30,2026,4,mei 2025 - april 2026,Apr 2026,Bouwberoepen,Bouwvakkers,Vloerder-tegelzetter,144,vacatures_202604_all.xlsx
2026-04-30,2026,4,mei 2025 - april 2026,Apr 2026,Bouwberoepen,Bouwvakkers,Voeger,35,vacatures_202604_all.xlsx
2026-04-30,2026,4,mei 2025 - april 2026,Apr 2026,Bouwberoepen,Bouwvakkers,Wegenwerker,1383,vacatures_202604_all.xlsx
2026-04-30,2026,4,mei 2025 - april 2026,Apr 2026,Bouwberoepen,Machinisten en kraanmannen,Bediener grondverzetmachines,210,vacatures_202604_all.xlsx
2026-04-30,2026,4,mei 2025 - april 2026,Apr 2026,Bouwberoepen,Machinisten en kraanmannen,Bediener machines horizontale boringen,26,vacatures_202604_all.xlsx
2026-04-30,2026,4,mei 2025 - april 2026,Apr 2026,Bouwberoepen,Machinisten en kraanmannen,Bediener machines verticale boringen,8,vacatures_202604_all.xlsx
2026-04-30,2026,4,mei 2025 - april 2026,Apr 2026,Bouwberoepen,Machinisten en kraanmannen,Bediener of medewerker diepfunderingsmachines,1,vacatures_202604_all.xlsx
2026-04-30,2026,4,mei 2025 - april 2026,Apr 2026,Bouwberoepen,Machinisten en kraanmannen,Bediener van betonnerings- en asfalteringsmachines,14,vacatures_202604_all.xlsx
2026-04-30,2026,4,mei 2025 - april 2026,Apr 2026,Bouwberoepen,Machinisten en kraanmannen,Kraanbestuurder,245,vacatures_202604_all.xlsx
2026-04-30,2026,4,mei 2025 - april 2026,Apr 2026,Bouwberoepen,Machinisten en kraanmannen,Torenkraanbediener,21,vacatures_202604_all.xlsx
2026-04-30,2026,4,mei 2025 - april 2026,Apr 2026,Dienstverlenende beroepen,Experts vastgoed,Rentmeester,2,vacatures_202604_all.xlsx
2026-04-30,2026,4,mei 2025 - april 2026,Apr 2026,Dienstverlenende beroepen,Experts vastgoed,Syndicus,0,vacatures_202604_all.xlsx
2026-04-30,2026,4,mei 2025 - april 2026,Apr 2026,Dienstverlenende beroepen,Experts vastgoed,Vastgoedbemiddelaar overdracht,0,vacatures_202604_all.xlsx
2026-04-30,2026,4,mei 2025 - april 2026,Apr 2026,Dienstverlenende beroepen,Experts vastgoed,Vastgoedbemiddelaar verkoop en verhuur,5,vacatures_202604_all.xlsx
2026-04-30,2026,4,mei 2025 - april 2026,Apr 2026,Dienstverlenende beroepen,Experts vastgoed,Vastgoedpromotor,7,vacatures_202604_all.xlsx
2026-04-30,2026,4,mei 2025 - april 2026,Apr 2026,Dienstverlenende beroepen,Juridische dienstverleners,Juridisch medewerker,2,vacatures_202604_all.xlsx
2026-04-30,2026,4,mei 2025 - april 2026,Apr 2026,Dienstverlenende beroepen,Juridische dienstverleners,Jurist,26,vacatures_202604_all.xlsx
2026-04-30,2026,4,mei 2025 - april 2026,Apr 2026,Dienstverlenende beroepen,Medewerkers in finance,Accountmanager in de financiële sector,8,vacatures_202604_all.xlsx
2026-04-30,2026,4,mei 2025 - april 2026,Apr 2026,Dienstverlenende beroepen,Medewerkers in finance,Adviseur kredieten,3,vacatures_202604_all.xlsx
2026-04-30,2026,4,mei 2025 - april 2026,Apr 2026,Dienstverlenende beroepen,Medewerkers in finance,Back-office medewerker in de financiële sector,2,vacatures_202604_all.xlsx
2026-04-30,2026,4,mei 2025 - april 2026,Apr 2026,Dienstverlenende beroepen,Medewerkers in finance,Beheerder verzekeringen,1,vacatures_202604_all.xlsx
2026-04-30,2026,4,mei 2025 - april 2026,Apr 2026,Dienstverlenende beroepen,Medewerkers in finance,Financieel analist,4,vacatures_202604_all.xlsx
2026-04-30,2026,4,mei 2025 - april 2026,Apr 2026,Dienstverlenende beroepen,Medewerkers in finance,Underwriter verzekeringen,0,vacatures_202604_all.xlsx
2026-04-30,2026,4,mei 2025 - april 2026,Apr 2026,Dienstverlenende beroepen,Ordehandhavers en reddingswerkers,Bewakingsagent,9,vacatures_202604_all.xlsx
2026-04-30,2026,4,mei 2025 - april 2026,Apr 2026,Dienstverlenende beroepen,Ordehandhavers en reddingswerkers,Politieagent,7,vacatures_202604_all.xlsx
2026-04-30,2026,4,mei 2025 - april 2026,Apr 2026,Dienstverlenende beroepen,Persoonlijke dienstverleners,Conciërge,1,vacatures_202604_all.xlsx
2026-04-30,2026,4,mei 2025 - april 2026,Apr 2026,Dienstverlenende beroepen,Persoonlijke dienstverleners,Dierentrimmer,1,vacatures_202604_all.xlsx
2026-04-30,2026,4,mei 2025 - april 2026,Apr 2026,Dienstverlenende beroepen,Persoonlijke dienstverleners,Dierenverzorger,1,vacatures_202604_all.xlsx
2026-04-30,2026,4,mei 2025 - april 2026,Apr 2026,Dienstverlenende beroepen,Persoonlijke dienstverleners,Kapper,7,vacatures_202604_all.xlsx
2026-04-30,2026,4,mei 2025 - april 2026,Apr 2026,Dienstverlenende beroepen,Persoonlijke dienstverleners,Medewerker kuuroord,16,vacatures_202604_all.xlsx
2026-04-30,2026,4,mei 2025 - april 2026,Apr 2026,Dienstverlenende beroepen,Persoonlijke dienstverleners,Schoonheidsspecialist,1,vacatures_202604_all.xlsx
2026-04-30,2026,4,mei 2025 - april 2026,Apr 2026,Dienstverlenende beroepen,Schoonmaak- en onderhoudspersoneel,Huishoudhulp-poetshulp,14,vacatures_202604_all.xlsx
2026-04-30,2026,4,mei 2025 - april 2026,Apr 2026,Dienstverlenende beroepen,Schoonmaak- en onderhoudspersoneel,Industrieel reiniger,6,vacatures_202604_all.xlsx
2026-04-30,2026,4,mei 2025 - april 2026,Apr 2026,Dienstverlenende beroepen,Schoonmaak- en onderhoudspersoneel,Leidinggevende schoonmaak,0,vacatures_202604_all.xlsx
2026-04-30,2026,4,mei 2025 - april 2026,Apr 2026,Dienstverlenende beroepen,Schoonmaak- en onderhoudspersoneel,Milieuwerker,0,vacatures_202604_all.xlsx
2026-04-30,2026,4,mei 2025 - april 2026,Apr 2026,Dienstverlenende beroepen,Schoonmaak- en onderhoudspersoneel,Recyclageparkwachter,2,vacatures_202604_all.xlsx
2026-04-30,2026,4,mei 2025 - april 2026,Apr 2026,Dienstverlenende beroepen,Schoonmaak- en onderhoudspersoneel,Ruitenwasser,1,vacatures_202604_all.xlsx
2026-04-30,2026,4,mei 2025 - april 2026,Apr 2026,Dienstverlenende beroepen,Schoonmaak- en onderhoudspersoneel,Schoonmaker van ruimten en lokalen,74,vacatures_202604_all.xlsx
2026-04-30,2026,4,mei 2025 - april 2026,Apr 2026,Handels- en verkoopberoepen,Verkooppersoneel,Assistent winkelmanager,2,vacatures_202604_all.xlsx
2026-04-30,2026,4,mei 2025 - april 2026,Apr 2026,Handels- en verkoopberoepen,Verkooppersoneel,Technisch adviseur klantenondersteuning,25,vacatures_202604_all.xlsx
2026-04-30,2026,4,mei 2025 - april 2026,Apr 2026,Handels- en verkoopberoepen,Verkooppersoneel,"Verhuurder van gereedschappen, transportmiddelen of vrijetijdsmaterieel",2,vacatures_202604_all.xlsx
2026-04-30,2026,4,mei 2025 - april 2026,Apr 2026,Handels- en verkoopberoepen,Verkooppersoneel,Winkelmanager,2,vacatures_202604_all.xlsx
2026-04-30,2026,4,mei 2025 - april 2026,Apr 2026,Handels- en verkoopberoepen,Verkooppersoneel,Winkelmedewerker,3,vacatures_202604_all.xlsx
2026-04-30,2026,4,mei 2025 - april 2026,Apr 2026,Handels- en verkoopberoepen,Verkooppersoneel,Winkelverkoper,83,vacatures_202604_all.xlsx
2026-04-30,2026,4,mei 2025 - april 2026,Apr 2026,Handels- en verkoopberoepen,Vertegenwoordigers,Vertegenwoordiger B2B,150,vacatures_202604_all.xlsx
2026-04-30,2026,4,mei 2025 - april 2026,Apr 2026,Handels- en verkoopberoepen,Vertegenwoordigers,Vertegenwoordiger B2C,36,vacatures_202604_all.xlsx
2026-04-30,2026,4,mei 2025 - april 2026,Apr 2026,Horecaberoepen,Horecapersoneel,Hulpkok,12,vacatures_202604_all.xlsx
2026-04-30,2026,4,mei 2025 - april 2026,Apr 2026,Horecaberoepen,Horecapersoneel,Kelner,6,vacatures_202604_all.xlsx
2026-04-30,2026,4,mei 2025 - april 2026,Apr 2026,Horecaberoepen,Horecapersoneel,Keukenmedewerker,8,vacatures_202604_all.xlsx
2026-04-30,2026,4,mei 2025 - april 2026,Apr 2026,Horecaberoepen,Horecapersoneel,Keukenverantwoordelijke,3,vacatures_202604_all.xlsx
2026-04-30,2026,4,mei 2025 - april 2026,Apr 2026,Horecaberoepen,Horecapersoneel,Kok,8,vacatures_202604_all.xlsx
2026-04-30,2026,4,mei 2025 - april 2026,Apr 2026,Horecaberoepen,Horecapersoneel,Medewerker fastfood,3,vacatures_202604_all.xlsx
2026-04-30,2026,4,mei 2025 - april 2026,Apr 2026,Horecaberoepen,Horecapersoneel,Polyvalent hotelmedewerker,4,vacatures_202604_all.xlsx
2026-04-30,2026,4,mei 2025 - april 2026,Apr 2026,Industriële beroepen en ambachten,Beoefenaars van ambachten,Ambachtelijk glasbewerker,0,vacatures_202604_all.xlsx
2026-04-30,2026,4,mei 2025 - april 2026,Apr 2026,Industriële beroepen en ambachten,Beoefenaars van ambachten,Ambachtelijk metaalbewerker,2,vacatures_202604_all.xlsx
2026-04-30,2026,4,mei 2025 - april 2026,Apr 2026,Industriële beroepen en ambachten,Beoefenaars van ambachten,Decorateur van kunst- en artisanale objecten,2,vacatures_202604_all.xlsx
2026-04-30,2026,4,mei 2025 - april 2026,Apr 2026,Industriële beroepen en ambachten,Bewerkers van voeding,Charcutier,3,vacatures_202604_all.xlsx
2026-04-30,2026,4,mei 2025 - april 2026,Apr 2026,Industriële beroepen en ambachten,Bewerkers van voeding,Productieoperator voedingsindustrie,3,vacatures_202604_all.xlsx
2026-04-30,2026,4,mei 2025 - april 2026,Apr 2026,Industriële beroepen en ambachten,Bewerkers van voeding,Slager,34,vacatures_202604_all.xlsx
2026-04-30,2026,4,mei 2025 - april 2026,Apr 2026,Industriële beroepen en ambachten,Bewerkers van voeding,Uitsnijder-uitbener,2,vacatures_202604_all.xlsx
2026-04-30,2026,4,mei 2025 - april 2026,Apr 2026,Industriële beroepen en ambachten,Diverse productiemedewerkers en operatoren,Industrieel schilder,30,vacatures_202604_all.xlsx
2026-04-30,2026,4,mei 2025 - april 2026,Apr 2026,Industriële beroepen en ambachten,Diverse productiemedewerkers en operatoren,Operator glasbewerking,2,vacatures_202604_all.xlsx
2026-04-30,2026,4,mei 2025 - april 2026,Apr 2026,Industriële beroepen en ambachten,Diverse productiemedewerkers en operatoren,Productiemedewerker,101,vacatures_202604_all.xlsx
2026-04-30,2026,4,mei 2025 - april 2026,Apr 2026,Industriële beroepen en ambachten,Diverse productiemedewerkers en operatoren,Productiemedewerker prefabbeton,19,vacatures_202604_all.xlsx
2026-04-30,2026,4,mei 2025 - april 2026,Apr 2026,Industriële beroepen en ambachten,Diverse productiemedewerkers en operatoren,Productieoperator bouw- en prefabmaterialen,5,vacatures_202604_all.xlsx
2026-04-30,2026,4,mei 2025 - april 2026,Apr 2026,Industriële beroepen en ambachten,Diverse productiemedewerkers en operatoren,Productieoperator elektrische en elektronische componenten,54,vacatures_202604_all.xlsx
2026-04-30,2026,4,mei 2025 - april 2026,Apr 2026,Industriële beroepen en ambachten,Diverse productiemedewerkers en operatoren,"Productieoperator van stortbeton, cement, asfalt en granulaten",22,vacatures_202604_all.xlsx
2026-04-30,2026,4,mei 2025 - april 2026,Apr 2026,Industriële beroepen en ambachten,Diverse productiemedewerkers en operatoren,Uitvoerder van werken op hoogte,69,vacatures_202604_all.xlsx
2026-04-30,2026,4,mei 2025 - april 2026,Apr 2026,Industriële beroepen en ambachten,Drukkers,Operator print & sign,13,vacatures_202604_all.xlsx
2026-04-30,2026,4,mei 2025 - april 2026,Apr 2026,Industriële beroepen en ambachten,Drukkers,Productiemedewerker drukafwerking,3,vacatures_202604_all.xlsx
2026-04-30,2026,4,mei 2025 - april 2026,Apr 2026,Industriële beroepen en ambachten,Drukkers,Productiemedewerker drukken,2,vacatures_202604_all.xlsx
2026-04-30,2026,4,mei 2025 - april 2026,Apr 2026,Industriële beroepen en ambachten,Industriële technici,Expert productieproces en -methodes,30,vacatures_202604_all.xlsx
2026-04-30,2026,4,mei 2025 - april 2026,Apr 2026,Industriële beroepen en ambachten,Industriële technici,Industrieel elektromecanicien,297,vacatures_202604_all.xlsx
2026-04-30,2026,4,mei 2025 - april 2026,Apr 2026,Industriële beroepen en ambachten,Industriële technici,Industrieel laborant,10,vacatures_202604_all.xlsx
2026-04-30,2026,4,mei 2025 - april 2026,Apr 2026,Industriële beroepen en ambachten,Industriële technici,Industrieel onderhoudstechnicus,249,vacatures_202604_all.xlsx
2026-04-30,2026,4,mei 2025 - april 2026,Apr 2026,Industriële beroepen en ambachten,Industriële technici,Koeltechnicus,155,vacatures_202604_all.xlsx
2026-04-30,2026,4,mei 2025 - april 2026,Apr 2026,Industriële beroepen en ambachten,Industriële technici,Lifttechnicus,60,vacatures_202604_all.xlsx
2026-04-30,2026,4,mei 2025 - april 2026,Apr 2026,Industriële beroepen en ambachten,Industriële technici,Medewerker kwaliteitscontrole,9,vacatures_202604_all.xlsx
2026-04-30,2026,4,mei 2025 - april 2026,Apr 2026,Industriële beroepen en ambachten,Industriële technici,Onderhoudstechnicus industriële automatisering,9,vacatures_202604_all.xlsx
2026-04-30,2026,4,mei 2025 - april 2026,Apr 2026,Industriële beroepen en ambachten,Industriële technici,Onderhoudstechnicus waterdistributie en sanering,5,vacatures_202604_all.xlsx
2026-04-30,2026,4,mei 2025 - april 2026,Apr 2026,Industriële beroepen en ambachten,Industriële technici,Ontwerper industriële automatisering,28,vacatures_202604_all.xlsx
2026-04-30,2026,4,mei 2025 - april 2026,Apr 2026,Industriële beroepen en ambachten,Industriële technici,Productieplanner,61,vacatures_202604_all.xlsx
2026-04-30,2026,4,mei 2025 - april 2026,Apr 2026,Industriële beroepen en ambachten,Industriële technici,Regeltechnicus klimatisatie,155,vacatures_202604_all.xlsx
2026-04-30,2026,4,mei 2025 - april 2026,Apr 2026,Industriële beroepen en ambachten,Industriële technici,Technicus elektro en elektronica,19,vacatures_202604_all.xlsx
2026-04-30,2026,4,mei 2025 - april 2026,Apr 2026,Industriële beroepen en ambachten,Industriële technici,Technicus elektronische installaties,323,vacatures_202604_all.xlsx
2026-04-30,2026,4,mei 2025 - april 2026,Apr 2026,Industriële beroepen en ambachten,Industriële technici,"Technicus veiligheid, hygiëne en leefmilieu",1,vacatures_202604_all.xlsx
2026-04-30,2026,4,mei 2025 - april 2026,Apr 2026,Industriële beroepen en ambachten,Industriële technici,Werkvoorbereider,86,vacatures_202604_all.xlsx
2026-04-30,2026,4,mei 2025 - april 2026,Apr 2026,Industriële beroepen en ambachten,Medewerkers houtindustrie,Machinaal houtbewerker,3,vacatures_202604_all.xlsx
2026-04-30,2026,4,mei 2025 - april 2026,Apr 2026,Industriële beroepen en ambachten,Medewerkers houtindustrie,Medewerker assemblage houten verpakkingen en palletten,2,vacatures_202604_all.xlsx
2026-04-30,2026,4,mei 2025 - april 2026,Apr 2026,Industriële beroepen en ambachten,Medewerkers houtindustrie,Meubelmaker,73,vacatures_202604_all.xlsx
2026-04-30,2026,4,mei 2025 - april 2026,Apr 2026,Industriële beroepen en ambachten,Medewerkers houtindustrie,Operator CNC-gestuurde houtbewerkingsmachines,17,vacatures_202604_all.xlsx
2026-04-30,2026,4,mei 2025 - april 2026,Apr 2026,Industriële beroepen en ambachten,Medewerkers houtindustrie,Operator in de houtzagerij,0,vacatures_202604_all.xlsx
2026-04-30,2026,4,mei 2025 - april 2026,Apr 2026,Industriële beroepen en ambachten,Medewerkers houtindustrie,Productieoperator hout,4,vacatures_202604_all.xlsx
2026-04-30,2026,4,mei 2025 - april 2026,Apr 2026,Industriële beroepen en ambachten,Medewerkers houtindustrie,Werkplaatsschrijnwerker,154,vacatures_202604_all.xlsx
2026-04-30,2026,4,mei 2025 - april 2026,Apr 2026,Industriële beroepen en ambachten,Monteurs en installateurs elektrotechniek,Bordenbouwer - Elektromonteur machinebouw,41,vacatures_202604_all.xlsx
2026-04-30,2026,4,mei 2025 - april 2026,Apr 2026,Industriële beroepen en ambachten,Monteurs en installateurs elektrotechniek,Elektrotechnicus,724,vacatures_202604_all.xlsx
2026-04-30,2026,4,mei 2025 - april 2026,Apr 2026,Industriële beroepen en ambachten,Monteurs en installateurs elektrotechniek,Technicus industriële elektriciteit,49,vacatures_202604_all.xlsx
2026-04-30,2026,4,mei 2025 - april 2026,Apr 2026,Industriële beroepen en ambachten,Professionals in de metaalindustrie,Insteller-omsteller plaatbewerking,10,vacatures_202604_all.xlsx
2026-04-30,2026,4,mei 2025 - april 2026,Apr 2026,Industriële beroepen en ambachten,Professionals in de metaalindustrie,Insteller-omsteller verspaning,31,vacatures_202604_all.xlsx
2026-04-30,2026,4,mei 2025 - april 2026,Apr 2026,Industriële beroepen en ambachten,Professionals in de metaalindustrie,Machinebouwer,11,vacatures_202604_all.xlsx
2026-04-30,2026,4,mei 2025 - april 2026,Apr 2026,Industriële beroepen en ambachten,Professionals in de metaalindustrie,Manueel lasser,167,vacatures_202604_all.xlsx
2026-04-30,2026,4,mei 2025 - april 2026,Apr 2026,Industriële beroepen en ambachten,Professionals in de metaalindustrie,Monteur staalconstructies,126,vacatures_202604_all.xlsx
2026-04-30,2026,4,mei 2025 - april 2026,Apr 2026,Industriële beroepen en ambachten,Professionals in de metaalindustrie,Operator montage en assemblage,31,vacatures_202604_all.xlsx
2026-04-30,2026,4,mei 2025 - april 2026,Apr 2026,Industriële beroepen en ambachten,Professionals in de metaalindustrie,Pijpfitter,59,vacatures_202604_all.xlsx
2026-04-30,2026,4,mei 2025 - april 2026,Apr 2026,Industriële beroepen en ambachten,Professionals in de metaalindustrie,Productieoperator metaal,28,vacatures_202604_all.xlsx
2026-04-30,2026,4,mei 2025 - april 2026,Apr 2026,Industriële beroepen en ambachten,Professionals in de metaalindustrie,Rigger-monteerder,46,vacatures_202604_all.xlsx
2026-04-30,2026,4,mei 2025 - april 2026,Apr 2026,Industriële beroepen en ambachten,Specialisten chemie en kunststoffen,Procesoperator chemische industrie,9,vacatures_202604_all.xlsx
2026-04-30,2026,4,mei 2025 - april 2026,Apr 2026,Industriële beroepen en ambachten,Specialisten chemie en kunststoffen,Productiemedewerker kunststofverwerking,1,vacatures_202604_all.xlsx
2026-04-30,2026,4,mei 2025 - april 2026,Apr 2026,Industriële beroepen en ambachten,Specialisten chemie en kunststoffen,Productieoperator-machineregelaar kunststoffen,1,vacatures_202604_all.xlsx
2026-04-30,2026,4,mei 2025 - april 2026,Apr 2026,Industriële beroepen en ambachten,Technisch leidinggevenden,Afdelingsverantwoordelijke productie,41,vacatures_202604_all.xlsx
2026-04-30,2026,4,mei 2025 - april 2026,Apr 2026,Industriële beroepen en ambachten,Technisch leidinggevenden,Productiemanager,9,vacatures_202604_all.xlsx
2026-04-30,2026,4,mei 2025 - april 2026,Apr 2026,Industriële beroepen en ambachten,Technisch leidinggevenden,Projectmanager engineering,143,vacatures_202604_all.xlsx
2026-04-30,2026,4,mei 2025 - april 2026,Apr 2026,Industriële beroepen en ambachten,Technisch leidinggevenden,Teamleader productie,12,vacatures_202604_all.xlsx
2026-04-30,2026,4,mei 2025 - april 2026,Apr 2026,Industriële beroepen en ambachten,Technisch leidinggevenden,Verantwoordelijke beheer en onderhoud van voertuigen,8,vacatures_202604_all.xlsx
2026-04-30,2026,4,mei 2025 - april 2026,Apr 2026,Industriële beroepen en ambachten,Technisch leidinggevenden,Verantwoordelijke industrieel onderhoud,48,vacatures_202604_all.xlsx
2026-04-30,2026,4,mei 2025 - april 2026,Apr 2026,Industriële beroepen en ambachten,Technisch leidinggevenden,Verantwoordelijke kwaliteitscontrole,24,vacatures_202604_all.xlsx
2026-04-30,2026,4,mei 2025 - april 2026,Apr 2026,Industriële beroepen en ambachten,Technisch leidinggevenden,Verantwoordelijke onderzoek en ontwikkeling,4,vacatures_202604_all.xlsx
2026-04-30,2026,4,mei 2025 - april 2026,Apr 2026,Industriële beroepen en ambachten,Technisch leidinggevenden,Verantwoordelijke productieproces en -methodes,3,vacatures_202604_all.xlsx
2026-04-30,2026,4,mei 2025 - april 2026,Apr 2026,Industriële beroepen en ambachten,Tekenaars en vormgevers,Grafisch vormgever,2,vacatures_202604_all.xlsx
2026-04-30,2026,4,mei 2025 - april 2026,Apr 2026,Industriële beroepen en ambachten,Tekenaars en vormgevers,Productontwikkelaar,7,vacatures_202604_all.xlsx
2026-04-30,2026,4,mei 2025 - april 2026,Apr 2026,Industriële beroepen en ambachten,Tekenaars en vormgevers,"Tekenaar-ontwerper elektriciteit, elektronica",85,vacatures_202604_all.xlsx
2026-04-30,2026,4,mei 2025 - april 2026,Apr 2026,Industriële beroepen en ambachten,Tekenaars en vormgevers,Tekenaar-ontwerper mechanica,16,vacatures_202604_all.xlsx
2026-04-30,2026,4,mei 2025 - april 2026,Apr 2026,Industriële beroepen en ambachten,Voer- en werktuigherstellers,OAD-technicus van personenwagens en lichte bedrijfsvoertuigen,3,vacatures_202604_all.xlsx
2026-04-30,2026,4,mei 2025 - april 2026,Apr 2026,Industriële beroepen en ambachten,Voer- en werktuigherstellers,OD-technicus van zware bedrijfsvoertuigen,1,vacatures_202604_all.xlsx
2026-04-30,2026,4,mei 2025 - april 2026,Apr 2026,Industriële beroepen en ambachten,Voer- en werktuigherstellers,Onderhoudsmecanicien van personenwagens en lichte bedrijfsvoertuigen,12,vacatures_202604_all.xlsx
2026-04-30,2026,4,mei 2025 - april 2026,Apr 2026,Industriële beroepen en ambachten,Voer- en werktuigherstellers,Onderhoudsmecanicien van zware bedrijfsvoertuigen,41,vacatures_202604_all.xlsx
2026-04-30,2026,4,mei 2025 - april 2026,Apr 2026,Industriële beroepen en ambachten,Voer- en werktuigherstellers,Plaatwerker carrosserie,0,vacatures_202604_all.xlsx
2026-04-30,2026,4,mei 2025 - april 2026,Apr 2026,Industriële beroepen en ambachten,Voer- en werktuigherstellers,Spuiter carrosserie,4,vacatures_202604_all.xlsx
2026-04-30,2026,4,mei 2025 - april 2026,Apr 2026,Industriële beroepen en ambachten,Voer- en werktuigherstellers,Technicus van bromfietsen en motorfietsen,1,vacatures_202604_all.xlsx
2026-04-30,2026,4,mei 2025 - april 2026,Apr 2026,Industriële beroepen en ambachten,Voer- en werktuigherstellers,"Technicus werf-, landbouw- en hefmachines",89,vacatures_202604_all.xlsx
2026-04-30,2026,4,mei 2025 - april 2026,Apr 2026,Industriële beroepen en ambachten,Voer- en werktuigherstellers,Werktuigkundige scheepvaart,5,vacatures_202604_all.xlsx
2026-04-30,2026,4,mei 2025 - april 2026,Apr 2026,"Land-, tuin- en bosbouw- en visserijberoepen","Land-, tuin- en bosbouwers en vissers",Bestuurder van bosexploitatiemachines,0,vacatures_202604_all.xlsx
2026-04-30,2026,4,mei 2025 - april 2026,Apr 2026,"Land-, tuin- en bosbouw- en visserijberoepen","Land-, tuin- en bosbouwers en vissers",Boomverzorger,2,vacatures_202604_all.xlsx
2026-04-30,2026,4,mei 2025 - april 2026,Apr 2026,"Land-, tuin- en bosbouw- en visserijberoepen","Land-, tuin- en bosbouwers en vissers",Medewerker landbouw,0,vacatures_202604_all.xlsx
2026-04-30,2026,4,mei 2025 - april 2026,Apr 2026,"Land-, tuin- en bosbouw- en visserijberoepen","Land-, tuin- en bosbouwers en vissers",Medewerker loonwerk,0,vacatures_202604_all.xlsx
2026-04-30,2026,4,mei 2025 - april 2026,Apr 2026,"Land-, tuin- en bosbouw- en visserijberoepen","Land-, tuin- en bosbouwers en vissers",Medewerker tuin- en groenaanleg en -onderhoud,33,vacatures_202604_all.xlsx
2026-04-30,2026,4,mei 2025 - april 2026,Apr 2026,"Land-, tuin- en bosbouw- en visserijberoepen","Land-, tuin- en bosbouwers en vissers",Medewerker tuinbouw,12,vacatures_202604_all.xlsx
2026-04-30,2026,4,mei 2025 - april 2026,Apr 2026,"Land-, tuin- en bosbouw- en visserijberoepen","Land-, tuin- en bosbouwers en vissers",Verantwoordelijke tuin- en groenaanleg en -onderhoud,12,vacatures_202604_all.xlsx
2026-04-30,2026,4,mei 2025 - april 2026,Apr 2026,"Medische, paramedische en verzorgende beroepen","Verpleegkundigen, vroedvrouwen en zorgpersoneel",Persoonlijk assistent,1,vacatures_202604_all.xlsx
2026-04-30,2026,4,mei 2025 - april 2026,Apr 2026,Onbekend,Onbekend,Onbekend,4,vacatures_202604_all.xlsx
2026-04-30,2026,4,mei 2025 - april 2026,Apr 2026,Organisatieondersteunende en kennisberoepen,Accountants,Accountant,121,vacatures_202604_all.xlsx
2026-04-30,2026,4,mei 2025 - april 2026,Apr 2026,Organisatieondersteunende en kennisberoepen,Accountants,Assistent accountancy,94,vacatures_202604_all.xlsx
2026-04-30,2026,4,mei 2025 - april 2026,Apr 2026,Organisatieondersteunende en kennisberoepen,Accountants,Dossierbeheerder accountancy,4,vacatures_202604_all.xlsx
2026-04-30,2026,4,mei 2025 - april 2026,Apr 2026,Organisatieondersteunende en kennisberoepen,Administratief medewerkers,Managementassistent,49,vacatures_202604_all.xlsx
2026-04-30,2026,4,mei 2025 - april 2026,Apr 2026,Organisatieondersteunende en kennisberoepen,Administratief medewerkers,Onthaalmedewerker,11,vacatures_202604_all.xlsx
2026-04-30,2026,4,mei 2025 - april 2026,Apr 2026,Organisatieondersteunende en kennisberoepen,Administratief medewerkers,Polyvalent administratief medewerker,575,vacatures_202604_all.xlsx
2026-04-30,2026,4,mei 2025 - april 2026,Apr 2026,Organisatieondersteunende en kennisberoepen,Administratief medewerkers,Technisch-administratief medewerker,255,vacatures_202604_all.xlsx
2026-04-30,2026,4,mei 2025 - april 2026,Apr 2026,Organisatieondersteunende en kennisberoepen,Bedrijfsadviseurs,Business analist,11,vacatures_202604_all.xlsx
2026-04-30,2026,4,mei 2025 - april 2026,Apr 2026,Organisatieondersteunende en kennisberoepen,Bedrijfsadviseurs,Business en financial controller,47,vacatures_202604_all.xlsx
2026-04-30,2026,4,mei 2025 - april 2026,Apr 2026,Organisatieondersteunende en kennisberoepen,Bedrijfsadviseurs,Compliance officer,1,vacatures_202604_all.xlsx
2026-04-30,2026,4,mei 2025 - april 2026,Apr 2026,Organisatieondersteunende en kennisberoepen,Bedrijfsadviseurs,Mediabuyer,1,vacatures_202604_all.xlsx
2026-04-30,2026,4,mei 2025 - april 2026,Apr 2026,Organisatieondersteunende en kennisberoepen,Bedrijfsadviseurs,Milieucoördinator,13,vacatures_202604_all.xlsx
2026-04-30,2026,4,mei 2025 - april 2026,Apr 2026,Organisatieondersteunende en kennisberoepen,Bedrijfsadviseurs,Preventieadviseur,53,vacatures_202604_all.xlsx
2026-04-30,2026,4,mei 2025 - april 2026,Apr 2026,Organisatieondersteunende en kennisberoepen,Bedrijfsadviseurs,Projectmanager business,17,vacatures_202604_all.xlsx
2026-04-30,2026,4,mei 2025 - april 2026,Apr 2026,Organisatieondersteunende en kennisberoepen,Controleurs en inspecteurs,Technisch inspecteur industrie,2,vacatures_202604_all.xlsx
2026-04-30,2026,4,mei 2025 - april 2026,Apr 2026,Organisatieondersteunende en kennisberoepen,HR-experts,Payroll advisor,34,vacatures_202604_all.xlsx
2026-04-30,2026,4,mei 2025 - april 2026,Apr 2026,Organisatieondersteunende en kennisberoepen,HR-experts,Personeelsmedewerker,51,vacatures_202604_all.xlsx
2026-04-30,2026,4,mei 2025 - april 2026,Apr 2026,Organisatieondersteunende en kennisberoepen,HR-experts,Verantwoordelijke werving en opleiding,38,vacatures_202604_all.xlsx
2026-04-30,2026,4,mei 2025 - april 2026,Apr 2026,Organisatieondersteunende en kennisberoepen,Informatici en ICT-medewerkers,Data engineer,12,vacatures_202604_all.xlsx
2026-04-30,2026,4,mei 2025 - april 2026,Apr 2026,Organisatieondersteunende en kennisberoepen,Informatici en ICT-medewerkers,Data manager,3,vacatures_202604_all.xlsx
2026-04-30,2026,4,mei 2025 - april 2026,Apr 2026,Organisatieondersteunende en kennisberoepen,Informatici en ICT-medewerkers,Game-ontwikkelaar,4,vacatures_202604_all.xlsx
2026-04-30,2026,4,mei 2025 - april 2026,Apr 2026,Organisatieondersteunende en kennisberoepen,Informatici en ICT-medewerkers,Integratie expert ICT,35,vacatures_202604_all.xlsx
2026-04-30,2026,4,mei 2025 - april 2026,Apr 2026,Organisatieondersteunende en kennisberoepen,Informatici en ICT-medewerkers,Netwerk engineer telecom,2,vacatures_202604_all.xlsx
2026-04-30,2026,4,mei 2025 - april 2026,Apr 2026,Organisatieondersteunende en kennisberoepen,Informatici en ICT-medewerkers,Netwerkbeheerder,8,vacatures_202604_all.xlsx
2026-04-30,2026,4,mei 2025 - april 2026,Apr 2026,Organisatieondersteunende en kennisberoepen,Informatici en ICT-medewerkers,Software analist,8,vacatures_202604_all.xlsx
2026-04-30,2026,4,mei 2025 - april 2026,Apr 2026,Organisatieondersteunende en kennisberoepen,Informatici en ICT-medewerkers,Software ontwikkelaar,19,vacatures_202604_all.xlsx
2026-04-30,2026,4,mei 2025 - april 2026,Apr 2026,Organisatieondersteunende en kennisberoepen,Informatici en ICT-medewerkers,Support medewerker ICT,23,vacatures_202604_all.xlsx
2026-04-30,2026,4,mei 2025 - april 2026,Apr 2026,Organisatieondersteunende en kennisberoepen,Informatici en ICT-medewerkers,Systeembeheerder,6,vacatures_202604_all.xlsx
2026-04-30,2026,4,mei 2025 - april 2026,Apr 2026,Organisatieondersteunende en kennisberoepen,Leidinggevenden,Administratief en financieel verantwoordelijke,28,vacatures_202604_all.xlsx
2026-04-30,2026,4,mei 2025 - april 2026,Apr 2026,Organisatieondersteunende en kennisberoepen,Leidinggevenden,Algemeen directeur,19,vacatures_202604_all.xlsx
2026-04-30,2026,4,mei 2025 - april 2026,Apr 2026,Organisatieondersteunende en kennisberoepen,Leidinggevenden,E-commerce manager,1,vacatures_202604_all.xlsx
2026-04-30,2026,4,mei 2025 - april 2026,Apr 2026,Organisatieondersteunende en kennisberoepen,Leidinggevenden,Facility manager,17,vacatures_202604_all.xlsx
2026-04-30,2026,4,mei 2025 - april 2026,Apr 2026,Organisatieondersteunende en kennisberoepen,Leidinggevenden,HR-manager,25,vacatures_202604_all.xlsx
2026-04-30,2026,4,mei 2025 - april 2026,Apr 2026,Organisatieondersteunende en kennisberoepen,Leidinggevenden,Leidinggevende milieuzorg en sanering,0,vacatures_202604_all.xlsx
2026-04-30,2026,4,mei 2025 - april 2026,Apr 2026,Organisatieondersteunende en kennisberoepen,Leidinggevenden,Marketingmanager,19,vacatures_202604_all.xlsx
2026-04-30,2026,4,mei 2025 - april 2026,Apr 2026,Organisatieondersteunende en kennisberoepen,Leidinggevenden,Sales manager,7,vacatures_202604_all.xlsx
2026-04-30,2026,4,mei 2025 - april 2026,Apr 2026,Organisatieondersteunende en kennisberoepen,Leidinggevenden,Verantwoordelijke ICT,5,vacatures_202604_all.xlsx
2026-04-30,2026,4,mei 2025 - april 2026,Apr 2026,Organisatieondersteunende en kennisberoepen,Leidinggevenden,Verantwoordelijke aankoop,3,vacatures_202604_all.xlsx
2026-04-30,2026,4,mei 2025 - april 2026,Apr 2026,Organisatieondersteunende en kennisberoepen,Leidinggevenden,Verantwoordelijke klantendienst,1,vacatures_202604_all.xlsx
2026-04-30,2026,4,mei 2025 - april 2026,Apr 2026,Organisatieondersteunende en kennisberoepen,"Medewerkers commerciële strategie, marketing en verkoop",Aankoper,110,vacatures_202604_all.xlsx
2026-04-30,2026,4,mei 2025 - april 2026,Apr 2026,Organisatieondersteunende en kennisberoepen,"Medewerkers commerciële strategie, marketing en verkoop",Accountmanager sales,7,vacatures_202604_all.xlsx
2026-04-30,2026,4,mei 2025 - april 2026,Apr 2026,Organisatieondersteunende en kennisberoepen,"Medewerkers commerciële strategie, marketing en verkoop",Business developer,7,vacatures_202604_all.xlsx
2026-04-30,2026,4,mei 2025 - april 2026,Apr 2026,Organisatieondersteunende en kennisberoepen,"Medewerkers commerciële strategie, marketing en verkoop",Commercieel medewerker binnendienst,96,vacatures_202604_all.xlsx
2026-04-30,2026,4,mei 2025 - april 2026,Apr 2026,Organisatieondersteunende en kennisberoepen,"Medewerkers commerciële strategie, marketing en verkoop",Contactcenter medewerker,134,vacatures_202604_all.xlsx
2026-04-30,2026,4,mei 2025 - april 2026,Apr 2026,Organisatieondersteunende en kennisberoepen,"Medewerkers commerciële strategie, marketing en verkoop",Content marketeer,13,vacatures_202604_all.xlsx
2026-04-30,2026,4,mei 2025 - april 2026,Apr 2026,Organisatieondersteunende en kennisberoepen,"Medewerkers commerciële strategie, marketing en verkoop",Digital marketeer,6,vacatures_202604_all.xlsx
2026-04-30,2026,4,mei 2025 - april 2026,Apr 2026,Organisatieondersteunende en kennisberoepen,"Medewerkers commerciële strategie, marketing en verkoop",Digital sales assistant,13,vacatures_202604_all.xlsx
2026-04-30,2026,4,mei 2025 - april 2026,Apr 2026,Organisatieondersteunende en kennisberoepen,"Medewerkers commerciële strategie, marketing en verkoop",Marketing assistent,4,vacatures_202604_all.xlsx
2026-04-30,2026,4,mei 2025 - april 2026,Apr 2026,Organisatieondersteunende en kennisberoepen,"Medewerkers commerciële strategie, marketing en verkoop",Productmanager,1,vacatures_202604_all.xlsx
2026-04-30,2026,4,mei 2025 - april 2026,Apr 2026,Organisatieondersteunende en kennisberoepen,"Medewerkers commerciële strategie, marketing en verkoop",Sales engineer,66,vacatures_202604_all.xlsx
2026-04-30,2026,4,mei 2025 - april 2026,Apr 2026,Organisatieondersteunende en kennisberoepen,Onderzoeksmedewerkers en beleidsexperten,Beleidsdeskundige,28,vacatures_202604_all.xlsx
2026-04-30,2026,4,mei 2025 - april 2026,Apr 2026,Organisatieondersteunende en kennisberoepen,Onderzoeksmedewerkers en beleidsexperten,Expert lokale ontwikkeling,53,vacatures_202604_all.xlsx
2026-04-30,2026,4,mei 2025 - april 2026,Apr 2026,Organisatieondersteunende en kennisberoepen,Onderzoeksmedewerkers en beleidsexperten,Marktonderzoeker,3,vacatures_202604_all.xlsx
2026-04-30,2026,4,mei 2025 - april 2026,Apr 2026,Organisatieondersteunende en kennisberoepen,Onderzoeksmedewerkers en beleidsexperten,Wetenschappelijk onderzoeker,5,vacatures_202604_all.xlsx
2026-04-30,2026,4,mei 2025 - april 2026,Apr 2026,Organisatieondersteunende en kennisberoepen,Specialisten kennisbeheer en communicatie,Erfgoedkundige,9,vacatures_202604_all.xlsx
2026-04-30,2026,4,mei 2025 - april 2026,Apr 2026,Organisatieondersteunende en kennisberoepen,Specialisten kennisbeheer en communicatie,Journalist-redacteur,1,vacatures_202604_all.xlsx
2026-04-30,2026,4,mei 2025 - april 2026,Apr 2026,Organisatieondersteunende en kennisberoepen,Specialisten kennisbeheer en communicatie,Medewerker communicatie,6,vacatures_202604_all.xlsx
2026-04-30,2026,4,mei 2025 - april 2026,Apr 2026,Organisatieondersteunende en kennisberoepen,Specialisten kennisbeheer en communicatie,Social media manager,1,vacatures_202604_all.xlsx
2026-04-30,2026,4,mei 2025 - april 2026,Apr 2026,Pedagogische beroepen,Onderwijzend en leidinggevend personeel in onderwijs,Opleider volwassenen,2,vacatures_202604_all.xlsx
2026-04-30,2026,4,mei 2025 - april 2026,Apr 2026,Pedagogische beroepen,Onderwijzend en leidinggevend personeel in onderwijs,Pedagogisch coördinator,3,vacatures_202604_all.xlsx
2026-04-30,2026,4,mei 2025 - april 2026,Apr 2026,Transport- en logistieke beroepen,Bestuurders in het wegtransport,Bestuurder van sleepvoertuigen,1,vacatures_202604_all.xlsx
2026-04-30,2026,4,mei 2025 - april 2026,Apr 2026,Transport- en logistieke beroepen,Bestuurders in het wegtransport,Taxichauffeur en chauffeur privévervoer,1,vacatures_202604_all.xlsx
2026-04-30,2026,4,mei 2025 - april 2026,Apr 2026,Transport- en logistieke beroepen,Bestuurders in het wegtransport,Vrachtwagenbestuurder,390,vacatures_202604_all.xlsx
2026-04-30,2026,4,mei 2025 - april 2026,Apr 2026,Transport- en logistieke beroepen,Transport- en logistiek personeel,Dispatcher goederenvervoer,26,vacatures_202604_all.xlsx
2026-04-30,2026,4,mei 2025 - april 2026,Apr 2026,Transport- en logistieke beroepen,Transport- en logistiek personeel,Dispatcher personenvervoer,5,vacatures_202604_all.xlsx
2026-04-30,2026,4,mei 2025 - april 2026,Apr 2026,Transport- en logistieke beroepen,Transport- en logistiek personeel,Heftruckchauffeur,0,vacatures_202604_all.xlsx
2026-04-30,2026,4,mei 2025 - april 2026,Apr 2026,Transport- en logistieke beroepen,Transport- en logistiek personeel,Koerier besteller,3,vacatures_202604_all.xlsx
2026-04-30,2026,4,mei 2025 - april 2026,Apr 2026,Transport- en logistieke beroepen,Transport- en logistiek personeel,Logistiek verantwoordelijke,55,vacatures_202604_all.xlsx
2026-04-30,2026,4,mei 2025 - april 2026,Apr 2026,Transport- en logistieke beroepen,Transport- en logistiek personeel,Magazijnbeheerder,53,vacatures_202604_all.xlsx
2026-04-30,2026,4,mei 2025 - april 2026,Apr 2026,Transport- en logistieke beroepen,Transport- en logistiek personeel,Magazijnmedewerker,238,vacatures_202604_all.xlsx
2026-04-30,2026,4,mei 2025 - april 2026,Apr 2026,Transport- en logistieke beroepen,Transport- en logistiek personeel,Medewerker internationaal goederenverkeer,2,vacatures_202604_all.xlsx
2026-04-30,2026,4,mei 2025 - april 2026,Apr 2026,Transport- en logistieke beroepen,Transport- en logistiek personeel,Verantwoordelijke logistieke site,10,vacatures_202604_all.xlsx
2026-04-30,2026,4,mei 2025 - april 2026,Apr 2026,Transport- en logistieke beroepen,Transport- en logistiek personeel,Verhuizer,6,vacatures_202604_all.xlsx
2026-04-30,2026,4,mei 2025 - april 2026,Apr 2026,Transport- en logistieke beroepen,"Werknemers spoor-, water-, luchttransport",Behandelaar luchtvracht en bagage,2,vacatures_202604_all.xlsx
2026-04-30,2026,4,mei 2025 - april 2026,Apr 2026,Transport- en logistieke beroepen,"Werknemers spoor-, water-, luchttransport",Bemanning zeevaart,1,vacatures_202604_all.xlsx
2026-04-30,2026,4,mei 2025 - april 2026,Apr 2026,Transport- en logistieke beroepen,"Werknemers spoor-, water-, luchttransport",Gezagvoerder zeevaart,1,vacatures_202604_all.xlsx
2026-04-30,2026,4,mei 2025 - april 2026,Apr 2026,Transport- en logistieke beroepen,"Werknemers spoor-, water-, luchttransport",Havenarbeider,2,vacatures_202604_all.xlsx
2026-04-30,2026,4,mei 2025 - april 2026,Apr 2026,Transport- en logistieke beroepen,"Werknemers spoor-, water-, luchttransport",Planner goederenbehandeling in de haven,1,vacatures_202604_all.xlsx
2026-04-30,2026,4,mei 2025 - april 2026,Apr 2026,Transport- en logistieke beroepen,"Werknemers spoor-, water-, luchttransport",Schipper-stuurman binnenscheepvaart,3,vacatures_202604_all.xlsx
2026-04-30,2026,4,mei 2025 - april 2026,Apr 2026,Transport- en logistieke beroepen,"Werknemers spoor-, water-, luchttransport",Spoorwerker,26,vacatures_202604_all.xlsx
2026-04-30,2026,4,mei 2025 - april 2026,Apr 2026,Vrijetijds- en artistieke beroepen,"Artiesten, kunstenaars en andere culturele beroepen",Decorbouwer-rekwisiteur,1,vacatures_202604_all.xlsx
2026-04-30,2026,4,mei 2025 - april 2026,Apr 2026,Vrijetijds- en artistieke beroepen,"Medewerkers bij toerisme, vrije tijd en sport",Eventmanager,1,vacatures_202604_all.xlsx
